,DCOILWTICO,DCOILBRENTEU,DGS10,DGS2,DFII10,T10YIE,T5YIFR,VIXCLS,DTWEXBGS,DFF
1986-01-02,25.56,,9.04,8.02,,,,,,8.76
1986-01-03,26.0,,9.05,8.03,,,,,,8.34
1986-01-04,,,,,,,,,,8.34
1986-01-05,,,,,,,,,,8.34
1986-01-06,26.53,,9.07,8.04,,,,,,8.0
1986-01-07,25.85,,8.94,7.97,,,,,,7.82
1986-01-08,25.87,,9.13,8.09,,,,,,7.79
1986-01-09,26.03,,9.27,8.27,,,,,,7.93
1986-01-10,25.65,,9.39,8.36,,,,,,7.87
1986-01-11,,,,,,,,,,7.87
1986-01-12,,,,,,,,,,7.87
1986-01-13,25.08,,9.49,8.38,,,,,,8.08
1986-01-14,24.97,,9.43,8.33,,,,,,7.94
1986-01-15,25.18,,9.31,8.24,,,,,,8.04
1986-01-16,23.98,,9.3,8.21,,,,,,7.92
1986-01-17,23.63,,9.24,8.19,,,,,,7.8
1986-01-18,,,,,,,,,,7.8
1986-01-19,,,,,,,,,,7.8
1986-01-20,21.33,,,,,,,,,7.8
1986-01-21,20.61,,9.22,8.2,,,,,,7.96
1986-01-22,20.25,,9.28,8.19,,,,,,8.01
1986-01-23,19.93,,9.23,8.17,,,,,,7.89
1986-01-24,19.45,,9.23,8.13,,,,,,7.79
1986-01-25,,,,,,,,,,7.79
1986-01-26,,,,,,,,,,7.79
1986-01-27,20.87,,9.13,8.07,,,,,,7.95
1986-01-28,19.45,,9.05,8.02,,,,,,7.85
1986-01-29,19.61,,9.09,8.05,,,,,,7.78
1986-01-30,19.58,,9.1,8.04,,,,,,8.02
1986-01-31,18.95,,9.08,7.99,,,,,,8.09
1986-02-01,,,,,,,,,,8.09
1986-02-02,,,,,,,,,,8.09
1986-02-03,17.42,,9.02,7.97,,,,,,8.02
1986-02-04,15.58,,8.96,7.94,,,,,,7.79
1986-02-05,16.28,,8.97,7.99,,,,,,7.69
1986-02-06,16.6,,9.03,8.02,,,,,,7.73
1986-02-07,17.7,,9.11,8.15,,,,,,7.8
1986-02-08,,,,,,,,,,7.8
1986-02-09,,,,,,,,,,7.8
1986-02-10,16.78,,9.0,8.08,,,,,,7.92
1986-02-11,16.28,,8.93,8.04,,,,,,7.84
1986-02-12,15.74,,8.91,8.08,,,,,,8.03
1986-02-13,16.43,,8.85,8.06,,,,,,7.89
1986-02-14,16.03,,8.68,7.99,,,,,,7.75
1986-02-15,,,,,,,,,,7.75
1986-02-16,,,,,,,,,,7.75
1986-02-17,,,,,,,,,,7.75
1986-02-18,14.7,,8.64,7.96,,,,,,8.09
1986-02-19,15.08,,8.7,8.06,,,,,,7.91
1986-02-20,14.13,,8.67,8.05,,,,,,7.82
1986-02-21,13.63,,8.48,7.93,,,,,,7.73
1986-02-22,,,,,,,,,,7.73
1986-02-23,,,,,,,,,,7.73
1986-02-24,14.68,,8.39,7.86,,,,,,7.89
1986-02-25,14.68,,8.4,7.89,,,,,,7.88
1986-02-26,14.62,,8.36,7.88,,,,,,7.95
1986-02-27,14.05,,8.15,7.72,,,,,,7.91
1986-02-28,13.23,,8.13,7.71,,,,,,7.95
1986-03-01,,,,,,,,,,7.95
1986-03-02,,,,,,,,,,7.95
1986-03-03,11.98,,7.99,7.55,,,,,,7.93
1986-03-04,11.98,,7.93,7.38,,,,,,7.76
1986-03-05,12.03,,8.12,7.54,,,,,,7.77
1986-03-06,13.13,,8.04,7.38,,,,,,7.66
1986-03-07,12.24,,7.96,7.29,,,,,,7.39
1986-03-08,,,,,,,,,,7.39
1986-03-09,,,,,,,,,,7.39
1986-03-10,12.94,,7.76,7.16,,,,,,7.42
1986-03-11,13.23,,7.7,7.15,,,,,,7.53
1986-03-12,14.05,,7.68,7.17,,,,,,7.88
1986-03-13,12.6,,7.75,7.21,,,,,,7.56
1986-03-14,12.55,,7.72,7.18,,,,,,7.39
1986-03-15,,,,,,,,,,7.39
1986-03-16,,,,,,,,,,7.39
1986-03-17,13.28,,7.77,7.22,,,,,,7.6
1986-03-18,14.03,,7.83,7.23,,,,,,7.55
1986-03-19,13.25,,7.82,7.17,,,,,,7.38
1986-03-20,12.75,,7.78,7.17,,,,,,7.25
1986-03-21,13.95,,7.8,7.19,,,,,,7.17
1986-03-22,,,,,,,,,,7.17
1986-03-23,,,,,,,,,,7.17
1986-03-24,12.2,,7.7,7.11,,,,,,7.24
1986-03-25,12.43,,7.7,7.12,,,,,,7.35
1986-03-26,12.03,,7.64,7.11,,,,,,7.41
1986-03-27,11.35,,7.49,7.04,,,,,,7.42
1986-03-28,,,,,,,,,,7.11
1986-03-29,,,,,,,,,,7.11
1986-03-30,,,,,,,,,,7.11
1986-03-31,10.25,,7.39,6.92,,,,,,8.06
1986-04-01,11.13,,7.37,6.89,,,,,,7.49
1986-04-02,11.35,,7.33,6.9,,,,,,7.45
1986-04-03,11.7,,7.41,6.94,,,,,,7.44
1986-04-04,12.75,,7.45,6.85,,,,,,6.97
1986-04-05,,,,,,,,,,6.97
1986-04-06,,,,,,,,,,6.97
1986-04-07,14.39,,7.43,6.82,,,,,,7.09
1986-04-08,12.83,,7.31,6.7,,,,,,6.96
1986-04-09,13.0,,7.27,6.58,,,,,,6.92
1986-04-10,13.45,,7.23,6.58,,,,,,7.11
1986-04-11,13.63,,7.29,6.65,,,,,,6.87
1986-04-12,,,,,,,,,,6.87
1986-04-13,,,,,,,,,,6.87
1986-04-14,12.94,,7.19,6.53,,,,,,6.99
1986-04-15,12.72,,7.22,6.53,,,,,,7.07
1986-04-16,11.5,,6.98,6.39,,,,,,7.02
1986-04-17,11.75,,7.03,6.44,,,,,,6.79
1986-04-18,11.88,,7.09,6.44,,,,,,6.71
1986-04-19,,,,,,,,,,6.71
1986-04-20,,,,,,,,,,6.71
1986-04-21,12.48,,7.04,6.46,,,,,,7.0
1986-04-22,13.13,,7.25,6.58,,,,,,7.14
1986-04-23,13.7,,7.36,6.67,,,,,,7.37
1986-04-24,13.65,,7.51,6.89,,,,,,6.99
1986-04-25,14.23,,7.58,6.91,,,,,,6.78
1986-04-26,,,,,,,,,,6.78
1986-04-27,,,,,,,,,,6.78
1986-04-28,13.34,,7.48,6.86,,,,,,6.9
1986-04-29,13.63,,7.38,6.85,,,,,,6.87
1986-04-30,13.38,,7.38,6.83,,,,,,7.05
1986-05-01,13.8,,7.45,6.85,,,,,,7.13
1986-05-02,14.65,,7.51,6.88,,,,,,6.86
1986-05-03,,,,,,,,,,6.86
1986-05-04,,,,,,,,,,6.86
1986-05-05,14.32,,7.45,6.82,,,,,,6.88
1986-05-06,14.43,,7.46,6.82,,,,,,6.73
1986-05-07,15.13,,7.43,6.83,,,,,,6.74
1986-05-08,15.7,,7.4,6.78,,,,,,6.84
1986-05-09,15.83,,7.48,6.85,,,,,,6.78
1986-05-10,,,,,,,,,,6.78
1986-05-11,,,,,,,,,,6.78
1986-05-12,15.75,,7.67,6.98,,,,,,6.92
1986-05-13,15.65,,7.63,7.0,,,,,,6.85
1986-05-14,15.53,,7.66,7.0,,,,,,6.82
1986-05-15,15.68,,7.79,7.16,,,,,,7.0
1986-05-16,16.08,,7.99,7.32,,,,,,6.8
1986-05-17,,,,,,,,,,6.8
1986-05-18,,,,,,,,,,6.8
1986-05-19,17.13,,7.98,7.28,,,,,,6.89
1986-05-20,16.18,,7.88,7.23,,,,,,6.86
1986-05-21,15.53,,7.9,7.2,,,,,,6.96
1986-05-22,16.04,,7.88,7.2,,,,,,6.87
1986-05-23,16.95,,7.84,7.19,,,,,,6.79
1986-05-24,,,,,,,,,,6.79
1986-05-25,,,,,,,,,,6.79
1986-05-26,,,,,,,,,,6.79
1986-05-27,15.1,,7.73,7.14,,,,,,6.98
1986-05-28,14.65,,7.73,7.17,,,,,,6.97
1986-05-29,14.5,,7.99,7.35,,,,,,6.84
1986-05-30,14.3,,8.05,7.36,,,,,,6.84
1986-05-31,,,,,,,,,,6.84
1986-06-01,,,,,,,,,,6.84
1986-06-02,13.8,,8.32,7.5,,,,,,7.05
1986-06-03,13.35,,8.19,7.49,,,,,,7.1
1986-06-04,13.15,,8.39,7.63,,,,,,7.16
1986-06-05,13.21,,8.31,7.54,,,,,,6.99
1986-06-06,12.73,,7.95,7.27,,,,,,6.85
1986-06-07,,,,,,,,,,6.85
1986-06-08,,,,,,,,,,6.85
1986-06-09,12.61,,8.13,7.39,,,,,,7.0
1986-06-10,12.38,,8.07,7.38,,,,,,6.87
1986-06-11,13.52,,8.01,7.39,,,,,,6.84
1986-06-12,13.69,,7.98,7.31,,,,,,6.9
1986-06-13,13.83,,7.73,7.15,,,,,,6.84
1986-06-14,,,,,,,,,,6.84
1986-06-15,,,,,,,,,,6.84
1986-06-16,13.65,,7.63,7.1,,,,,,6.95
1986-06-17,13.65,,7.63,7.08,,,,,,6.83
1986-06-18,13.62,,7.57,7.01,,,,,,6.87
1986-06-19,13.73,,7.69,7.1,,,,,,6.88
1986-06-20,14.44,,7.6,7.06,,,,,,6.83
1986-06-21,,,,,,,,,,6.83
1986-06-22,,,,,,,,,,6.83
1986-06-23,14.05,,7.55,7.03,,,,,,6.91
1986-06-24,13.98,,7.47,6.98,,,,,,6.88
1986-06-25,13.23,,7.42,6.91,,,,,,6.84
1986-06-26,13.14,,7.42,6.91,,,,,,6.85
1986-06-27,13.38,,7.38,6.84,,,,,,6.82
1986-06-28,,,,,,,,,,6.82
1986-06-29,,,,,,,,,,6.82
1986-06-30,12.8,,7.35,6.81,,,,,,7.72
1986-07-01,12.39,,7.37,6.8,,,,,,6.97
1986-07-02,12.04,,7.37,6.81,,,,,,7.12
1986-07-03,11.7,,7.31,6.71,,,,,,6.87
1986-07-04,,,,,,,,,,6.87
1986-07-05,,,,,,,,,,6.87
1986-07-06,,,,,,,,,,6.87
1986-07-07,11.18,,7.31,6.7,,,,,,6.93
1986-07-08,11.19,,7.44,6.84,,,,,,6.88
1986-07-09,11.0,,7.31,6.73,,,,,,6.8
1986-07-10,11.13,,7.31,6.73,,,,,,6.78
1986-07-11,11.13,,7.3,6.6,,,,,,6.47
1986-07-12,,,,,,,,,,6.47
1986-07-13,,,,,,,,,,6.47
1986-07-14,11.23,,7.25,6.58,,,,,,6.48
1986-07-15,11.85,,7.16,6.56,,,,,,6.39
1986-07-16,12.68,,7.2,6.59,,,,,,6.54
1986-07-17,12.3,,7.18,6.61,,,,,,6.5
1986-07-18,12.8,,7.16,6.56,,,,,,6.38
1986-07-19,,,,,,,,,,6.38
1986-07-20,,,,,,,,,,6.38
1986-07-21,13.07,,7.14,6.56,,,,,,6.48
1986-07-22,10.88,,7.2,6.6,,,,,,6.39
1986-07-23,10.83,,7.29,6.63,,,,,,6.41
1986-07-24,10.95,,7.35,6.67,,,,,,6.33
1986-07-25,10.83,,7.33,6.67,,,,,,6.3
1986-07-26,,,,,,,,,,6.3
1986-07-27,,,,,,,,,,6.3
1986-07-28,11.09,,7.53,6.76,,,,,,6.42
1986-07-29,11.63,,7.41,6.71,,,,,,6.31
1986-07-30,11.73,,7.41,6.67,,,,,,6.26
1986-07-31,11.23,,7.34,6.57,,,,,,6.35
1986-08-01,11.56,,7.34,6.56,,,,,,6.38
1986-08-02,,,,,,,,,,6.38
1986-08-03,,,,,,,,,,6.38
1986-08-04,14.0,,7.33,6.56,,,,,,6.38
1986-08-05,14.35,,7.39,6.58,,,,,,6.35
1986-08-06,14.8,,7.47,6.61,,,,,,6.28
1986-08-07,15.18,,7.45,6.61,,,,,,6.33
1986-08-08,14.83,,7.3,6.54,,,,,,6.36
1986-08-09,,,,,,,,,,6.36
1986-08-10,,,,,,,,,,6.36
1986-08-11,14.92,,7.25,6.51,,,,,,6.4
1986-08-12,15.5,,7.23,6.46,,,,,,6.28
1986-08-13,15.28,,7.15,6.37,,,,,,6.09
1986-08-14,15.43,,7.16,6.39,,,,,,6.29
1986-08-15,15.83,,7.14,6.36,,,,,,6.47
1986-08-16,,,,,,,,,,6.47
1986-08-17,,,,,,,,,,6.47
1986-08-18,15.58,,7.14,6.37,,,,,,6.41
1986-08-19,14.98,,7.02,6.29,,,,,,6.32
1986-08-20,15.23,,7.0,6.17,,,,,,6.24
1986-08-21,15.23,,6.96,6.08,,,,,,5.94
1986-08-22,15.48,,7.07,6.14,,,,,,5.86
1986-08-23,,,,,,,,,,5.86
1986-08-24,,,,,,,,,,5.86
1986-08-25,15.48,,7.06,6.1,,,,,,5.9
1986-08-26,15.78,,6.97,6.02,,,,,,5.83
1986-08-27,15.83,,7.06,6.12,,,,,,5.86
1986-08-28,15.83,,7.04,6.07,,,,,,5.87
1986-08-29,15.93,,6.95,5.94,,,,,,5.77
1986-08-30,,,,,,,,,,5.77
1986-08-31,,,,,,,,,,5.77
1986-09-01,,,,,,,,,,5.77
1986-09-02,16.43,,7.03,5.99,,,,,,5.94
1986-09-03,16.03,,7.2,6.14,,,,,,5.92
1986-09-04,16.18,,7.15,6.11,,,,,,5.83
1986-09-05,15.63,,7.32,6.25,,,,,,5.75
1986-09-06,,,,,,,,,,5.75
1986-09-07,,,,,,,,,,5.75
1986-09-08,15.63,,7.38,6.3,,,,,,5.86
1986-09-09,15.0,,7.35,6.3,,,,,,5.83
1986-09-10,14.9,,7.35,6.27,,,,,,6.0
1986-09-11,15.05,,7.57,6.43,,,,,,5.88
1986-09-12,15.06,,7.63,6.43,,,,,,5.86
1986-09-13,,,,,,,,,,5.86
1986-09-14,,,,,,,,,,5.86
1986-09-15,14.31,,7.53,6.39,,,,,,5.97
1986-09-16,13.8,,7.53,6.38,,,,,,5.88
1986-09-17,14.03,,7.46,6.37,,,,,,5.82
1986-09-18,14.55,,7.62,6.47,,,,,,5.84
1986-09-19,14.47,,7.67,6.52,,,,,,5.8
1986-09-20,,,,,,,,,,5.8
1986-09-21,,,,,,,,,,5.8
1986-09-22,13.94,,7.62,6.49,,,,,,5.89
1986-09-23,14.3,,7.58,6.46,,,,,,5.75
1986-09-24,14.55,,7.48,6.37,,,,,,5.76
1986-09-25,14.28,,7.47,6.37,,,,,,5.91
1986-09-26,14.43,,7.47,6.39,,,,,,5.9
1986-09-27,,,,,,,,,,5.9
1986-09-28,,,,,,,,,,5.9
1986-09-29,14.93,,7.54,6.46,,,,,,6.03
1986-09-30,14.7,,7.45,6.38,,,,,,6.9
1986-10-01,15.23,,7.41,6.36,,,,,,5.99
1986-10-02,15.38,,7.45,6.38,,,,,,5.94
1986-10-03,14.86,,7.31,6.16,,,,,,5.79
1986-10-04,,,,,,,,,,5.79
1986-10-05,,,,,,,,,,5.79
1986-10-06,14.83,,7.28,6.14,,,,,,5.78
1986-10-07,15.6,,7.28,6.13,,,,,,5.56
1986-10-08,15.35,,7.31,6.11,,,,,,5.57
1986-10-09,15.05,,7.33,6.15,,,,,,5.84
1986-10-10,14.98,,7.36,6.16,,,,,,5.78
1986-10-11,,,,,,,,,,5.78
1986-10-12,,,,,,,,,,5.78
1986-10-13,,,,,,,,,,5.78
1986-10-14,14.55,,7.49,6.26,,,,,,5.95
1986-10-15,14.83,,7.51,6.27,,,,,,5.93
1986-10-16,14.53,,7.53,6.29,,,,,,5.89
1986-10-17,14.85,,7.57,6.38,,,,,,5.84
1986-10-18,,,,,,,,,,5.84
1986-10-19,,,,,,,,,,5.84
1986-10-20,15.17,,7.66,6.47,,,,,,5.91
1986-10-21,15.22,,7.57,6.4,,,,,,5.86
1986-10-22,14.85,,7.49,6.34,,,,,,6.17
1986-10-23,14.88,,7.43,6.31,,,,,,5.94
1986-10-24,14.93,,7.47,6.35,,,,,,5.83
1986-10-25,,,,,,,,,,5.83
1986-10-26,,,,,,,,,,5.83
1986-10-27,14.4,,7.42,6.32,,,,,,5.9
1986-10-28,14.18,,7.45,6.34,,,,,,5.85
1986-10-29,13.73,,7.41,6.32,,,,,,5.83
1986-10-30,15.08,,7.31,6.24,,,,,,5.88
1986-10-31,15.25,,7.34,6.26,,,,,,5.93
1986-11-01,,,,,,,,,,5.93
1986-11-02,,,,,,,,,,5.93
1986-11-03,14.7,,7.29,6.21,,,,,,6.0
1986-11-04,15.05,,7.31,6.23,,,,,,5.94
1986-11-05,14.93,,7.24,6.26,,,,,,6.55
1986-11-06,15.08,,7.32,6.29,,,,,,6.07
1986-11-07,15.15,,7.4,6.35,,,,,,5.94
1986-11-08,,,,,,,,,,5.94
1986-11-09,,,,,,,,,,5.94
1986-11-10,15.3,,7.38,6.42,,,,,,5.99
1986-11-11,15.39,,,,,,,,,5.99
1986-11-12,15.33,,7.35,6.38,,,,,,5.99
1986-11-13,15.55,,7.33,6.35,,,,,,5.94
1986-11-14,15.68,,7.29,6.33,,,,,,5.89
1986-11-15,,,,,,,,,,5.89
1986-11-16,,,,,,,,,,5.89
1986-11-17,15.62,,7.22,6.32,,,,,,6.14
1986-11-18,15.65,,7.27,6.32,,,,,,6.02
1986-11-19,15.52,,7.19,6.21,,,,,,7.13
1986-11-20,15.1,,7.19,6.26,,,,,,6.16
1986-11-21,15.13,,7.17,6.21,,,,,,5.96
1986-11-22,,,,,,,,,,5.96
1986-11-23,,,,,,,,,,5.96
1986-11-24,14.98,,7.11,6.19,,,,,,5.98
1986-11-25,15.05,,7.15,6.23,,,,,,5.98
1986-11-26,15.0,,7.15,6.21,,,,,,5.99
1986-11-27,,,,,,,,,,5.99
1986-11-28,15.0,,7.15,6.21,,,,,,6.03
1986-11-29,,,,,,,,,,6.03
1986-11-30,,,,,,,,,,6.03
1986-12-01,15.29,,7.18,6.25,,,,,,6.38
1986-12-02,15.22,,7.08,6.22,,,,,,6.54
1986-12-03,15.13,,7.06,6.17,,,,,,6.72
1986-12-04,15.2,,7.01,6.15,,,,,,6.14
1986-12-05,15.14,,7.12,6.24,,,,,,5.94
1986-12-06,,,,,,,,,,5.94
1986-12-07,,,,,,,,,,5.94
1986-12-08,15.01,,7.1,6.24,,,,,,6.02
1986-12-09,14.93,,7.07,6.21,,,,,,5.95
1986-12-10,15.12,,7.05,6.19,,,,,,5.86
1986-12-11,15.49,,7.12,6.24,,,,,,5.86
1986-12-12,16.13,,7.13,6.24,,,,,,5.93
1986-12-13,,,,,,,,,,5.93
1986-12-14,,,,,,,,,,5.93
1986-12-15,16.38,,7.15,6.29,,,,,,6.53
1986-12-16,16.11,,7.12,6.29,,,,,,6.48
1986-12-17,15.83,,7.12,6.31,,,,,,7.46
1986-12-18,16.28,,7.11,6.31,,,,,,6.44
1986-12-19,16.55,,7.1,6.29,,,,,,6.22
1986-12-20,,,,,,,,,,6.22
1986-12-21,,,,,,,,,,6.22
1986-12-22,16.95,,7.1,6.3,,,,,,6.48
1986-12-23,16.93,,7.08,6.3,,,,,,6.39
1986-12-24,17.26,,7.07,6.3,,,,,,6.23
1986-12-25,,,,,,,,,,6.23
1986-12-26,,,7.08,6.3,,,,,,6.42
1986-12-27,,,,,,,,,,6.42
1986-12-28,,,,,,,,,,6.42
1986-12-29,17.65,,7.17,6.37,,,,,,8.38
1986-12-30,17.73,,7.23,6.42,,,,,,16.17
1986-12-31,17.93,,7.23,6.35,,,,,,14.35
1987-01-01,,,,,,,,,,14.35
1987-01-02,18.13,,7.18,6.3,,,,,,6.46
1987-01-03,,,,,,,,,,6.46
1987-01-04,,,,,,,,,,6.46
1987-01-05,17.98,,7.08,6.24,,,,,,6.86
1987-01-06,18.21,,7.08,6.25,,,,,,6.56
1987-01-07,18.28,,7.05,6.22,,,,,,6.2
1987-01-08,18.63,,7.04,6.2,,,,,,5.98
1987-01-09,18.78,,7.01,6.19,,,,,,5.93
1987-01-10,,,,,,,,,,5.93
1987-01-11,,,,,,,,,,5.93
1987-01-12,19.0,,7.05,6.2,,,,,,6.22
1987-01-13,18.86,,7.1,6.22,,,,,,6.19
1987-01-14,19.13,,7.11,6.24,,,,,,5.89
1987-01-15,19.09,,7.08,6.22,,,,,,6.01
1987-01-16,19.13,,7.03,6.22,,,,,,5.97
1987-01-17,,,,,,,,,,5.97
1987-01-18,,,,,,,,,,5.97
1987-01-19,18.7,,,,,,,,,5.97
1987-01-20,18.73,,7.01,6.17,,,,,,6.13
1987-01-21,18.6,,7.01,6.17,,,,,,6.07
1987-01-22,18.76,,7.03,6.17,,,,,,6.08
1987-01-23,18.59,,7.06,6.2,,,,,,6.02
1987-01-24,,,,,,,,,,6.02
1987-01-25,,,,,,,,,,6.02
1987-01-26,18.63,,7.17,6.26,,,,,,6.14
1987-01-27,18.48,,7.16,6.24,,,,,,6.15
1987-01-28,18.56,,7.13,6.24,,,,,,6.5
1987-01-29,18.68,,7.13,6.24,,,,,,6.22
1987-01-30,18.73,,7.18,6.33,,,,,,6.28
1987-01-31,,,,,,,,,,6.28
1987-02-01,,,,,,,,,,6.28
1987-02-02,18.59,,7.23,6.36,,,,,,6.3
1987-02-03,18.38,,7.25,6.38,,,,,,6.2
1987-02-04,18.26,,7.23,6.38,,,,,,5.97
1987-02-05,18.56,,7.2,6.33,,,,,,5.95
1987-02-06,18.44,,7.19,6.38,,,,,,6.07
1987-02-07,,,,,,,,,,6.07
1987-02-08,,,,,,,,,,6.07
1987-02-09,18.37,,7.25,6.45,,,,,,6.29
1987-02-10,18.43,,7.33,6.49,,,,,,6.33
1987-02-11,18.03,,7.37,6.58,,,,,,6.17
1987-02-12,18.05,,7.31,6.47,,,,,,6.22
1987-02-13,17.83,,7.28,6.43,,,,,,6.1
1987-02-14,,,,,,,,,,6.1
1987-02-15,,,,,,,,,,6.1
1987-02-16,,,,,,,,,,6.1
1987-02-17,17.78,,7.33,6.48,,,,,,6.59
1987-02-18,17.44,,7.3,6.43,,,,,,6.25
1987-02-19,17.48,,7.23,6.33,,,,,,6.0
1987-02-20,17.83,,7.24,6.33,,,,,,5.92
1987-02-21,,,,,,,,,,5.92
1987-02-22,,,,,,,,,,5.92
1987-02-23,17.15,,7.23,6.35,,,,,,6.06
1987-02-24,16.75,,7.18,6.32,,,,,,5.95
1987-02-25,16.43,,7.21,6.37,,,,,,5.89
1987-02-26,16.98,,7.21,6.35,,,,,,5.97
1987-02-27,16.45,,7.19,6.35,,,,,,6.02
1987-02-28,,,,,,,,,,6.02
1987-03-01,,,,,,,,,,6.02
1987-03-02,16.43,,7.17,6.34,,,,,,6.18
1987-03-03,17.4,,7.21,6.37,,,,,,6.22
1987-03-04,17.4,,7.14,6.32,,,,,,6.01
1987-03-05,18.0,,7.16,6.35,,,,,,5.99
1987-03-06,18.13,,7.23,6.42,,,,,,6.0
1987-03-07,,,,,,,,,,6.0
1987-03-08,,,,,,,,,,6.0
1987-03-09,18.13,,7.23,6.43,,,,,,6.21
1987-03-10,18.27,,7.23,6.44,,,,,,6.29
1987-03-11,18.33,,7.23,6.44,,,,,,6.32
1987-03-12,18.42,,7.22,6.43,,,,,,6.14
1987-03-13,18.39,,7.19,6.39,,,,,,6.05
1987-03-14,,,,,,,,,,6.05
1987-03-15,,,,,,,,,,6.05
1987-03-16,18.61,,7.22,6.41,,,,,,6.25
1987-03-17,18.94,,7.2,6.42,,,,,,6.05
1987-03-18,18.75,,7.21,6.4,,,,,,5.97
1987-03-19,18.61,,7.21,6.38,,,,,,6.06
1987-03-20,18.7,,7.22,6.4,,,,,,6.09
1987-03-21,,,,,,,,,,6.09
1987-03-22,,,,,,,,,,6.09
1987-03-23,18.6,,7.25,6.42,,,,,,6.21
1987-03-24,,,7.27,6.44,,,,,,6.14
1987-03-25,18.48,,7.26,6.46,,,,,,6.28
1987-03-26,18.63,,7.24,6.42,,,,,,6.21
1987-03-27,18.65,,7.33,6.49,,,,,,6.15
1987-03-28,,,,,,,,,,6.15
1987-03-29,,,,,,,,,,6.15
1987-03-30,18.67,,7.54,6.63,,,,,,6.33
1987-03-31,18.82,,7.51,6.54,,,,,,6.23
1987-04-01,18.78,,7.59,6.65,,,,,,6.22
1987-04-02,18.9,,7.59,6.63,,,,,,6.14
1987-04-03,18.68,,7.59,6.62,,,,,,5.99
1987-04-04,,,,,,,,,,5.99
1987-04-05,,,,,,,,,,5.99
1987-04-06,18.71,,7.54,6.57,,,,,,6.2
1987-04-07,18.69,,7.62,6.59,,,,,,6.17
1987-04-08,18.68,,7.61,6.59,,,,,,6.45
1987-04-09,18.64,,7.78,6.74,,,,,,6.27
1987-04-10,18.26,,7.98,6.97,,,,,,6.35
1987-04-11,,,,,,,,,,6.35
1987-04-12,,,,,,,,,,6.35
1987-04-13,18.07,,8.07,7.08,,,,,,6.56
1987-04-14,18.09,,8.28,7.19,,,,,,6.55
1987-04-15,18.46,,8.1,7.02,,,,,,6.45
1987-04-16,18.58,,8.03,6.9,,,,,,6.26
1987-04-17,,,,,,,,,,6.05
1987-04-18,,,,,,,,,,6.05
1987-04-19,,,,,,,,,,6.05
1987-04-20,18.66,,8.2,7.06,,,,,,6.21
1987-04-21,18.97,,8.19,7.09,,,,,,6.42
1987-04-22,19.03,,8.24,7.23,,,,,,6.78
1987-04-23,19.03,,8.39,7.36,,,,,,6.42
1987-04-24,19.01,,8.47,7.48,,,,,,6.29
1987-04-25,,,,,,,,,,6.29
1987-04-26,,,,,,,,,,6.29
1987-04-27,18.83,,8.37,7.5,,,,,,6.57
1987-04-28,18.73,,8.28,7.43,,,,,,6.75
1987-04-29,18.66,,8.35,7.43,,,,,,6.87
1987-04-30,18.76,,8.21,7.38,,,,,,7.63
1987-05-01,18.84,,8.39,7.47,,,,,,7.67
1987-05-02,,,,,,,,,,7.67
1987-05-03,,,,,,,,,,7.67
1987-05-04,18.93,,8.52,7.61,,,,,,7.0
1987-05-05,19.18,,8.45,7.6,,,,,,6.86
1987-05-06,19.22,,8.54,7.62,,,,,,6.61
1987-05-07,19.08,,8.5,7.6,,,,,,6.84
1987-05-08,19.28,,8.43,7.57,,,,,,6.72
1987-05-09,,,,,,,,,,6.72
1987-05-10,,,,,,,,,,6.72
1987-05-11,19.43,,8.57,7.66,,,,,,6.84
1987-05-12,19.37,,8.55,7.68,,,,,,6.75
1987-05-13,19.39,,8.55,7.68,,,,,,6.67
1987-05-14,19.56,,8.57,7.66,,,,,,6.75
1987-05-15,19.84,,8.8,7.95,,,,,,6.84
1987-05-16,,,,,,,,,,6.84
1987-05-17,,,,,,,,,,6.84
1987-05-18,19.91,,8.73,7.93,,,,,,6.88
1987-05-19,19.97,,8.89,7.99,,,,,,6.67
1987-05-20,19.75,18.63,8.92,8.05,,,,,,6.6
1987-05-21,19.95,18.45,8.87,8.06,,,,,,6.77
1987-05-22,19.68,18.55,8.78,7.97,,,,,,6.72
1987-05-23,,,,,,,,,,6.72
1987-05-24,,,,,,,,,,6.72
1987-05-25,,18.6,,,,,,,,6.72
1987-05-26,19.35,18.63,8.55,7.79,,,,,,6.97
1987-05-27,19.38,18.6,8.6,7.84,,,,,,6.97
1987-05-28,19.28,18.6,8.56,7.81,,,,,,6.8
1987-05-29,19.36,18.58,8.49,7.69,,,,,,6.63
1987-05-30,,,,,,,,,,6.63
1987-05-31,,,,,,,,,,6.63
1987-06-01,19.55,18.65,8.45,7.67,,,,,,6.74
1987-06-02,19.7,18.68,8.72,7.85,,,,,,6.56
1987-06-03,19.87,18.75,8.64,7.78,,,,,,6.58
1987-06-04,19.75,18.78,8.58,7.76,,,,,,6.74
1987-06-05,19.79,18.65,8.5,7.66,,,,,,6.7
1987-06-06,,,,,,,,,,6.7
1987-06-07,,,,,,,,,,6.7
1987-06-08,19.94,18.75,8.53,7.68,,,,,,6.75
1987-06-09,19.84,18.78,8.56,7.71,,,,,,6.68
1987-06-10,19.83,18.78,8.56,7.68,,,,,,6.63
1987-06-11,19.85,18.68,8.52,7.66,,,,,,6.73
1987-06-12,19.93,18.78,8.32,7.51,,,,,,6.71
1987-06-13,,,,,,,,,,6.71
1987-06-14,,,,,,,,,,6.71
1987-06-15,20.07,,8.28,7.47,,,,,,6.85
1987-06-16,20.27,18.9,8.28,7.47,,,,,,6.74
1987-06-17,20.41,19.03,8.23,7.42,,,,,,6.8
1987-06-18,20.5,19.05,8.27,7.44,,,,,,6.81
1987-06-19,20.65,19.05,8.3,7.45,,,,,,6.76
1987-06-20,,,,,,,,,,6.76
1987-06-21,,,,,,,,,,6.76
1987-06-22,20.49,19.1,8.23,7.42,,,,,,6.83
1987-06-23,19.95,18.9,8.23,7.45,,,,,,6.84
1987-06-24,20.13,18.75,8.31,7.54,,,,,,6.75
1987-06-25,20.15,18.7,8.25,7.47,,,,,,6.81
1987-06-26,20.34,19.08,8.37,7.56,,,,,,6.72
1987-06-27,,,,,,,,,,6.72
1987-06-28,,,,,,,,,,6.72
1987-06-29,20.38,19.15,8.34,7.48,,,,,,6.68
1987-06-30,20.22,19.08,8.38,7.48,,,,,,6.56
1987-07-01,20.47,18.98,8.36,7.44,,,,,,6.07
1987-07-02,20.61,19.25,8.3,7.38,,,,,,6.68
1987-07-03,20.61,19.33,,,,,,,,6.59
1987-07-04,,,,,,,,,,6.59
1987-07-05,,,,,,,,,,6.59
1987-07-06,20.92,19.48,8.29,7.38,,,,,,6.73
1987-07-07,20.76,19.5,8.28,7.36,,,,,,6.72
1987-07-08,20.94,19.48,8.32,7.35,,,,,,6.59
1987-07-09,21.32,19.68,8.37,7.38,,,,,,6.62
1987-07-10,21.34,19.73,8.32,7.32,,,,,,6.54
1987-07-11,,,,,,,,,,6.54
1987-07-12,,,,,,,,,,6.54
1987-07-13,21.38,19.83,8.38,7.36,,,,,,6.62
1987-07-14,21.65,19.88,8.33,7.32,,,,,,6.4
1987-07-15,22.23,20.28,8.43,7.37,,,,,,6.38
1987-07-16,22.44,20.4,8.41,7.34,,,,,,6.56
1987-07-17,22.44,20.63,8.36,7.34,,,,,,6.56
1987-07-18,,,,,,,,,,6.56
1987-07-19,,,,,,,,,,6.56
1987-07-20,22.23,20.55,8.41,7.38,,,,,,6.66
1987-07-21,21.75,20.35,8.49,7.45,,,,,,6.58
1987-07-22,21.73,20.33,8.54,7.47,,,,,,6.52
1987-07-23,21.23,20.15,8.56,7.46,,,,,,6.6
1987-07-24,20.58,19.58,8.58,7.53,,,,,,6.62
1987-07-25,,,,,,,,,,6.62
1987-07-26,,,,,,,,,,6.62
1987-07-27,20.5,19.3,8.6,7.59,,,,,,6.64
1987-07-28,21.35,19.78,8.62,7.61,,,,,,6.58
1987-07-29,21.49,19.98,8.61,7.64,,,,,,6.7
1987-07-30,21.47,20.2,8.61,7.63,,,,,,6.72
1987-07-31,21.43,20.03,8.66,7.63,,,,,,6.75
1987-08-01,,,,,,,,,,6.75
1987-08-02,,,,,,,,,,6.75
1987-08-03,22.21,20.95,8.81,7.72,,,,,,6.82
1987-08-04,21.82,20.65,8.81,7.72,,,,,,6.76
1987-08-05,21.37,19.8,8.71,7.65,,,,,,6.68
1987-08-06,21.17,19.75,8.73,7.65,,,,,,6.62
1987-08-07,21.01,19.65,8.7,7.69,,,,,,6.57
1987-08-08,,,,,,,,,,6.57
1987-08-09,,,,,,,,,,6.57
1987-08-10,20.7,19.43,8.74,7.71,,,,,,6.58
1987-08-11,21.07,19.45,8.73,7.69,,,,,,6.47
1987-08-12,20.96,19.5,8.72,7.67,,,,,,6.65
1987-08-13,20.76,19.4,8.63,7.64,,,,,,6.67
1987-08-14,20.53,19.25,8.58,7.62,,,,,,6.75
1987-08-15,,,,,,,,,,6.75
1987-08-16,,,,,,,,,,6.75
1987-08-17,19.85,18.85,8.56,7.62,,,,,,6.91
1987-08-18,19.84,18.75,8.73,7.71,,,,,,6.7
1987-08-19,19.71,18.5,8.77,7.76,,,,,,6.66
1987-08-20,19.47,18.3,8.74,7.77,,,,,,6.63
1987-08-21,19.2,18.1,8.77,7.79,,,,,,6.62
1987-08-22,,,,,,,,,,6.62
1987-08-23,,,,,,,,,,6.62
1987-08-24,19.18,17.48,8.78,7.81,,,,,,6.77
1987-08-25,19.3,17.55,8.73,7.79,,,,,,6.85
1987-08-26,19.49,18.1,8.79,7.87,,,,,,7.24
1987-08-27,19.69,18.28,8.92,7.95,,,,,,6.9
1987-08-28,19.44,18.2,9.02,8.01,,,,,,6.84
1987-08-29,,,,,,,,,,6.84
1987-08-30,,,,,,,,,,6.84
1987-08-31,19.76,18.63,9.0,7.97,,,,,,6.95
1987-09-01,19.61,18.43,9.05,7.98,,,,,,6.84
1987-09-02,19.62,18.4,9.28,8.15,,,,,,6.77
1987-09-03,19.48,18.18,9.29,8.19,,,,,,6.84
1987-09-04,19.34,18.13,9.3,8.26,,,,,,6.85
1987-09-05,,,,,,,,,,6.85
1987-09-06,,,,,,,,,,6.85
1987-09-07,19.34,17.6,,,,,,,,6.85
1987-09-08,18.99,17.68,9.5,8.46,,,,,,7.15
1987-09-09,19.43,17.9,9.48,8.43,,,,,,7.23
1987-09-10,19.72,18.3,9.42,8.36,,,,,,7.19
1987-09-11,19.42,18.18,9.33,8.31,,,,,,7.13
1987-09-12,,,,,,,,,,7.13
1987-09-13,,,,,,,,,,7.13
1987-09-14,19.64,18.15,9.34,8.26,,,,,,7.24
1987-09-15,19.66,18.53,9.44,8.3,,,,,,7.42
1987-09-16,19.71,18.53,9.52,8.35,,,,,,7.26
1987-09-17,19.58,18.43,9.48,8.34,,,,,,7.09
1987-09-18,19.58,18.3,9.38,8.3,,,,,,7.05
1987-09-19,,,,,,,,,,7.05
1987-09-20,,,,,,,,,,7.05
1987-09-21,19.77,18.28,9.45,8.33,,,,,,7.32
1987-09-22,19.35,18.48,9.37,8.31,,,,,,7.54
1987-09-23,19.66,18.48,9.4,8.31,,,,,,7.74
1987-09-24,19.61,18.68,9.51,8.42,,,,,,7.35
1987-09-25,19.47,18.6,9.53,8.48,,,,,,7.27
1987-09-26,,,,,,,,,,7.27
1987-09-27,,,,,,,,,,7.27
1987-09-28,19.48,18.65,9.52,8.48,,,,,,7.48
1987-09-29,19.58,18.5,9.64,8.6,,,,,,7.9
1987-09-30,19.62,18.48,9.63,8.6,,,,,,8.38
1987-10-01,19.62,18.5,9.66,8.62,,,,,,7.71
1987-10-02,19.88,18.65,9.6,8.61,,,,,,7.42
1987-10-03,,,,,,,,,,7.42
1987-10-04,,,,,,,,,,7.42
1987-10-05,19.81,18.78,9.69,8.66,,,,,,7.45
1987-10-06,19.33,18.6,9.72,8.73,,,,,,7.32
1987-10-07,19.68,18.58,9.71,8.73,,,,,,7.3
1987-10-08,19.77,18.63,9.86,9.03,,,,,,7.55
1987-10-09,19.67,18.6,9.94,9.01,,,,,,7.58
1987-10-10,,,,,,,,,,7.58
1987-10-11,,,,,,,,,,7.58
1987-10-12,19.67,18.55,,,,,,,,7.58
1987-10-13,19.66,18.55,9.9,8.94,,,,,,7.65
1987-10-14,19.79,18.68,10.13,9.14,,,,,,7.59
1987-10-15,19.77,18.68,10.18,9.23,,,,,,7.76
1987-10-16,20.23,19.0,10.23,9.22,,,,,,7.55
1987-10-17,,,,,,,,,,7.55
1987-10-18,,,,,,,,,,7.55
1987-10-19,19.79,19.1,10.15,8.93,,,,,,7.61
1987-10-20,19.79,18.78,9.4,8.09,,,,,,7.07
1987-10-21,19.93,18.93,9.3,7.9,,,,,,6.47
1987-10-22,20.19,19.13,8.97,7.76,,,,,,7.14
1987-10-23,20.18,18.98,8.98,7.76,,,,,,7.0
1987-10-24,,,,,,,,,,7.0
1987-10-25,,,,,,,,,,7.0
1987-10-26,20.0,18.75,8.8,7.57,,,,,,7.24
1987-10-27,20.15,18.8,8.92,7.66,,,,,,7.14
1987-10-28,20.1,18.85,9.01,7.65,,,,,,6.72
1987-10-29,19.93,18.75,8.89,7.53,,,,,,6.76
1987-10-30,19.96,18.8,8.88,7.58,,,,,,6.62
1987-10-31,,,,,,,,,,6.62
1987-11-01,,,,,,,,,,6.62
1987-11-02,19.64,18.63,8.98,7.72,,,,,,6.64
1987-11-03,19.39,18.38,8.91,7.67,,,,,,6.06
1987-11-04,19.09,17.93,8.85,7.6,,,,,,5.69
1987-11-05,19.02,17.85,8.72,7.5,,,,,,6.57
1987-11-06,18.73,17.95,8.76,7.62,,,,,,6.7
1987-11-07,,,,,,,,,,6.7
1987-11-08,,,,,,,,,,6.7
1987-11-09,18.66,17.5,8.78,7.64,,,,,,6.82
1987-11-10,18.98,17.75,8.79,7.61,,,,,,6.63
1987-11-11,18.92,17.8,,,,,,,,6.63
1987-11-12,18.93,17.85,8.8,7.67,,,,,,6.72
1987-11-13,18.89,17.8,8.84,7.75,,,,,,6.8
1987-11-14,,,,,,,,,,6.8
1987-11-15,,,,,,,,,,6.8
1987-11-16,18.69,17.68,8.82,7.78,,,,,,7.11
1987-11-17,18.28,17.4,8.86,7.73,,,,,,6.72
1987-11-18,18.62,17.18,8.85,7.74,,,,,,6.46
1987-11-19,18.55,17.48,8.83,7.69,,,,,,6.82
1987-11-20,18.87,17.6,8.79,7.66,,,,,,6.74
1987-11-21,,,,,,,,,,6.74
1987-11-22,,,,,,,,,,6.74
1987-11-23,19.31,17.9,8.8,7.67,,,,,,6.89
1987-11-24,18.73,17.83,8.89,7.73,,,,,,6.77
1987-11-25,18.63,17.68,8.98,7.78,,,,,,6.73
1987-11-26,,17.73,,,,,,,,6.73
1987-11-27,18.63,17.78,9.11,7.87,,,,,,6.76
1987-11-28,,,,,,,,,,6.76
1987-11-29,,,,,,,,,,6.76
1987-11-30,18.52,17.7,8.99,7.73,,,,,,7.19
1987-12-01,18.44,17.65,9.01,7.77,,,,,,7.04
1987-12-02,18.59,17.7,9.01,7.79,,,,,,7.0
1987-12-03,18.87,17.93,8.94,7.72,,,,,,6.99
1987-12-04,18.68,18.0,8.94,7.72,,,,,,6.82
1987-12-05,,,,,,,,,,6.82
1987-12-06,,,,,,,,,,6.82
1987-12-07,18.3,17.78,9.07,7.86,,,,,,6.93
1987-12-08,18.06,17.58,9.09,7.88,,,,,,6.79
1987-12-09,18.53,17.43,9.05,7.88,,,,,,6.72
1987-12-10,18.51,17.55,9.23,8.0,,,,,,6.83
1987-12-11,18.31,17.73,9.28,8.02,,,,,,6.81
1987-12-12,,,,,,,,,,6.81
1987-12-13,,,,,,,,,,6.81
1987-12-14,17.47,16.8,9.23,8.01,,,,,,6.78
1987-12-15,16.75,16.2,9.09,7.92,,,,,,6.51
1987-12-16,15.97,15.93,9.0,7.89,,,,,,5.52
1987-12-17,15.97,15.03,9.03,7.89,,,,,,6.67
1987-12-18,15.57,15.6,8.89,7.82,,,,,,6.75
1987-12-19,,,,,,,,,,6.75
1987-12-20,,,,,,,,,,6.75
1987-12-21,15.12,15.4,8.88,7.84,,,,,,6.85
1987-12-22,16.6,16.7,8.95,7.91,,,,,,6.77
1987-12-23,16.64,17.25,8.83,7.83,,,,,,6.74
1987-12-24,16.54,17.1,8.82,7.83,,,,,,6.7
1987-12-25,,,,,,,,,,6.7
1987-12-26,,,,,,,,,,6.7
1987-12-27,,,,,,,,,,6.7
1987-12-28,16.46,17.0,8.93,7.91,,,,,,6.91
1987-12-29,16.95,17.38,8.85,7.86,,,,,,7.21
1987-12-30,16.97,17.85,8.78,7.75,,,,,,6.77
1987-12-31,16.74,17.6,8.83,7.77,,,,,,6.89
1988-01-01,,,,,,,,,,6.89
1988-01-02,,,,,,,,,,6.89
1988-01-03,,,,,,,,,,6.89
1988-01-04,17.77,17.95,8.83,7.77,,,,,,7.3
1988-01-05,17.89,17.08,8.76,7.76,,,,,,7.34
1988-01-06,17.73,17.9,8.82,7.79,,,,,,6.94
1988-01-07,17.3,,8.83,7.79,,,,,,6.91
1988-01-08,17.33,16.88,8.97,7.92,,,,,,6.8
1988-01-09,,,,,,,,,,6.8
1988-01-10,,,,,,,,,,6.8
1988-01-11,16.63,16.65,8.94,7.8,,,,,,6.89
1988-01-12,16.76,15.95,8.93,7.8,,,,,,6.75
1988-01-13,16.56,16.38,8.87,7.76,,,,,,6.72
1988-01-14,17.1,16.55,8.86,7.76,,,,,,6.86
1988-01-15,16.92,16.65,8.6,7.61,,,,,,6.89
1988-01-16,,,,,,,,,,6.89
1988-01-17,,,,,,,,,,6.89
1988-01-18,17.28,16.83,,,,,,,,6.89
1988-01-19,17.3,17.1,8.65,7.66,,,,,,6.96
1988-01-20,17.2,16.83,8.61,7.59,,,,,,6.86
1988-01-21,17.21,17.08,8.53,7.52,,,,,,6.67
1988-01-22,16.99,16.7,8.49,7.51,,,,,,6.57
1988-01-23,,,,,,,,,,6.57
1988-01-24,,,,,,,,,,6.57
1988-01-25,17.11,16.45,8.45,7.49,,,,,,6.86
1988-01-26,16.96,,8.54,7.56,,,,,,6.78
1988-01-27,16.64,16.13,8.38,7.37,,,,,,6.57
1988-01-28,16.94,16.1,8.33,7.29,,,,,,6.73
1988-01-29,16.97,16.28,8.26,7.22,,,,,,6.79
1988-01-30,,,,,,,,,,6.79
1988-01-31,,,,,,,,,,6.79
1988-02-01,16.83,16.1,8.26,7.22,,,,,,6.96
1988-02-02,16.92,16.18,8.18,7.21,,,,,,6.78
1988-02-03,17.12,16.15,8.21,7.24,,,,,,6.55
1988-02-04,17.17,16.18,8.24,7.24,,,,,,6.57
1988-02-05,17.34,16.1,8.12,7.1,,,,,,6.58
1988-02-06,,,,,,,,,,6.58
1988-02-07,,,,,,,,,,6.58
1988-02-08,17.7,16.5,8.19,7.16,,,,,,6.58
1988-02-09,17.38,16.4,8.16,7.12,,,,,,6.04
1988-02-10,17.12,16.13,8.11,7.07,,,,,,5.72
1988-02-11,17.17,16.1,8.16,7.12,,,,,,6.5
1988-02-12,16.84,15.75,8.28,7.22,,,,,,6.59
1988-02-13,,,,,,,,,,6.59
1988-02-14,,,,,,,,,,6.59
1988-02-15,16.84,15.68,,,,,,,,6.59
1988-02-16,16.8,15.63,8.31,7.26,,,,,,6.9
1988-02-17,16.62,15.85,8.32,7.24,,,,,,6.79
1988-02-18,16.5,15.48,8.28,7.23,,,,,,6.65
1988-02-19,16.73,15.55,8.26,7.21,,,,,,6.66
1988-02-20,,,,,,,,,,6.66
1988-02-21,,,,,,,,,,6.66
1988-02-22,16.64,15.38,8.24,7.2,,,,,,6.77
1988-02-23,16.8,15.58,8.17,7.16,,,,,,6.63
1988-02-24,16.58,15.35,8.18,7.15,,,,,,6.43
1988-02-25,15.86,14.85,8.23,7.17,,,,,,6.6
1988-02-26,15.77,14.65,8.18,7.16,,,,,,6.56
1988-02-27,,,,,,,,,,6.56
1988-02-28,,,,,,,,,,6.56
1988-02-29,15.98,14.73,8.16,7.13,,,,,,6.67
1988-03-01,15.57,14.18,8.15,7.11,,,,,,6.66
1988-03-02,15.69,13.8,8.13,7.07,,,,,,6.62
1988-03-03,15.35,14.0,8.12,7.08,,,,,,6.58
1988-03-04,15.63,14.0,8.28,7.2,,,,,,6.51
1988-03-05,,,,,,,,,,6.51
1988-03-06,,,,,,,,,,6.51
1988-03-07,15.35,13.9,8.3,7.22,,,,,,6.51
1988-03-08,15.58,13.8,8.33,7.25,,,,,,6.36
1988-03-09,15.52,13.98,8.32,7.22,,,,,,6.59
1988-03-10,16.04,14.48,8.35,7.25,,,,,,6.7
1988-03-11,16.2,14.88,8.29,7.2,,,,,,6.6
1988-03-12,,,,,,,,,,6.6
1988-03-13,,,,,,,,,,6.6
1988-03-14,15.57,14.28,8.29,7.2,,,,,,6.7
1988-03-15,15.81,14.3,8.3,7.19,,,,,,6.6
1988-03-16,16.03,14.45,8.36,7.24,,,,,,6.48
1988-03-17,16.39,14.43,8.3,7.17,,,,,,6.47
1988-03-18,16.61,14.93,8.41,7.23,,,,,,6.45
1988-03-19,,,,,,,,,,6.45
1988-03-20,,,,,,,,,,6.45
1988-03-21,16.52,15.38,8.47,7.32,,,,,,6.45
1988-03-22,16.02,15.03,8.46,7.33,,,,,,6.46
1988-03-23,16.58,15.4,8.47,7.39,,,,,,6.83
1988-03-24,16.73,15.65,8.51,7.46,,,,,,6.66
1988-03-25,17.07,15.45,8.47,7.41,,,,,,6.6
1988-03-26,,,,,,,,,,6.6
1988-03-27,,,,,,,,,,6.6
1988-03-28,17.05,15.55,8.58,7.42,,,,,,6.64
1988-03-29,17.08,15.6,8.56,7.42,,,,,,6.57
1988-03-30,17.06,15.7,8.57,7.43,,,,,,6.66
1988-03-31,17.09,15.65,8.57,7.41,,,,,,6.83
1988-04-01,,,,,,,,,,6.7
1988-04-02,,,,,,,,,,6.7
1988-04-03,,,,,,,,,,6.7
1988-04-04,16.99,,8.68,7.58,,,,,,6.71
1988-04-05,16.72,15.5,8.67,7.6,,,,,,6.83
1988-04-06,16.8,15.38,8.61,7.57,,,,,,7.3
1988-04-07,17.05,15.53,8.6,7.54,,,,,,6.93
1988-04-08,16.87,15.55,8.52,7.47,,,,,,6.84
1988-04-09,,,,,,,,,,6.84
1988-04-10,,,,,,,,,,6.84
1988-04-11,17.87,16.2,8.59,7.5,,,,,,6.83
1988-04-12,18.06,16.48,8.57,7.49,,,,,,6.75
1988-04-13,18.12,16.55,8.56,7.45,,,,,,6.67
1988-04-14,18.4,16.65,8.67,7.56,,,,,,6.74
1988-04-15,18.32,16.85,8.74,7.6,,,,,,6.87
1988-04-16,,,,,,,,,,6.87
1988-04-17,,,,,,,,,,6.87
1988-04-18,18.5,17.45,8.81,7.6,,,,,,6.84
1988-04-19,17.92,17.05,8.81,7.57,,,,,,6.85
1988-04-20,17.93,16.78,8.83,7.65,,,,,,7.49
1988-04-21,18.34,17.0,8.82,7.64,,,,,,6.95
1988-04-22,18.13,17.15,8.78,7.64,,,,,,6.81
1988-04-23,,,,,,,,,,6.81
1988-04-24,,,,,,,,,,6.81
1988-04-25,18.36,17.13,8.78,7.64,,,,,,6.9
1988-04-26,18.54,17.18,8.8,7.64,,,,,,6.81
1988-04-27,18.32,17.4,8.8,7.63,,,,,,6.83
1988-04-28,17.91,16.88,8.86,7.69,,,,,,7.1
1988-04-29,18.1,16.6,8.87,7.73,,,,,,6.98
1988-04-30,,,,,,,,,,6.98
1988-05-01,,,,,,,,,,6.98
1988-05-02,17.12,15.95,8.94,7.78,,,,,,6.86
1988-05-03,17.3,16.08,8.89,7.77,,,,,,6.6
1988-05-04,17.23,16.15,8.9,7.77,,,,,,6.24
1988-05-05,17.41,16.15,8.92,7.79,,,,,,6.86
1988-05-06,17.63,16.45,9.01,7.87,,,,,,6.88
1988-05-07,,,,,,,,,,6.88
1988-05-08,,,,,,,,,,6.88
1988-05-09,17.56,16.5,9.03,7.95,,,,,,7.12
1988-05-10,17.5,16.38,9.07,8.0,,,,,,7.32
1988-05-11,17.48,16.48,9.05,7.95,,,,,,7.2
1988-05-12,17.49,16.4,9.04,7.95,,,,,,7.1
1988-05-13,17.53,16.5,9.0,7.9,,,,,,7.14
1988-05-14,,,,,,,,,,7.14
1988-05-15,,,,,,,,,,7.14
1988-05-16,17.7,16.6,9.01,7.93,,,,,,7.3
1988-05-17,17.72,16.6,9.12,7.99,,,,,,6.98
1988-05-18,17.39,16.4,9.19,8.04,,,,,,6.45
1988-05-19,17.43,16.25,9.18,8.04,,,,,,7.04
1988-05-20,17.41,16.45,9.22,8.08,,,,,,7.15
1988-05-21,,,,,,,,,,7.15
1988-05-22,,,,,,,,,,7.15
1988-05-23,17.01,16.23,9.23,8.12,,,,,,7.21
1988-05-24,17.04,16.3,9.22,8.14,,,,,,7.07
1988-05-25,17.39,16.18,9.2,8.17,,,,,,7.19
1988-05-26,17.54,16.18,9.21,8.23,,,,,,7.49
1988-05-27,17.45,16.25,9.24,8.23,,,,,,7.42
1988-05-28,,,,,,,,,,7.42
1988-05-29,,,,,,,,,,7.42
1988-05-30,17.45,16.23,,,,,,,,7.42
1988-05-31,17.54,16.2,9.2,8.21,,,,,,7.48
1988-06-01,17.6,16.33,9.03,8.09,,,,,,7.24
1988-06-02,17.67,16.33,9.07,8.13,,,,,,7.37
1988-06-03,17.51,16.45,8.97,8.06,,,,,,7.34
1988-06-04,,,,,,,,,,7.34
1988-06-05,,,,,,,,,,7.34
1988-06-06,17.28,16.25,8.97,8.04,,,,,,7.45
1988-06-07,17.32,16.23,9.02,8.04,,,,,,7.38
1988-06-08,17.35,16.28,8.92,7.96,,,,,,7.37
1988-06-09,17.09,16.3,8.96,7.97,,,,,,7.32
1988-06-10,16.7,15.85,8.92,7.99,,,,,,7.34
1988-06-11,,,,,,,,,,7.34
1988-06-12,,,,,,,,,,7.34
1988-06-13,16.43,15.53,8.91,7.98,,,,,,7.52
1988-06-14,16.85,15.85,8.69,7.8,,,,,,7.39
1988-06-15,16.56,15.7,8.71,7.84,,,,,,7.75
1988-06-16,16.62,15.43,8.89,7.96,,,,,,7.51
1988-06-17,16.43,15.48,9.02,8.1,,,,,,7.54
1988-06-18,,,,,,,,,,7.54
1988-06-19,,,,,,,,,,7.54
1988-06-20,16.02,15.0,9.02,8.14,,,,,,7.62
1988-06-21,15.82,15.0,9.03,8.15,,,,,,7.57
1988-06-22,16.03,15.13,8.9,8.04,,,,,,7.46
1988-06-23,15.86,15.18,8.88,8.05,,,,,,7.55
1988-06-24,16.03,15.15,8.85,8.03,,,,,,7.56
1988-06-25,,,,,,,,,,7.56
1988-06-26,,,,,,,,,,7.56
1988-06-27,15.86,14.93,8.94,8.1,,,,,,7.61
1988-06-28,16.01,14.83,8.87,8.05,,,,,,7.68
1988-06-29,15.37,14.55,8.88,8.03,,,,,,7.87
1988-06-30,15.2,14.18,8.82,8.02,,,,,,8.27
1988-07-01,14.92,13.95,8.77,7.98,,,,,,7.75
1988-07-02,,,,,,,,,,7.75
1988-07-03,,,,,,,,,,7.75
1988-07-04,,14.05,,,,,,,,7.75
1988-07-05,15.11,13.98,8.82,8.04,,,,,,7.75
1988-07-06,15.44,14.5,8.91,8.07,,,,,,7.67
1988-07-07,15.83,15.5,8.95,8.13,,,,,,7.66
1988-07-08,15.42,15.05,9.04,8.25,,,,,,7.54
1988-07-09,,,,,,,,,,7.54
1988-07-10,,,,,,,,,,7.54
1988-07-11,14.56,14.63,9.02,8.25,,,,,,7.59
1988-07-12,14.61,14.0,9.08,8.27,,,,,,7.51
1988-07-13,14.35,14.1,9.12,8.27,,,,,,7.78
1988-07-14,14.84,14.1,9.12,8.33,,,,,,7.8
1988-07-15,14.85,14.25,9.08,8.31,,,,,,7.87
1988-07-16,,,,,,,,,,7.87
1988-07-17,,,,,,,,,,7.87
1988-07-18,15.84,15.0,9.15,8.35,,,,,,7.89
1988-07-19,15.16,14.93,9.1,8.32,,,,,,7.79
1988-07-20,15.76,15.48,9.11,8.31,,,,,,7.74
1988-07-21,16.28,15.63,9.16,8.39,,,,,,7.85
1988-07-22,16.27,15.83,9.11,8.35,,,,,,7.87
1988-07-23,,,,,,,,,,7.87
1988-07-24,,,,,,,,,,7.87
1988-07-25,16.09,15.8,9.07,8.34,,,,,,7.89
1988-07-26,15.99,15.38,9.09,8.35,,,,,,7.82
1988-07-27,16.18,15.45,9.14,8.44,,,,,,7.42
1988-07-28,16.08,15.7,9.16,8.44,,,,,,7.88
1988-07-29,16.37,15.75,9.12,8.39,,,,,,7.84
1988-07-30,,,,,,,,,,7.84
1988-07-31,,,,,,,,,,7.84
1988-08-01,16.07,15.6,9.07,8.36,,,,,,7.91
1988-08-02,15.57,15.35,9.0,8.32,,,,,,7.81
1988-08-03,15.2,15.0,9.04,8.34,,,,,,7.73
1988-08-04,15.12,14.5,8.99,8.31,,,,,,7.75
1988-08-05,15.31,14.85,9.12,8.47,,,,,,7.74
1988-08-06,,,,,,,,,,7.74
1988-08-07,,,,,,,,,,7.74
1988-08-08,15.84,15.48,9.12,8.48,,,,,,7.78
1988-08-09,15.56,15.4,9.2,8.59,,,,,,7.73
1988-08-10,15.65,15.1,9.3,8.64,,,,,,7.8
1988-08-11,15.75,15.13,9.35,8.68,,,,,,8.15
1988-08-12,15.54,14.98,9.36,8.68,,,,,,8.14
1988-08-13,,,,,,,,,,8.14
1988-08-14,,,,,,,,,,8.14
1988-08-15,15.59,14.8,9.37,8.7,,,,,,8.41
1988-08-16,15.51,14.85,9.35,8.72,,,,,,8.22
1988-08-17,15.46,14.75,9.38,8.74,,,,,,8.11
1988-08-18,15.59,14.78,9.35,8.74,,,,,,8.14
1988-08-19,15.77,14.85,9.35,8.74,,,,,,8.09
1988-08-20,,,,,,,,,,8.09
1988-08-21,,,,,,,,,,8.09
1988-08-22,15.75,15.03,9.37,8.76,,,,,,8.05
1988-08-23,15.71,14.8,9.32,8.71,,,,,,7.89
1988-08-24,15.55,14.85,9.34,8.73,,,,,,7.82
1988-08-25,15.33,14.63,9.41,8.78,,,,,,8.21
1988-08-26,15.35,14.5,9.38,8.78,,,,,,8.16
1988-08-27,,,,,,,,,,8.16
1988-08-28,,,,,,,,,,8.16
1988-08-29,15.24,14.48,9.3,8.75,,,,,,8.16
1988-08-30,15.39,14.45,9.27,8.73,,,,,,8.08
1988-08-31,15.19,14.4,9.25,8.71,,,,,,8.14
1988-09-01,15.05,14.15,9.25,8.68,,,,,,8.27
1988-09-02,14.79,14.0,9.0,8.45,,,,,,8.27
1988-09-03,,,,,,,,,,8.27
1988-09-04,,,,,,,,,,8.27
1988-09-05,14.79,13.68,,,,,,,,8.27
1988-09-06,14.25,13.35,8.99,8.47,,,,,,7.98
1988-09-07,14.29,13.18,8.99,8.45,,,,,,7.74
1988-09-08,14.51,13.3,8.99,8.45,,,,,,8.13
1988-09-09,14.14,13.25,8.93,8.42,,,,,,8.13
1988-09-10,,,,,,,,,,8.13
1988-09-11,,,,,,,,,,8.13
1988-09-12,14.48,12.7,8.97,8.44,,,,,,8.17
1988-09-13,14.55,13.4,8.94,8.4,,,,,,8.11
1988-09-14,15.38,13.9,8.88,8.36,,,,,,8.09
1988-09-15,14.86,13.5,8.91,8.39,,,,,,8.24
1988-09-16,14.5,13.23,8.93,8.4,,,,,,8.08
1988-09-17,,,,,,,,,,8.08
1988-09-18,,,,,,,,,,8.08
1988-09-19,14.72,12.85,8.97,8.44,,,,,,8.05
1988-09-20,15.08,13.15,8.97,8.45,,,,,,8.06
1988-09-21,15.19,13.05,8.93,8.4,,,,,,8.63
1988-09-22,15.25,13.2,8.95,8.44,,,,,,8.28
1988-09-23,14.26,13.2,8.97,8.47,,,,,,8.21
1988-09-24,,,,,,,,,,8.21
1988-09-25,,,,,,,,,,8.21
1988-09-26,14.16,13.1,9.0,8.52,,,,,,8.27
1988-09-27,14.22,12.58,9.04,8.55,,,,,,8.26
1988-09-28,14.07,12.75,9.06,8.59,,,,,,8.25
1988-09-29,13.91,12.5,8.98,8.53,,,,,,8.39
1988-09-30,13.33,11.93,8.87,8.43,,,,,,8.54
1988-10-01,,,,,,,,,,8.54
1988-10-02,,,,,,,,,,8.54
1988-10-03,13.03,11.6,8.84,8.41,,,,,,8.18
1988-10-04,13.03,11.65,8.87,8.43,,,,,,8.1
1988-10-05,12.58,11.2,8.87,8.43,,,,,,8.39
1988-10-06,12.62,11.3,8.87,8.43,,,,,,8.31
1988-10-07,12.99,11.35,8.7,8.26,,,,,,8.27
1988-10-08,,,,,,,,,,8.27
1988-10-09,,,,,,,,,,8.27
1988-10-10,13.59,12.2,,,,,,,,8.27
1988-10-11,13.63,12.35,8.75,8.29,,,,,,8.29
1988-10-12,14.02,12.45,8.84,8.35,,,,,,8.22
1988-10-13,14.26,12.55,8.84,8.36,,,,,,8.15
1988-10-14,14.9,13.2,8.81,8.33,,,,,,8.14
1988-10-15,,,,,,,,,,8.14
1988-10-16,,,,,,,,,,8.14
1988-10-17,15.16,13.55,8.79,8.33,,,,,,8.37
1988-10-18,14.63,12.9,8.78,8.33,,,,,,8.33
1988-10-19,15.33,13.35,8.82,8.38,,,,,,8.64
1988-10-20,14.44,13.5,8.79,8.38,,,,,,8.38
1988-10-21,14.22,13.48,8.83,8.4,,,,,,8.29
1988-10-22,,,,,,,,,,8.29
1988-10-23,,,,,,,,,,8.29
1988-10-24,12.94,12.2,8.83,8.42,,,,,,8.31
1988-10-25,13.36,12.08,8.83,8.42,,,,,,8.26
1988-10-26,13.45,12.08,8.79,8.34,,,,,,8.24
1988-10-27,13.67,12.33,8.72,8.27,,,,,,8.27
1988-10-28,13.79,12.6,8.69,8.27,,,,,,8.3
1988-10-29,,,,,,,,,,8.3
1988-10-30,,,,,,,,,,8.3
1988-10-31,13.54,12.6,8.65,8.25,,,,,,8.39
1988-11-01,13.52,12.18,8.68,8.25,,,,,,8.35
1988-11-02,13.78,12.35,8.73,8.29,,,,,,8.63
1988-11-03,13.89,12.5,8.69,8.27,,,,,,8.37
1988-11-04,14.04,12.75,8.85,8.39,,,,,,8.27
1988-11-05,,,,,,,,,,8.27
1988-11-06,,,,,,,,,,8.27
1988-11-07,14.08,12.75,8.91,8.5,,,,,,8.35
1988-11-08,13.7,12.6,8.91,8.53,,,,,,8.33
1988-11-09,13.88,12.7,8.91,8.57,,,,,,8.29
1988-11-10,13.99,13.03,8.9,8.6,,,,,,8.27
1988-11-11,13.99,13.03,,,,,,,,8.27
1988-11-12,,,,,,,,,,8.27
1988-11-13,,,,,,,,,,8.27
1988-11-14,14.25,13.0,8.91,8.62,,,,,,8.95
1988-11-15,14.03,13.0,8.92,8.69,,,,,,8.44
1988-11-16,13.68,12.7,9.0,8.75,,,,,,7.37
1988-11-17,13.3,12.05,9.06,8.75,,,,,,8.33
1988-11-18,13.47,12.08,9.05,8.77,,,,,,8.29
1988-11-19,,,,,,,,,,8.29
1988-11-20,,,,,,,,,,8.29
1988-11-21,13.73,12.13,9.04,8.81,,,,,,8.37
1988-11-22,14.78,13.35,9.09,8.88,,,,,,8.4
1988-11-23,14.11,13.33,9.08,8.87,,,,,,8.34
1988-11-24,14.11,12.98,,,,,,,,8.34
1988-11-25,15.43,14.7,9.17,8.98,,,,,,8.43
1988-11-26,,,,,,,,,,8.43
1988-11-27,,,,,,,,,,8.43
1988-11-28,14.93,14.73,9.16,9.0,,,,,,8.55
1988-11-29,15.0,14.25,9.13,8.96,,,,,,8.39
1988-11-30,15.42,14.35,9.06,8.84,,,,,,8.5
1988-12-01,15.63,14.93,9.01,8.86,,,,,,8.54
1988-12-02,15.69,14.8,9.18,9.12,,,,,,8.63
1988-12-03,,,,,,,,,,8.63
1988-12-04,,,,,,,,,,8.63
1988-12-05,15.36,14.73,9.13,9.09,,,,,,8.65
1988-12-06,15.51,14.4,8.95,8.88,,,,,,8.59
1988-12-07,15.8,14.7,9.0,8.93,,,,,,8.49
1988-12-08,15.48,15.05,9.02,9.0,,,,,,8.5
1988-12-09,15.9,14.9,9.07,9.03,,,,,,8.52
1988-12-10,,,,,,,,,,8.52
1988-12-11,,,,,,,,,,8.52
1988-12-12,16.08,15.2,9.08,9.05,,,,,,8.58
1988-12-13,15.93,15.18,9.15,9.16,,,,,,8.39
1988-12-14,16.33,15.35,9.19,9.2,,,,,,8.51
1988-12-15,16.39,15.58,9.19,9.2,,,,,,8.81
1988-12-16,16.81,15.6,9.17,9.18,,,,,,8.9
1988-12-17,,,,,,,,,,8.9
1988-12-18,,,,,,,,,,8.9
1988-12-19,16.24,15.3,9.15,9.18,,,,,,8.96
1988-12-20,17.68,15.28,9.08,9.11,,,,,,8.85
1988-12-21,17.27,15.33,9.07,9.09,,,,,,8.79
1988-12-22,17.36,15.25,9.07,9.04,,,,,,8.85
1988-12-23,16.63,15.38,9.05,9.04,,,,,,8.74
1988-12-24,,,,,,,,,,8.74
1988-12-25,,,,,,,,,,8.74
1988-12-26,,,,,,,,,,8.74
1988-12-27,16.98,16.25,9.13,9.15,,,,,,8.84
1988-12-28,17.03,16.1,9.21,9.23,,,,,,9.39
1988-12-29,16.81,15.9,9.18,9.18,,,,,,9.64
1988-12-30,17.12,16.23,9.14,9.14,,,,,,9.04
1988-12-31,,,,,,,,,,9.04
1989-01-01,,,,,,,,,,9.04
1989-01-02,,,,,,,,,,9.04
1989-01-03,17.38,16.4,9.23,9.21,,,,,,9.4
1989-01-04,16.99,16.53,9.22,9.25,,,,,,9.35
1989-01-05,17.45,16.58,9.27,9.32,,,,,,9.0
1989-01-06,17.56,16.85,9.25,9.32,,,,,,9.04
1989-01-07,,,,,,,,,,9.04
1989-01-08,,,,,,,,,,9.04
1989-01-09,17.74,17.0,9.23,9.29,,,,,,9.19
1989-01-10,17.8,16.75,9.24,9.25,,,,,,9.15
1989-01-11,18.16,16.9,9.24,9.29,,,,,,9.1
1989-01-12,18.11,16.85,9.14,9.2,,,,,,9.15
1989-01-13,18.49,17.4,9.06,9.14,,,,,,9.1
1989-01-14,,,,,,,,,,9.1
1989-01-15,,,,,,,,,,9.1
1989-01-16,18.88,17.5,,,,,,,,9.1
1989-01-17,19.03,17.78,9.06,9.16,,,,,,9.26
1989-01-18,19.2,17.95,8.99,9.13,,,,,,9.07
1989-01-19,19.28,18.1,9.0,9.09,,,,,,8.98
1989-01-20,18.85,18.15,9.03,9.13,,,,,,8.97
1989-01-21,,,,,,,,,,8.97
1989-01-22,,,,,,,,,,8.97
1989-01-23,17.66,16.98,9.0,9.13,,,,,,9.1
1989-01-24,17.96,17.05,8.93,9.07,,,,,,9.1
1989-01-25,18.23,17.7,8.99,9.1,,,,,,9.32
1989-01-26,17.68,17.73,8.99,9.14,,,,,,9.25
1989-01-27,17.74,17.18,8.95,9.07,,,,,,9.17
1989-01-28,,,,,,,,,,9.17
1989-01-29,,,,,,,,,,9.17
1989-01-30,17.32,16.85,9.0,9.1,,,,,,9.18
1989-01-31,17.0,16.38,9.01,9.12,,,,,,9.14
1989-02-01,17.5,16.4,8.99,9.12,,,,,,9.02
1989-02-02,17.72,16.95,8.98,9.12,,,,,,9.03
1989-02-03,17.51,16.75,9.01,9.23,,,,,,9.08
1989-02-04,,,,,,,,,,9.08
1989-02-05,,,,,,,,,,9.08
1989-02-06,17.38,16.5,9.01,9.25,,,,,,9.08
1989-02-07,17.55,16.6,8.96,9.19,,,,,,9.0
1989-02-08,17.49,16.75,8.95,9.21,,,,,,9.38
1989-02-09,17.42,16.58,9.13,9.28,,,,,,9.31
1989-02-10,17.11,16.4,9.19,9.37,,,,,,9.19
1989-02-11,,,,,,,,,,9.19
1989-02-12,,,,,,,,,,9.19
1989-02-13,17.61,16.5,9.2,9.39,,,,,,9.3
1989-02-14,17.6,16.83,9.23,9.43,,,,,,9.29
1989-02-15,18.23,16.75,9.22,9.41,,,,,,9.4
1989-02-16,18.35,17.15,9.21,9.37,,,,,,9.35
1989-02-17,18.6,17.15,9.2,9.37,,,,,,9.31
1989-02-18,,,,,,,,,,9.31
1989-02-19,,,,,,,,,,9.31
1989-02-20,18.6,17.38,,,,,,,,9.31
1989-02-21,18.64,17.2,9.22,9.41,,,,,,9.33
1989-02-22,18.5,16.95,9.29,9.48,,,,,,9.81
1989-02-23,18.49,17.1,9.36,9.6,,,,,,9.6
1989-02-24,18.06,17.05,9.38,9.66,,,,,,9.79
1989-02-25,,,,,,,,,,9.79
1989-02-26,,,,,,,,,,9.79
1989-02-27,18.16,17.55,9.36,9.62,,,,,,9.92
1989-02-28,18.21,17.23,9.32,9.55,,,,,,9.87
1989-03-01,18.3,17.25,9.36,9.55,,,,,,9.82
1989-03-02,18.68,17.45,9.31,9.52,,,,,,9.83
1989-03-03,18.67,17.73,9.31,9.5,,,,,,9.7
1989-03-04,,,,,,,,,,9.7
1989-03-05,,,,,,,,,,9.7
1989-03-06,18.73,17.73,9.26,9.46,,,,,,9.77
1989-03-07,18.12,17.55,9.26,9.48,,,,,,9.59
1989-03-08,18.57,17.55,9.23,9.48,,,,,,10.5
1989-03-09,18.53,17.8,9.24,9.48,,,,,,9.89
1989-03-10,18.53,17.63,9.34,9.66,,,,,,9.82
1989-03-11,,,,,,,,,,9.82
1989-03-12,,,,,,,,,,9.82
1989-03-13,19.05,18.1,9.35,9.64,,,,,,9.82
1989-03-14,19.47,18.63,9.32,9.64,,,,,,9.78
1989-03-15,19.84,19.08,9.31,9.62,,,,,,9.84
1989-03-16,19.86,18.95,9.3,9.61,,,,,,9.79
1989-03-17,20.34,19.3,9.49,9.84,,,,,,9.81
1989-03-18,,,,,,,,,,9.81
1989-03-19,,,,,,,,,,9.81
1989-03-20,19.53,19.18,9.53,9.9,,,,,,9.85
1989-03-21,20.08,19.63,9.53,9.92,,,,,,9.8
1989-03-22,20.21,19.6,9.45,9.81,,,,,,10.18
1989-03-23,20.16,19.93,9.43,9.81,,,,,,9.92
1989-03-24,,,,,,,,,,9.88
1989-03-25,,,,,,,,,,9.88
1989-03-26,,,,,,,,,,9.88
1989-03-27,20.55,,9.44,9.85,,,,,,9.9
1989-03-28,19.93,19.73,9.41,9.86,,,,,,9.88
1989-03-29,20.2,19.45,9.36,9.8,,,,,,9.84
1989-03-30,21.03,20.0,9.34,9.79,,,,,,9.89
1989-03-31,20.27,20.45,9.3,9.73,,,,,,9.79
1989-04-01,,,,,,,,,,9.79
1989-04-02,,,,,,,,,,9.79
1989-04-03,20.03,19.65,9.21,9.56,,,,,,9.92
1989-04-04,20.59,19.9,9.17,9.47,,,,,,9.52
1989-04-05,20.07,19.75,9.17,9.45,,,,,,9.28
1989-04-06,19.85,19.08,9.2,9.54,,,,,,9.85
1989-04-07,20.03,19.4,9.27,9.57,,,,,,9.83
1989-04-08,,,,,,,,,,9.83
1989-04-09,,,,,,,,,,9.83
1989-04-10,20.65,19.6,9.27,9.57,,,,,,9.85
1989-04-11,20.56,19.95,9.27,9.57,,,,,,9.79
1989-04-12,20.66,19.85,9.29,9.59,,,,,,9.78
1989-04-13,20.26,19.95,9.34,9.66,,,,,,9.84
1989-04-14,20.68,19.63,9.18,9.43,,,,,,9.83
1989-04-15,,,,,,,,,,9.83
1989-04-16,,,,,,,,,,9.83
1989-04-17,21.23,19.88,9.2,9.48,,,,,,9.89
1989-04-18,21.74,20.2,9.06,9.28,,,,,,9.71
1989-04-19,22.66,21.5,9.08,9.3,,,,,,10.71
1989-04-20,24.62,22.25,9.2,9.46,,,,,,9.89
1989-04-21,23.38,21.6,9.15,9.44,,,,,,9.87
1989-04-22,,,,,,,,,,9.87
1989-04-23,,,,,,,,,,9.87
1989-04-24,20.64,21.2,9.15,9.46,,,,,,9.88
1989-04-25,21.32,21.15,9.12,9.41,,,,,,9.85
1989-04-26,21.2,21.05,9.11,9.34,,,,,,9.82
1989-04-27,20.83,20.65,9.05,9.23,,,,,,9.85
1989-04-28,20.38,20.15,9.02,9.22,,,,,,9.82
1989-04-29,,,,,,,,,,9.82
1989-04-30,,,,,,,,,,9.82
1989-05-01,20.66,,9.14,9.36,,,,,,9.85
1989-05-02,19.73,19.15,9.08,9.27,,,,,,9.83
1989-05-03,20.13,18.88,9.06,9.21,,,,,,10.15
1989-05-04,20.57,19.7,9.06,9.21,,,,,,9.91
1989-05-05,20.08,19.4,8.99,9.04,,,,,,9.9
1989-05-06,,,,,,,,,,9.9
1989-05-07,,,,,,,,,,9.9
1989-05-08,19.41,18.8,9.04,9.09,,,,,,9.84
1989-05-09,19.54,19.03,9.15,9.23,,,,,,9.79
1989-05-10,19.56,18.88,9.16,9.27,,,,,,9.77
1989-05-11,20.13,19.3,9.1,9.14,,,,,,9.74
1989-05-12,20.12,19.2,8.81,8.82,,,,,,9.67
1989-05-13,,,,,,,,,,9.67
1989-05-14,,,,,,,,,,9.67
1989-05-15,20.53,19.2,8.82,8.91,,,,,,9.79
1989-05-16,20.58,19.8,8.82,8.95,,,,,,9.76
1989-05-17,20.15,18.58,8.8,8.96,,,,,,9.92
1989-05-18,20.25,18.6,8.78,9.0,,,,,,9.8
1989-05-19,20.58,18.3,8.71,8.94,,,,,,9.73
1989-05-20,,,,,,,,,,9.73
1989-05-21,,,,,,,,,,9.73
1989-05-22,20.92,17.4,8.58,8.84,,,,,,9.7
1989-05-23,21.77,17.7,8.6,8.83,,,,,,9.73
1989-05-24,19.68,18.15,8.63,8.82,,,,,,9.75
1989-05-25,19.46,18.2,8.67,8.92,,,,,,9.76
1989-05-26,19.55,17.65,8.66,8.89,,,,,,9.71
1989-05-27,,,,,,,,,,9.71
1989-05-28,,,,,,,,,,9.71
1989-05-29,19.55,17.73,,,,,,,,9.71
1989-05-30,19.96,18.03,8.64,8.87,,,,,,9.77
1989-05-31,19.93,18.25,8.6,8.82,,,,,,10.48
1989-06-01,19.83,18.08,8.61,8.82,,,,,,9.84
1989-06-02,20.18,18.15,8.43,8.52,,,,,,9.73
1989-06-03,,,,,,,,,,9.73
1989-06-04,,,,,,,,,,9.73
1989-06-05,20.5,18.55,8.36,8.44,,,,,,9.64
1989-06-06,20.38,18.5,8.36,8.45,,,,,,9.58
1989-06-07,19.7,18.15,8.27,8.38,,,,,,9.48
1989-06-08,19.94,17.8,8.27,8.33,,,,,,9.47
1989-06-09,19.87,17.95,8.15,8.28,,,,,,9.36
1989-06-10,,,,,,,,,,9.36
1989-06-11,,,,,,,,,,9.36
1989-06-12,19.3,17.18,8.16,8.29,,,,,,9.35
1989-06-13,19.5,16.8,8.25,8.41,,,,,,9.3
1989-06-14,20.37,16.9,8.2,8.36,,,,,,9.22
1989-06-15,20.56,16.95,8.33,8.48,,,,,,9.46
1989-06-16,19.98,16.65,8.35,8.53,,,,,,9.5
1989-06-17,,,,,,,,,,9.5
1989-06-18,,,,,,,,,,9.5
1989-06-19,20.88,16.85,8.37,8.55,,,,,,9.44
1989-06-20,19.88,16.88,8.31,8.5,,,,,,9.41
1989-06-21,19.74,17.13,8.37,8.53,,,,,,9.55
1989-06-22,19.53,17.3,8.38,8.55,,,,,,9.66
1989-06-23,19.71,18.03,8.25,8.39,,,,,,9.57
1989-06-24,,,,,,,,,,9.57
1989-06-25,,,,,,,,,,9.57
1989-06-26,20.28,18.23,8.18,8.35,,,,,,9.51
1989-06-27,20.38,18.2,8.11,8.27,,,,,,9.55
1989-06-28,20.04,18.0,8.17,8.27,,,,,,9.64
1989-06-29,20.27,18.2,8.12,8.16,,,,,,9.69
1989-06-30,20.29,18.28,8.1,8.08,,,,,,9.63
1989-07-01,,,,,,,,,,9.63
1989-07-02,,,,,,,,,,9.63
1989-07-03,20.55,18.4,8.09,8.02,,,,,,9.49
1989-07-04,20.29,18.6,,,,,,,,9.49
1989-07-05,20.98,18.75,8.11,7.99,,,,,,9.48
1989-07-06,20.35,18.3,8.08,7.94,,,,,,9.46
1989-07-07,20.78,17.85,8.02,7.83,,,,,,9.23
1989-07-08,,,,,,,,,,9.23
1989-07-09,,,,,,,,,,9.23
1989-07-10,20.38,17.83,7.99,7.81,,,,,,9.22
1989-07-11,20.75,17.63,8.0,7.81,,,,,,9.25
1989-07-12,20.2,17.65,8.0,7.74,,,,,,9.54
1989-07-13,20.42,17.6,8.0,7.74,,,,,,9.31
1989-07-14,20.36,17.9,8.04,7.83,,,,,,9.22
1989-07-15,,,,,,,,,,9.22
1989-07-16,,,,,,,,,,9.22
1989-07-17,20.49,18.05,8.05,7.85,,,,,,9.28
1989-07-18,20.21,18.05,8.13,7.95,,,,,,9.24
1989-07-19,19.83,17.85,8.09,7.9,,,,,,9.21
1989-07-20,19.92,17.98,8.01,7.81,,,,,,9.19
1989-07-21,19.86,17.83,8.07,7.91,,,,,,9.2
1989-07-22,,,,,,,,,,9.2
1989-07-23,,,,,,,,,,9.2
1989-07-24,18.76,17.3,8.05,7.93,,,,,,9.17
1989-07-25,18.52,17.05,8.01,7.84,,,,,,9.14
1989-07-26,18.32,16.5,8.02,7.75,,,,,,8.86
1989-07-27,18.15,16.28,7.92,7.65,,,,,,9.0
1989-07-28,17.96,16.38,7.87,7.56,,,,,,8.94
1989-07-29,,,,,,,,,,8.94
1989-07-30,,,,,,,,,,8.94
1989-07-31,18.33,16.3,7.82,7.53,,,,,,8.94
1989-08-01,17.91,16.23,7.74,7.46,,,,,,8.95
1989-08-02,18.28,16.1,7.76,7.53,,,,,,8.95
1989-08-03,18.18,16.4,7.8,7.6,,,,,,8.94
1989-08-04,18.05,16.15,8.0,7.92,,,,,,8.93
1989-08-05,,,,,,,,,,8.93
1989-08-06,,,,,,,,,,8.93
1989-08-07,17.91,16.05,8.03,8.01,,,,,,8.95
1989-08-08,18.06,16.28,8.0,7.96,,,,,,8.95
1989-08-09,18.23,16.45,8.05,7.99,,,,,,9.24
1989-08-10,18.58,16.93,8.02,7.99,,,,,,9.02
1989-08-11,18.46,17.0,8.09,8.12,,,,,,9.0
1989-08-12,,,,,,,,,,9.0
1989-08-13,,,,,,,,,,9.0
1989-08-14,18.6,16.85,8.24,8.31,,,,,,9.04
1989-08-15,18.78,17.0,8.21,8.29,,,,,,9.19
1989-08-16,18.99,17.0,8.12,8.17,,,,,,9.03
1989-08-17,18.67,16.95,8.18,8.26,,,,,,8.95
1989-08-18,18.82,16.83,8.15,8.26,,,,,,8.93
1989-08-19,,,,,,,,,,8.93
1989-08-20,,,,,,,,,,8.93
1989-08-21,19.1,16.9,8.2,8.32,,,,,,8.94
1989-08-22,19.01,17.1,8.29,8.43,,,,,,8.92
1989-08-23,19.15,17.08,8.25,8.37,,,,,,9.44
1989-08-24,19.02,17.05,8.2,8.32,,,,,,9.05
1989-08-25,18.53,16.95,8.21,8.34,,,,,,8.98
1989-08-26,,,,,,,,,,8.98
1989-08-27,,,,,,,,,,8.98
1989-08-28,18.69,16.98,8.27,8.41,,,,,,8.95
1989-08-29,18.59,17.1,8.27,8.44,,,,,,8.92
1989-08-30,18.85,17.13,8.25,8.41,,,,,,8.89
1989-08-31,18.83,17.2,8.26,8.42,,,,,,8.92
1989-09-01,18.88,17.33,8.19,8.37,,,,,,8.93
1989-09-02,,,,,,,,,,8.93
1989-09-03,,,,,,,,,,8.93
1989-09-04,18.88,17.43,,,,,,,,8.93
1989-09-05,19.08,17.45,8.19,8.37,,,,,,8.93
1989-09-06,19.41,17.8,8.17,8.35,,,,,,9.14
1989-09-07,19.4,17.8,8.17,8.35,,,,,,9.0
1989-09-08,19.77,17.83,8.14,8.27,,,,,,8.98
1989-09-09,,,,,,,,,,8.98
1989-09-10,,,,,,,,,,8.98
1989-09-11,19.77,17.98,8.13,8.2,,,,,,8.95
1989-09-12,19.68,17.9,8.13,8.18,,,,,,8.93
1989-09-13,19.87,18.05,8.18,8.2,,,,,,8.89
1989-09-14,19.73,17.9,8.13,8.09,,,,,,8.9
1989-09-15,19.96,17.88,8.09,8.06,,,,,,9.02
1989-09-16,,,,,,,,,,9.02
1989-09-17,,,,,,,,,,9.02
1989-09-18,19.87,18.05,8.1,8.13,,,,,,8.96
1989-09-19,19.68,17.9,8.09,8.14,,,,,,8.94
1989-09-20,19.68,17.8,8.15,8.27,,,,,,9.48
1989-09-21,19.69,17.85,8.2,8.32,,,,,,8.97
1989-09-22,19.21,17.53,8.22,8.34,,,,,,8.99
1989-09-23,,,,,,,,,,8.99
1989-09-24,,,,,,,,,,8.99
1989-09-25,19.49,17.45,8.32,8.43,,,,,,9.09
1989-09-26,19.62,17.45,8.3,8.36,,,,,,9.05
1989-09-27,19.61,17.55,8.3,8.39,,,,,,9.03
1989-09-28,19.99,17.93,8.3,8.41,,,,,,9.2
1989-09-29,20.15,18.23,8.31,8.46,,,,,,9.24
1989-09-30,,,,,,,,,,9.24
1989-10-01,,,,,,,,,,9.24
1989-10-02,19.99,18.58,8.28,8.48,,,,,,9.16
1989-10-03,20.15,18.73,8.23,8.39,,,,,,9.08
1989-10-04,20.17,18.78,8.22,8.37,,,,,,9.13
1989-10-05,19.95,18.43,8.15,8.31,,,,,,9.02
1989-10-06,19.89,18.45,8.03,8.1,,,,,,8.92
1989-10-07,,,,,,,,,,8.92
1989-10-08,,,,,,,,,,8.92
1989-10-09,20.04,18.25,,,,,,,,8.92
1989-10-10,20.21,18.55,8.03,8.06,,,,,,8.91
1989-10-11,20.18,18.85,8.07,8.08,,,,,,8.88
1989-10-12,20.49,19.23,8.04,8.01,,,,,,8.82
1989-10-13,20.91,19.6,7.87,7.69,,,,,,8.81
1989-10-14,,,,,,,,,,8.81
1989-10-15,,,,,,,,,,8.81
1989-10-16,20.64,19.38,7.98,7.85,,,,,,8.63
1989-10-17,20.68,19.53,8.0,7.83,,,,,,8.7
1989-10-18,20.58,19.43,8.01,7.83,,,,,,8.75
1989-10-19,20.37,19.33,7.96,7.87,,,,,,8.71
1989-10-20,20.04,19.2,7.98,7.92,,,,,,8.71
1989-10-21,,,,,,,,,,8.71
1989-10-22,,,,,,,,,,8.71
1989-10-23,19.67,18.88,7.92,7.88,,,,,,8.73
1989-10-24,19.7,18.8,7.87,7.78,,,,,,8.72
1989-10-25,19.6,18.88,7.86,7.76,,,,,,8.73
1989-10-26,19.48,18.48,7.88,7.78,,,,,,8.75
1989-10-27,19.79,18.7,7.94,7.87,,,,,,8.74
1989-10-28,,,,,,,,,,8.74
1989-10-29,,,,,,,,,,8.74
1989-10-30,19.74,18.98,7.92,7.85,,,,,,8.75
1989-10-31,19.88,18.93,7.92,7.85,,,,,,8.89
1989-11-01,20.09,19.23,7.91,7.87,,,,,,8.98
1989-11-02,20.01,19.2,7.87,7.81,,,,,,8.77
1989-11-03,20.23,19.0,7.96,8.01,,,,,,8.74
1989-11-04,,,,,,,,,,8.74
1989-11-05,,,,,,,,,,8.74
1989-11-06,20.06,18.95,8.0,8.04,,,,,,8.74
1989-11-07,19.97,18.9,7.9,7.87,,,,,,8.64
1989-11-08,19.97,18.9,7.87,7.78,,,,,,8.48
1989-11-09,19.62,18.85,7.9,7.8,,,,,,8.42
1989-11-10,19.84,19.05,7.92,7.83,,,,,,8.4
1989-11-11,,,,,,,,,,8.4
1989-11-12,,,,,,,,,,8.4
1989-11-13,19.62,18.85,7.89,7.82,,,,,,8.44
1989-11-14,19.58,18.7,7.87,7.75,,,,,,8.44
1989-11-15,19.69,18.65,7.82,7.69,,,,,,8.73
1989-11-16,19.88,18.65,7.82,7.71,,,,,,8.52
1989-11-17,19.93,18.75,7.88,7.77,,,,,,8.45
1989-11-18,,,,,,,,,,8.45
1989-11-19,,,,,,,,,,8.45
1989-11-20,20.13,18.8,7.86,7.77,,,,,,8.47
1989-11-21,20.52,18.68,7.85,7.77,,,,,,8.5
1989-11-22,19.8,18.6,7.81,7.66,,,,,,8.38
1989-11-23,19.8,18.4,,,,,,,,8.38
1989-11-24,19.84,18.48,7.8,7.64,,,,,,8.3
1989-11-25,,,,,,,,,,8.3
1989-11-26,,,,,,,,,,8.3
1989-11-27,19.65,18.5,7.85,7.79,,,,,,8.56
1989-11-28,19.33,18.23,7.86,7.78,,,,,,8.73
1989-11-29,19.4,18.15,7.88,7.8,,,,,,8.99
1989-11-30,19.87,18.48,7.84,7.75,,,,,,8.6
1989-12-01,20.26,18.68,7.81,7.7,,,,,,8.51
1989-12-02,,,,,,,,,,8.51
1989-12-03,,,,,,,,,,8.51
1989-12-04,20.24,19.28,7.82,7.72,,,,,,8.53
1989-12-05,20.22,19.18,7.82,7.72,,,,,,8.51
1989-12-06,20.46,19.28,7.85,7.8,,,,,,8.47
1989-12-07,20.45,19.33,7.88,7.85,,,,,,8.48
1989-12-08,20.41,19.15,7.82,7.78,,,,,,8.46
1989-12-09,,,,,,,,,,8.46
1989-12-10,,,,,,,,,,8.46
1989-12-11,20.69,19.45,7.83,7.78,,,,,,8.44
1989-12-12,20.8,19.53,7.84,7.8,,,,,,8.44
1989-12-13,20.75,19.78,7.82,7.82,,,,,,8.58
1989-12-14,20.67,19.68,7.79,7.75,,,,,,8.51
1989-12-15,21.13,19.68,7.8,7.75,,,,,,8.56
1989-12-16,,,,,,,,,,8.56
1989-12-17,,,,,,,,,,8.56
1989-12-18,22.2,19.98,7.77,7.75,,,,,,8.56
1989-12-19,22.17,20.28,7.78,7.72,,,,,,8.5
1989-12-20,21.58,20.23,7.77,7.64,,,,,,8.42
1989-12-21,21.53,20.13,7.77,7.68,,,,,,8.27
1989-12-22,21.31,20.5,7.82,7.74,,,,,,8.19
1989-12-23,,,,,,,,,,8.19
1989-12-24,,,,,,,,,,8.19
1989-12-25,,,,,,,,,,8.19
1989-12-26,21.91,,7.95,7.9,,,,,,8.43
1989-12-27,21.78,20.9,7.94,7.9,,,,,,9.18
1989-12-28,21.6,20.85,7.91,7.87,,,,,,9.45
1989-12-29,21.84,21.05,7.93,7.87,,,,,,7.97
1989-12-30,,,,,,,,,,7.97
1989-12-31,,,,,,,,,,7.97
1990-01-01,,,,,,,,,,7.97
1990-01-02,22.88,21.2,7.94,7.87,,,,17.24,,8.54
1990-01-03,23.81,22.65,7.99,7.94,,,,18.19,,8.37
1990-01-04,23.41,22.5,7.98,7.92,,,,19.22,,8.29
1990-01-05,23.07,23.13,7.99,7.9,,,,20.11,,8.2
1990-01-06,,,,,,,,,,8.2
1990-01-07,,,,,,,,,,8.2
1990-01-08,21.64,21.38,8.02,7.9,,,,20.26,,8.27
1990-01-09,22.25,21.03,8.02,7.91,,,,22.2,,8.25
1990-01-10,22.9,21.95,8.03,7.91,,,,22.44,,8.12
1990-01-11,23.15,21.88,8.04,7.91,,,,20.05,,8.21
1990-01-12,23.17,22.13,8.1,7.93,,,,24.64,,8.16
1990-01-13,,,,,,,,,,8.16
1990-01-14,,,,,,,,,,8.16
1990-01-15,22.36,21.6,,,,,,26.34,,8.16
1990-01-16,22.61,21.15,8.2,8.1,,,,24.18,,8.31
1990-01-17,22.11,20.45,8.19,8.09,,,,24.16,,8.26
1990-01-18,22.78,20.78,8.32,8.25,,,,24.34,,8.23
1990-01-19,23.7,21.28,8.26,8.2,,,,22.5,,8.19
1990-01-20,,,,,,,,,,8.19
1990-01-21,,,,,,,,,,8.19
1990-01-22,22.57,20.88,8.27,8.18,,,,26.7,,8.19
1990-01-23,22.34,20.23,8.26,8.18,,,,24.72,,8.19
1990-01-24,23.43,20.18,8.38,8.2,,,,25.39,,8.4
1990-01-25,24.48,20.55,8.42,8.24,,,,25.63,,8.24
1990-01-26,22.56,20.63,8.49,8.28,,,,26.28,,8.24
1990-01-27,,,,,,,,,,8.24
1990-01-28,,,,,,,,,,8.24
1990-01-29,22.79,20.73,8.5,8.3,,,,26.44,,8.24
1990-01-30,22.29,20.73,8.51,8.3,,,,27.25,,8.23
1990-01-31,22.69,20.5,8.43,8.28,,,,25.36,,8.26
1990-02-01,22.71,20.58,8.42,8.28,,,,24.87,,8.25
1990-02-02,23.04,20.73,8.5,8.37,,,,24.32,,8.23
1990-02-03,,,,,,,,,,8.23
1990-02-04,,,,,,,,,,8.23
1990-02-05,22.44,20.73,8.53,8.37,,,,24.54,,8.22
1990-02-06,22.36,20.6,8.57,8.42,,,,24.69,,8.19
1990-02-07,22.4,20.15,8.52,8.42,,,,24.29,,8.22
1990-02-08,22.11,20.05,8.49,8.37,,,,23.77,,8.21
1990-02-09,21.82,19.75,8.31,8.25,,,,23.69,,8.21
1990-02-10,,,,,,,,,,8.21
1990-02-11,,,,,,,,,,8.21
1990-02-12,22.02,19.68,8.4,8.32,,,,24.38,,8.21
1990-02-13,21.88,20.03,8.35,8.21,,,,23.76,,8.21
1990-02-14,22.12,19.6,8.36,8.27,,,,22.05,,8.21
1990-02-15,22.86,19.9,8.43,8.35,,,,19.71,,8.32
1990-02-16,22.46,19.88,8.42,8.36,,,,20.78,,8.19
1990-02-17,,,,,,,,,,8.19
1990-02-18,,,,,,,,,,8.19
1990-02-19,22.46,19.95,,,,,,,,8.19
1990-02-20,22.2,19.68,8.62,8.52,,,,22.78,,8.24
1990-02-21,21.87,19.5,8.62,8.5,,,,23.89,,8.41
1990-02-22,21.4,19.35,8.54,8.45,,,,22.54,,8.28
1990-02-23,21.13,18.78,8.53,8.43,,,,23.69,,8.25
1990-02-24,,,,,,,,,,8.25
1990-02-25,,,,,,,,,,8.25
1990-02-26,21.81,18.9,8.46,8.38,,,,23.56,,8.28
1990-02-27,21.62,19.23,8.41,8.34,,,,22.69,,8.27
1990-02-28,21.55,19.2,8.51,8.43,,,,21.99,,8.29
1990-03-01,21.19,19.33,8.59,8.53,,,,21.9,,8.3
1990-03-02,21.36,19.18,8.54,8.48,,,,21.34,,8.27
1990-03-03,,,,,,,,,,8.27
1990-03-04,,,,,,,,,,8.27
1990-03-05,21.62,19.15,8.65,8.55,,,,22.03,,8.24
1990-03-06,21.3,19.18,8.59,8.54,,,,20.55,,8.21
1990-03-07,20.93,18.95,8.58,8.54,,,,19.1,,8.4
1990-03-08,20.8,18.73,8.57,8.59,,,,19.74,,8.3
1990-03-09,20.42,18.68,8.65,8.73,,,,20.3,,8.29
1990-03-10,,,,,,,,,,8.29
1990-03-11,,,,,,,,,,8.29
1990-03-12,20.26,18.3,8.63,8.71,,,,20.07,,8.28
1990-03-13,20.15,18.53,8.73,8.77,,,,21.05,,8.23
1990-03-14,20.07,18.33,8.65,8.69,,,,19.65,,8.21
1990-03-15,20.38,18.48,8.66,8.71,,,,18.81,,8.29
1990-03-16,20.09,18.4,8.59,8.64,,,,17.62,,8.22
1990-03-17,,,,,,,,,,8.22
1990-03-18,,,,,,,,,,8.22
1990-03-19,19.6,17.83,8.59,8.68,,,,18.29,,8.24
1990-03-20,19.34,17.75,8.54,8.68,,,,19.06,,8.26
1990-03-21,19.59,17.78,8.55,8.69,,,,20.1,,8.47
1990-03-22,19.85,17.83,8.53,8.62,,,,22.74,,8.28
1990-03-23,20.28,17.88,8.52,8.61,,,,20.46,,8.25
1990-03-24,,,,,,,,,,8.25
1990-03-25,,,,,,,,,,8.25
1990-03-26,20.48,18.23,8.51,8.61,,,,19.59,,8.25
1990-03-27,20.36,18.1,8.52,8.59,,,,21.01,,8.26
1990-03-28,20.09,18.03,8.51,8.57,,,,19.77,,8.3
1990-03-29,20.03,17.9,8.6,8.62,,,,18.46,,8.37
1990-03-30,20.34,17.95,8.65,8.64,,,,19.73,,8.3
1990-03-31,,,,,,,,,,8.3
1990-04-01,,,,,,,,,,8.3
1990-04-02,20.51,18.18,8.65,8.62,,,,22.84,,8.34
1990-04-03,20.23,18.2,8.63,8.61,,,,20.44,,8.31
1990-04-04,19.78,17.95,8.55,8.54,,,,22.03,,8.37
1990-04-05,19.48,17.55,8.57,8.54,,,,21.21,,8.31
1990-04-06,19.15,17.1,8.56,8.52,,,,21.76,,8.26
1990-04-07,,,,,,,,,,8.26
1990-04-08,,,,,,,,,,8.26
1990-04-09,18.32,16.53,8.59,8.54,,,,22.3,,8.24
1990-04-10,17.56,15.93,8.6,8.54,,,,21.69,,8.21
1990-04-11,18.19,15.3,8.63,8.56,,,,17.73,,8.2
1990-04-12,17.76,15.8,8.64,8.57,,,,19.8,,8.21
1990-04-13,,,,,,,,,,8.18
1990-04-14,,,,,,,,,,8.18
1990-04-15,,,,,,,,,,8.18
1990-04-16,17.87,,8.68,8.61,,,,20.75,,8.31
1990-04-17,17.37,15.7,8.77,8.7,,,,20.38,,8.39
1990-04-18,16.95,15.33,8.86,8.79,,,,22.67,,8.46
1990-04-19,17.93,16.13,8.87,8.81,,,,22.46,,8.31
1990-04-20,17.9,16.35,8.95,8.82,,,,23.33,,8.24
1990-04-21,,,,,,,,,,8.24
1990-04-22,,,,,,,,,,8.24
1990-04-23,18.6,16.95,8.98,8.87,,,,24.16,,8.25
1990-04-24,17.85,16.75,9.0,8.92,,,,21.7,,8.21
1990-04-25,17.49,16.5,9.01,8.95,,,,20.86,,8.21
1990-04-26,18.5,16.6,9.07,9.03,,,,20.25,,8.21
1990-04-27,18.57,16.43,9.06,8.98,,,,22.19,,8.18
1990-04-28,,,,,,,,,,8.18
1990-04-29,,,,,,,,,,8.18
1990-04-30,18.5,16.35,9.04,8.96,,,,19.52,,8.23
1990-05-01,18.76,16.43,9.08,9.02,,,,18.43,,8.11
1990-05-02,18.63,16.58,9.09,9.05,,,,19.32,,7.73
1990-05-03,17.98,15.93,9.04,8.98,,,,17.81,,8.19
1990-05-04,17.98,15.58,8.84,8.7,,,,17.28,,8.21
1990-05-05,,,,,,,,,,8.21
1990-05-06,,,,,,,,,,8.21
1990-05-07,18.3,15.65,8.87,8.74,,,,17.65,,8.23
1990-05-08,18.26,16.18,8.84,8.68,,,,18.49,,8.2
1990-05-09,19.01,16.45,8.88,8.75,,,,18.64,,8.18
1990-05-10,19.03,16.7,8.82,8.69,,,,18.59,,8.23
1990-05-11,18.96,16.73,8.64,8.55,,,,19.81,,8.24
1990-05-12,,,,,,,,,,8.24
1990-05-13,,,,,,,,,,8.24
1990-05-14,19.73,17.4,8.61,8.51,,,,20.14,,8.27
1990-05-15,19.52,17.4,8.65,8.54,,,,19.49,,8.34
1990-05-16,19.05,17.25,8.68,8.54,,,,17.71,,7.53
1990-05-17,18.89,17.05,8.69,8.56,,,,17.27,,8.2
1990-05-18,18.78,17.08,8.75,8.63,,,,17.2,,8.22
1990-05-19,,,,,,,,,,8.22
1990-05-20,,,,,,,,,,8.22
1990-05-21,18.26,16.65,8.74,8.61,,,,16.72,,8.24
1990-05-22,17.51,16.48,8.65,8.54,,,,17.84,,8.22
1990-05-23,16.25,15.7,8.61,8.51,,,,17.18,,8.24
1990-05-24,16.02,15.8,8.63,8.5,,,,17.7,,8.29
1990-05-25,16.12,15.95,8.69,8.53,,,,17.32,,8.27
1990-05-26,,,,,,,,,,8.27
1990-05-27,,,,,,,,,,8.27
1990-05-28,,,,,,,,,,8.27
1990-05-29,18.0,15.48,8.66,8.52,,,,18.75,,8.26
1990-05-30,17.88,15.98,8.62,8.48,,,,17.44,,7.69
1990-05-31,17.47,15.3,8.6,8.5,,,,17.37,,8.23
1990-06-01,17.51,15.43,8.44,8.33,,,,17.09,,8.28
1990-06-02,,,,,,,,,,8.28
1990-06-03,,,,,,,,,,8.28
1990-06-04,17.09,15.35,8.44,8.31,,,,18.39,,8.28
1990-06-05,16.41,14.78,8.47,8.34,,,,18.97,,8.27
1990-06-06,16.91,14.8,8.46,8.34,,,,17.42,,8.22
1990-06-07,16.65,15.03,8.46,8.34,,,,16.88,,8.25
1990-06-08,16.78,14.68,8.46,8.33,,,,17.58,,8.26
1990-06-09,,,,,,,,,,8.26
1990-06-10,,,,,,,,,,8.26
1990-06-11,16.82,14.73,8.48,8.36,,,,16.34,,8.26
1990-06-12,17.39,14.95,8.48,8.36,,,,16.6,,8.23
1990-06-13,17.6,14.9,8.4,8.27,,,,17.38,,8.61
1990-06-14,17.11,15.3,8.38,8.24,,,,17.4,,8.29
1990-06-15,16.64,15.15,8.46,8.33,,,,15.9,,8.29
1990-06-16,,,,,,,,,,8.29
1990-06-17,,,,,,,,,,8.29
1990-06-18,15.92,14.83,8.5,8.39,,,,17.71,,8.28
1990-06-19,15.55,14.75,8.51,8.41,,,,15.23,,8.25
1990-06-20,15.43,14.75,8.55,8.43,,,,15.27,,8.24
1990-06-21,16.09,14.75,8.52,8.41,,,,14.72,,8.25
1990-06-22,16.5,15.4,8.51,8.4,,,,19.36,,8.24
1990-06-23,,,,,,,,,,8.24
1990-06-24,,,,,,,,,,8.24
1990-06-25,16.15,15.58,8.58,8.45,,,,17.06,,8.3
1990-06-26,17.12,15.58,8.56,8.41,,,,16.29,,8.33
1990-06-27,16.7,15.33,8.52,8.37,,,,16.0,,8.39
1990-06-28,17.18,15.4,8.47,8.31,,,,16.18,,8.36
1990-06-29,17.05,15.73,8.43,8.24,,,,15.5,,8.32
1990-06-30,,,,,,,,,,8.32
1990-07-01,,,,,,,,,,8.32
1990-07-02,16.94,15.4,8.43,8.25,,,,16.26,,8.35
1990-07-03,16.73,15.48,8.4,8.2,,,,16.11,,8.32
1990-07-04,16.73,15.48,,,,,,,,8.32
1990-07-05,16.5,15.23,8.42,8.22,,,,17.25,,8.32
1990-07-06,16.49,15.35,8.51,8.32,,,,16.41,,8.32
1990-07-07,,,,,,,,,,8.32
1990-07-08,,,,,,,,,,8.32
1990-07-09,16.63,14.98,8.57,8.39,,,,16.66,,8.33
1990-07-10,17.05,15.58,8.57,8.4,,,,16.92,,8.34
1990-07-11,17.45,15.7,8.57,8.4,,,,16.68,,8.01
1990-07-12,18.69,15.88,8.5,8.2,,,,17.06,,8.29
1990-07-13,18.37,17.03,8.45,8.13,,,,17.09,,8.18
1990-07-14,,,,,,,,,,8.18
1990-07-15,,,,,,,,,,8.18
1990-07-16,18.67,17.7,8.44,8.15,,,,16.75,,8.07
1990-07-17,18.23,17.58,8.44,8.13,,,,16.66,,8.05
1990-07-18,18.57,17.7,8.5,8.13,,,,18.9,,8.02
1990-07-19,19.07,17.85,8.51,8.13,,,,18.56,,8.04
1990-07-20,19.61,18.0,8.48,8.08,,,,15.63,,7.99
1990-07-21,,,,,,,,,,7.99
1990-07-22,,,,,,,,,,7.99
1990-07-23,19.88,18.73,8.48,8.05,,,,23.68,,8.02
1990-07-24,19.84,19.08,8.53,8.12,,,,21.79,,8.02
1990-07-25,19.33,19.0,8.49,8.08,,,,20.19,,8.28
1990-07-26,20.33,18.73,8.49,8.08,,,,20.26,,8.05
1990-07-27,20.07,19.03,8.42,8.0,,,,21.12,,8.01
1990-07-28,,,,,,,,,,8.01
1990-07-29,,,,,,,,,,8.01
1990-07-30,20.24,18.98,8.34,7.93,,,,21.16,,8.03
1990-07-31,20.57,19.23,8.36,7.91,,,,21.11,,8.05
1990-08-01,21.59,19.93,8.29,7.85,,,,21.64,,8.07
1990-08-02,23.71,22.25,8.41,7.9,,,,20.43,,8.09
1990-08-03,23.79,24.13,8.43,7.79,,,,28.74,,8.03
1990-08-04,,,,,,,,,,8.03
1990-08-05,,,,,,,,,,8.03
1990-08-06,28.73,27.28,8.71,7.9,,,,35.91,,8.04
1990-08-07,29.6,27.35,8.78,8.04,,,,32.75,,8.05
1990-08-08,26.19,25.15,8.77,8.02,,,,28.27,,8.19
1990-08-09,25.69,25.9,8.66,7.99,,,,24.39,,8.1
1990-08-10,26.38,26.3,8.68,7.95,,,,25.75,,8.05
1990-08-11,,,,,,,,,,8.05
1990-08-12,,,,,,,,,,8.05
1990-08-13,27.07,26.63,8.71,7.94,,,,25.74,,8.23
1990-08-14,26.7,27.1,8.66,7.94,,,,24.18,,8.14
1990-08-15,26.54,26.53,8.64,7.94,,,,23.31,,8.28
1990-08-16,27.4,27.2,8.76,8.09,,,,27.16,,8.44
1990-08-17,28.65,28.45,8.8,8.11,,,,27.53,,8.2
1990-08-18,,,,,,,,,,8.2
1990-08-19,,,,,,,,,,8.2
1990-08-20,28.63,28.9,8.81,8.13,,,,26.46,,8.08
1990-08-21,28.46,29.05,8.84,8.19,,,,28.9,,8.0
1990-08-22,30.52,30.45,8.91,8.26,,,,30.55,,8.96
1990-08-23,31.67,32.35,9.0,8.26,,,,36.47,,8.13
1990-08-24,31.1,31.65,9.05,8.32,,,,33.93,,8.07
1990-08-25,,,,,,,,,,8.07
1990-08-26,,,,,,,,,,8.07
1990-08-27,27.36,27.65,8.9,8.21,,,,29.63,,8.08
1990-08-28,27.73,27.65,8.94,8.23,,,,29.12,,8.07
1990-08-29,26.15,27.65,8.84,8.16,,,,27.38,,8.04
1990-08-30,26.96,27.5,8.86,8.12,,,,29.89,,8.06
1990-08-31,27.45,27.8,8.86,8.07,,,,29.9,,8.06
1990-09-01,,,,,,,,,,8.06
1990-09-02,,,,,,,,,,8.06
1990-09-03,27.45,30.53,,,,,,,,8.06
1990-09-04,29.3,30.08,8.9,8.09,,,,29.58,,8.17
1990-09-05,30.0,31.23,8.86,8.04,,,,28.52,,9.31
1990-09-06,31.51,32.15,8.84,8.06,,,,30.19,,8.2
1990-09-07,30.09,31.45,8.81,8.04,,,,28.73,,8.13
1990-09-08,,,,,,,,,,8.13
1990-09-09,,,,,,,,,,8.13
1990-09-10,30.83,31.45,8.85,8.09,,,,29.34,,8.13
1990-09-11,30.29,32.1,8.83,8.1,,,,28.38,,8.08
1990-09-12,30.85,31.28,8.82,8.05,,,,28.12,,8.03
1990-09-13,31.2,31.88,8.82,8.01,,,,29.33,,8.03
1990-09-14,31.79,33.35,8.87,8.03,,,,30.56,,7.93
1990-09-15,,,,,,,,,,7.93
1990-09-16,,,,,,,,,,7.93
1990-09-17,33.73,34.9,8.9,8.05,,,,29.55,,8.04
1990-09-18,33.48,35.95,8.9,8.03,,,,28.82,,7.87
1990-09-19,33.18,35.08,8.88,8.08,,,,27.88,,9.53
1990-09-20,34.44,35.65,8.91,8.1,,,,28.66,,8.17
1990-09-21,36.21,36.95,8.99,8.12,,,,30.04,,8.22
1990-09-22,,,,,,,,,,8.22
1990-09-23,,,,,,,,,,8.22
1990-09-24,39.05,40.75,9.04,8.21,,,,30.56,,8.33
1990-09-25,38.33,39.9,9.02,8.18,,,,28.81,,8.35
1990-09-26,39.12,40.85,9.0,8.16,,,,28.19,,8.29
1990-09-27,39.77,41.45,8.91,8.05,,,,28.67,,8.21
1990-09-28,39.53,41.0,8.82,8.02,,,,29.11,,8.03
1990-09-29,,,,,,,,,,8.03
1990-09-30,,,,,,,,,,8.03
1990-10-01,37.08,38.95,8.71,7.94,,,,28.06,,8.25
1990-10-02,34.43,35.45,8.69,7.92,,,,27.28,,8.32
1990-10-03,37.04,37.55,8.71,7.88,,,,27.9,,8.71
1990-10-04,36.76,37.2,8.67,7.87,,,,27.51,,8.31
1990-10-05,37.87,39.05,8.65,7.81,,,,27.85,,8.19
1990-10-06,,,,,,,,,,8.19
1990-10-07,,,,,,,,,,8.19
1990-10-08,38.88,39.2,,,,,,28.04,,8.19
1990-10-09,40.73,40.9,8.83,7.94,,,,30.71,,8.21
1990-10-10,39.3,40.2,8.89,7.99,,,,31.19,,8.11
1990-10-11,41.07,41.15,8.92,7.99,,,,33.98,,8.02
1990-10-12,39.42,39.9,8.84,7.94,,,,31.94,,7.98
1990-10-13,,,,,,,,,,7.98
1990-10-14,,,,,,,,,,7.98
1990-10-15,38.0,38.28,8.8,7.92,,,,31.64,,8.07
1990-10-16,39.34,38.93,8.79,7.92,,,,31.45,,8.01
1990-10-17,36.03,35.33,8.76,7.92,,,,31.37,,7.69
1990-10-18,37.03,35.65,8.71,7.91,,,,29.6,,8.04
1990-10-19,33.82,33.2,8.62,7.85,,,,27.86,,8.01
1990-10-20,,,,,,,,,,8.01
1990-10-21,,,,,,,,,,8.01
1990-10-22,28.46,27.45,8.63,7.85,,,,27.27,,7.99
1990-10-23,29.95,28.95,8.65,7.84,,,,27.57,,7.93
1990-10-24,30.8,30.1,8.66,7.84,,,,28.28,,7.94
1990-10-25,34.35,32.9,8.62,7.8,,,,29.04,,8.02
1990-10-26,33.03,33.73,8.63,7.8,,,,30.75,,7.97
1990-10-27,,,,,,,,,,7.97
1990-10-28,,,,,,,,,,7.97
1990-10-29,35.28,34.65,8.7,7.82,,,,31.54,,7.87
1990-10-30,34.93,35.5,8.7,7.79,,,,30.52,,7.84
1990-10-31,35.31,34.3,8.65,7.77,,,,30.04,,9.52
1990-11-01,35.3,35.65,8.57,7.68,,,,30.25,,8.06
1990-11-02,33.95,35.05,8.57,7.68,,,,30.03,,8.02
1990-11-03,,,,,,,,,,8.02
1990-11-04,,,,,,,,,,8.02
1990-11-05,32.05,33.8,8.5,7.63,,,,29.85,,7.96
1990-11-06,32.41,33.2,8.52,7.65,,,,29.11,,7.89
1990-11-07,35.48,34.55,8.57,7.67,,,,30.87,,7.8
1990-11-08,35.61,34.85,8.58,7.67,,,,30.79,,7.77
1990-11-09,33.91,34.25,8.49,7.61,,,,26.96,,7.73
1990-11-10,,,,,,,,,,7.73
1990-11-11,,,,,,,,,,7.73
1990-11-12,32.08,32.85,,,,,,25.6,,7.73
1990-11-13,33.3,33.65,8.37,7.6,,,,24.58,,8.0
1990-11-14,31.18,31.95,8.36,7.58,,,,22.89,,8.92
1990-11-15,31.05,32.2,8.37,7.6,,,,22.57,,8.12
1990-11-16,29.91,30.55,8.3,7.58,,,,21.34,,7.85
1990-11-17,,,,,,,,,,7.85
1990-11-18,,,,,,,,,,7.85
1990-11-19,31.45,30.85,8.35,7.62,,,,20.95,,7.72
1990-11-20,29.5,30.1,8.31,7.62,,,,20.09,,7.65
1990-11-21,30.08,30.65,8.27,7.55,,,,21.09,,7.59
1990-11-22,30.08,31.4,,,,,,,,7.59
1990-11-23,32.35,32.05,8.28,7.53,,,,20.98,,7.56
1990-11-24,,,,,,,,,,7.56
1990-11-25,,,,,,,,,,7.56
1990-11-26,33.28,35.1,8.27,7.55,,,,22.76,,7.65
1990-11-27,33.05,34.83,8.28,7.5,,,,22.86,,7.62
1990-11-28,33.28,34.1,8.3,7.56,,,,22.96,,7.39
1990-11-29,32.93,34.65,8.32,7.58,,,,23.91,,7.65
1990-11-30,29.08,31.2,8.26,7.53,,,,22.16,,7.61
1990-12-01,,,,,,,,,,7.61
1990-12-02,,,,,,,,,,7.61
1990-12-03,29.4,31.25,8.22,7.51,,,,22.29,,7.65
1990-12-04,29.05,31.5,8.2,7.46,,,,22.03,,7.58
1990-12-05,27.18,30.2,8.16,7.46,,,,20.94,,7.47
1990-12-06,26.35,27.35,8.18,7.48,,,,22.62,,7.44
1990-12-07,26.61,28.3,8.03,7.33,,,,22.59,,7.25
1990-12-08,,,,,,,,,,7.25
1990-12-09,,,,,,,,,,7.25
1990-12-10,27.08,28.75,7.98,7.28,,,,23.58,,7.18
1990-12-11,26.5,28.03,7.94,7.26,,,,23.75,,7.05
1990-12-12,25.3,27.28,7.91,7.22,,,,21.28,,7.36
1990-12-13,26.45,27.8,7.98,7.31,,,,23.05,,7.25
1990-12-14,26.6,28.45,8.05,7.35,,,,23.85,,7.29
1990-12-15,,,,,,,,,,7.29
1990-12-16,,,,,,,,,,7.29
1990-12-17,27.1,28.2,8.02,7.31,,,,24.85,,7.44
1990-12-18,27.85,27.55,7.99,7.28,,,,23.11,,7.37
1990-12-19,28.26,28.13,8.0,7.21,,,,23.08,,7.13
1990-12-20,27.5,27.55,8.05,7.25,,,,23.13,,7.2
1990-12-21,27.08,26.9,8.11,7.3,,,,22.66,,7.06
1990-12-22,,,,,,,,,,7.06
1990-12-23,,,,,,,,,,7.06
1990-12-24,26.95,27.7,8.2,7.35,,,,24.03,,6.45
1990-12-25,,,,,,,,,,6.45
1990-12-26,27.35,27.7,8.15,7.27,,,,24.18,,8.86
1990-12-27,26.95,27.05,8.11,7.25,,,,24.81,,8.65
1990-12-28,27.58,27.43,8.14,7.25,,,,25.05,,7.54
1990-12-29,,,,,,,,,,7.54
1990-12-30,,,,,,,,,,7.54
1990-12-31,28.48,28.35,8.08,7.15,,,,26.38,,5.53
1991-01-01,,,,,,,,,,5.53
1991-01-02,26.53,26.78,7.97,7.08,,,,26.62,,7.85
1991-01-03,25.61,25.05,7.93,7.08,,,,27.93,,7.18
1991-01-04,24.88,24.08,8.02,7.17,,,,27.19,,6.52
1991-01-05,,,,,,,,,,6.52
1991-01-06,,,,,,,,,,6.52
1991-01-07,27.25,25.93,8.13,7.2,,,,28.95,,6.26
1991-01-08,27.5,25.73,8.16,7.15,,,,30.38,,5.94
1991-01-09,28.0,22.35,8.25,7.1,,,,33.3,,5.88
1991-01-10,27.55,26.58,8.16,7.14,,,,31.33,,6.81
1991-01-11,27.43,26.05,8.2,7.14,,,,32.63,,6.68
1991-01-12,,,,,,,,,,6.68
1991-01-13,,,,,,,,,,6.68
1991-01-14,30.13,29.55,8.23,7.18,,,,36.2,,6.83
1991-01-15,30.35,29.25,8.22,7.16,,,,36.16,,6.89
1991-01-16,32.25,30.28,8.24,7.21,,,,33.2,,6.81
1991-01-17,21.48,21.1,8.05,7.19,,,,27.45,,6.6
1991-01-18,20.05,19.1,8.03,7.14,,,,25.39,,5.9
1991-01-19,,,,,,,,,,5.9
1991-01-20,,,,,,,,,,5.9
1991-01-21,21.63,19.25,,,,,,24.33,,5.9
1991-01-22,24.91,20.73,8.07,7.13,,,,24.9,,7.56
1991-01-23,24.08,22.15,8.04,7.08,,,,23.92,,10.39
1991-01-24,25.63,20.9,8.0,7.04,,,,22.86,,7.69
1991-01-25,24.15,20.8,8.06,7.1,,,,22.2,,7.59
1991-01-26,,,,,,,,,,7.59
1991-01-27,,,,,,,,,,7.59
1991-01-28,21.03,20.4,8.06,7.12,,,,23.05,,7.61
1991-01-29,21.73,20.75,8.03,7.1,,,,23.17,,7.16
1991-01-30,21.08,20.95,8.05,7.07,,,,21.37,,6.96
1991-01-31,21.9,20.7,8.03,7.05,,,,20.91,,8.18
1991-02-01,21.33,20.8,7.91,6.83,,,,21.04,,6.3
1991-02-02,,,,,,,,,,6.3
1991-02-03,,,,,,,,,,6.3
1991-02-04,21.23,20.45,7.88,6.82,,,,21.86,,6.1
1991-02-05,20.7,20.2,7.85,6.8,,,,21.46,,5.49
1991-02-06,21.48,20.93,7.79,6.82,,,,22.68,,5.57
1991-02-07,21.33,20.9,7.82,6.8,,,,23.6,,6.38
1991-02-08,21.78,20.65,7.77,6.8,,,,23.38,,6.27
1991-02-09,,,,,,,,,,6.27
1991-02-10,,,,,,,,,,6.27
1991-02-11,22.44,21.23,7.78,6.78,,,,22.56,,6.37
1991-02-12,22.78,21.1,7.78,6.78,,,,22.26,,6.26
1991-02-13,22.38,21.0,7.78,6.78,,,,20.86,,6.24
1991-02-14,22.25,20.5,7.8,6.77,,,,21.48,,6.37
1991-02-15,20.73,18.35,7.78,6.82,,,,19.57,,6.02
1991-02-16,,,,,,,,,,6.02
1991-02-17,,,,,,,,,,6.02
1991-02-18,20.73,17.68,,,,,,,,6.02
1991-02-19,20.08,17.85,7.8,6.87,,,,19.84,,6.24
1991-02-20,20.18,18.75,7.84,6.87,,,,22.26,,7.11
1991-02-21,18.48,18.55,7.88,6.9,,,,20.78,,6.54
1991-02-22,17.43,17.8,7.91,6.98,,,,21.01,,6.27
1991-02-23,,,,,,,,,,6.27
1991-02-24,,,,,,,,,,6.27
1991-02-25,17.43,17.83,7.91,6.99,,,,22.86,,6.43
1991-02-26,18.48,18.0,7.96,7.0,,,,20.38,,6.12
1991-02-27,19.03,18.65,7.98,7.02,,,,21.26,,6.26
1991-02-28,19.28,19.5,8.02,7.04,,,,21.23,,6.99
1991-03-01,19.43,19.33,8.12,7.18,,,,,,6.35
1991-03-02,,,,,,,,,,6.35
1991-03-03,,,,,,,,,,6.35
1991-03-04,20.33,20.2,8.12,7.16,,,,20.86,,6.36
1991-03-05,20.5,20.05,8.08,7.13,,,,20.45,,6.31
1991-03-06,19.78,19.85,8.11,7.15,,,,20.55,,6.55
1991-03-07,19.33,19.65,8.07,7.12,,,,21.05,,6.46
1991-03-08,19.34,19.1,8.13,7.08,,,,20.81,,6.2
1991-03-09,,,,,,,,,,6.2
1991-03-10,,,,,,,,,,6.2
1991-03-11,19.0,18.6,8.06,7.05,,,,20.88,,6.1
1991-03-12,20.06,18.43,8.09,7.07,,,,18.82,,6.03
1991-03-13,20.48,20.33,8.02,7.0,,,,16.09,,5.98
1991-03-14,20.05,19.98,8.02,6.95,,,,14.94,,5.93
1991-03-15,19.88,19.05,8.1,7.01,,,,14.9,,5.96
1991-03-16,,,,,,,,,,5.96
1991-03-17,,,,,,,,,,5.96
1991-03-18,19.78,18.3,8.15,7.09,,,,15.79,,6.03
1991-03-19,20.68,18.95,8.25,7.22,,,,16.11,,6.16
1991-03-20,20.4,18.98,8.2,7.2,,,,16.04,,6.67
1991-03-21,20.78,18.8,8.16,7.13,,,,16.86,,6.22
1991-03-22,19.88,18.95,8.13,7.13,,,,16.49,,6.05
1991-03-23,,,,,,,,,,6.05
1991-03-24,,,,,,,,,,6.05
1991-03-25,19.47,18.6,8.13,7.14,,,,16.76,,6.08
1991-03-26,19.78,18.35,8.13,7.16,,,,16.31,,6.17
1991-03-27,19.45,18.15,8.08,7.07,,,,16.55,,6.11
1991-03-28,19.63,18.0,8.05,7.02,,,,16.88,,6.14
1991-03-29,,,,,,,,,,5.53
1991-03-30,,,,,,,,,,5.53
1991-03-31,,,,,,,,,,5.53
1991-04-01,19.28,18.0,8.07,7.01,,,,17.42,,6.48
1991-04-02,19.38,17.63,8.03,6.97,,,,17.4,,6.46
1991-04-03,19.48,17.75,8.05,6.99,,,,17.61,,6.36
1991-04-04,19.98,18.0,8.0,6.94,,,,18.01,,6.22
1991-04-05,20.03,18.35,7.99,6.92,,,,17.63,,5.92
1991-04-06,,,,,,,,,,5.92
1991-04-07,,,,,,,,,,5.92
1991-04-08,20.28,18.58,7.98,6.91,,,,17.41,,5.89
1991-04-09,20.58,18.6,8.03,6.94,,,,20.12,,5.66
1991-04-10,21.08,19.25,8.1,7.02,,,,19.73,,5.75
1991-04-11,20.98,19.5,8.09,6.95,,,,17.24,,5.71
1991-04-12,21.54,19.93,7.98,6.88,,,,18.45,,5.36
1991-04-13,,,,,,,,,,5.36
1991-04-14,,,,,,,,,,5.36
1991-04-15,21.85,20.23,7.95,6.9,,,,16.5,,6.04
1991-04-16,21.6,19.9,7.97,6.92,,,,15.82,,6.05
1991-04-17,21.73,19.85,7.95,6.9,,,,15.47,,5.95
1991-04-18,21.08,19.4,8.02,6.99,,,,16.26,,6.0
1991-04-19,21.16,19.18,8.1,7.03,,,,15.68,,5.89
1991-04-20,,,,,,,,,,5.89
1991-04-21,,,,,,,,,,5.89
1991-04-22,21.68,19.78,8.15,7.07,,,,16.78,,5.95
1991-04-23,21.03,19.6,8.12,7.05,,,,17.02,,5.92
1991-04-24,21.0,19.55,8.06,6.95,,,,16.72,,5.89
1991-04-25,20.95,19.6,8.07,6.93,,,,17.15,,5.95
1991-04-26,21.28,19.63,8.06,6.89,,,,17.27,,5.89
1991-04-27,,,,,,,,,,5.89
1991-04-28,,,,,,,,,,5.89
1991-04-29,21.3,19.95,8.07,6.9,,,,18.27,,5.93
1991-04-30,20.99,19.7,8.02,6.8,,,,18.24,,5.98
1991-05-01,21.28,19.7,8.01,6.8,,,,17.77,,5.9
1991-05-02,21.17,19.7,7.97,6.76,,,,17.52,,5.86
1991-05-03,21.43,19.55,8.04,6.8,,,,17.24,,5.76
1991-05-04,,,,,,,,,,5.76
1991-05-05,,,,,,,,,,5.76
1991-05-06,21.73,19.8,8.05,6.82,,,,17.92,,5.82
1991-05-07,21.72,19.85,8.06,6.82,,,,17.46,,5.79
1991-05-08,21.83,19.8,8.04,6.84,,,,17.78,,5.75
1991-05-09,21.92,20.08,8.02,6.84,,,,17.17,,5.76
1991-05-10,21.25,19.53,8.12,6.87,,,,17.54,,5.69
1991-05-11,,,,,,,,,,5.69
1991-05-12,,,,,,,,,,5.69
1991-05-13,20.89,19.25,8.07,6.84,,,,17.66,,5.8
1991-05-14,20.73,18.95,8.14,6.86,,,,18.0,,5.85
1991-05-15,21.04,18.8,8.13,6.84,,,,18.38,,6.01
1991-05-16,20.91,18.75,8.12,6.84,,,,17.24,,5.89
1991-05-17,21.19,18.75,8.08,6.86,,,,16.64,,5.79
1991-05-18,,,,,,,,,,5.79
1991-05-19,,,,,,,,,,5.79
1991-05-20,21.39,18.9,8.1,6.86,,,,17.1,,5.82
1991-05-21,20.95,19.03,8.06,6.84,,,,16.07,,5.76
1991-05-22,20.85,18.58,8.06,6.77,,,,16.16,,5.71
1991-05-23,20.95,18.78,8.1,6.74,,,,16.11,,5.69
1991-05-24,21.04,18.83,8.1,6.69,,,,15.23,,5.65
1991-05-25,,,,,,,,,,5.65
1991-05-26,,,,,,,,,,5.65
1991-05-27,,,,,,,,,,5.65
1991-05-28,21.34,19.0,8.07,6.66,,,,15.67,,5.99
1991-05-29,21.04,18.75,8.07,6.61,,,,15.9,,5.79
1991-05-30,21.3,18.73,8.02,6.6,,,,16.02,,5.84
1991-05-31,21.16,19.0,8.06,6.68,,,,15.93,,5.92
1991-06-01,,,,,,,,,,5.92
1991-06-02,,,,,,,,,,5.92
1991-06-03,21.16,19.0,8.14,6.79,,,,16.87,,5.96
1991-06-04,20.9,18.83,8.14,6.79,,,,16.17,,5.96
1991-06-05,20.45,18.63,8.19,6.83,,,,16.4,,5.88
1991-06-06,20.38,18.03,8.23,6.86,,,,16.93,,5.82
1991-06-07,20.28,18.28,8.29,6.98,,,,16.98,,5.71
1991-06-08,,,,,,,,,,5.71
1991-06-09,,,,,,,,,,5.71
1991-06-10,19.84,18.0,8.29,7.01,,,,17.47,,5.83
1991-06-11,19.85,17.85,8.29,6.99,,,,17.32,,5.79
1991-06-12,20.08,17.73,8.36,7.08,,,,17.72,,5.67
1991-06-13,19.71,18.0,8.34,7.08,,,,16.99,,5.79
1991-06-14,19.7,17.7,8.29,7.02,,,,15.98,,5.71
1991-06-15,,,,,,,,,,5.71
1991-06-16,,,,,,,,,,5.71
1991-06-17,19.97,17.85,8.3,7.02,,,,15.5,,5.94
1991-06-18,20.11,18.0,8.32,7.0,,,,16.14,,5.82
1991-06-19,19.99,17.88,8.33,6.95,,,,17.44,,5.8
1991-06-20,20.22,18.15,8.3,6.87,,,,16.75,,5.79
1991-06-21,20.1,18.43,8.32,6.94,,,,16.51,,5.75
1991-06-22,,,,,,,,,,5.75
1991-06-23,,,,,,,,,,5.75
1991-06-24,19.92,18.18,8.33,6.96,,,,18.28,,5.83
1991-06-25,20.03,18.15,8.33,7.04,,,,17.85,,5.9
1991-06-26,20.12,18.1,8.33,7.01,,,,17.98,,5.73
1991-06-27,20.41,18.08,8.32,7.0,,,,17.87,,5.91
1991-06-28,20.56,18.48,8.24,6.9,,,,19.55,,6.74
1991-06-29,,,,,,,,,,6.74
1991-06-30,,,,,,,,,,6.74
1991-07-01,20.78,18.53,8.26,6.97,,,,18.64,,6.38
1991-07-02,20.92,18.55,8.27,7.0,,,,17.63,,6.09
1991-07-03,20.69,18.5,8.26,6.97,,,,19.47,,5.77
1991-07-04,20.69,18.48,,,,,,,,5.77
1991-07-05,20.91,18.7,8.34,7.04,,,,18.35,,5.76
1991-07-06,,,,,,,,,,5.76
1991-07-07,,,,,,,,,,5.76
1991-07-08,21.29,18.98,8.34,7.0,,,,20.29,,5.91
1991-07-09,21.35,19.03,8.36,7.0,,,,19.76,,5.82
1991-07-10,21.43,19.23,8.35,6.97,,,,19.19,,5.72
1991-07-11,21.32,19.2,8.3,6.92,,,,17.39,,5.86
1991-07-12,21.74,19.78,8.26,6.88,,,,18.29,,5.8
1991-07-13,,,,,,,,,,5.8
1991-07-14,,,,,,,,,,5.8
1991-07-15,21.5,19.6,8.26,6.88,,,,17.78,,5.96
1991-07-16,21.7,19.83,8.27,6.9,,,,17.49,,5.91
1991-07-17,22.2,20.13,8.3,6.94,,,,17.52,,5.82
1991-07-18,21.97,20.28,8.31,6.91,,,,15.77,,5.83
1991-07-19,22.16,20.28,8.28,6.89,,,,15.5,,5.75
1991-07-20,,,,,,,,,,5.75
1991-07-21,,,,,,,,,,5.75
1991-07-22,21.74,20.08,8.28,6.91,,,,16.9,,5.81
1991-07-23,21.25,19.58,8.31,6.94,,,,16.58,,5.74
1991-07-24,21.41,19.33,8.24,6.88,,,,16.41,,5.63
1991-07-25,21.11,19.6,8.2,6.87,,,,15.74,,5.82
1991-07-26,21.48,19.73,8.2,6.85,,,,15.45,,5.76
1991-07-27,,,,,,,,,,5.76
1991-07-28,,,,,,,,,,5.76
1991-07-29,21.38,19.58,8.2,6.82,,,,15.67,,5.8
1991-07-30,21.55,19.48,8.21,6.84,,,,15.47,,5.75
1991-07-31,21.7,19.65,8.2,6.81,,,,15.18,,5.85
1991-08-01,21.33,19.73,8.2,6.84,,,,15.47,,5.86
1991-08-02,21.35,19.4,8.06,6.69,,,,15.26,,5.72
1991-08-03,,,,,,,,,,5.72
1991-08-04,,,,,,,,,,5.72
1991-08-05,21.5,19.5,8.04,6.69,,,,15.92,,5.79
1991-08-06,21.39,19.45,7.97,6.57,,,,15.54,,5.7
1991-08-07,21.38,19.35,7.93,6.54,,,,15.56,,6.29
1991-08-08,21.6,19.7,7.98,6.52,,,,15.98,,5.71
1991-08-09,21.64,19.58,7.98,6.49,,,,15.45,,5.59
1991-08-10,,,,,,,,,,5.59
1991-08-11,,,,,,,,,,5.59
1991-08-12,21.71,19.63,7.95,6.49,,,,15.26,,5.66
1991-08-13,21.52,19.5,7.91,6.48,,,,14.73,,5.64
1991-08-14,21.3,19.23,7.82,6.37,,,,15.09,,5.58
1991-08-15,21.39,19.25,7.84,6.33,,,,15.19,,5.77
1991-08-16,21.29,19.35,7.84,6.31,,,,16.01,,5.55
1991-08-17,,,,,,,,,,5.55
1991-08-18,,,,,,,,,,5.55
1991-08-19,22.5,20.55,7.83,6.24,,,,21.19,,5.54
1991-08-20,22.3,20.98,7.81,6.17,,,,18.86,,5.57
1991-08-21,21.44,19.55,7.8,6.27,,,,15.62,,6.24
1991-08-22,21.93,19.53,7.78,6.27,,,,14.59,,5.69
1991-08-23,21.78,19.85,7.88,6.46,,,,14.41,,5.55
1991-08-24,,,,,,,,,,5.55
1991-08-25,,,,,,,,,,5.55
1991-08-26,21.98,20.03,7.91,6.48,,,,14.81,,5.63
1991-08-27,21.86,20.03,7.89,6.41,,,,15.46,,5.59
1991-08-28,21.77,19.98,7.82,6.3,,,,15.31,,5.52
1991-08-29,22.02,20.3,7.74,6.25,,,,14.82,,5.49
1991-08-30,22.28,20.53,7.82,6.36,,,,14.46,,5.5
1991-08-31,,,,,,,,,,5.5
1991-09-01,,,,,,,,,,5.5
1991-09-02,,20.65,,,,,,,,5.5
1991-09-03,22.28,20.55,7.81,6.33,,,,16.57,,5.82
1991-09-04,21.76,20.25,7.81,6.31,,,,17.18,,5.87
1991-09-05,21.75,20.1,7.83,6.31,,,,17.31,,5.67
1991-09-06,21.56,20.13,7.76,6.26,,,,16.76,,5.53
1991-09-07,,,,,,,,,,5.53
1991-09-08,,,,,,,,,,5.53
1991-09-09,21.36,19.85,7.73,6.23,,,,17.73,,5.59
1991-09-10,21.44,19.93,7.73,6.21,,,,18.22,,5.53
1991-09-11,21.66,20.0,7.74,6.23,,,,17.96,,5.51
1991-09-12,21.51,20.25,7.67,6.2,,,,16.21,,5.53
1991-09-13,21.71,20.35,7.66,6.18,,,,17.88,,5.31
1991-09-14,,,,,,,,,,5.31
1991-09-15,,,,,,,,,,5.31
1991-09-16,21.84,20.53,7.63,6.17,,,,17.82,,5.56
1991-09-17,21.73,20.3,7.62,6.18,,,,17.68,,5.61
1991-09-18,21.87,20.53,7.62,6.18,,,,17.56,,5.43
1991-09-19,21.79,20.43,7.61,6.2,,,,17.56,,5.37
1991-09-20,22.02,20.55,7.57,6.18,,,,17.08,,5.24
1991-09-21,,,,,,,,,,5.24
1991-09-22,,,,,,,,,,5.24
1991-09-23,22.2,20.83,7.55,6.17,,,,16.38,,5.32
1991-09-24,22.24,20.75,7.56,6.11,,,,16.04,,5.32
1991-09-25,22.11,20.65,7.58,6.12,,,,15.68,,5.32
1991-09-26,22.23,21.0,7.56,6.05,,,,15.35,,5.4
1991-09-27,22.42,21.48,7.49,6.02,,,,16.31,,5.24
1991-09-28,,,,,,,,,,5.24
1991-09-29,,,,,,,,,,5.24
1991-09-30,22.25,21.43,7.47,5.99,,,,15.85,,5.6
1991-10-01,22.1,21.15,7.45,5.99,,,,14.81,,5.4
1991-10-02,22.34,21.3,7.47,5.99,,,,15.81,,5.2
1991-10-03,22.7,21.75,7.47,5.98,,,,17.04,,5.33
1991-10-04,22.64,21.83,7.39,5.91,,,,15.63,,5.16
1991-10-05,,,,,,,,,,5.16
1991-10-06,,,,,,,,,,5.16
1991-10-07,22.99,21.98,7.4,5.93,,,,18.58,,5.22
1991-10-08,23.02,21.95,7.43,5.89,,,,17.81,,5.18
1991-10-09,23.18,22.43,7.51,5.93,,,,18.54,,5.15
1991-10-10,23.01,22.13,7.58,5.98,,,,17.8,,5.17
1991-10-11,23.19,22.08,7.49,5.91,,,,17.6,,5.03
1991-10-12,,,,,,,,,,5.03
1991-10-13,,,,,,,,,,5.03
1991-10-14,23.48,22.6,,,,,,16.71,,5.03
1991-10-15,23.89,22.83,7.46,5.85,,,,16.22,,5.58
1991-10-16,23.67,22.6,7.45,5.86,,,,14.85,,6.11
1991-10-17,23.96,22.73,7.55,5.93,,,,16.32,,5.33
1991-10-18,24.12,23.0,7.53,5.95,,,,15.87,,5.2
1991-10-19,,,,,,,,,,5.2
1991-10-20,,,,,,,,,,5.2
1991-10-21,24.03,22.95,7.62,5.99,,,,16.66,,5.27
1991-10-22,23.47,22.65,7.67,6.02,,,,16.55,,5.25
1991-10-23,23.14,22.48,7.69,6.01,,,,16.26,,5.21
1991-10-24,23.47,22.25,7.65,5.93,,,,15.62,,5.22
1991-10-25,23.18,22.35,7.68,5.93,,,,15.75,,5.21
1991-10-26,,,,,,,,,,5.21
1991-10-27,,,,,,,,,,5.21
1991-10-28,23.24,21.9,7.65,5.88,,,,15.45,,5.27
1991-10-29,23.09,21.85,7.51,5.78,,,,15.55,,5.11
1991-10-30,23.11,21.95,7.48,5.73,,,,15.46,,4.44
1991-10-31,23.29,22.0,7.47,5.7,,,,15.48,,5.23
1991-11-01,23.85,22.53,7.48,5.65,,,,15.6,,5.03
1991-11-02,,,,,,,,,,5.03
1991-11-03,,,,,,,,,,5.03
1991-11-04,23.82,22.73,7.5,5.63,,,,16.35,,5.09
1991-11-05,23.78,22.53,7.56,5.7,,,,16.48,,5.06
1991-11-06,23.44,22.0,7.51,5.63,,,,16.47,,4.87
1991-11-07,23.29,21.85,7.43,5.62,,,,15.97,,4.8
1991-11-08,23.0,21.8,7.41,5.63,,,,15.43,,4.71
1991-11-09,,,,,,,,,,4.71
1991-11-10,,,,,,,,,,4.71
1991-11-11,22.66,21.45,,,,,,14.89,,4.71
1991-11-12,22.58,21.2,7.37,5.65,,,,14.04,,4.89
1991-11-13,22.28,21.5,7.41,5.65,,,,13.95,,4.62
1991-11-14,22.55,21.0,7.35,5.6,,,,13.96,,4.86
1991-11-15,22.79,21.63,7.33,5.54,,,,21.18,,4.98
1991-11-16,,,,,,,,,,4.98
1991-11-17,,,,,,,,,,4.98
1991-11-18,22.38,21.35,7.33,5.55,,,,18.28,,4.88
1991-11-19,21.88,21.08,7.37,5.5,,,,20.34,,4.78
1991-11-20,22.17,20.48,7.38,5.52,,,,20.4,,4.74
1991-11-21,21.93,20.73,7.39,5.5,,,,19.11,,4.74
1991-11-22,21.85,20.15,7.44,5.49,,,,21.2,,4.75
1991-11-23,,,,,,,,,,4.75
1991-11-24,,,,,,,,,,4.75
1991-11-25,22.15,19.78,7.45,5.5,,,,21.92,,4.89
1991-11-26,21.04,19.78,7.42,5.45,,,,19.8,,4.52
1991-11-27,21.38,19.65,7.42,5.43,,,,19.84,,4.38
1991-11-28,21.38,19.98,,,,,,,,4.38
1991-11-29,21.48,20.08,7.38,5.38,,,,20.26,,4.86
1991-11-30,,,,,,,,,,4.86
1991-12-01,,,,,,,,,,4.86
1991-12-02,21.1,19.6,7.32,5.33,,,,20.18,,5.0
1991-12-03,20.61,19.2,7.28,5.29,,,,19.7,,4.86
1991-12-04,20.75,19.18,7.17,5.22,,,,19.54,,4.71
1991-12-05,20.42,19.15,7.21,5.22,,,,20.19,,4.72
1991-12-06,19.87,19.05,7.26,5.19,,,,19.04,,4.52
1991-12-07,,,,,,,,,,4.52
1991-12-08,,,,,,,,,,4.52
1991-12-09,19.39,18.25,7.22,5.09,,,,19.74,,4.52
1991-12-10,19.24,18.1,7.21,5.07,,,,19.89,,4.4
1991-12-11,19.54,18.28,7.22,5.04,,,,20.57,,4.59
1991-12-12,19.94,18.58,7.19,5.06,,,,19.08,,4.57
1991-12-13,20.09,19.05,7.22,5.09,,,,17.88,,4.42
1991-12-14,,,,,,,,,,4.42
1991-12-15,,,,,,,,,,4.42
1991-12-16,19.78,18.55,7.21,5.06,,,,17.62,,4.65
1991-12-17,19.45,18.13,7.18,5.02,,,,18.12,,4.5
1991-12-18,19.39,18.15,7.19,5.11,,,,17.78,,4.47
1991-12-19,19.12,18.15,7.11,5.05,,,,17.96,,4.6
1991-12-20,18.28,18.55,6.97,4.8,,,,17.65,,4.11
1991-12-21,,,,,,,,,,4.11
1991-12-22,,,,,,,,,,4.11
1991-12-23,18.58,17.6,6.88,4.79,,,,16.61,,4.26
1991-12-24,18.68,17.78,6.88,4.84,,,,15.67,,4.19
1991-12-25,,,,,,,,,,4.19
1991-12-26,18.63,17.78,6.85,4.85,,,,15.44,,4.59
1991-12-27,18.82,17.75,6.82,4.85,,,,15.7,,4.14
1991-12-28,,,,,,,,,,4.14
1991-12-29,,,,,,,,,,4.14
1991-12-30,18.63,18.0,6.76,4.8,,,,17.63,,4.12
1991-12-31,19.15,17.75,6.71,4.77,,,,19.31,,4.09
1992-01-01,,,,,,,,,,4.09
1992-01-02,19.43,18.45,6.78,4.77,,,,18.95,,4.61
1992-01-03,19.22,18.5,6.85,4.8,,,,18.75,,4.06
1992-01-04,,,,,,,,,,4.06
1992-01-05,,,,,,,,,,4.06
1992-01-06,19.24,18.75,6.82,4.76,,,,18.96,,4.04
1992-01-07,18.72,18.4,6.76,4.67,,,,19.23,,3.67
1992-01-08,17.95,17.3,6.77,4.66,,,,18.72,,4.83
1992-01-09,17.89,17.18,6.79,4.77,,,,18.96,,4.22
1992-01-10,18.26,17.23,6.85,4.85,,,,18.45,,3.96
1992-01-11,,,,,,,,,,3.96
1992-01-12,,,,,,,,,,3.96
1992-01-13,18.77,18.08,6.92,4.93,,,,18.01,,3.98
1992-01-14,18.4,18.23,7.03,5.0,,,,17.01,,3.95
1992-01-15,18.83,18.38,7.05,5.07,,,,17.39,,4.04
1992-01-16,18.94,18.68,7.13,5.07,,,,17.64,,3.94
1992-01-17,19.11,18.48,7.09,5.02,,,,16.32,,3.56
1992-01-18,,,,,,,,,,3.56
1992-01-19,,,,,,,,,,3.56
1992-01-20,18.92,18.45,,,,,,16.42,,3.56
1992-01-21,18.5,17.85,7.03,4.97,,,,17.92,,4.11
1992-01-22,18.73,17.83,7.09,4.95,,,,16.75,,4.82
1992-01-23,18.38,18.1,7.2,5.02,,,,16.46,,4.15
1992-01-24,18.75,18.33,7.25,5.13,,,,16.24,,3.96
1992-01-25,,,,,,,,,,3.96
1992-01-26,,,,,,,,,,3.96
1992-01-27,19.35,18.55,7.24,5.15,,,,16.67,,4.08
1992-01-28,19.09,18.43,7.16,5.1,,,,17.67,,4.0
1992-01-29,18.92,18.15,7.25,5.15,,,,17.62,,3.93
1992-01-30,18.95,18.1,7.31,5.17,,,,17.49,,4.02
1992-01-31,18.93,18.15,7.31,5.11,,,,17.4,,4.4
1992-02-01,,,,,,,,,,4.4
1992-02-02,,,,,,,,,,4.4
1992-02-03,18.97,18.35,7.36,5.15,,,,18.2,,4.0
1992-02-04,19.26,18.4,7.29,5.12,,,,17.96,,3.83
1992-02-05,19.5,18.48,7.21,5.07,,,,18.22,,4.17
1992-02-06,19.48,18.53,7.2,5.05,,,,18.79,,4.1
1992-02-07,19.91,18.58,7.2,4.97,,,,18.51,,3.89
1992-02-08,,,,,,,,,,3.89
1992-02-09,,,,,,,,,,3.89
1992-02-10,19.69,18.95,7.21,4.94,,,,18.56,,3.95
1992-02-11,19.36,18.48,7.23,5.01,,,,17.7,,3.91
1992-02-12,19.29,18.33,7.3,5.08,,,,17.37,,3.9
1992-02-13,19.7,18.53,7.4,5.22,,,,17.45,,4.0
1992-02-14,19.42,18.63,7.41,5.27,,,,17.03,,4.0
1992-02-15,,,,,,,,,,4.0
1992-02-16,,,,,,,,,,4.0
1992-02-17,19.42,17.65,,,,,,,,4.0
1992-02-18,18.14,17.7,7.47,5.24,,,,18.22,,4.81
1992-02-19,18.42,17.5,7.42,5.28,,,,17.16,,4.57
1992-02-20,18.52,17.85,7.41,5.3,,,,16.72,,4.1
1992-02-21,18.6,18.0,7.45,5.46,,,,16.87,,3.9
1992-02-22,,,,,,,,,,3.9
1992-02-23,,,,,,,,,,3.9
1992-02-24,18.37,17.4,7.47,5.46,,,,17.13,,4.04
1992-02-25,18.3,17.43,7.44,5.43,,,,16.35,,3.97
1992-02-26,18.44,17.28,7.33,5.37,,,,16.64,,3.93
1992-02-27,18.77,17.55,7.35,5.34,,,,16.51,,3.96
1992-02-28,18.69,17.45,7.27,5.27,,,,16.68,,4.13
1992-02-29,,,,,,,,,,4.13
1992-03-01,,,,,,,,,,4.13
1992-03-02,18.36,17.35,7.38,5.45,,,,16.88,,4.32
1992-03-03,18.67,17.05,7.43,5.48,,,,17.26,,4.02
1992-03-04,18.62,17.28,7.43,5.5,,,,17.89,,3.86
1992-03-05,18.58,17.43,7.51,5.62,,,,18.47,,4.08
1992-03-06,18.53,17.3,7.48,5.6,,,,19.75,,3.95
1992-03-07,,,,,,,,,,3.95
1992-03-08,,,,,,,,,,3.95
1992-03-09,18.65,17.35,7.42,5.54,,,,19.68,,4.0
1992-03-10,18.62,17.35,7.43,5.56,,,,18.68,,3.87
1992-03-11,18.5,17.2,7.51,5.58,,,,19.79,,3.83
1992-03-12,18.86,17.35,7.62,5.74,,,,19.72,,3.94
1992-03-13,19.16,17.73,7.71,5.86,,,,18.35,,3.85
1992-03-14,,,,,,,,,,3.85
1992-03-15,,,,,,,,,,3.85
1992-03-16,19.15,17.73,7.69,5.87,,,,18.46,,4.28
1992-03-17,19.27,17.88,7.62,5.83,,,,16.79,,4.14
1992-03-18,19.05,17.65,7.62,5.84,,,,16.69,,4.4
1992-03-19,19.27,17.65,7.57,5.79,,,,16.52,,4.09
1992-03-20,18.78,17.75,7.64,5.86,,,,16.82,,3.9
1992-03-21,,,,,,,,,,3.9
1992-03-22,,,,,,,,,,3.9
1992-03-23,18.91,17.58,7.62,5.87,,,,16.73,,3.98
1992-03-24,19.06,17.65,7.53,5.78,,,,16.32,,3.86
1992-03-25,19.0,17.7,7.53,5.72,,,,16.19,,3.95
1992-03-26,19.31,17.98,7.57,5.69,,,,16.29,,4.07
1992-03-27,19.19,17.85,7.54,5.68,,,,16.02,,3.85
1992-03-28,,,,,,,,,,3.85
1992-03-29,,,,,,,,,,3.85
1992-03-30,19.25,17.98,7.54,5.61,,,,15.97,,3.94
1992-03-31,19.49,19.09,7.54,5.6,,,,16.18,,4.07
1992-04-01,19.85,18.38,7.46,5.53,,,,16.48,,4.98
1992-04-02,19.79,18.53,7.47,5.55,,,,17.06,,4.15
1992-04-03,20.25,18.63,7.42,5.37,,,,16.72,,3.97
1992-04-04,,,,,,,,,,3.97
1992-04-05,,,,,,,,,,3.97
1992-04-06,20.44,18.93,7.41,5.36,,,,16.72,,3.99
1992-04-07,20.29,18.93,7.41,5.34,,,,18.81,,3.92
1992-04-08,20.64,19.18,7.44,5.33,,,,20.15,,3.87
1992-04-09,20.33,18.95,7.35,5.09,,,,17.89,,3.76
1992-04-10,20.45,19.05,7.37,5.16,,,,16.85,,3.44
1992-04-11,,,,,,,,,,3.44
1992-04-12,,,,,,,,,,3.44
1992-04-13,20.24,19.03,7.33,5.11,,,,16.99,,3.74
1992-04-14,19.81,18.85,7.35,5.15,,,,15.98,,3.68
1992-04-15,19.93,18.6,7.37,5.22,,,,15.15,,4.02
1992-04-16,20.25,18.95,7.45,5.34,,,,14.85,,3.78
1992-04-17,,,,,,,,,,3.08
1992-04-18,,,,,,,,,,3.08
1992-04-19,,,,,,,,,,3.08
1992-04-20,20.26,18.95,7.59,5.45,,,,15.93,,3.75
1992-04-21,20.17,19.0,7.58,5.41,,,,16.53,,3.83
1992-04-22,19.92,18.73,7.57,5.41,,,,15.96,,3.72
1992-04-23,19.91,18.7,7.59,5.41,,,,15.83,,3.68
1992-04-24,20.05,18.9,7.55,5.33,,,,15.71,,3.63
1992-04-25,,,,,,,,,,3.63
1992-04-26,,,,,,,,,,3.63
1992-04-27,20.31,18.9,7.6,5.42,,,,16.49,,3.84
1992-04-28,20.29,19.18,7.57,5.4,,,,16.24,,3.5
1992-04-29,20.77,19.28,7.6,5.39,,,,15.95,,3.62
1992-04-30,20.88,19.65,7.61,5.46,,,,15.53,,3.85
1992-05-01,20.88,19.83,7.56,5.33,,,,16.61,,3.75
1992-05-02,,,,,,,,,,3.75
1992-05-03,,,,,,,,,,3.75
1992-05-04,21.13,19.88,7.58,5.32,,,,16.92,,3.8
1992-05-05,20.78,19.98,7.56,5.3,,,,16.66,,3.77
1992-05-06,20.79,19.68,7.46,5.25,,,,16.81,,3.71
1992-05-07,20.73,19.65,7.49,5.34,,,,16.54,,3.74
1992-05-08,20.85,19.63,7.41,5.29,,,,15.65,,3.71
1992-05-09,,,,,,,,,,3.71
1992-05-10,,,,,,,,,,3.71
1992-05-11,21.02,19.73,7.4,5.24,,,,15.17,,3.88
1992-05-12,20.98,19.8,7.36,5.19,,,,15.68,,3.75
1992-05-13,20.75,19.95,7.34,5.14,,,,15.19,,4.37
1992-05-14,20.56,19.75,7.34,5.13,,,,15.49,,3.93
1992-05-15,20.7,19.7,7.28,5.11,,,,14.82,,3.96
1992-05-16,,,,,,,,,,3.96
1992-05-17,,,,,,,,,,3.96
1992-05-18,20.54,19.7,7.28,5.12,,,,14.62,,3.88
1992-05-19,20.12,19.3,7.2,5.0,,,,13.57,,3.8
1992-05-20,20.2,19.28,7.25,5.13,,,,13.62,,3.75
1992-05-21,20.79,19.6,7.39,5.34,,,,13.92,,3.85
1992-05-22,20.79,19.58,7.35,5.24,,,,13.73,,3.74
1992-05-23,,,,,,,,,,3.74
1992-05-24,,,,,,,,,,3.74
1992-05-25,,,,,,,,,,3.74
1992-05-26,21.8,20.5,7.46,5.35,,,,14.92,,4.02
1992-05-27,22.0,20.8,7.44,5.28,,,,13.99,,3.78
1992-05-28,21.97,20.73,7.36,5.22,,,,13.77,,3.87
1992-05-29,22.13,20.7,7.33,5.19,,,,13.86,,3.8
1992-05-30,,,,,,,,,,3.8
1992-05-31,,,,,,,,,,3.8
1992-06-01,22.07,20.9,7.39,5.29,,,,14.43,,3.96
1992-06-02,22.2,20.85,7.35,5.23,,,,14.57,,3.89
1992-06-03,22.45,21.23,7.34,5.2,,,,14.35,,3.82
1992-06-04,22.53,21.08,7.34,5.22,,,,13.66,,3.78
1992-06-05,22.65,21.35,7.31,5.13,,,,14.65,,3.61
1992-06-06,,,,,,,,,,3.61
1992-06-07,,,,,,,,,,3.61
1992-06-08,22.43,21.25,7.31,5.11,,,,15.19,,3.72
1992-06-09,22.23,21.13,7.33,5.11,,,,15.97,,3.57
1992-06-10,22.49,21.05,7.35,5.13,,,,16.62,,3.96
1992-06-11,22.33,21.33,7.33,5.09,,,,16.29,,3.8
1992-06-12,22.28,21.28,7.29,5.06,,,,14.95,,3.65
1992-06-13,,,,,,,,,,3.65
1992-06-14,,,,,,,,,,3.65
1992-06-15,22.38,21.3,7.28,5.05,,,,14.76,,3.88
1992-06-16,22.23,21.13,7.24,5.02,,,,15.22,,3.74
1992-06-17,22.3,21.03,7.23,5.0,,,,18.08,,3.72
1992-06-18,22.23,21.23,7.19,4.94,,,,18.2,,3.71
1992-06-19,22.16,21.13,7.24,5.0,,,,16.31,,3.66
1992-06-20,,,,,,,,,,3.66
1992-06-21,,,,,,,,,,3.66
1992-06-22,22.47,20.83,7.24,4.99,,,,16.66,,3.85
1992-06-23,22.74,21.35,7.25,5.1,,,,14.53,,3.7
1992-06-24,23.03,21.55,7.2,4.96,,,,14.4,,3.81
1992-06-25,22.73,21.5,7.14,4.89,,,,14.4,,3.87
1992-06-26,22.42,21.3,7.15,4.88,,,,14.67,,3.67
1992-06-27,,,,,,,,,,3.67
1992-06-28,,,,,,,,,,3.67
1992-06-29,22.27,21.08,7.12,4.83,,,,13.21,,3.8
1992-06-30,21.84,20.6,7.14,4.83,,,,13.35,,4.53
1992-07-01,21.9,20.25,7.1,4.82,,,,13.34,,3.89
1992-07-02,22.08,20.53,6.93,4.55,,,,13.88,,3.46
1992-07-03,22.08,20.65,,,,,,,,2.84
1992-07-04,,,,,,,,,,2.84
1992-07-05,,,,,,,,,,2.84
1992-07-06,21.87,20.45,6.9,4.46,,,,14.87,,3.15
1992-07-07,21.51,19.8,6.87,4.4,,,,15.83,,3.35
1992-07-08,21.38,19.7,6.91,4.4,,,,15.53,,4.19
1992-07-09,21.38,19.78,6.91,4.4,,,,14.6,,3.46
1992-07-10,21.25,20.0,6.93,4.38,,,,13.7,,3.2
1992-07-11,,,,,,,,,,3.2
1992-07-12,,,,,,,,,,3.2
1992-07-13,21.38,19.83,6.97,4.4,,,,14.01,,3.28
1992-07-14,21.42,19.98,6.97,4.32,,,,13.5,,3.25
1992-07-15,21.73,19.85,6.9,4.25,,,,12.52,,3.38
1992-07-16,21.8,20.23,6.87,4.25,,,,12.27,,3.32
1992-07-17,21.56,20.2,6.9,4.27,,,,12.6,,3.12
1992-07-18,,,,,,,,,,3.12
1992-07-19,,,,,,,,,,3.12
1992-07-20,21.78,19.95,6.9,4.3,,,,12.66,,3.32
1992-07-21,21.91,20.03,6.89,4.34,,,,12.6,,3.15
1992-07-22,21.99,20.23,6.85,4.29,,,,13.57,,3.4
1992-07-23,22.11,20.48,6.72,4.2,,,,13.33,,3.29
1992-07-24,21.95,20.6,6.73,4.25,,,,13.37,,3.08
1992-07-25,,,,,,,,,,3.08
1992-07-26,,,,,,,,,,3.08
1992-07-27,22.09,20.58,6.69,4.27,,,,13.9,,3.29
1992-07-28,22.03,20.78,6.63,4.27,,,,13.05,,3.27
1992-07-29,21.98,20.68,6.6,4.25,,,,13.44,,3.15
1992-07-30,21.82,20.48,6.69,4.33,,,,13.5,,3.17
1992-07-31,21.83,20.38,6.72,4.42,,,,13.17,,3.37
1992-08-01,,,,,,,,,,3.37
1992-08-02,,,,,,,,,,3.37
1992-08-03,21.6,20.33,6.72,4.4,,,,13.83,,3.37
1992-08-04,21.23,19.85,6.66,4.31,,,,13.58,,3.28
1992-08-05,21.18,19.68,6.64,4.29,,,,13.82,,3.35
1992-08-06,21.41,19.78,6.65,4.29,,,,14.23,,3.34
1992-08-07,21.27,19.75,6.57,4.18,,,,13.94,,3.2
1992-08-08,,,,,,,,,,3.2
1992-08-09,,,,,,,,,,3.2
1992-08-10,21.12,19.55,6.52,4.12,,,,14.51,,3.32
1992-08-11,21.0,19.48,6.5,4.15,,,,15.09,,3.23
1992-08-12,21.13,19.65,6.48,4.19,,,,14.88,,3.22
1992-08-13,21.35,19.83,6.55,4.19,,,,15.34,,3.3
1992-08-14,21.31,19.88,6.53,4.14,,,,14.66,,3.22
1992-08-15,,,,,,,,,,3.22
1992-08-16,,,,,,,,,,3.22
1992-08-17,21.47,19.95,6.56,4.13,,,,14.61,,3.54
1992-08-18,21.54,19.9,6.48,4.04,,,,13.84,,3.26
1992-08-19,21.33,19.8,6.47,4.06,,,,14.35,,3.56
1992-08-20,21.4,19.63,6.46,4.04,,,,14.48,,3.37
1992-08-21,21.19,19.68,6.53,4.13,,,,15.01,,3.2
1992-08-22,,,,,,,,,,3.2
1992-08-23,,,,,,,,,,3.2
1992-08-24,21.85,19.65,6.68,4.27,,,,16.19,,3.35
1992-08-25,21.6,19.68,6.73,4.32,,,,15.62,,3.29
1992-08-26,21.24,19.63,6.68,4.26,,,,14.5,,3.31
1992-08-27,21.14,19.5,6.64,4.23,,,,13.66,,3.36
1992-08-28,21.3,19.65,6.63,4.16,,,,13.14,,3.28
1992-08-29,,,,,,,,,,3.28
1992-08-30,,,,,,,,,,3.28
1992-08-31,21.46,19.65,6.62,4.15,,,,13.58,,3.51
1992-09-01,21.72,19.88,6.56,4.12,,,,13.4,,3.39
1992-09-02,21.65,20.0,6.54,4.1,,,,12.73,,3.21
1992-09-03,21.69,19.95,6.54,4.09,,,,12.88,,3.33
1992-09-04,21.77,20.03,6.4,3.89,,,,12.98,,3.02
1992-09-05,,,,,,,,,,3.02
1992-09-06,,,,,,,,,,3.02
1992-09-07,21.77,20.13,,,,,,,,3.02
1992-09-08,21.98,20.3,6.29,3.83,,,,13.65,,3.13
1992-09-09,22.0,20.33,6.31,3.85,,,,13.36,,3.08
1992-09-10,21.93,20.3,6.31,3.83,,,,12.92,,3.06
1992-09-11,22.0,20.35,6.37,3.87,,,,12.47,,3.01
1992-09-12,,,,,,,,,,3.01
1992-09-13,,,,,,,,,,3.01
1992-09-14,22.35,20.68,6.32,3.8,,,,13.0,,3.22
1992-09-15,22.13,20.5,6.4,3.89,,,,13.63,,3.2
1992-09-16,22.39,20.43,6.41,3.87,,,,14.72,,4.48
1992-09-17,22.23,20.35,6.4,3.86,,,,14.31,,3.22
1992-09-18,21.96,20.3,6.41,3.86,,,,13.74,,3.02
1992-09-19,,,,,,,,,,3.02
1992-09-20,,,,,,,,,,3.02
1992-09-21,21.91,20.15,6.42,3.91,,,,13.45,,3.1
1992-09-22,21.78,20.33,6.5,3.98,,,,13.88,,3.04
1992-09-23,21.78,20.53,6.54,3.97,,,,13.83,,3.06
1992-09-24,21.57,20.43,6.48,3.91,,,,13.44,,3.15
1992-09-25,21.51,20.33,6.41,3.78,,,,14.8,,3.19
1992-09-26,,,,,,,,,,3.19
1992-09-27,,,,,,,,,,3.19
1992-09-28,21.78,20.28,6.37,3.77,,,,15.19,,3.45
1992-09-29,21.66,20.18,6.37,3.8,,,,14.97,,3.26
1992-09-30,21.83,20.18,6.37,3.8,,,,14.28,,4.47
1992-10-01,21.83,20.28,6.23,3.67,,,,16.31,,3.58
1992-10-02,21.93,20.4,6.26,3.71,,,,17.79,,3.15
1992-10-03,,,,,,,,,,3.15
1992-10-04,,,,,,,,,,3.15
1992-10-05,21.76,20.2,6.24,3.68,,,,20.01,,3.22
1992-10-06,21.85,20.23,6.3,3.74,,,,19.95,,3.1
1992-10-07,21.89,20.28,6.46,3.88,,,,21.02,,3.06
1992-10-08,21.99,20.48,6.41,3.83,,,,19.26,,3.04
1992-10-09,21.99,20.48,6.52,4.0,,,,20.51,,2.97
1992-10-10,,,,,,,,,,2.97
1992-10-11,,,,,,,,,,2.97
1992-10-12,22.28,20.8,,,,,,19.49,,2.97
1992-10-13,22.12,20.83,6.51,3.99,,,,17.9,,3.53
1992-10-14,22.16,20.68,6.51,4.02,,,,18.42,,3.96
1992-10-15,22.37,20.73,6.53,4.02,,,,17.11,,3.4
1992-10-16,22.31,20.78,6.6,4.04,,,,17.01,,2.99
1992-10-17,,,,,,,,,,2.99
1992-10-18,,,,,,,,,,2.99
1992-10-19,22.18,20.73,6.69,4.15,,,,17.31,,3.05
1992-10-20,21.88,20.68,6.86,4.34,,,,16.87,,2.97
1992-10-21,21.49,20.28,6.8,4.29,,,,16.62,,2.95
1992-10-22,21.22,20.13,6.74,4.24,,,,15.84,,2.96
1992-10-23,21.11,20.03,6.83,4.37,,,,16.46,,2.9
1992-10-24,,,,,,,,,,2.9
1992-10-25,,,,,,,,,,2.9
1992-10-26,21.14,19.78,6.83,4.39,,,,16.32,,3.12
1992-10-27,21.03,19.78,6.78,4.32,,,,16.24,,2.91
1992-10-28,21.17,19.65,6.76,4.33,,,,15.95,,3.06
1992-10-29,20.71,19.4,6.71,4.33,,,,15.47,,3.08
1992-10-30,20.68,19.13,6.8,4.4,,,,16.15,,3.04
1992-10-31,,,,,,,,,,3.04
1992-11-01,,,,,,,,,,3.04
1992-11-02,20.77,19.25,6.88,4.47,,,,16.67,,3.21
1992-11-03,20.6,19.35,6.87,4.44,,,,17.33,,3.09
1992-11-04,20.33,19.03,6.89,4.44,,,,16.28,,2.98
1992-11-05,20.62,19.2,6.87,4.39,,,,15.38,,2.92
1992-11-06,20.26,19.13,6.97,4.48,,,,14.69,,2.86
1992-11-07,,,,,,,,,,2.86
1992-11-08,,,,,,,,,,2.86
1992-11-09,20.63,19.1,7.0,4.57,,,,14.23,,2.98
1992-11-10,20.54,19.53,6.91,4.5,,,,14.37,,2.93
1992-11-11,20.46,19.4,,,,,,13.99,,2.93
1992-11-12,20.19,19.18,6.79,4.44,,,,14.37,,3.04
1992-11-13,20.04,19.05,6.82,4.54,,,,14.61,,2.85
1992-11-14,,,,,,,,,,2.85
1992-11-15,,,,,,,,,,2.85
1992-11-16,20.37,19.2,6.9,4.68,,,,14.86,,3.28
1992-11-17,20.32,19.15,6.86,4.67,,,,15.01,,3.06
1992-11-18,20.21,19.1,6.78,4.58,,,,14.55,,2.89
1992-11-19,20.5,19.48,6.81,4.59,,,,14.33,,2.94
1992-11-20,20.37,19.48,6.84,4.66,,,,13.67,,2.9
1992-11-21,,,,,,,,,,2.9
1992-11-22,,,,,,,,,,2.9
1992-11-23,20.01,19.15,6.86,4.69,,,,13.4,,2.89
1992-11-24,20.06,19.18,6.82,4.61,,,,12.66,,2.58
1992-11-25,20.29,19.28,6.84,4.7,,,,12.5,,4.6
1992-11-26,,18.93,,,,,,,,4.6
1992-11-27,20.29,19.08,6.93,4.77,,,,12.58,,3.13
1992-11-28,,,,,,,,,,3.13
1992-11-29,,,,,,,,,,3.13
1992-11-30,19.91,19.25,6.95,4.79,,,,13.01,,3.45
1992-12-01,19.56,18.65,6.94,4.81,,,,12.8,,3.17
1992-12-02,19.38,18.38,6.93,4.81,,,,12.56,,2.99
1992-12-03,19.08,18.2,6.91,4.78,,,,12.03,,3.0
1992-12-04,18.95,18.35,6.84,4.7,,,,11.81,,2.86
1992-12-05,,,,,,,,,,2.86
1992-12-06,,,,,,,,,,2.86
1992-12-07,19.17,18.25,6.78,4.62,,,,12.0,,2.92
1992-12-08,18.69,18.08,6.73,4.59,,,,11.73,,2.77
1992-12-09,18.86,17.8,6.76,4.61,,,,12.58,,3.3
1992-12-10,19.26,18.28,6.77,4.67,,,,12.75,,3.08
1992-12-11,19.09,18.2,6.8,4.78,,,,12.34,,2.76
1992-12-12,,,,,,,,,,2.76
1992-12-13,,,,,,,,,,2.76
1992-12-14,19.06,18.03,6.83,4.8,,,,12.66,,2.99
1992-12-15,18.94,17.8,6.83,4.77,,,,12.41,,3.17
1992-12-16,19.42,17.9,6.77,4.67,,,,12.58,,3.02
1992-12-17,19.68,18.18,6.77,4.69,,,,12.14,,2.97
1992-12-18,19.81,18.3,6.76,4.66,,,,11.66,,2.73
1992-12-19,,,,,,,,,,2.73
1992-12-20,,,,,,,,,,2.73
1992-12-21,19.92,18.33,6.71,4.64,,,,11.65,,3.06
1992-12-22,19.79,18.08,6.65,4.64,,,,11.75,,2.97
1992-12-23,19.97,18.23,6.68,4.63,,,,11.51,,3.38
1992-12-24,19.97,18.28,6.69,4.6,,,,11.57,,2.85
1992-12-25,,,,,,,,,,2.85
1992-12-26,,,,,,,,,,2.85
1992-12-27,,,,,,,,,,2.85
1992-12-28,19.77,,6.72,4.64,,,,12.22,,3.27
1992-12-29,19.62,17.93,6.69,4.61,,,,12.29,,2.74
1992-12-30,19.63,17.83,6.68,4.54,,,,12.6,,2.6
1992-12-31,19.49,17.85,6.7,4.56,,,,12.57,,2.66
1993-01-01,,,,,,,,,,2.66
1993-01-02,,,,,,,,,,2.66
1993-01-03,,,,,,,,,,2.66
1993-01-04,19.03,17.73,6.6,4.48,,,,13.36,,3.6
1993-01-05,19.13,17.48,6.61,4.48,,,,13.35,,3.33
1993-01-06,19.03,17.53,6.63,4.52,,,,13.37,,3.62
1993-01-07,18.92,17.58,6.76,4.64,,,,14.72,,3.25
1993-01-08,18.9,17.23,6.75,4.5,,,,13.77,,2.93
1993-01-09,,,,,,,,,,2.93
1993-01-10,,,,,,,,,,2.93
1993-01-11,18.78,17.28,6.71,4.48,,,,12.86,,3.06
1993-01-12,18.21,16.85,6.72,4.48,,,,12.78,,2.91
1993-01-13,18.51,16.85,6.71,4.46,,,,12.42,,2.87
1993-01-14,18.71,17.0,6.65,4.4,,,,11.99,,2.97
1993-01-15,18.89,17.28,6.6,4.31,,,,11.57,,2.96
1993-01-16,,,,,,,,,,2.96
1993-01-17,,,,,,,,,,2.96
1993-01-18,18.94,17.25,,,,,,11.49,,2.96
1993-01-19,18.4,16.98,6.59,4.39,,,,12.06,,3.35
1993-01-20,18.35,16.7,6.61,4.41,,,,12.15,,3.56
1993-01-21,18.71,16.88,6.6,4.36,,,,11.69,,3.05
1993-01-22,18.64,17.08,6.57,4.3,,,,11.3,,2.86
1993-01-23,,,,,,,,,,2.86
1993-01-24,,,,,,,,,,2.86
1993-01-25,19.51,17.58,6.48,4.26,,,,11.38,,3.06
1993-01-26,19.67,17.93,6.5,4.3,,,,11.45,,2.96
1993-01-27,19.66,17.88,6.48,4.24,,,,12.01,,2.94
1993-01-28,20.38,18.15,6.44,4.2,,,,12.04,,2.97
1993-01-29,20.27,18.48,6.39,4.2,,,,12.42,,3.02
1993-01-30,,,,,,,,,,3.02
1993-01-31,,,,,,,,,,3.02
1993-02-01,20.32,18.55,6.38,4.19,,,,12.33,,3.25
1993-02-02,20.0,18.4,6.46,4.25,,,,12.25,,3.18
1993-02-03,,,6.45,4.27,,,,12.12,,3.56
1993-02-04,20.29,18.65,6.39,4.19,,,,12.29,,3.08
1993-02-05,20.27,18.7,6.32,4.07,,,,12.9,,2.87
1993-02-06,,,,,,,,,,2.87
1993-02-07,,,,,,,,,,2.87
1993-02-08,20.07,18.55,6.37,4.16,,,,13.22,,2.94
1993-02-09,20.12,18.33,6.41,4.2,,,,13.48,,2.9
1993-02-10,20.2,18.48,6.4,4.27,,,,13.43,,2.88
1993-02-11,20.29,18.43,6.37,4.2,,,,12.69,,2.97
1993-02-12,19.96,18.48,6.35,4.2,,,,12.38,,2.95
1993-02-13,,,,,,,,,,2.95
1993-02-14,,,,,,,,,,2.95
1993-02-15,,17.98,,,,,,,,2.95
1993-02-16,19.59,18.2,6.34,4.14,,,,15.76,,3.59
1993-02-17,19.3,17.93,6.28,4.06,,,,15.9,,3.09
1993-02-18,19.44,17.83,6.17,3.95,,,,15.56,,2.98
1993-02-19,19.69,18.3,6.15,3.99,,,,15.02,,2.86
1993-02-20,,,,,,,,,,2.86
1993-02-21,,,,,,,,,,2.86
1993-02-22,20.08,18.63,6.09,3.99,,,,14.7,,2.96
1993-02-23,20.49,18.88,5.92,3.9,,,,15.04,,2.91
1993-02-24,20.28,18.88,6.01,3.97,,,,14.72,,2.91
1993-02-25,20.63,18.83,6.03,3.95,,,,13.76,,3.03
1993-02-26,20.53,18.83,6.03,3.92,,,,13.16,,3.18
1993-02-27,,,,,,,,,,3.18
1993-02-28,,,,,,,,,,3.18
1993-03-01,20.62,19.03,5.94,3.88,,,,13.6,,3.65
1993-03-02,20.48,18.83,5.95,3.88,,,,12.49,,3.19
1993-03-03,20.46,18.93,5.88,3.81,,,,13.13,,3.29
1993-03-04,21.05,19.35,5.83,3.75,,,,13.44,,3.1
1993-03-05,20.85,19.6,5.9,3.91,,,,14.08,,3.02
1993-03-06,,,,,,,,,,3.02
1993-03-07,,,,,,,,,,3.02
1993-03-08,20.63,19.28,5.85,3.97,,,,16.22,,3.06
1993-03-09,20.71,19.23,5.91,4.02,,,,14.17,,2.98
1993-03-10,20.42,19.08,5.97,4.05,,,,13.91,,2.96
1993-03-11,20.12,18.7,5.96,4.01,,,,14.26,,3.0
1993-03-12,20.38,18.83,6.11,4.11,,,,15.66,,2.93
1993-03-13,,,,,,,,,,2.93
1993-03-14,,,,,,,,,,2.93
1993-03-15,20.18,18.88,6.17,4.1,,,,14.74,,3.16
1993-03-16,20.04,18.55,6.06,4.02,,,,14.51,,2.72
1993-03-17,20.14,18.6,6.02,3.98,,,,14.53,,3.58
1993-03-18,20.29,18.7,5.93,3.91,,,,14.17,,3.03
1993-03-19,20.05,18.58,5.95,3.95,,,,13.23,,2.88
1993-03-20,,,,,,,,,,2.88
1993-03-21,,,,,,,,,,2.88
1993-03-22,19.52,18.18,5.96,3.92,,,,13.66,,2.99
1993-03-23,19.98,18.23,5.91,3.88,,,,13.02,,2.93
1993-03-24,19.97,18.53,5.95,3.93,,,,12.44,,2.92
1993-03-25,20.12,18.6,5.98,3.92,,,,12.08,,3.05
1993-03-26,20.42,18.55,6.09,4.02,,,,12.21,,3.04
1993-03-27,,,,,,,,,,3.04
1993-03-28,,,,,,,,,,3.04
1993-03-29,20.27,18.65,6.06,3.95,,,,12.63,,3.34
1993-03-30,20.27,18.45,6.02,3.91,,,,12.23,,2.91
1993-03-31,20.44,18.7,6.03,3.96,,,,12.53,,3.83
1993-04-01,20.54,18.98,6.06,3.94,,,,13.02,,3.31
1993-04-02,20.67,18.88,6.16,3.99,,,,14.5,,3.13
1993-04-03,,,,,,,,,,3.13
1993-04-04,,,,,,,,,,3.13
1993-04-05,20.59,18.95,6.13,3.96,,,,14.12,,3.15
1993-04-06,20.33,18.65,6.08,3.93,,,,14.24,,2.97
1993-04-07,20.35,18.7,6.07,3.93,,,,13.64,,2.93
1993-04-08,20.22,18.53,5.97,3.85,,,,12.83,,2.94
1993-04-09,,,,,,,,,,2.82
1993-04-10,,,,,,,,,,2.82
1993-04-11,,,,,,,,,,2.82
1993-04-12,20.43,,5.92,3.82,,,,11.93,,3.11
1993-04-13,20.28,18.8,5.93,3.82,,,,11.7,,2.98
1993-04-14,20.38,18.73,5.9,3.78,,,,11.76,,3.03
1993-04-15,20.21,18.63,5.88,3.79,,,,10.96,,3.15
1993-04-16,20.09,18.5,5.89,3.8,,,,11.29,,2.84
1993-04-17,,,,,,,,,,2.84
1993-04-18,,,,,,,,,,2.84
1993-04-19,19.99,18.48,5.87,3.78,,,,12.06,,2.94
1993-04-20,20.05,18.53,5.87,3.78,,,,11.94,,2.84
1993-04-21,19.99,18.68,5.86,3.77,,,,12.11,,2.95
1993-04-22,19.79,18.48,5.85,3.75,,,,12.68,,2.97
1993-04-23,19.93,18.63,5.89,3.75,,,,13.36,,2.85
1993-04-24,,,,,,,,,,2.85
1993-04-25,,,,,,,,,,2.85
1993-04-26,19.83,18.63,5.94,3.79,,,,15.25,,2.99
1993-04-27,20.21,18.58,6.02,3.88,,,,13.93,,2.72
1993-04-28,,18.48,6.03,3.86,,,,13.12,,2.88
1993-04-29,20.63,18.8,5.99,3.79,,,,12.8,,2.94
1993-04-30,20.54,18.85,6.05,3.83,,,,12.42,,3.01
1993-05-01,,,,,,,,,,3.01
1993-05-02,,,,,,,,,,3.01
1993-05-03,20.58,,5.96,3.75,,,,12.9,,3.03
1993-05-04,20.4,18.9,5.92,3.75,,,,12.14,,2.94
1993-05-05,20.46,18.85,5.93,3.8,,,,12.38,,2.9
1993-05-06,20.49,19.13,5.89,3.8,,,,13.22,,2.88
1993-05-07,20.43,18.98,5.92,3.79,,,,13.01,,2.83
1993-05-08,,,,,,,,,,2.83
1993-05-09,,,,,,,,,,2.83
1993-05-10,20.42,18.98,5.89,3.79,,,,13.72,,2.99
1993-05-11,20.38,18.83,5.89,3.79,,,,13.35,,2.98
1993-05-12,20.19,18.9,5.96,3.82,,,,13.56,,2.95
1993-05-13,19.8,18.7,6.02,3.91,,,,14.76,,2.97
1993-05-14,19.51,18.4,6.03,3.97,,,,14.39,,2.94
1993-05-15,,,,,,,,,,2.94
1993-05-16,,,,,,,,,,2.94
1993-05-17,19.51,18.28,6.07,4.05,,,,14.13,,3.34
1993-05-18,19.32,18.18,6.15,4.08,,,,14.19,,2.97
1993-05-19,19.15,18.13,6.11,4.03,,,,14.29,,2.94
1993-05-20,19.56,18.1,6.09,4.03,,,,13.98,,2.97
1993-05-21,19.6,18.05,6.16,4.14,,,,14.51,,2.96
1993-05-22,,,,,,,,,,2.96
1993-05-23,,,,,,,,,,2.96
1993-05-24,19.43,18.15,6.16,4.19,,,,14.1,,3.15
1993-05-25,19.75,18.15,6.17,4.19,,,,14.04,,3.21
1993-05-26,19.92,18.08,6.12,4.2,,,,12.88,,3.26
1993-05-27,20.05,18.43,6.11,4.22,,,,13.1,,3.11
1993-05-28,20.04,18.43,6.16,4.24,,,,13.47,,3.02
1993-05-29,,,,,,,,,,3.02
1993-05-30,,,,,,,,,,3.02
1993-05-31,,,,,,,,,,3.02
1993-06-01,20.2,18.48,6.07,4.16,,,,13.67,,3.33
1993-06-02,20.05,18.48,6.06,4.18,,,,13.48,,3.12
1993-06-03,19.77,18.15,6.02,4.14,,,,13.54,,3.03
1993-06-04,19.79,18.25,6.11,4.31,,,,12.86,,2.98
1993-06-05,,,,,,,,,,2.98
1993-06-06,,,,,,,,,,2.98
1993-06-07,19.6,18.0,6.08,4.3,,,,14.07,,3.14
1993-06-08,19.65,18.23,6.09,4.33,,,,14.74,,2.72
1993-06-09,19.66,18.23,6.07,4.29,,,,13.96,,2.92
1993-06-10,19.27,18.2,6.07,4.29,,,,13.31,,3.01
1993-06-11,18.99,17.63,5.97,4.15,,,,12.71,,2.93
1993-06-12,,,,,,,,,,2.93
1993-06-13,,,,,,,,,,2.93
1993-06-14,18.9,17.58,5.97,4.13,,,,12.33,,3.06
1993-06-15,18.6,17.3,5.96,4.11,,,,11.99,,3.14
1993-06-16,18.87,17.33,5.96,4.09,,,,11.87,,3.04
1993-06-17,18.7,17.23,5.93,4.08,,,,11.66,,3.02
1993-06-18,18.71,17.13,5.97,4.16,,,,12.24,,2.91
1993-06-19,,,,,,,,,,2.91
1993-06-20,,,,,,,,,,2.91
1993-06-21,18.63,17.18,5.92,4.16,,,,12.25,,3.03
1993-06-22,18.35,17.18,5.91,4.15,,,,11.65,,2.98
1993-06-23,18.44,17.18,5.91,4.2,,,,12.04,,3.24
1993-06-24,18.36,17.23,5.88,4.15,,,,12.25,,3.02
1993-06-25,18.83,17.23,5.84,4.1,,,,11.25,,2.96
1993-06-26,,,,,,,,,,2.96
1993-06-27,,,,,,,,,,2.96
1993-06-28,18.89,17.23,5.8,4.06,,,,11.11,,3.08
1993-06-29,18.99,17.48,5.79,4.03,,,,11.29,,3.0
1993-06-30,18.82,17.43,5.8,4.03,,,,11.26,,3.92
1993-07-01,18.44,16.98,5.8,3.99,,,,11.51,,3.27
1993-07-02,17.93,16.63,5.76,3.93,,,,11.33,,2.96
1993-07-03,,,,,,,,,,2.96
1993-07-04,,,,,,,,,,2.96
1993-07-05,,16.88,,,,,,,,2.96
1993-07-06,18.29,17.13,5.8,4.0,,,,13.87,,3.19
1993-07-07,18.06,16.9,5.8,4.0,,,,13.05,,3.39
1993-07-08,17.79,16.55,5.78,4.0,,,,12.24,,3.09
1993-07-09,17.92,16.53,5.76,3.98,,,,10.8,,2.96
1993-07-10,,,,,,,,,,2.96
1993-07-11,,,,,,,,,,2.96
1993-07-12,18.12,16.78,5.75,3.99,,,,10.85,,3.12
1993-07-13,18.05,16.95,5.78,4.04,,,,11.02,,2.99
1993-07-14,17.43,16.5,5.72,3.97,,,,10.78,,2.97
1993-07-15,17.73,16.48,5.72,3.99,,,,10.6,,3.13
1993-07-16,17.29,16.6,5.71,3.99,,,,10.96,,2.97
1993-07-17,,,,,,,,,,2.97
1993-07-18,,,,,,,,,,2.97
1993-07-19,17.68,16.58,5.71,3.99,,,,11.46,,3.13
1993-07-20,17.2,16.58,5.75,4.09,,,,11.05,,3.08
1993-07-21,17.6,16.73,5.83,4.15,,,,11.97,,3.36
1993-07-22,17.57,16.65,5.9,4.22,,,,11.69,,3.12
1993-07-23,17.67,16.85,5.95,4.25,,,,11.32,,2.99
1993-07-24,,,,,,,,,,2.99
1993-07-25,,,,,,,,,,2.99
1993-07-26,18.11,16.85,5.93,4.22,,,,11.32,,3.11
1993-07-27,18.5,16.85,5.92,4.25,,,,11.34,,3.01
1993-07-28,18.25,17.13,5.9,4.21,,,,11.37,,2.98
1993-07-29,18.12,17.08,5.81,4.12,,,,11.25,,3.04
1993-07-30,17.94,16.85,5.83,4.13,,,,11.73,,3.07
1993-07-31,,,,,,,,,,3.07
1993-08-01,,,,,,,,,,3.07
1993-08-02,17.9,16.85,5.85,4.19,,,,11.47,,3.26
1993-08-03,17.81,16.53,5.83,4.17,,,,11.49,,3.06
1993-08-04,17.82,16.63,5.87,4.16,,,,11.71,,3.14
1993-08-05,17.54,16.6,5.86,4.12,,,,12.03,,3.05
1993-08-06,17.3,16.38,5.86,4.09,,,,12.33,,2.96
1993-08-07,,,,,,,,,,2.96
1993-08-08,,,,,,,,,,2.96
1993-08-09,17.58,16.45,5.82,4.06,,,,12.39,,3.04
1993-08-10,17.58,16.3,5.82,4.1,,,,12.31,,2.96
1993-08-11,17.87,16.58,5.75,4.1,,,,12.07,,2.92
1993-08-12,18.16,16.78,5.77,4.06,,,,12.38,,2.97
1993-08-13,18.14,16.93,5.72,4.0,,,,12.19,,3.0
1993-08-14,,,,,,,,,,3.0
1993-08-15,,,,,,,,,,3.0
1993-08-16,17.84,16.8,5.68,3.98,,,,12.01,,3.34
1993-08-17,17.95,16.88,5.7,4.02,,,,11.59,,3.1
1993-08-18,17.68,16.63,5.69,3.98,,,,11.52,,3.02
1993-08-19,17.64,16.63,5.64,3.93,,,,11.63,,3.02
1993-08-20,18.09,16.68,5.61,3.93,,,,11.62,,2.95
1993-08-21,,,,,,,,,,2.95
1993-08-22,,,,,,,,,,2.95
1993-08-23,18.42,16.83,5.6,3.97,,,,12.15,,3.01
1993-08-24,18.38,16.93,5.54,3.89,,,,11.8,,2.95
1993-08-25,18.45,16.68,5.51,3.85,,,,12.1,,3.03
1993-08-26,18.4,16.75,5.42,3.82,,,,12.14,,3.06
1993-08-27,18.82,17.05,5.48,3.87,,,,11.91,,2.99
1993-08-28,,,,,,,,,,2.99
1993-08-29,,,,,,,,,,2.99
1993-08-30,18.63,,5.44,3.86,,,,11.74,,3.11
1993-08-31,18.24,16.73,5.45,3.88,,,,11.85,,3.19
1993-09-01,17.92,16.55,5.46,3.88,,,,11.48,,3.25
1993-09-02,17.97,16.5,5.41,3.83,,,,11.87,,3.03
1993-09-03,17.72,16.33,5.31,3.71,,,,11.16,,2.94
1993-09-04,,,,,,,,,,2.94
1993-09-05,,,,,,,,,,2.94
1993-09-06,,16.23,,,,,,,,2.94
1993-09-07,17.14,15.85,5.23,3.7,,,,12.9,,3.11
1993-09-08,17.0,15.65,5.23,3.78,,,,13.24,,3.02
1993-09-09,16.97,15.73,5.35,3.88,,,,12.67,,2.99
1993-09-10,16.74,15.43,5.29,3.8,,,,11.7,,2.94
1993-09-11,,,,,,,,,,2.94
1993-09-12,,,,,,,,,,2.94
1993-09-13,16.98,15.43,5.26,3.82,,,,12.16,,3.05
1993-09-14,16.94,15.58,5.37,3.91,,,,13.15,,3.0
1993-09-15,16.85,15.35,5.39,3.89,,,,12.7,,3.38
1993-09-16,16.85,15.43,5.37,3.88,,,,13.36,,3.1
1993-09-17,17.1,15.55,5.38,3.89,,,,13.39,,2.99
1993-09-18,,,,,,,,,,2.99
1993-09-19,,,,,,,,,,2.99
1993-09-20,17.68,16.03,5.42,3.92,,,,14.6,,3.38
1993-09-21,18.12,16.25,5.47,3.9,,,,17.3,,3.23
1993-09-22,17.53,15.88,5.45,3.9,,,,13.75,,3.14
1993-09-23,17.52,15.88,5.42,3.87,,,,13.36,,3.06
1993-09-24,17.52,16.1,5.42,3.9,,,,12.47,,2.99
1993-09-25,,,,,,,,,,2.99
1993-09-26,,,,,,,,,,2.99
1993-09-27,17.52,16.1,5.3,3.81,,,,12.49,,3.16
1993-09-28,18.07,16.4,5.28,3.79,,,,12.19,,3.08
1993-09-29,18.73,16.78,5.35,3.84,,,,12.63,,3.1
1993-09-30,18.72,17.23,5.4,3.89,,,,12.99,,3.99
1993-10-01,18.63,17.08,5.34,3.84,,,,11.83,,3.19
1993-10-02,,,,,,,,,,3.19
1993-10-03,,,,,,,,,,3.19
1993-10-04,18.4,16.9,5.34,3.85,,,,12.85,,3.11
1993-10-05,18.43,16.78,5.35,3.86,,,,12.97,,3.04
1993-10-06,18.43,16.98,5.35,3.85,,,,12.68,,2.98
1993-10-07,18.49,16.88,5.33,3.83,,,,13.14,,2.95
1993-10-08,18.53,16.98,5.26,3.78,,,,12.04,,2.87
1993-10-09,,,,,,,,,,2.87
1993-10-10,,,,,,,,,,2.87
1993-10-11,18.76,17.13,,,,,,12.26,,2.87
1993-10-12,18.7,17.15,5.27,3.82,,,,12.41,,3.07
1993-10-13,18.65,17.0,5.27,3.84,,,,11.38,,2.85
1993-10-14,18.5,16.8,5.23,3.82,,,,11.0,,2.99
1993-10-15,18.24,16.7,5.19,3.81,,,,10.87,,2.97
1993-10-16,,,,,,,,,,2.97
1993-10-17,,,,,,,,,,2.97
1993-10-18,18.13,16.5,5.27,3.84,,,,11.33,,3.03
1993-10-19,18.04,16.53,5.27,3.86,,,,11.61,,2.94
1993-10-20,18.25,16.68,5.26,3.86,,,,11.32,,2.91
1993-10-21,18.28,16.88,5.35,3.89,,,,11.2,,2.94
1993-10-22,17.92,16.48,5.42,3.91,,,,11.48,,2.95
1993-10-23,,,,,,,,,,2.95
1993-10-24,,,,,,,,,,2.95
1993-10-25,17.36,16.13,5.47,3.95,,,,11.83,,3.17
1993-10-26,17.55,15.95,5.43,3.93,,,,11.83,,3.03
1993-10-27,17.66,15.95,5.44,3.99,,,,12.01,,2.82
1993-10-28,17.3,15.83,5.41,3.97,,,,11.88,,3.04
1993-10-29,16.97,15.43,5.43,3.99,,,,11.46,,3.03
1993-10-30,,,,,,,,,,3.03
1993-10-31,,,,,,,,,,3.03
1993-11-01,17.5,15.83,5.56,4.11,,,,11.78,,3.15
1993-11-02,17.03,15.63,5.63,4.16,,,,11.74,,3.02
1993-11-03,17.47,15.83,5.67,4.13,,,,13.26,,2.98
1993-11-04,17.38,15.78,5.67,4.13,,,,14.68,,2.99
1993-11-05,17.09,15.73,5.75,4.2,,,,14.97,,2.95
1993-11-06,,,,,,,,,,2.95
1993-11-07,,,,,,,,,,2.95
1993-11-08,16.69,15.28,5.7,4.13,,,,14.31,,3.04
1993-11-09,16.71,15.33,5.64,4.12,,,,13.94,,2.95
1993-11-10,16.54,15.23,5.72,4.17,,,,13.72,,2.91
1993-11-11,16.91,15.18,,,,,,13.88,,2.91
1993-11-12,16.72,15.08,5.66,4.11,,,,13.33,,3.03
1993-11-13,,,,,,,,,,3.03
1993-11-14,,,,,,,,,,3.03
1993-11-15,16.78,15.25,5.69,4.11,,,,14.46,,3.23
1993-11-16,16.69,15.33,5.66,4.1,,,,15.11,,3.02
1993-11-17,17.08,15.55,5.65,4.09,,,,15.57,,2.99
1993-11-18,16.67,15.4,5.72,4.15,,,,14.65,,2.99
1993-11-19,16.55,15.25,5.84,4.22,,,,15.03,,2.94
1993-11-20,,,,,,,,,,2.94
1993-11-21,,,,,,,,,,2.94
1993-11-22,16.67,15.35,5.89,4.26,,,,15.9,,3.05
1993-11-23,16.39,15.25,5.82,4.19,,,,14.27,,2.94
1993-11-24,15.73,15.13,5.84,4.18,,,,13.51,,3.03
1993-11-25,,14.35,,,,,,,,3.03
1993-11-26,15.53,14.28,5.78,4.16,,,,13.77,,3.09
1993-11-27,,,,,,,,,,3.09
1993-11-28,,,,,,,,,,3.09
1993-11-29,15.3,14.05,5.76,4.17,,,,14.12,,3.12
1993-11-30,15.36,14.23,5.83,4.22,,,,13.76,,3.16
1993-12-01,15.45,14.43,5.82,4.2,,,,13.83,,3.07
1993-12-02,14.93,14.15,5.81,4.22,,,,13.51,,3.04
1993-12-03,15.03,13.95,5.8,4.24,,,,12.69,,2.96
1993-12-04,,,,,,,,,,2.96
1993-12-05,,,,,,,,,,2.96
1993-12-06,14.57,13.9,5.72,4.19,,,,12.84,,2.97
1993-12-07,14.53,13.88,5.71,4.17,,,,12.41,,2.67
1993-12-08,14.61,13.45,5.71,4.18,,,,12.46,,2.87
1993-12-09,14.65,13.6,5.68,4.18,,,,12.43,,2.94
1993-12-10,15.04,13.8,5.73,4.21,,,,12.6,,2.9
1993-12-11,,,,,,,,,,2.9
1993-12-12,,,,,,,,,,2.9
1993-12-13,14.5,13.9,5.78,4.23,,,,10.98,,2.96
1993-12-14,14.47,14.78,5.82,4.25,,,,11.13,,2.95
1993-12-15,14.39,13.8,5.83,4.22,,,,11.03,,3.06
1993-12-16,14.21,13.63,5.84,4.23,,,,10.9,,3.03
1993-12-17,13.98,13.85,5.81,4.2,,,,11.08,,2.94
1993-12-18,,,,,,,,,,2.94
1993-12-19,,,,,,,,,,2.94
1993-12-20,14.2,13.63,5.83,4.22,,,,10.75,,3.03
1993-12-21,14.32,13.45,5.85,4.26,,,,10.08,,2.97
1993-12-22,14.61,13.6,5.74,4.19,,,,9.31,,3.08
1993-12-23,14.48,13.55,5.72,4.18,,,,9.48,,3.05
1993-12-24,,13.38,,,,,,,,2.97
1993-12-25,,,,,,,,,,2.97
1993-12-26,,,,,,,,,,2.97
1993-12-27,14.09,,5.72,4.2,,,,9.7,,3.11
1993-12-28,14.11,,5.72,4.2,,,,9.82,,2.98
1993-12-29,14.45,13.13,5.74,4.2,,,,10.46,,2.85
1993-12-30,14.19,13.2,5.82,4.25,,,,10.69,,2.82
1993-12-31,,13.18,5.83,4.25,,,,11.66,,2.85
1994-01-01,,,,,,,,,,2.85
1994-01-02,,,,,,,,,,2.85
1994-01-03,14.52,,5.92,4.3,,,,12.57,,3.15
1994-01-04,14.66,13.43,5.88,4.29,,,,11.91,,3.03
1994-01-05,15.3,14.1,5.9,4.31,,,,10.94,,3.46
1994-01-06,15.36,14.55,5.84,4.24,,,,11.27,,3.08
1994-01-07,15.33,14.63,5.7,4.09,,,,10.96,,2.96
1994-01-08,,,,,,,,,,2.96
1994-01-09,,,,,,,,,,2.96
1994-01-10,14.65,14.15,5.67,4.08,,,,10.74,,3.02
1994-01-11,14.95,14.1,5.67,4.08,,,,11.29,,2.97
1994-01-12,14.36,13.9,5.6,4.05,,,,11.65,,2.93
1994-01-13,14.56,13.75,5.71,4.13,,,,12.08,,2.94
1994-01-14,14.81,14.1,5.78,4.17,,,,11.15,,2.95
1994-01-15,,,,,,,,,,2.95
1994-01-16,,,,,,,,,,2.95
1994-01-17,15.15,14.4,,,,,,11.88,,2.95
1994-01-18,14.92,14.1,5.74,4.14,,,,11.63,,3.97
1994-01-19,15.25,14.25,5.76,4.12,,,,11.76,,3.2
1994-01-20,14.95,14.1,5.71,4.07,,,,11.16,,2.97
1994-01-21,14.85,14.23,5.73,4.09,,,,11.09,,2.91
1994-01-22,,,,,,,,,,2.91
1994-01-23,,,,,,,,,,2.91
1994-01-24,15.09,14.35,5.74,4.09,,,,11.6,,3.04
1994-01-25,15.26,14.63,5.78,4.11,,,,11.38,,3.04
1994-01-26,15.5,14.8,5.77,4.13,,,,11.17,,3.04
1994-01-27,15.48,14.78,5.73,4.11,,,,10.3,,3.0
1994-01-28,15.37,14.65,5.68,4.08,,,,9.94,,2.98
1994-01-29,,,,,,,,,,2.98
1994-01-30,,,,,,,,,,2.98
1994-01-31,15.24,14.83,5.7,4.12,,,,10.63,,3.68
1994-02-01,15.91,15.03,5.77,4.2,,,,10.65,,3.25
1994-02-02,16.06,15.4,5.77,4.2,,,,10.61,,3.31
1994-02-03,15.97,15.48,5.81,4.28,,,,10.75,,3.12
1994-02-04,15.63,14.93,5.94,4.42,,,,15.25,,3.19
1994-02-05,,,,,,,,,,3.19
1994-02-06,,,,,,,,,,3.19
1994-02-07,15.31,14.6,5.96,4.41,,,,13.96,,3.31
1994-02-08,15.12,14.13,6.01,4.44,,,,13.66,,3.24
1994-02-09,14.64,13.53,5.92,4.43,,,,13.3,,3.15
1994-02-10,14.59,13.58,5.91,4.45,,,,14.24,,3.16
1994-02-11,14.71,13.7,5.88,4.44,,,,14.46,,3.14
1994-02-12,,,,,,,,,,3.14
1994-02-13,,,,,,,,,,3.14
1994-02-14,14.15,13.4,5.9,4.44,,,,14.28,,3.35
1994-02-15,14.13,13.13,5.88,4.44,,,,13.4,,3.49
1994-02-16,13.89,13.08,5.89,4.44,,,,13.13,,3.34
1994-02-17,14.26,13.28,6.0,4.5,,,,13.79,,3.3
1994-02-18,14.21,13.0,6.09,4.57,,,,14.7,,3.21
1994-02-19,,,,,,,,,,3.21
1994-02-20,,,,,,,,,,3.21
1994-02-21,,13.05,,,,,,,,3.21
1994-02-22,14.28,13.2,6.05,4.57,,,,13.52,,3.33
1994-02-23,14.18,13.2,6.13,4.67,,,,13.91,,3.25
1994-02-24,14.82,13.4,6.22,4.72,,,,15.96,,3.25
1994-02-25,14.48,13.33,6.21,4.72,,,,14.8,,3.23
1994-02-26,,,,,,,,,,3.23
1994-02-27,,,,,,,,,,3.23
1994-02-28,14.5,13.59,6.15,4.67,,,,14.87,,3.49
1994-03-01,14.78,13.45,6.28,4.81,,,,15.83,,3.31
1994-03-02,14.8,13.5,6.3,4.79,,,,16.08,,3.24
1994-03-03,14.74,13.55,6.35,4.83,,,,16.36,,3.26
1994-03-04,14.57,13.43,6.38,4.88,,,,16.0,,3.25
1994-03-05,,,,,,,,,,3.25
1994-03-06,,,,,,,,,,3.25
1994-03-07,14.14,13.13,6.32,4.87,,,,14.26,,3.29
1994-03-08,14.17,13.15,6.38,4.92,,,,16.23,,3.24
1994-03-09,14.23,13.3,6.38,4.96,,,,14.41,,3.22
1994-03-10,14.19,13.23,6.48,4.96,,,,16.55,,3.22
1994-03-11,14.47,13.7,6.46,4.95,,,,14.87,,3.17
1994-03-12,,,,,,,,,,3.17
1994-03-13,,,,,,,,,,3.17
1994-03-14,14.52,14.03,6.5,4.99,,,,16.61,,3.3
1994-03-15,14.82,14.28,6.47,4.99,,,,14.78,,3.25
1994-03-16,15.03,14.3,6.4,4.96,,,,14.51,,3.05
1994-03-17,14.83,14.25,6.4,4.94,,,,12.76,,3.24
1994-03-18,14.88,14.05,6.49,5.03,,,,13.32,,3.22
1994-03-19,,,,,,,,,,3.22
1994-03-20,,,,,,,,,,3.22
1994-03-21,15.37,14.55,6.55,5.09,,,,14.34,,3.36
1994-03-22,15.04,14.8,6.44,5.03,,,,13.39,,3.44
1994-03-23,14.94,14.5,6.44,5.0,,,,12.31,,3.47
1994-03-24,15.21,14.53,6.58,5.08,,,,13.43,,3.49
1994-03-25,15.19,14.58,6.61,5.1,,,,13.67,,3.53
1994-03-26,,,,,,,,,,3.53
1994-03-27,,,,,,,,,,3.53
1994-03-28,14.15,13.75,6.63,5.12,,,,14.9,,3.53
1994-03-29,14.41,13.38,6.71,5.19,,,,16.49,,3.45
1994-03-30,14.4,13.23,6.78,5.19,,,,18.59,,3.36
1994-03-31,14.78,13.25,6.77,5.21,,,,20.45,,4.18
1994-04-01,,,,,,,,,,3.64
1994-04-02,,,,,,,,,,3.64
1994-04-03,,,,,,,,,,3.64
1994-04-04,15.67,,7.16,5.57,,,,23.87,,3.62
1994-04-05,15.67,14.33,6.97,5.45,,,,18.13,,3.6
1994-04-06,15.77,14.33,6.93,5.4,,,,17.38,,3.48
1994-04-07,15.59,14.4,6.86,5.37,,,,16.98,,3.46
1994-04-08,15.57,14.3,6.94,5.43,,,,16.92,,3.36
1994-04-09,,,,,,,,,,3.36
1994-04-10,,,,,,,,,,3.36
1994-04-11,15.86,14.73,6.92,5.43,,,,16.61,,3.41
1994-04-12,15.74,14.8,6.87,5.4,,,,16.42,,3.24
1994-04-13,15.96,15.0,6.93,5.43,,,,17.02,,3.43
1994-04-14,16.2,15.28,6.97,5.49,,,,16.27,,3.49
1994-04-15,16.58,15.23,6.97,5.51,,,,15.98,,3.51
1994-04-16,,,,,,,,,,3.51
1994-04-17,,,,,,,,,,3.51
1994-04-18,16.64,15.48,7.14,5.7,,,,17.22,,3.7
1994-04-19,16.43,15.13,7.1,5.7,,,,16.93,,3.71
1994-04-20,16.65,15.3,7.05,5.67,,,,17.01,,3.71
1994-04-21,17.56,15.63,6.91,5.59,,,,14.93,,3.7
1994-04-22,17.84,16.28,6.93,5.62,,,,14.94,,3.7
1994-04-23,,,,,,,,,,3.7
1994-04-24,,,,,,,,,,3.7
1994-04-25,17.66,16.38,6.86,5.61,,,,14.26,,3.78
1994-04-26,16.82,16.05,6.86,5.59,,,,13.8,,3.42
1994-04-27,16.7,15.75,,,,,,,,3.15
1994-04-28,16.57,15.65,7.04,5.75,,,,14.51,,3.66
1994-04-29,16.92,15.35,7.06,5.73,,,,13.77,,3.73
1994-04-30,,,,,,,,,,3.73
1994-05-01,,,,,,,,,,3.73
1994-05-02,17.18,,7.09,5.81,,,,14.11,,3.86
1994-05-03,16.93,15.93,7.13,5.86,,,,13.81,,3.81
1994-05-04,16.85,15.95,7.14,5.89,,,,14.29,,3.78
1994-05-05,17.28,15.85,7.11,5.88,,,,14.56,,3.77
1994-05-06,17.74,16.25,7.35,6.12,,,,15.08,,3.78
1994-05-07,,,,,,,,,,3.78
1994-05-08,,,,,,,,,,3.78
1994-05-09,17.72,16.33,7.49,6.26,,,,16.16,,3.77
1994-05-10,17.62,16.25,7.33,6.13,,,,15.19,,3.58
1994-05-11,17.84,16.1,7.4,6.2,,,,15.55,,3.42
1994-05-12,18.27,16.25,7.36,6.13,,,,15.46,,3.78
1994-05-13,18.2,16.5,7.29,6.05,,,,14.54,,3.84
1994-05-14,,,,,,,,,,3.84
1994-05-15,,,,,,,,,,3.84
1994-05-16,17.99,16.23,7.24,6.03,,,,14.67,,4.29
1994-05-17,17.61,15.83,7.03,5.88,,,,14.08,,4.27
1994-05-18,18.02,15.98,7.03,5.83,,,,12.55,,4.26
1994-05-19,18.49,16.15,6.96,5.73,,,,12.33,,4.23
1994-05-20,18.93,16.23,7.02,5.8,,,,12.79,,4.21
1994-05-21,,,,,,,,,,4.21
1994-05-22,,,,,,,,,,4.21
1994-05-23,18.69,16.63,7.19,5.94,,,,13.49,,4.28
1994-05-24,18.4,16.63,7.17,5.94,,,,12.73,,4.19
1994-05-25,17.83,16.33,7.14,5.95,,,,12.43,,4.24
1994-05-26,17.76,16.08,7.09,5.92,,,,12.5,,4.23
1994-05-27,18.02,16.08,7.12,5.97,,,,12.49,,4.19
1994-05-28,,,,,,,,,,4.19
1994-05-29,,,,,,,,,,4.19
1994-05-30,,,,,,,,,,4.19
1994-05-31,18.3,16.18,7.17,6.01,,,,13.03,,4.6
1994-06-01,18.29,16.4,7.12,5.98,,,,12.72,,4.33
1994-06-02,18.25,16.35,7.07,5.93,,,,12.73,,4.25
1994-06-03,18.11,16.13,6.98,5.84,,,,12.19,,4.16
1994-06-04,,,,,,,,,,4.16
1994-06-05,,,,,,,,,,4.16
1994-06-06,18.1,16.18,6.91,5.78,,,,13.03,,4.17
1994-06-07,17.78,15.95,6.95,5.8,,,,13.05,,4.03
1994-06-08,18.28,15.65,6.96,5.78,,,,13.32,,4.0
1994-06-09,18.67,16.13,6.98,5.8,,,,13.21,,4.17
1994-06-10,18.48,16.38,7.03,5.85,,,,12.69,,4.18
1994-06-11,,,,,,,,,,4.18
1994-06-12,,,,,,,,,,4.18
1994-06-13,18.82,16.23,7.07,5.91,,,,11.92,,4.24
1994-06-14,18.94,16.4,7.0,5.81,,,,11.6,,4.23
1994-06-15,19.75,16.73,7.1,5.88,,,,11.52,,4.3
1994-06-16,19.83,16.88,7.07,5.83,,,,11.22,,4.26
1994-06-17,20.72,17.13,7.14,5.88,,,,12.31,,4.17
1994-06-18,,,,,,,,,,4.17
1994-06-19,,,,,,,,,,4.17
1994-06-20,20.68,17.38,7.16,5.92,,,,13.96,,4.24
1994-06-21,20.08,17.63,7.22,6.04,,,,14.7,,4.14
1994-06-22,19.59,17.48,7.13,5.97,,,,14.02,,4.18
1994-06-23,19.38,17.3,7.1,5.94,,,,14.12,,4.18
1994-06-24,19.28,17.4,7.22,6.06,,,,16.72,,4.17
1994-06-25,,,,,,,,,,4.17
1994-06-26,,,,,,,,,,4.17
1994-06-27,18.96,17.4,7.18,6.05,,,,15.53,,4.29
1994-06-28,19.14,16.98,7.26,6.13,,,,15.04,,4.21
1994-06-29,18.82,17.23,7.24,6.12,,,,14.42,,4.15
1994-06-30,19.37,17.45,7.34,6.19,,,,14.97,,5.96
1994-07-01,19.52,17.65,7.34,6.19,,,,14.36,,3.82
1994-07-02,,,,,,,,,,3.82
1994-07-03,,,,,,,,,,3.82
1994-07-04,,17.5,,,,,,,,3.82
1994-07-05,19.62,17.13,7.31,6.14,,,,14.92,,4.37
1994-07-06,19.3,16.9,7.32,6.11,,,,14.7,,5.02
1994-07-07,19.15,16.78,7.3,6.11,,,,14.01,,4.36
1994-07-08,19.48,17.0,7.42,6.25,,,,13.26,,4.32
1994-07-09,,,,,,,,,,4.32
1994-07-10,,,,,,,,,,4.32
1994-07-11,20.17,17.48,7.47,6.29,,,,13.83,,4.31
1994-07-12,20.4,18.25,7.43,6.24,,,,13.4,,4.23
1994-07-13,20.14,18.25,7.41,6.22,,,,12.42,,4.22
1994-07-14,20.18,18.33,7.25,6.05,,,,11.64,,4.22
1994-07-15,19.89,18.15,7.25,6.04,,,,11.28,,4.22
1994-07-16,,,,,,,,,,4.22
1994-07-17,,,,,,,,,,4.22
1994-07-18,19.38,17.5,7.2,5.99,,,,11.44,,4.23
1994-07-19,19.49,17.2,7.15,5.94,,,,11.65,,4.19
1994-07-20,19.15,17.35,7.25,6.06,,,,11.7,,4.78
1994-07-21,19.32,17.45,7.27,6.11,,,,11.65,,4.3
1994-07-22,19.59,17.58,7.29,6.15,,,,11.22,,4.26
1994-07-23,,,,,,,,,,4.26
1994-07-24,,,,,,,,,,4.26
1994-07-25,19.42,17.35,7.27,6.13,,,,11.46,,4.32
1994-07-26,19.26,17.43,7.28,6.16,,,,11.66,,4.26
1994-07-27,19.46,17.83,7.34,6.22,,,,11.93,,4.28
1994-07-28,19.87,18.0,7.29,6.21,,,,12.03,,4.3
1994-07-29,20.3,18.48,7.12,5.99,,,,11.13,,4.29
1994-07-30,,,,,,,,,,4.29
1994-07-31,,,,,,,,,,4.29
1994-08-01,20.65,19.03,7.13,6.03,,,,11.17,,4.34
1994-08-02,20.22,18.48,7.11,5.98,,,,11.27,,4.21
1994-08-03,20.06,18.48,7.09,5.96,,,,11.35,,4.25
1994-08-04,20.14,18.43,7.12,5.98,,,,12.18,,4.28
1994-08-05,19.37,17.78,7.28,6.18,,,,12.34,,4.28
1994-08-06,,,,,,,,,,4.28
1994-08-07,,,,,,,,,,4.28
1994-08-08,19.41,17.93,7.28,6.22,,,,12.41,,4.3
1994-08-09,19.29,17.68,7.33,6.26,,,,12.54,,4.23
1994-08-10,18.96,17.33,7.3,6.21,,,,11.91,,4.19
1994-08-11,18.67,17.5,7.36,6.26,,,,12.13,,4.22
1994-08-12,18.05,17.1,7.27,6.22,,,,11.09,,4.22
1994-08-13,,,,,,,,,,4.22
1994-08-14,,,,,,,,,,4.22
1994-08-15,18.24,16.75,7.3,6.26,,,,12.06,,4.5
1994-08-16,17.64,16.68,7.19,6.21,,,,11.39,,4.35
1994-08-17,18.08,16.28,7.15,6.14,,,,11.54,,4.72
1994-08-18,17.73,16.3,7.28,6.23,,,,12.07,,4.7
1994-08-19,17.56,16.13,7.27,6.23,,,,12.83,,4.64
1994-08-20,,,,,,,,,,4.64
1994-08-21,,,,,,,,,,4.64
1994-08-22,16.87,15.25,7.31,6.27,,,,12.62,,4.69
1994-08-23,17.09,15.3,7.28,6.26,,,,11.75,,4.64
1994-08-24,17.54,15.8,7.22,6.18,,,,11.57,,4.64
1994-08-25,17.49,15.75,7.29,6.24,,,,12.02,,4.75
1994-08-26,17.14,15.85,7.24,6.21,,,,12.19,,4.71
1994-08-27,,,,,,,,,,4.71
1994-08-28,,,,,,,,,,4.71
1994-08-29,17.62,,7.24,6.2,,,,11.82,,4.78
1994-08-30,17.4,15.78,7.2,6.18,,,,11.23,,4.67
1994-08-31,17.6,16.03,7.19,6.17,,,,11.97,,4.7
1994-09-01,17.47,16.03,7.19,6.15,,,,11.86,,4.76
1994-09-02,17.52,15.88,7.21,6.17,,,,11.4,,4.72
1994-09-03,,,,,,,,,,4.72
1994-09-04,,,,,,,,,,4.72
1994-09-05,,15.6,,,,,,,,4.72
1994-09-06,17.62,15.95,7.27,6.22,,,,11.69,,4.81
1994-09-07,17.84,16.03,7.29,6.22,,,,11.81,,4.74
1994-09-08,17.62,16.05,7.3,6.22,,,,11.86,,4.72
1994-09-09,17.53,15.93,7.44,6.35,,,,13.12,,4.68
1994-09-10,,,,,,,,,,4.68
1994-09-11,,,,,,,,,,4.68
1994-09-12,17.39,15.83,7.46,6.37,,,,14.01,,4.73
1994-09-13,17.0,15.48,7.44,6.35,,,,13.77,,4.64
1994-09-14,16.72,15.4,7.41,6.33,,,,13.09,,4.78
1994-09-15,16.72,15.25,7.35,6.28,,,,11.88,,4.79
1994-09-16,16.84,15.3,7.52,6.42,,,,12.8,,4.68
1994-09-17,,,,,,,,,,4.68
1994-09-18,,,,,,,,,,4.68
1994-09-19,17.21,15.45,7.49,6.39,,,,13.06,,4.71
1994-09-20,17.24,15.78,7.53,6.44,,,,14.45,,4.7
1994-09-21,17.06,15.8,7.56,6.52,,,,14.49,,4.87
1994-09-22,17.65,15.9,7.56,6.5,,,,13.89,,4.78
1994-09-23,17.76,16.3,7.57,6.52,,,,14.53,,4.71
1994-09-24,,,,,,,,,,4.71
1994-09-25,,,,,,,,,,4.71
1994-09-26,17.68,16.1,7.57,6.54,,,,14.56,,4.78
1994-09-27,17.48,16.1,7.61,6.52,,,,14.13,,4.29
1994-09-28,17.69,16.2,7.57,6.51,,,,13.25,,4.61
1994-09-29,17.96,16.6,7.64,6.6,,,,13.97,,4.77
1994-09-30,18.36,16.73,7.62,6.62,,,,14.28,,5.44
1994-10-01,,,,,,,,,,5.44
1994-10-02,,,,,,,,,,5.44
1994-10-03,18.16,16.85,7.66,6.69,,,,15.44,,4.83
1994-10-04,17.97,16.7,7.7,6.68,,,,16.66,,4.78
1994-10-05,18.01,16.5,7.77,6.73,,,,15.92,,4.77
1994-10-06,18.24,16.63,7.78,6.71,,,,16.24,,4.77
1994-10-07,18.27,16.93,7.7,6.65,,,,14.92,,4.57
1994-10-08,,,,,,,,,,4.57
1994-10-09,,,,,,,,,,4.57
1994-10-10,17.95,16.7,,,,,,14.72,,4.57
1994-10-11,17.74,16.38,7.65,6.63,,,,13.55,,4.71
1994-10-12,17.13,16.08,7.69,6.67,,,,14.51,,4.56
1994-10-13,17.03,15.63,7.64,6.63,,,,14.9,,4.71
1994-10-14,16.98,15.58,7.61,6.57,,,,13.32,,4.71
1994-10-15,,,,,,,,,,4.71
1994-10-16,,,,,,,,,,4.71
1994-10-17,17.11,15.75,7.62,6.61,,,,14.76,,4.78
1994-10-18,17.34,16.13,7.64,6.61,,,,14.59,,4.71
1994-10-19,17.43,16.28,7.68,6.66,,,,15.13,,4.69
1994-10-20,17.57,16.53,7.8,6.77,,,,15.99,,4.7
1994-10-21,17.31,16.35,7.81,6.8,,,,15.91,,4.68
1994-10-22,,,,,,,,,,4.68
1994-10-23,,,,,,,,,,4.68
1994-10-24,17.5,16.48,7.86,6.84,,,,16.97,,4.72
1994-10-25,17.71,16.48,7.88,6.87,,,,16.13,,4.67
1994-10-26,18.01,16.88,7.88,6.9,,,,15.7,,4.88
1994-10-27,18.17,17.08,7.88,6.89,,,,15.67,,4.77
1994-10-28,18.25,17.18,7.82,6.82,,,,14.56,,4.76
1994-10-29,,,,,,,,,,4.76
1994-10-30,,,,,,,,,,4.76
1994-10-31,18.16,17.18,7.81,6.84,,,,14.56,,4.9
1994-11-01,18.66,17.4,7.91,6.93,,,,14.84,,4.76
1994-11-02,18.9,17.58,7.96,6.96,,,,15.34,,4.67
1994-11-03,18.97,17.75,7.96,6.98,,,,15.58,,4.71
1994-11-04,18.76,18.0,8.04,7.05,,,,16.75,,4.66
1994-11-05,,,,,,,,,,4.66
1994-11-06,,,,,,,,,,4.66
1994-11-07,18.38,17.78,8.05,7.06,,,,17.37,,4.69
1994-11-08,18.46,17.38,8.01,7.02,,,,16.3,,4.51
1994-11-09,18.16,17.55,7.94,7.01,,,,16.42,,5.28
1994-11-10,18.18,17.2,7.98,7.06,,,,16.0,,4.99
1994-11-11,18.07,17.38,,,,,,16.5,,4.99
1994-11-12,,,,,,,,,,4.99
1994-11-13,,,,,,,,,,4.99
1994-11-14,17.48,17.25,7.94,7.06,,,,16.68,,5.48
1994-11-15,17.58,16.98,7.92,7.1,,,,16.66,,5.59
1994-11-16,17.38,16.8,7.97,7.15,,,,15.56,,5.53
1994-11-17,17.63,16.53,8.03,7.21,,,,15.91,,5.51
1994-11-18,17.47,16.45,8.01,7.23,,,,16.0,,5.43
1994-11-19,,,,,,,,,,5.43
1994-11-20,,,,,,,,,,5.43
1994-11-21,17.43,17.25,8.03,7.3,,,,16.13,,5.49
1994-11-22,17.7,17.2,8.0,7.29,,,,17.24,,5.43
1994-11-23,18.05,16.88,7.81,7.18,,,,18.41,,6.0
1994-11-24,,16.95,,,,,,,,6.0
1994-11-25,,17.0,7.8,7.19,,,,17.44,,6.03
1994-11-26,,,,,,,,,,6.03
1994-11-27,,,,,,,,,,6.03
1994-11-28,18.1,16.95,7.88,7.35,,,,16.83,,5.67
1994-11-29,17.97,17.0,7.95,7.44,,,,16.15,,5.54
1994-11-30,18.06,16.95,7.91,7.4,,,,15.95,,5.66
1994-12-01,17.77,16.98,7.92,7.42,,,,16.69,,5.49
1994-12-02,17.0,16.35,7.81,7.44,,,,16.55,,5.42
1994-12-03,,,,,,,,,,5.42
1994-12-04,,,,,,,,,,5.42
1994-12-05,16.88,15.93,7.83,7.58,,,,16.1,,5.4
1994-12-06,16.93,16.05,7.73,7.44,,,,16.05,,5.07
1994-12-07,16.86,15.83,7.81,7.48,,,,16.28,,6.09
1994-12-08,17.14,16.13,7.79,7.51,,,,18.15,,5.53
1994-12-09,17.12,16.08,7.79,7.53,,,,16.04,,5.48
1994-12-10,,,,,,,,,,5.48
1994-12-11,,,,,,,,,,5.48
1994-12-12,16.92,15.98,7.85,7.62,,,,15.46,,5.52
1994-12-13,16.98,15.73,7.83,7.71,,,,14.48,,5.41
1994-12-14,16.96,15.83,7.8,7.59,,,,13.03,,5.46
1994-12-15,16.6,15.6,7.79,7.54,,,,12.87,,5.61
1994-12-16,16.84,15.48,7.81,7.59,,,,12.79,,5.34
1994-12-17,,,,,,,,,,5.34
1994-12-18,,,,,,,,,,5.34
1994-12-19,16.91,15.58,7.81,7.59,,,,13.02,,5.27
1994-12-20,16.98,15.73,7.81,7.56,,,,12.98,,5.43
1994-12-21,17.07,15.65,7.8,7.58,,,,12.05,,6.56
1994-12-22,17.15,15.6,7.84,7.7,,,,12.42,,5.8
1994-12-23,17.41,15.55,7.85,7.74,,,,11.82,,5.31
1994-12-24,,,,,,,,,,5.31
1994-12-25,,,,,,,,,,5.31
1994-12-26,,,,,,,,,,5.31
1994-12-27,17.63,,7.76,7.67,,,,12.07,,5.6
1994-12-28,17.74,16.08,7.8,7.71,,,,12.81,,5.48
1994-12-29,17.69,16.25,7.82,7.69,,,,12.86,,5.49
1994-12-30,17.77,16.23,7.84,7.69,,,,13.2,,4.94
1994-12-31,,,,,,,,,,4.94
1995-01-01,,,,,,,,,,4.94
1995-01-02,,,,,,,,,,4.94
1995-01-03,17.45,15.88,7.88,7.73,,,,14.25,,5.98
1995-01-04,17.56,15.93,7.82,7.62,,,,13.53,,6.59
1995-01-05,17.76,16.13,7.88,7.66,,,,13.5,,5.72
1995-01-06,17.69,16.35,7.87,7.64,,,,13.13,,5.52
1995-01-07,,,,,,,,,,5.52
1995-01-08,,,,,,,,,,5.52
1995-01-09,17.4,16.08,7.89,7.68,,,,13.33,,5.52
1995-01-10,17.42,16.0,7.84,7.63,,,,12.52,,5.44
1995-01-11,17.7,16.4,7.79,7.58,,,,12.15,,5.44
1995-01-12,17.72,16.48,7.8,7.56,,,,12.83,,5.5
1995-01-13,17.52,16.2,7.69,7.39,,,,11.1,,5.47
1995-01-14,,,,,,,,,,5.47
1995-01-15,,,,,,,,,,5.47
1995-01-16,17.89,16.38,,,,,,11.14,,5.47
1995-01-17,18.47,16.78,7.7,7.44,,,,11.79,,5.69
1995-01-18,18.72,16.95,7.71,7.48,,,,11.57,,5.06
1995-01-19,18.7,17.08,7.74,7.49,,,,11.86,,5.44
1995-01-20,18.46,17.23,7.82,7.5,,,,12.15,,5.37
1995-01-21,,,,,,,,,,5.37
1995-01-22,,,,,,,,,,5.37
1995-01-23,18.16,17.0,7.83,7.5,,,,12.79,,5.47
1995-01-24,18.53,17.15,7.86,7.57,,,,11.94,,5.45
1995-01-25,18.82,16.98,7.8,7.5,,,,11.46,,5.46
1995-01-26,18.23,16.73,7.76,7.39,,,,11.25,,5.53
1995-01-27,17.95,16.38,7.66,7.29,,,,11.25,,5.67
1995-01-28,,,,,,,,,,5.67
1995-01-29,,,,,,,,,,5.67
1995-01-30,18.2,16.68,7.65,7.23,,,,12.26,,5.76
1995-01-31,18.48,16.8,7.6,7.26,,,,11.96,,5.86
1995-02-01,18.48,17.05,7.66,7.33,,,,11.73,,5.25
1995-02-02,18.54,17.0,7.68,7.4,,,,11.13,,5.98
1995-02-03,18.78,17.4,7.49,7.14,,,,10.98,,5.94
1995-02-04,,,,,,,,,,5.94
1995-02-05,,,,,,,,,,5.94
1995-02-06,18.58,17.08,7.53,7.18,,,,11.22,,5.99
1995-02-07,18.43,17.05,7.52,7.19,,,,11.17,,5.94
1995-02-08,18.36,17.03,7.53,7.18,,,,11.42,,5.93
1995-02-09,18.28,16.85,7.58,7.23,,,,11.63,,5.95
1995-02-10,18.47,16.85,7.62,7.33,,,,11.28,,5.94
1995-02-11,,,,,,,,,,5.94
1995-02-12,,,,,,,,,,5.94
1995-02-13,18.29,16.88,7.61,7.32,,,,11.41,,6.0
1995-02-14,18.44,17.0,7.51,7.21,,,,11.43,,5.82
1995-02-15,18.46,17.1,7.45,7.12,,,,11.52,,5.95
1995-02-16,18.63,17.13,7.4,7.02,,,,11.61,,5.96
1995-02-17,18.94,17.4,7.43,7.07,,,,11.71,,5.93
1995-02-18,,,,,,,,,,5.93
1995-02-19,,,,,,,,,,5.93
1995-02-20,,17.43,,,,,,,,5.93
1995-02-21,18.86,17.18,7.44,7.09,,,,12.05,,5.99
1995-02-22,18.84,17.08,7.34,6.92,,,,11.39,,5.9
1995-02-23,18.59,17.1,7.34,6.92,,,,11.15,,5.91
1995-02-24,18.7,17.1,7.33,6.89,,,,10.84,,5.87
1995-02-25,,,,,,,,,,5.87
1995-02-26,,,,,,,,,,5.87
1995-02-27,18.64,17.35,7.24,6.79,,,,12.51,,5.99
1995-02-28,18.52,17.23,7.22,6.79,,,,11.75,,6.1
1995-03-01,18.31,16.85,7.23,6.81,,,,11.65,,5.56
1995-03-02,18.4,16.55,7.3,6.88,,,,12.02,,5.94
1995-03-03,18.63,16.68,7.36,6.89,,,,11.45,,5.93
1995-03-04,,,,,,,,,,5.93
1995-03-05,,,,,,,,,,5.93
1995-03-06,18.56,16.75,7.41,6.96,,,,12.17,,5.95
1995-03-07,18.59,16.85,7.44,7.0,,,,14.22,,5.93
1995-03-08,18.3,16.73,7.36,6.93,,,,13.72,,5.91
1995-03-09,17.98,16.65,7.3,6.83,,,,13.36,,5.92
1995-03-10,17.92,16.5,7.23,6.83,,,,12.38,,5.9
1995-03-11,,,,,,,,,,5.9
1995-03-12,,,,,,,,,,5.9
1995-03-13,18.19,16.3,7.19,6.76,,,,12.15,,5.96
1995-03-14,17.9,16.33,7.09,6.69,,,,12.1,,5.93
1995-03-15,18.12,16.38,7.09,6.71,,,,12.42,,6.06
1995-03-16,18.18,16.5,7.05,6.68,,,,11.95,,5.97
1995-03-17,18.27,16.55,7.12,6.69,,,,11.8,,5.95
1995-03-18,,,,,,,,,,5.95
1995-03-19,,,,,,,,,,5.95
1995-03-20,18.58,16.83,7.12,6.69,,,,11.34,,6.0
1995-03-21,18.44,16.8,7.16,6.71,,,,11.53,,5.97
1995-03-22,18.91,17.08,7.21,6.75,,,,11.29,,5.97
1995-03-23,18.85,17.48,7.21,6.75,,,,11.43,,6.01
1995-03-24,18.68,17.65,7.09,6.64,,,,11.19,,6.03
1995-03-25,,,,,,,,,,6.03
1995-03-26,,,,,,,,,,6.03
1995-03-27,19.08,17.83,7.05,6.62,,,,11.83,,6.13
1995-03-28,18.95,17.85,7.16,6.73,,,,11.33,,6.1
1995-03-29,19.21,18.05,7.16,6.73,,,,12.51,,6.07
1995-03-30,19.17,17.98,7.18,6.76,,,,12.62,,6.16
1995-03-31,19.18,17.98,7.2,6.8,,,,13.37,,6.3
1995-04-01,,,,,,,,,,6.3
1995-04-02,,,,,,,,,,6.3
1995-04-03,19.05,17.88,7.14,6.75,,,,13.5,,6.28
1995-04-04,19.11,18.03,7.12,6.71,,,,12.62,,6.08
1995-04-05,19.57,18.35,7.12,6.7,,,,12.96,,5.98
1995-04-06,19.74,18.5,7.09,6.66,,,,12.81,,5.95
1995-04-07,19.67,18.45,7.11,6.65,,,,12.85,,5.94
1995-04-08,,,,,,,,,,5.94
1995-04-09,,,,,,,,,,5.94
1995-04-10,19.61,18.15,7.12,6.66,,,,12.79,,6.0
1995-04-11,19.84,18.63,7.09,6.65,,,,12.73,,5.91
1995-04-12,19.5,18.73,7.06,6.61,,,,12.04,,6.17
1995-04-13,19.16,17.98,7.03,6.51,,,,11.48,,6.17
1995-04-14,,,,,,,,,,6.09
1995-04-15,,,,,,,,,,6.09
1995-04-16,,,,,,,,,,6.09
1995-04-17,19.8,,7.04,6.48,,,,12.33,,6.14
1995-04-18,20.14,18.55,7.04,6.44,,,,12.96,,5.98
1995-04-19,20.4,18.73,7.06,6.51,,,,13.09,,5.92
1995-04-20,20.52,19.15,7.02,6.43,,,,12.1,,5.96
1995-04-21,20.46,19.18,7.01,6.44,,,,11.86,,5.93
1995-04-22,,,,,,,,,,5.93
1995-04-23,,,,,,,,,,5.93
1995-04-24,20.13,19.05,7.01,6.46,,,,11.92,,5.98
1995-04-25,20.31,19.35,7.01,6.48,,,,12.41,,5.97
1995-04-26,20.18,18.9,7.01,6.5,,,,12.28,,6.23
1995-04-27,20.48,19.08,7.04,6.55,,,,11.93,,6.04
1995-04-28,20.36,18.98,7.07,6.6,,,,11.75,,6.06
1995-04-29,,,,,,,,,,6.06
1995-04-30,,,,,,,,,,6.06
1995-05-01,20.53,19.38,7.09,6.62,,,,12.14,,6.1
1995-05-02,20.18,18.83,7.04,6.55,,,,11.88,,6.01
1995-05-03,19.88,18.33,6.96,6.47,,,,11.69,,6.0
1995-05-04,20.3,18.68,6.85,6.35,,,,12.64,,6.01
1995-05-05,20.33,18.85,6.69,6.16,,,,12.06,,5.98
1995-05-06,,,,,,,,,,5.98
1995-05-07,,,,,,,,,,5.98
1995-05-08,20.32,18.78,6.7,6.18,,,,12.22,,6.04
1995-05-09,19.67,18.12,6.61,6.08,,,,12.75,,5.95
1995-05-10,19.76,18.1,6.66,6.11,,,,13.08,,6.03
1995-05-11,19.4,18.08,6.68,6.2,,,,12.98,,6.0
1995-05-12,19.55,18.23,6.67,6.2,,,,11.84,,5.99
1995-05-13,,,,,,,,,,5.99
1995-05-14,,,,,,,,,,5.99
1995-05-15,19.91,18.43,6.62,6.16,,,,12.38,,6.17
1995-05-16,20.01,18.53,6.57,6.11,,,,12.2,,6.01
1995-05-17,19.94,18.5,6.53,6.11,,,,12.36,,5.97
1995-05-18,19.99,18.23,6.61,6.18,,,,13.13,,5.98
1995-05-19,20.06,18.43,6.61,6.19,,,,12.81,,5.94
1995-05-20,,,,,,,,,,5.94
1995-05-21,,,,,,,,,,5.94
1995-05-22,19.86,18.38,6.63,6.19,,,,11.68,,6.0
1995-05-23,19.81,18.48,6.57,6.15,,,,11.55,,5.96
1995-05-24,19.34,18.55,6.44,6.01,,,,11.26,,6.16
1995-05-25,19.12,18.0,6.39,5.99,,,,11.63,,6.04
1995-05-26,18.7,17.8,6.4,5.97,,,,12.2,,5.97
1995-05-27,,,,,,,,,,5.97
1995-05-28,,,,,,,,,,5.97
1995-05-29,,,,,,,,,,5.97
1995-05-30,18.78,17.43,6.3,5.89,,,,12.52,,6.07
1995-05-31,18.88,17.58,6.3,5.89,,,,12.85,,6.17
1995-06-01,18.89,17.7,6.2,5.71,,,,12.21,,6.04
1995-06-02,19.14,17.9,6.1,5.54,,,,12.98,,6.02
1995-06-03,,,,,,,,,,6.02
1995-06-04,,,,,,,,,,6.02
1995-06-05,19.25,18.23,6.08,5.54,,,,13.45,,5.99
1995-06-06,19.16,17.95,6.08,5.57,,,,13.0,,5.96
1995-06-07,19.08,18.13,6.2,5.74,,,,12.84,,6.15
1995-06-08,18.94,17.93,6.22,5.82,,,,12.89,,6.08
1995-06-09,18.83,17.68,6.4,6.01,,,,12.76,,6.02
1995-06-10,,,,,,,,,,6.02
1995-06-11,,,,,,,,,,6.02
1995-06-12,18.87,17.63,6.37,5.96,,,,11.91,,6.02
1995-06-13,18.93,17.83,6.14,5.63,,,,11.29,,5.97
1995-06-14,19.05,17.63,6.15,5.67,,,,11.29,,5.99
1995-06-15,18.9,17.95,6.18,5.73,,,,11.23,,6.1
1995-06-16,18.8,17.75,6.21,5.77,,,,10.75,,6.02
1995-06-17,,,,,,,,,,6.02
1995-06-18,,,,,,,,,,6.02
1995-06-19,18.23,16.93,6.13,5.65,,,,11.21,,6.05
1995-06-20,18.01,16.98,6.16,5.72,,,,11.16,,6.01
1995-06-21,17.59,16.5,6.13,5.68,,,,11.32,,5.77
1995-06-22,17.76,16.55,6.04,5.61,,,,11.44,,5.99
1995-06-23,17.81,16.4,6.06,5.64,,,,11.12,,5.94
1995-06-24,,,,,,,,,,5.94
1995-06-25,,,,,,,,,,5.94
1995-06-26,17.67,16.55,6.11,5.71,,,,11.8,,5.99
1995-06-27,17.95,16.63,6.15,5.7,,,,12.37,,5.94
1995-06-28,17.98,16.95,6.1,5.67,,,,11.74,,5.92
1995-06-29,17.59,16.5,6.28,5.89,,,,11.59,,5.96
1995-06-30,17.38,16.58,6.21,5.79,,,,11.38,,6.11
1995-07-01,,,,,,,,,,6.11
1995-07-02,,,,,,,,,,6.11
1995-07-03,17.33,16.35,6.21,5.79,,,,11.57,,5.89
1995-07-04,,15.93,,,,,,,,5.89
1995-07-05,17.21,16.0,6.19,5.78,,,,12.1,,7.41
1995-07-06,17.42,16.15,6.05,5.56,,,,11.52,,6.06
1995-07-07,17.14,16.1,6.04,5.54,,,,11.77,,5.77
1995-07-08,,,,,,,,,,5.77
1995-07-09,,,,,,,,,,5.77
1995-07-10,17.35,15.88,6.04,5.56,,,,12.19,,5.78
1995-07-11,17.31,15.93,6.09,5.59,,,,12.25,,5.75
1995-07-12,17.49,16.03,6.1,5.59,,,,12.31,,5.74
1995-07-13,17.25,15.98,6.09,5.61,,,,12.56,,5.75
1995-07-14,17.32,15.8,6.15,5.7,,,,12.08,,5.68
1995-07-15,,,,,,,,,,5.68
1995-07-16,,,,,,,,,,5.68
1995-07-17,17.28,15.73,6.22,5.77,,,,12.26,,5.76
1995-07-18,17.33,15.68,6.25,5.77,,,,12.68,,5.67
1995-07-19,17.33,15.8,6.43,5.89,,,,13.49,,5.82
1995-07-20,17.03,15.68,6.43,5.91,,,,12.78,,5.8
1995-07-21,17.07,15.35,6.53,5.95,,,,12.37,,5.74
1995-07-22,,,,,,,,,,5.74
1995-07-23,,,,,,,,,,5.74
1995-07-24,17.17,15.38,6.46,5.97,,,,12.55,,5.75
1995-07-25,17.45,15.48,6.43,5.94,,,,12.77,,5.73
1995-07-26,17.47,16.0,6.48,5.97,,,,13.18,,5.76
1995-07-27,17.51,15.98,6.43,5.91,,,,13.18,,5.78
1995-07-28,17.43,15.93,6.49,5.92,,,,13.18,,5.77
1995-07-29,,,,,,,,,,5.77
1995-07-30,,,,,,,,,,5.77
1995-07-31,17.62,15.78,6.45,5.88,,,,13.49,,5.97
1995-08-01,17.59,16.1,6.5,5.94,,,,13.56,,5.55
1995-08-02,17.95,16.13,6.44,5.86,,,,13.66,,6.21
1995-08-03,17.72,15.99,6.53,5.94,,,,13.78,,5.79
1995-08-04,17.74,16.08,6.5,5.91,,,,13.21,,5.72
1995-08-05,,,,,,,,,,5.72
1995-08-06,,,,,,,,,,5.72
1995-08-07,17.65,15.9,6.48,5.9,,,,13.1,,5.76
1995-08-08,17.86,16.0,6.47,5.9,,,,13.06,,5.7
1995-08-09,17.77,16.13,6.47,5.93,,,,12.75,,5.67
1995-08-10,17.91,16.08,6.51,5.95,,,,13.0,,5.68
1995-08-11,17.86,16.23,6.59,6.05,,,,12.9,,5.67
1995-08-12,,,,,,,,,,5.67
1995-08-13,,,,,,,,,,5.67
1995-08-14,17.48,15.93,6.59,6.05,,,,13.24,,5.76
1995-08-15,17.4,15.85,6.57,6.11,,,,12.35,,5.9
1995-08-16,17.59,15.78,6.54,6.07,,,,12.45,,5.86
1995-08-17,17.65,15.85,6.57,6.12,,,,12.13,,5.76
1995-08-18,17.87,16.03,6.57,6.13,,,,12.03,,5.68
1995-08-19,,,,,,,,,,5.68
1995-08-20,,,,,,,,,,5.68
1995-08-21,18.26,16.25,6.54,6.08,,,,13.42,,5.71
1995-08-22,18.54,16.23,6.57,6.1,,,,12.6,,5.68
1995-08-23,18.79,16.5,6.6,6.11,,,,13.17,,5.68
1995-08-24,19.6,16.3,6.5,6.0,,,,12.94,,5.71
1995-08-25,19.91,16.15,6.38,5.9,,,,12.33,,5.71
1995-08-26,,,,,,,,,,5.71
1995-08-27,,,,,,,,,,5.71
1995-08-28,17.84,,6.34,5.85,,,,12.48,,5.72
1995-08-29,17.87,16.23,6.36,5.93,,,,12.65,,5.48
1995-08-30,17.74,16.18,6.33,5.88,,,,12.03,,5.9
1995-08-31,17.89,16.2,6.28,5.85,,,,11.52,,5.93
1995-09-01,18.08,16.25,6.22,5.78,,,,11.29,,5.72
1995-09-02,,,,,,,,,,5.72
1995-09-03,,,,,,,,,,5.72
1995-09-04,,16.62,,,,,,,,5.72
1995-09-05,18.49,16.68,6.18,5.77,,,,11.65,,5.86
1995-09-06,18.27,16.63,6.17,5.76,,,,11.65,,5.75
1995-09-07,18.27,16.6,6.21,5.8,,,,11.85,,5.74
1995-09-08,18.44,16.93,6.24,5.85,,,,11.16,,5.67
1995-09-09,,,,,,,,,,5.67
1995-09-10,,,,,,,,,,5.67
1995-09-11,18.49,16.75,6.24,5.83,,,,11.51,,5.73
1995-09-12,18.76,16.9,6.16,5.77,,,,11.46,,5.65
1995-09-13,18.53,16.85,6.18,5.8,,,,11.35,,5.96
1995-09-14,18.87,17.0,6.08,5.68,,,,11.1,,5.88
1995-09-15,18.94,17.18,6.11,5.71,,,,11.58,,5.8
1995-09-16,,,,,,,,,,5.8
1995-09-17,,,,,,,,,,5.8
1995-09-18,18.92,17.23,6.17,5.77,,,,12.34,,5.76
1995-09-19,19.01,17.23,6.14,5.75,,,,12.67,,5.73
1995-09-20,18.53,17.0,6.1,5.73,,,,12.35,,5.72
1995-09-21,17.89,16.6,6.21,5.83,,,,12.5,,5.71
1995-09-22,17.27,16.4,6.25,5.85,,,,12.46,,5.66
1995-09-23,,,,,,,,,,5.66
1995-09-24,,,,,,,,,,5.66
1995-09-25,17.38,16.18,6.26,5.89,,,,13.22,,5.75
1995-09-26,17.47,16.15,6.28,5.88,,,,12.9,,5.73
1995-09-27,17.64,16.28,6.3,5.92,,,,12.9,,6.45
1995-09-28,17.72,16.65,6.28,5.92,,,,12.46,,6.05
1995-09-29,17.54,16.58,6.17,5.83,,,,12.74,,6.2
1995-09-30,,,,,,,,,,6.2
1995-10-01,,,,,,,,,,6.2
1995-10-02,17.67,16.55,6.15,5.82,,,,13.95,,5.93
1995-10-03,17.56,16.58,6.13,5.8,,,,14.5,,5.75
1995-10-04,17.32,16.4,6.12,5.75,,,,14.86,,5.69
1995-10-05,16.86,15.85,6.06,5.72,,,,15.74,,5.69
1995-10-06,17.03,15.75,6.06,5.73,,,,13.98,,5.65
1995-10-07,,,,,,,,,,5.65
1995-10-08,,,,,,,,,,5.65
1995-10-09,17.36,16.0,,,,,,14.85,,5.65
1995-10-10,17.29,15.95,6.07,5.74,,,,14.97,,5.74
1995-10-11,17.28,16.05,6.09,5.75,,,,14.57,,6.01
1995-10-12,17.08,15.9,6.07,5.72,,,,14.24,,5.8
1995-10-13,17.38,15.98,5.97,5.67,,,,13.67,,5.7
1995-10-14,,,,,,,,,,5.7
1995-10-15,,,,,,,,,,5.7
1995-10-16,17.6,16.15,5.97,5.67,,,,14.62,,5.74
1995-10-17,17.59,16.03,5.97,5.65,,,,14.03,,5.66
1995-10-18,17.57,15.98,5.99,5.67,,,,14.05,,5.65
1995-10-19,17.34,15.85,5.98,5.67,,,,13.55,,5.7
1995-10-20,17.44,15.8,6.04,5.72,,,,13.46,,5.7
1995-10-21,,,,,,,,,,5.7
1995-10-22,,,,,,,,,,5.7
1995-10-23,17.48,15.88,6.07,5.76,,,,14.17,,5.74
1995-10-24,17.61,16.08,6.02,5.68,,,,13.85,,5.7
1995-10-25,17.58,15.98,6.0,5.64,,,,14.49,,6.09
1995-10-26,17.61,16.3,6.06,5.61,,,,15.59,,5.76
1995-10-27,17.54,16.35,6.05,5.64,,,,14.63,,5.68
1995-10-28,,,,,,,,,,5.68
1995-10-29,,,,,,,,,,5.68
1995-10-30,17.67,16.45,6.04,5.62,,,,14.26,,5.78
1995-10-31,17.67,16.58,6.03,5.61,,,,13.83,,5.97
1995-11-01,17.74,16.53,5.98,5.52,,,,13.41,,5.76
1995-11-02,17.94,16.83,5.92,5.46,,,,13.19,,5.72
1995-11-03,17.93,16.88,5.94,5.49,,,,12.26,,5.66
1995-11-04,,,,,,,,,,5.66
1995-11-05,,,,,,,,,,5.66
1995-11-06,17.68,16.78,5.96,5.51,,,,12.74,,5.71
1995-11-07,17.62,16.7,5.99,5.54,,,,13.05,,5.65
1995-11-08,17.82,16.75,5.92,5.47,,,,12.16,,5.93
1995-11-09,17.83,16.9,5.97,5.49,,,,12.46,,5.74
1995-11-10,17.83,16.83,6.0,5.52,,,,12.97,,5.68
1995-11-11,,,,,,,,,,5.68
1995-11-12,,,,,,,,,,5.68
1995-11-13,17.78,16.63,5.98,5.49,,,,13.2,,5.74
1995-11-14,17.89,16.58,5.97,5.47,,,,13.38,,5.71
1995-11-15,17.92,16.73,6.0,5.53,,,,12.95,,5.94
1995-11-16,18.16,16.78,5.93,5.46,,,,12.57,,5.84
1995-11-17,18.56,17.03,5.92,5.46,,,,12.49,,5.7
1995-11-18,,,,,,,,,,5.7
1995-11-19,,,,,,,,,,5.7
1995-11-20,18.14,16.8,5.93,5.46,,,,12.37,,5.73
1995-11-21,17.89,16.6,5.92,5.49,,,,11.74,,5.68
1995-11-22,17.93,16.9,5.93,5.51,,,,11.81,,6.31
1995-11-23,,16.88,,,,,,,,6.31
1995-11-24,,16.93,5.91,5.49,,,,11.87,,5.97
1995-11-25,,,,,,,,,,5.97
1995-11-26,,,,,,,,,,5.97
1995-11-27,18.37,17.2,5.88,5.46,,,,12.43,,5.77
1995-11-28,18.28,17.25,5.88,5.45,,,,11.57,,5.69
1995-11-29,18.27,17.3,5.85,5.42,,,,11.65,,5.72
1995-11-30,18.27,17.13,5.76,5.36,,,,11.58,,6.11
1995-12-01,18.43,17.18,5.71,5.32,,,,11.11,,5.56
1995-12-02,,,,,,,,,,5.56
1995-12-03,,,,,,,,,,5.56
1995-12-04,18.61,17.35,5.63,5.27,,,,10.66,,5.74
1995-12-05,18.66,17.53,5.65,5.29,,,,11.65,,5.72
1995-12-06,18.76,17.55,5.67,5.32,,,,12.7,,5.99
1995-12-07,18.69,17.48,5.72,5.39,,,,12.74,,5.82
1995-12-08,18.97,17.73,5.73,5.39,,,,11.12,,5.73
1995-12-09,,,,,,,,,,5.73
1995-12-10,,,,,,,,,,5.73
1995-12-11,18.62,17.68,5.71,5.38,,,,11.06,,5.73
1995-12-12,18.8,17.48,5.72,5.39,,,,10.63,,5.69
1995-12-13,19.01,17.7,5.74,5.39,,,,10.36,,5.7
1995-12-14,19.14,17.9,5.74,5.38,,,,11.07,,5.82
1995-12-15,19.51,18.15,5.75,5.36,,,,11.44,,5.78
1995-12-16,,,,,,,,,,5.78
1995-12-17,,,,,,,,,,5.78
1995-12-18,19.71,18.33,5.85,5.43,,,,14.55,,5.76
1995-12-19,19.05,18.03,5.81,5.36,,,,13.16,,5.63
1995-12-20,18.87,18.05,5.76,5.33,,,,12.2,,6.74
1995-12-21,18.83,18.1,5.77,5.33,,,,10.77,,5.74
1995-12-22,19.12,18.18,5.71,5.28,,,,11.51,,5.44
1995-12-23,,,,,,,,,,5.44
1995-12-24,,,,,,,,,,5.44
1995-12-25,,,,,,,,,,5.44
1995-12-26,19.25,,5.69,5.27,,,,11.49,,5.5
1995-12-27,19.49,18.73,5.66,5.23,,,,11.98,,5.39
1995-12-28,19.47,18.78,5.63,5.2,,,,12.25,,5.53
1995-12-29,19.54,18.65,5.58,5.18,,,,12.52,,4.73
1995-12-30,,,,,,,,,,4.73
1995-12-31,,,,,,,,,,4.73
1996-01-01,,,,,,,,,,4.73
1996-01-02,19.83,18.95,5.6,5.18,,,,12.19,,6.06
1996-01-03,19.9,19.15,5.58,5.17,,,,12.1,,6.93
1996-01-04,19.96,19.13,5.65,5.17,,,,13.78,,5.69
1996-01-05,20.26,19.5,5.69,5.2,,,,13.58,,5.46
1996-01-06,,,,,,,,,,5.46
1996-01-07,,,,,,,,,,5.46
1996-01-08,20.5,19.68,5.68,5.2,,,,13.11,,6.01
1996-01-09,19.86,19.05,5.7,5.18,,,,15.21,,5.28
1996-01-10,19.66,18.48,5.8,5.22,,,,16.4,,5.35
1996-01-11,18.87,17.85,5.78,5.22,,,,14.69,,5.52
1996-01-12,18.28,17.58,5.75,5.17,,,,14.23,,5.5
1996-01-13,,,,,,,,,,5.5
1996-01-14,,,,,,,,,,5.5
1996-01-15,18.42,17.5,,,,,,14.99,,5.5
1996-01-16,18.12,17.73,5.66,5.08,,,,14.09,,5.84
1996-01-17,18.58,17.43,5.58,5.05,,,,14.25,,5.91
1996-01-18,19.12,17.88,5.53,5.01,,,,13.58,,5.51
1996-01-19,18.94,17.53,5.54,5.03,,,,12.7,,5.4
1996-01-20,,,,,,,,,,5.4
1996-01-21,,,,,,,,,,5.4
1996-01-22,18.49,17.53,5.61,5.08,,,,13.34,,5.46
1996-01-23,18.58,17.38,5.66,5.09,,,,13.56,,5.44
1996-01-24,18.95,17.33,5.62,5.07,,,,12.54,,5.5
1996-01-25,18.06,17.0,5.7,5.11,,,,12.94,,5.56
1996-01-26,17.68,16.7,5.65,5.08,,,,12.0,,5.51
1996-01-27,,,,,,,,,,5.51
1996-01-28,,,,,,,,,,5.51
1996-01-29,17.33,16.23,5.69,5.1,,,,12.19,,5.53
1996-01-30,17.65,16.53,5.63,5.02,,,,12.42,,5.37
1996-01-31,17.76,16.63,5.6,4.93,,,,12.53,,5.71
1996-02-01,17.63,16.78,5.63,4.93,,,,12.65,,5.27
1996-02-02,17.83,17.05,5.66,4.9,,,,13.23,,5.23
1996-02-03,,,,,,,,,,5.23
1996-02-04,,,,,,,,,,5.23
1996-02-05,17.53,16.93,5.7,4.95,,,,13.46,,5.23
1996-02-06,17.74,16.83,5.68,4.93,,,,14.59,,5.16
1996-02-07,17.71,16.93,5.66,4.92,,,,14.11,,5.13
1996-02-08,17.79,17.05,5.66,4.9,,,,13.89,,5.18
1996-02-09,17.83,17.23,5.66,4.85,,,,14.63,,5.17
1996-02-10,,,,,,,,,,5.17
1996-02-11,,,,,,,,,,5.17
1996-02-12,18.01,17.18,5.61,4.83,,,,14.69,,5.12
1996-02-13,18.96,18.08,5.58,4.8,,,,14.94,,4.93
1996-02-14,18.86,18.28,5.62,4.82,,,,15.59,,4.92
1996-02-15,19.02,18.18,5.7,4.87,,,,16.13,,5.36
1996-02-16,19.16,18.2,5.76,4.9,,,,15.37,,5.13
1996-02-17,,,,,,,,,,5.13
1996-02-18,,,,,,,,,,5.13
1996-02-19,,18.2,,,,,,,,5.13
1996-02-20,21.07,18.58,6.01,5.18,,,,16.8,,5.2
1996-02-21,21.63,19.05,5.98,5.16,,,,14.47,,5.1
1996-02-22,22.14,19.28,5.92,5.11,,,,14.56,,5.15
1996-02-23,20.97,18.85,5.97,5.13,,,,14.78,,5.14
1996-02-24,,,,,,,,,,5.14
1996-02-25,,,,,,,,,,5.14
1996-02-26,19.45,18.85,6.01,5.18,,,,16.38,,5.19
1996-02-27,19.65,19.0,6.06,5.28,,,,16.63,,5.2
1996-02-28,19.3,18.65,6.11,5.43,,,,16.72,,6.18
1996-02-29,19.59,18.8,6.13,5.44,,,,17.04,,6.05
1996-03-01,19.45,18.55,5.99,5.26,,,,16.72,,5.81
1996-03-02,,,,,,,,,,5.81
1996-03-03,,,,,,,,,,5.81
1996-03-04,19.24,18.4,5.92,5.21,,,,16.67,,5.33
1996-03-05,19.65,18.75,5.96,5.28,,,,16.1,,5.13
1996-03-06,20.16,19.18,6.05,5.36,,,,16.56,,5.08
1996-03-07,19.87,19.03,6.07,5.4,,,,16.49,,5.21
1996-03-08,19.66,18.85,6.41,5.73,,,,20.7,,5.16
1996-03-09,,,,,,,,,,5.16
1996-03-10,,,,,,,,,,5.16
1996-03-11,19.92,18.93,6.33,5.71,,,,19.4,,5.25
1996-03-12,20.42,19.3,6.36,5.78,,,,19.09,,5.25
1996-03-13,20.49,19.58,6.35,5.73,,,,18.13,,5.49
1996-03-14,21.18,19.4,6.36,5.7,,,,16.93,,5.56
1996-03-15,21.99,19.3,6.46,5.87,,,,16.54,,5.42
1996-03-16,,,,,,,,,,5.42
1996-03-17,,,,,,,,,,5.42
1996-03-18,23.23,20.5,6.43,5.89,,,,17.31,,5.27
1996-03-19,24.56,20.35,6.41,5.85,,,,18.35,,5.2
1996-03-20,22.74,20.38,6.34,5.76,,,,18.66,,5.21
1996-03-21,22.44,20.35,6.28,5.72,,,,17.74,,5.21
1996-03-22,22.85,21.15,6.32,5.74,,,,17.05,,5.17
1996-03-23,,,,,,,,,,5.17
1996-03-24,,,,,,,,,,5.17
1996-03-25,23.23,21.3,6.26,5.69,,,,17.84,,5.29
1996-03-26,22.38,21.68,6.25,5.72,,,,17.8,,5.23
1996-03-27,21.64,21.33,6.34,5.81,,,,17.89,,5.29
1996-03-28,21.45,20.25,6.41,5.88,,,,18.16,,5.31
1996-03-29,21.43,20.33,6.34,5.79,,,,18.88,,5.25
1996-03-30,,,,,,,,,,5.25
1996-03-31,,,,,,,,,,5.25
1996-04-01,22.29,20.8,6.31,5.79,,,,17.9,,5.53
1996-04-02,22.68,21.18,6.25,5.74,,,,16.45,,5.29
1996-04-03,22.22,20.93,6.27,5.77,,,,16.33,,5.25
1996-04-04,22.75,20.85,6.33,5.83,,,,16.18,,5.25
1996-04-05,,,6.57,6.09,,,,,,4.89
1996-04-06,,,,,,,,,,4.89
1996-04-07,,,,,,,,,,4.89
1996-04-08,23.01,,6.63,6.11,,,,18.72,,5.14
1996-04-09,23.23,21.43,6.56,6.06,,,,17.32,,5.07
1996-04-10,24.08,22.63,6.63,6.1,,,,20.22,,5.46
1996-04-11,25.15,23.9,6.68,6.12,,,,19.65,,5.33
1996-04-12,24.29,22.73,6.52,5.96,,,,17.38,,5.22
1996-04-13,,,,,,,,,,5.22
1996-04-14,,,,,,,,,,5.22
1996-04-15,25.13,22.68,6.47,5.93,,,,16.83,,5.33
1996-04-16,24.48,21.2,6.48,5.91,,,,16.45,,5.17
1996-04-17,24.67,19.88,6.52,5.96,,,,17.07,,5.17
1996-04-18,23.47,19.33,6.58,6.02,,,,16.41,,5.19
1996-04-19,23.96,19.53,6.53,5.95,,,,15.12,,5.1
1996-04-20,,,,,,,,,,5.1
1996-04-21,,,,,,,,,,5.1
1996-04-22,23.94,19.38,6.48,5.92,,,,15.38,,5.23
1996-04-23,24.39,20.88,6.52,5.93,,,,15.01,,5.38
1996-04-24,24.0,20.73,6.57,5.95,,,,14.91,,5.57
1996-04-25,24.35,20.35,6.56,5.99,,,,14.72,,5.34
1996-04-26,22.33,20.05,6.54,5.92,,,,14.75,,5.21
1996-04-27,,,,,,,,,,5.21
1996-04-28,,,,,,,,,,5.21
1996-04-29,22.07,20.05,6.59,5.98,,,,15.45,,5.25
1996-04-30,20.95,19.5,6.66,6.03,,,,15.83,,5.5
1996-05-01,20.81,18.95,6.68,6.03,,,,16.07,,5.41
1996-05-02,20.78,19.45,6.85,6.16,,,,18.62,,5.28
1996-05-03,21.19,19.38,6.9,6.2,,,,16.7,,5.14
1996-05-04,,,,,,,,,,5.14
1996-05-05,,,,,,,,,,5.14
1996-05-06,21.06,,6.86,6.15,,,,16.92,,5.26
1996-05-07,21.07,20.08,6.87,6.2,,,,16.87,,5.24
1996-05-08,21.13,19.85,6.78,6.15,,,,15.78,,5.31
1996-05-09,20.65,19.35,6.84,6.14,,,,16.99,,5.28
1996-05-10,21.01,19.23,6.75,6.04,,,,15.61,,5.2
1996-05-11,,,,,,,,,,5.2
1996-05-12,,,,,,,,,,5.2
1996-05-13,21.23,19.48,6.72,6.06,,,,15.16,,5.25
1996-05-14,21.35,19.63,6.66,6.01,,,,14.9,,5.25
1996-05-15,21.28,19.5,6.65,6.01,,,,15.59,,5.47
1996-05-16,20.79,18.63,6.7,6.08,,,,15.71,,5.24
1996-05-17,20.64,18.05,6.65,6.04,,,,15.13,,5.15
1996-05-18,,,,,,,,,,5.15
1996-05-19,,,,,,,,,,5.15
1996-05-20,22.28,18.63,6.62,6.02,,,,15.8,,5.21
1996-05-21,21.95,18.7,6.65,6.03,,,,16.0,,5.23
1996-05-22,23.02,19.4,6.63,6.03,,,,15.5,,5.41
1996-05-23,22.35,19.53,6.68,6.05,,,,16.17,,5.2
1996-05-24,21.58,19.73,6.65,6.03,,,,15.54,,5.14
1996-05-25,,,,,,,,,,5.14
1996-05-26,,,,,,,,,,5.14
1996-05-27,,,,,,,,,,5.14
1996-05-28,21.1,19.53,6.67,6.05,,,,16.92,,5.33
1996-05-29,20.65,18.95,6.77,6.16,,,,17.15,,5.24
1996-05-30,19.95,18.1,6.78,6.18,,,,16.02,,5.34
1996-05-31,19.77,18.1,6.85,6.27,,,,16.07,,5.31
1996-06-01,,,,,,,,,,5.31
1996-06-02,,,,,,,,,,5.31
1996-06-03,19.86,18.25,6.87,6.26,,,,16.86,,5.44
1996-06-04,20.28,18.5,6.86,6.24,,,,16.18,,5.23
1996-06-05,19.73,18.2,6.82,6.24,,,,16.04,,5.34
1996-06-06,20.06,18.18,6.76,6.16,,,,16.84,,5.29
1996-06-07,20.28,18.4,6.93,6.4,,,,16.1,,5.21
1996-06-08,,,,,,,,,,5.21
1996-06-09,,,,,,,,,,5.21
1996-06-10,20.18,18.48,6.97,6.4,,,,16.78,,5.28
1996-06-11,20.13,18.28,6.99,6.37,,,,16.68,,5.24
1996-06-12,20.13,18.23,7.03,6.39,,,,17.0,,5.25
1996-06-13,20.03,17.98,7.01,6.36,,,,17.12,,5.27
1996-06-14,20.28,17.83,6.95,6.29,,,,18.64,,5.3
1996-06-15,,,,,,,,,,5.3
1996-06-16,,,,,,,,,,5.3
1996-06-17,21.43,18.7,6.9,6.27,,,,17.46,,5.47
1996-06-18,21.53,18.8,6.93,6.28,,,,17.45,,5.27
1996-06-19,20.73,18.4,6.96,6.31,,,,17.54,,6.25
1996-06-20,20.68,18.43,6.98,6.38,,,,16.97,,5.37
1996-06-21,20.38,18.45,6.96,6.35,,,,15.8,,5.19
1996-06-22,,,,,,,,,,5.19
1996-06-23,,,,,,,,,,5.19
1996-06-24,20.1,18.38,6.94,6.32,,,,15.91,,5.18
1996-06-25,20.13,18.38,6.91,6.3,,,,15.43,,5.15
1996-06-26,20.63,18.6,6.91,6.3,,,,15.23,,5.18
1996-06-27,20.98,19.38,6.83,6.21,,,,14.19,,5.27
1996-06-28,20.92,19.28,6.73,6.11,,,,13.68,,5.0
1996-06-29,,,,,,,,,,5.0
1996-06-30,,,,,,,,,,5.0
1996-07-01,21.48,19.77,6.74,6.15,,,,13.78,,7.8
1996-07-02,21.08,19.43,6.8,6.22,,,,14.19,,5.29
1996-07-03,21.38,19.13,6.78,6.2,,,,14.21,,5.38
1996-07-04,,19.77,,,,,,,,5.38
1996-07-05,21.65,19.99,7.06,6.44,,,,16.09,,5.28
1996-07-06,,,,,,,,,,5.28
1996-07-07,,,,,,,,,,5.28
1996-07-08,21.33,19.62,7.05,6.43,,,,16.42,,5.27
1996-07-09,21.52,19.63,7.0,6.41,,,,15.49,,5.14
1996-07-10,21.56,19.8,6.95,6.34,,,,15.51,,5.16
1996-07-11,21.96,20.01,6.9,6.28,,,,17.81,,5.21
1996-07-12,21.9,19.93,6.85,6.26,,,,17.09,,5.18
1996-07-13,,,,,,,,,,5.18
1996-07-14,,,,,,,,,,5.18
1996-07-15,22.43,20.2,6.89,6.32,,,,20.11,,5.42
1996-07-16,22.28,20.3,6.84,6.23,,,,20.1,,5.2
1996-07-17,21.65,19.75,6.83,6.23,,,,19.22,,5.25
1996-07-18,21.68,19.95,6.72,6.16,,,,17.93,,5.28
1996-07-19,20.95,19.45,6.78,6.18,,,,17.26,,5.22
1996-07-20,,,,,,,,,,5.22
1996-07-21,,,,,,,,,,5.22
1996-07-22,21.05,19.23,6.84,6.23,,,,20.41,,5.25
1996-07-23,21.58,19.5,6.8,6.23,,,,21.55,,5.25
1996-07-24,20.97,19.36,6.87,6.26,,,,21.44,,5.29
1996-07-25,21.05,19.5,6.87,6.28,,,,19.39,,5.45
1996-07-26,20.13,18.92,6.85,6.25,,,,17.45,,5.26
1996-07-27,,,,,,,,,,5.26
1996-07-28,,,,,,,,,,5.26
1996-07-29,20.28,18.99,6.93,6.32,,,,20.09,,5.37
1996-07-30,20.28,18.9,6.89,6.3,,,,20.53,,5.33
1996-07-31,20.46,19.0,6.8,6.22,,,,19.46,,6.75
1996-08-01,20.95,18.84,6.65,6.08,,,,18.76,,6.29
1996-08-02,21.35,19.63,6.51,5.91,,,,16.19,,5.34
1996-08-03,,,,,,,,,,5.34
1996-08-04,,,,,,,,,,5.34
1996-08-05,21.25,19.65,6.53,5.93,,,,17.36,,5.15
1996-08-06,21.08,19.45,6.54,5.93,,,,16.93,,5.1
1996-08-07,21.35,19.48,6.55,5.97,,,,16.24,,5.07
1996-08-08,21.45,20.03,6.56,5.97,,,,16.04,,5.15
1996-08-09,21.6,20.05,6.5,5.93,,,,15.77,,5.1
1996-08-10,,,,,,,,,,5.1
1996-08-11,,,,,,,,,,5.1
1996-08-12,22.25,20.65,6.49,5.92,,,,15.57,,5.17
1996-08-13,22.35,21.03,6.57,5.97,,,,16.41,,4.89
1996-08-14,22.1,20.9,6.58,5.97,,,,15.96,,5.22
1996-08-15,21.95,20.88,6.62,6.0,,,,15.46,,5.48
1996-08-16,22.6,21.3,6.56,5.95,,,,14.81,,5.15
1996-08-17,,,,,,,,,,5.15
1996-08-18,,,,,,,,,,5.15
1996-08-19,23.1,21.58,6.59,5.97,,,,15.27,,5.17
1996-08-20,22.53,21.35,6.59,5.97,,,,14.73,,5.08
1996-08-21,22.15,20.8,6.61,5.99,,,,14.52,,5.09
1996-08-22,22.48,21.25,6.62,6.0,,,,13.71,,5.17
1996-08-23,22.23,20.78,6.72,6.09,,,,14.18,,5.22
1996-08-24,,,,,,,,,,5.22
1996-08-25,,,,,,,,,,5.22
1996-08-26,21.55,,6.8,6.18,,,,15.38,,5.28
1996-08-27,21.35,20.45,6.78,6.17,,,,15.11,,5.13
1996-08-28,21.75,20.68,6.79,6.17,,,,15.1,,5.24
1996-08-29,22.2,21.0,6.86,6.23,,,,16.22,,5.24
1996-08-30,22.25,20.98,6.96,6.34,,,,17.01,,5.28
1996-08-31,,,,,,,,,,5.28
1996-09-01,,,,,,,,,,5.28
1996-09-02,,22.23,,,,,,,,5.28
1996-09-03,23.35,21.9,6.92,6.35,,,,18.47,,6.01
1996-09-04,23.25,22.2,6.94,6.38,,,,18.64,,5.35
1996-09-05,23.45,22.15,6.98,6.38,,,,20.51,,5.19
1996-09-06,23.85,22.43,6.94,6.33,,,,17.1,,5.13
1996-09-07,,,,,,,,,,5.13
1996-09-08,,,,,,,,,,5.13
1996-09-09,23.75,22.25,6.9,6.32,,,,16.36,,5.2
1996-09-10,24.15,22.68,6.94,6.34,,,,16.25,,5.1
1996-09-11,24.75,23.3,6.94,6.34,,,,16.06,,5.26
1996-09-12,24.95,23.35,6.88,6.27,,,,15.97,,5.33
1996-09-13,24.5,23.83,6.74,6.1,,,,15.2,,5.29
1996-09-14,,,,,,,,,,5.29
1996-09-15,,,,,,,,,,5.29
1996-09-16,23.3,22.6,6.73,6.14,,,,15.43,,5.38
1996-09-17,23.4,21.7,6.81,6.22,,,,15.74,,5.02
1996-09-18,23.85,22.38,6.83,6.26,,,,15.86,,4.96
1996-09-19,23.45,22.08,6.87,6.29,,,,16.03,,5.29
1996-09-20,23.6,21.78,6.85,6.26,,,,15.65,,5.3
1996-09-21,,,,,,,,,,5.3
1996-09-22,,,,,,,,,,5.3
1996-09-23,23.83,22.15,6.83,6.24,,,,16.46,,5.32
1996-09-24,24.55,22.78,6.77,6.16,,,,16.45,,5.28
1996-09-25,24.6,23.05,6.71,6.08,,,,16.22,,5.56
1996-09-26,24.05,23.35,6.66,6.05,,,,16.11,,5.28
1996-09-27,24.6,22.9,6.68,6.07,,,,16.1,,5.21
1996-09-28,,,,,,,,,,5.21
1996-09-29,,,,,,,,,,5.21
1996-09-30,24.2,24.15,6.72,6.1,,,,16.95,,6.09
1996-10-01,24.35,23.18,6.65,6.03,,,,17.05,,5.53
1996-10-02,24.05,23.13,6.61,5.98,,,,16.78,,5.24
1996-10-03,24.85,23.63,6.61,6.0,,,,16.77,,5.17
1996-10-04,24.75,23.88,6.48,5.85,,,,14.8,,5.04
1996-10-05,,,,,,,,,,5.04
1996-10-06,,,,,,,,,,5.04
1996-10-07,25.25,24.28,6.53,5.89,,,,15.11,,5.16
1996-10-08,25.45,24.55,6.53,5.9,,,,15.58,,5.11
1996-10-09,25.0,24.58,6.55,5.96,,,,16.09,,5.43
1996-10-10,24.3,23.63,6.61,6.01,,,,16.26,,5.29
1996-10-11,24.65,23.85,6.55,5.92,,,,15.07,,5.16
1996-10-12,,,,,,,,,,5.16
1996-10-13,,,,,,,,,,5.16
1996-10-14,25.5,24.75,,,,,,15.13,,5.16
1996-10-15,25.45,24.58,6.56,5.93,,,,15.83,,5.41
1996-10-16,25.1,24.5,6.57,5.94,,,,15.6,,5.2
1996-10-17,25.4,24.83,6.51,5.89,,,,15.41,,5.19
1996-10-18,25.8,25.18,6.5,5.89,,,,15.08,,5.12
1996-10-19,,,,,,,,,,5.12
1996-10-20,,,,,,,,,,5.12
1996-10-21,25.85,25.08,6.52,5.91,,,,15.98,,5.21
1996-10-22,25.79,25.4,6.56,5.95,,,,16.4,,5.19
1996-10-23,24.78,24.6,6.56,5.94,,,,16.45,,5.58
1996-10-24,24.55,24.28,6.57,5.94,,,,16.89,,5.29
1996-10-25,24.8,24.13,6.54,5.9,,,,17.29,,5.27
1996-10-26,,,,,,,,,,5.27
1996-10-27,,,,,,,,,,5.27
1996-10-28,24.75,24.45,6.56,5.92,,,,18.34,,5.29
1996-10-29,24.15,23.3,6.4,5.77,,,,18.28,,5.22
1996-10-30,24.4,23.15,6.4,5.79,,,,18.48,,5.31
1996-10-31,23.25,22.8,6.37,5.77,,,,18.11,,5.63
1996-11-01,23.0,22.3,6.38,5.79,,,,17.89,,5.19
1996-11-02,,,,,,,,,,5.19
1996-11-03,,,,,,,,,,5.19
1996-11-04,22.8,22.1,6.36,5.78,,,,18.04,,5.21
1996-11-05,22.65,21.85,6.28,5.74,,,,17.65,,5.34
1996-11-06,22.75,21.85,6.3,5.76,,,,16.97,,5.46
1996-11-07,22.8,21.75,6.26,5.75,,,,17.21,,5.28
1996-11-08,23.6,22.4,6.29,5.76,,,,15.78,,5.17
1996-11-09,,,,,,,,,,5.17
1996-11-10,,,,,,,,,,5.17
1996-11-11,23.35,22.7,,,,,,14.04,,5.17
1996-11-12,23.4,22.38,6.19,5.73,,,,15.36,,5.3
1996-11-13,24.25,22.88,6.2,5.71,,,,14.89,,5.21
1996-11-14,24.35,23.18,6.15,5.66,,,,13.79,,5.34
1996-11-15,24.15,23.28,6.19,5.68,,,,14.36,,5.53
1996-11-16,,,,,,,,,,5.53
1996-11-17,,,,,,,,,,5.53
1996-11-18,23.85,22.75,6.2,5.7,,,,15.12,,5.15
1996-11-19,24.5,23.13,6.17,5.68,,,,15.23,,5.29
1996-11-20,23.75,23.4,6.14,5.65,,,,15.94,,5.53
1996-11-21,23.9,22.9,6.15,5.67,,,,15.77,,5.28
1996-11-22,24.15,23.86,6.15,5.69,,,,14.92,,5.24
1996-11-23,,,,,,,,,,5.24
1996-11-24,,,,,,,,,,5.24
1996-11-25,25.75,23.22,6.13,5.67,,,,15.91,,5.38
1996-11-26,23.7,22.78,6.13,5.66,,,,16.97,,5.28
1996-11-27,23.7,23.07,6.14,5.66,,,,16.96,,5.42
1996-11-28,,23.0,,,,,,,,5.42
1996-11-29,23.7,23.17,6.06,5.59,,,,17.14,,5.44
1996-11-30,,,,,,,,,,5.44
1996-12-01,,,,,,,,,,5.44
1996-12-02,24.7,23.5,6.08,5.61,,,,17.93,,5.67
1996-12-03,24.8,24.12,6.06,5.61,,,,18.68,,5.09
1996-12-04,25.0,24.21,6.11,5.64,,,,17.93,,6.12
1996-12-05,25.6,24.49,6.22,5.71,,,,18.14,,5.36
1996-12-06,25.6,24.56,6.26,5.73,,,,18.82,,5.21
1996-12-07,,,,,,,,,,5.21
1996-12-08,,,,,,,,,,5.21
1996-12-09,25.15,24.18,6.21,5.7,,,,17.75,,5.19
1996-12-10,24.25,23.74,6.23,5.71,,,,17.88,,5.17
1996-12-11,23.4,22.95,6.38,5.82,,,,19.68,,5.19
1996-12-12,23.75,22.65,6.4,5.84,,,,20.45,,5.25
1996-12-13,24.45,22.83,6.33,5.77,,,,21.09,,5.28
1996-12-14,,,,,,,,,,5.28
1996-12-15,,,,,,,,,,5.28
1996-12-16,25.7,23.98,6.39,5.82,,,,21.99,,5.56
1996-12-17,25.7,24.05,6.42,5.87,,,,20.77,,5.38
1996-12-18,26.05,23.69,6.46,5.89,,,,19.42,,5.6
1996-12-19,26.55,24.18,6.36,5.83,,,,18.77,,5.29
1996-12-20,26.1,23.96,6.35,5.83,,,,18.85,,5.15
1996-12-21,,,,,,,,,,5.15
1996-12-22,,,,,,,,,,5.15
1996-12-23,26.4,23.51,6.34,5.85,,,,19.5,,5.26
1996-12-24,25.05,23.66,6.36,5.85,,,,18.68,,5.14
1996-12-25,,,,,,,,,,5.14
1996-12-26,25.1,,6.35,5.85,,,,18.59,,5.26
1996-12-27,25.2,23.55,6.3,5.81,,,,19.13,,4.77
1996-12-28,,,,,,,,,,4.77
1996-12-29,,,,,,,,,,4.77
1996-12-30,25.35,23.95,6.31,5.8,,,,19.51,,5.53
1996-12-31,25.9,23.9,6.43,5.88,,,,20.92,,6.26
1997-01-01,,,,,,,,,,6.26
1997-01-02,25.55,24.45,6.54,5.97,,,,21.14,,5.79
1997-01-03,25.55,24.19,6.52,5.95,,,,19.13,,5.17
1997-01-04,,,,,,,,,,5.17
1997-01-05,,,,,,,,,,5.17
1997-01-06,26.25,24.76,6.54,5.97,,,,19.89,,5.26
1997-01-07,26.25,24.76,6.57,5.98,,,,19.35,,5.2
1997-01-08,26.55,24.78,6.6,6.01,,,,20.24,,5.2
1997-01-09,26.3,24.83,6.52,5.94,,,,20.91,,5.25
1997-01-10,26.15,24.22,6.63,6.06,,,,19.63,,5.17
1997-01-11,,,,,,,,,,5.17
1997-01-12,,,,,,,,,,5.17
1997-01-13,25.2,23.41,6.63,6.07,,,,19.84,,5.24
1997-01-14,25.1,,6.53,5.98,,,,19.27,,5.14
1997-01-15,25.95,23.31,6.53,5.98,,,,19.4,,5.22
1997-01-16,25.45,23.31,6.57,6.0,,,,19.61,,5.26
1997-01-17,25.4,22.87,6.56,6.0,,,,18.63,,5.14
1997-01-18,,,,,,,,,,5.14
1997-01-19,,,,,,,,,,5.14
1997-01-20,25.1,22.86,,,,,,18.6,,5.14
1997-01-21,24.8,22.98,6.52,5.99,,,,17.81,,5.33
1997-01-22,24.4,22.93,6.56,6.0,,,,17.09,,5.21
1997-01-23,23.85,22.93,6.6,6.06,,,,18.47,,5.24
1997-01-24,23.85,22.8,6.64,6.07,,,,19.33,,5.13
1997-01-25,,,,,,,,,,5.13
1997-01-26,,,,,,,,,,5.13
1997-01-27,23.85,22.56,6.69,6.11,,,,20.16,,5.33
1997-01-28,23.9,22.62,6.64,6.04,,,,20.74,,5.27
1997-01-29,24.5,23.01,6.63,6.04,,,,20.23,,5.05
1997-01-30,24.8,23.43,6.61,6.01,,,,19.47,,5.3
1997-01-31,24.15,23.28,6.53,5.94,,,,,,5.37
1997-02-01,,,,,,,,,,5.37
1997-02-02,,,,,,,,,,5.37
1997-02-03,24.2,22.91,6.47,5.89,,,,19.58,,5.36
1997-02-04,24.0,22.65,6.45,5.88,,,,19.43,,5.18
1997-02-05,23.9,22.69,6.47,5.91,,,,21.06,,5.17
1997-02-06,23.05,21.86,6.49,5.91,,,,20.16,,5.22
1997-02-07,22.3,,6.43,5.86,,,,18.9,,5.08
1997-02-08,,,,,,,,,,5.08
1997-02-09,,,,,,,,,,5.08
1997-02-10,22.45,20.73,6.43,5.87,,,,20.65,,5.18
1997-02-11,22.35,21.25,6.43,5.88,,,,19.97,,5.07
1997-02-12,21.75,21.15,6.39,5.9,,,,19.48,,4.63
1997-02-13,22.1,20.47,6.32,5.83,,,,19.23,,5.19
1997-02-14,22.4,20.56,6.28,5.79,,,,19.18,,5.15
1997-02-15,,,,,,,,,,5.15
1997-02-16,,,,,,,,,,5.15
1997-02-17,,20.48,,,,,,,,5.15
1997-02-18,22.5,20.56,6.28,5.8,,,,19.7,,5.55
1997-02-19,22.65,20.98,6.3,5.82,,,,20.61,,5.19
1997-02-20,21.95,20.57,6.38,5.85,,,,21.41,,5.15
1997-02-21,21.6,20.13,6.36,5.85,,,,20.55,,5.08
1997-02-22,,,,,,,,,,5.08
1997-02-23,,,,,,,,,,5.08
1997-02-24,21.0,19.87,6.39,5.89,,,,19.84,,5.22
1997-02-25,20.95,20.08,6.4,5.9,,,,19.98,,5.28
1997-02-26,21.1,19.82,6.56,6.06,,,,20.74,,5.2
1997-02-27,20.8,19.96,6.58,6.09,,,,21.08,,5.29
1997-02-28,20.3,19.44,6.56,6.09,,,,21.1,,5.5
1997-03-01,,,,,,,,,,5.5
1997-03-02,,,,,,,,,,5.5
1997-03-03,20.25,19.1,6.58,6.11,,,,20.89,,5.4
1997-03-04,20.75,19.4,6.6,6.11,,,,20.62,,5.16
1997-03-05,20.5,19.38,6.6,6.13,,,,19.49,,5.15
1997-03-06,21.0,19.55,6.62,6.15,,,,20.48,,5.22
1997-03-07,21.35,,6.57,6.1,,,,19.32,,5.21
1997-03-08,,,,,,,,,,5.21
1997-03-09,,,,,,,,,,5.21
1997-03-10,20.5,19.21,6.56,6.1,,,,19.0,,5.24
1997-03-11,20.15,18.57,6.57,6.09,,,,19.25,,5.21
1997-03-12,20.6,18.98,6.6,6.12,,,,19.61,,5.01
1997-03-13,20.65,19.3,6.72,6.21,,,,19.79,,5.21
1997-03-14,21.3,19.44,6.71,6.18,,,,19.81,,5.15
1997-03-15,,,,,,,,,,5.15
1997-03-16,,,,,,,,,,5.15
1997-03-17,20.9,18.98,6.72,6.22,,,,20.95,,5.39
1997-03-18,22.0,19.54,6.72,6.22,,,,21.26,,5.42
1997-03-19,22.0,20.0,6.74,6.24,,,,21.74,,5.36
1997-03-20,22.0,19.62,6.75,6.27,,,,21.22,,5.32
1997-03-21,21.7,19.39,6.74,6.29,,,,19.69,,5.28
1997-03-22,,,,,,,,,,5.28
1997-03-23,,,,,,,,,,5.28
1997-03-24,21.0,18.93,6.72,6.29,,,,20.06,,5.47
1997-03-25,20.95,18.77,6.75,6.33,,,,19.26,,5.57
1997-03-26,20.65,18.91,6.8,6.38,,,,18.32,,5.61
1997-03-27,20.7,18.53,6.9,6.45,,,,20.5,,5.68
1997-03-28,,18.53,,,,,,,,5.52
1997-03-29,,,,,,,,,,5.52
1997-03-30,,,,,,,,,,5.52
1997-03-31,20.35,18.53,6.92,6.45,,,,22.14,,7.07
1997-04-01,20.3,18.15,6.9,6.42,,,,20.84,,6.18
1997-04-02,19.55,17.97,6.88,6.42,,,,21.3,,5.5
1997-04-03,19.45,17.28,6.86,6.4,,,,21.19,,5.52
1997-04-04,19.15,17.25,6.92,6.44,,,,19.23,,5.32
1997-04-05,,,,,,,,,,5.32
1997-04-06,,,,,,,,,,5.32
1997-04-07,19.25,16.92,6.87,6.41,,,,18.51,,5.43
1997-04-08,19.35,16.98,6.91,6.44,,,,18.44,,5.34
1997-04-09,19.25,17.02,6.91,6.44,,,,18.56,,5.31
1997-04-10,19.55,17.25,6.91,6.46,,,,19.01,,5.51
1997-04-11,19.5,17.54,6.98,6.53,,,,19.76,,5.4
1997-04-12,,,,,,,,,,5.4
1997-04-13,,,,,,,,,,5.4
1997-04-14,19.9,17.61,6.98,6.54,,,,19.09,,5.49
1997-04-15,19.6,17.53,6.88,6.45,,,,18.25,,5.61
1997-04-16,19.35,17.24,6.9,6.49,,,,17.64,,5.56
1997-04-17,19.5,17.0,6.86,6.44,,,,18.71,,5.49
1997-04-18,19.9,17.26,6.84,6.42,,,,18.75,,5.35
1997-04-19,,,,,,,,,,5.35
1997-04-20,,,,,,,,,,5.35
1997-04-21,20.35,17.74,6.87,6.46,,,,20.1,,5.34
1997-04-22,19.6,17.72,6.84,6.43,,,,19.52,,5.5
1997-04-23,19.65,17.46,6.89,6.47,,,,20.48,,5.95
1997-04-24,19.85,17.8,6.93,6.52,,,,20.83,,5.62
1997-04-25,19.8,18.07,6.94,6.54,,,,21.15,,5.53
1997-04-26,,,,,,,,,,5.53
1997-04-27,,,,,,,,,,5.53
1997-04-28,19.85,17.92,6.92,6.51,,,,21.34,,5.72
1997-04-29,20.4,18.27,6.77,6.34,,,,19.81,,5.53
1997-04-30,20.2,18.25,6.72,6.29,,,,20.06,,5.82
1997-05-01,19.9,18.24,6.69,6.27,,,,19.87,,5.73
1997-05-02,19.6,17.7,6.68,6.26,,,,17.51,,5.47
1997-05-03,,,,,,,,,,5.47
1997-05-04,,,,,,,,,,5.47
1997-05-05,19.6,17.72,6.67,6.28,,,,20.13,,5.49
1997-05-06,19.7,17.82,6.67,6.29,,,,20.85,,5.5
1997-05-07,19.6,17.84,6.76,6.36,,,,21.34,,5.7
1997-05-08,20.35,18.32,6.72,6.33,,,,21.26,,5.66
1997-05-09,20.45,18.62,6.67,6.24,,,,20.11,,5.46
1997-05-10,,,,,,,,,,5.46
1997-05-11,,,,,,,,,,5.46
1997-05-12,21.4,19.42,6.65,6.23,,,,20.25,,5.49
1997-05-13,21.1,19.4,6.71,6.3,,,,20.81,,5.42
1997-05-14,21.35,19.1,6.68,6.26,,,,21.09,,5.45
1997-05-15,21.3,19.4,6.67,6.25,,,,19.91,,5.71
1997-05-16,22.1,19.77,6.7,6.28,,,,21.57,,5.44
1997-05-17,,,,,,,,,,5.44
1997-05-18,,,,,,,,,,5.44
1997-05-19,21.5,19.92,6.71,6.28,,,,21.48,,5.55
1997-05-20,21.2,19.75,6.7,6.25,,,,19.26,,5.51
1997-05-21,21.6,19.7,6.74,6.25,,,,19.28,,5.56
1997-05-22,21.6,20.03,6.76,6.27,,,,18.77,,5.48
1997-05-23,21.25,20.15,6.74,6.25,,,,18.08,,5.36
1997-05-24,,,,,,,,,,5.36
1997-05-25,,,,,,,,,,5.36
1997-05-26,,,,,,,,,,5.36
1997-05-27,20.75,19.33,6.79,6.3,,,,19.36,,5.59
1997-05-28,20.7,18.88,6.8,6.34,,,,19.28,,5.52
1997-05-29,21.15,19.38,6.75,6.3,,,,19.02,,5.56
1997-05-30,21.0,18.99,6.67,6.22,,,,19.19,,5.58
1997-05-31,,,,,,,,,,5.58
1997-06-01,,,,,,,,,,5.58
1997-06-02,21.15,19.17,6.66,6.23,,,,20.85,,5.63
1997-06-03,20.35,18.59,6.63,6.2,,,,20.01,,5.42
1997-06-04,20.3,18.36,6.62,6.2,,,,20.1,,5.4
1997-06-05,19.8,17.96,6.62,6.2,,,,20.36,,5.51
1997-06-06,19.0,17.43,6.51,6.12,,,,18.94,,5.42
1997-06-07,,,,,,,,,,5.42
1997-06-08,,,,,,,,,,5.42
1997-06-09,18.85,17.08,6.55,6.15,,,,19.46,,5.51
1997-06-10,18.85,17.01,6.57,6.17,,,,19.04,,5.59
1997-06-11,18.75,16.69,6.56,6.19,,,,18.85,,5.5
1997-06-12,19.0,16.79,6.48,6.07,,,,18.51,,5.58
1997-06-13,18.95,16.83,6.43,6.03,,,,19.27,,5.56
1997-06-14,,,,,,,,,,5.56
1997-06-15,,,,,,,,,,5.56
1997-06-16,19.1,17.15,6.4,6.02,,,,19.77,,6.22
1997-06-17,19.3,17.55,6.43,6.05,,,,20.17,,5.46
1997-06-18,18.9,17.22,6.4,6.02,,,,20.45,,5.43
1997-06-19,18.75,17.34,6.4,6.04,,,,20.1,,5.5
1997-06-20,18.6,17.09,6.37,6.02,,,,20.2,,5.39
1997-06-21,,,,,,,,,,5.39
1997-06-22,,,,,,,,,,5.39
1997-06-23,18.9,17.8,6.4,6.04,,,,21.19,,5.45
1997-06-24,18.71,17.65,6.42,6.03,,,,20.74,,5.39
1997-06-25,19.12,17.65,6.45,6.05,,,,21.5,,5.46
1997-06-26,18.84,17.6,6.5,6.05,,,,21.82,,5.5
1997-06-27,19.42,18.0,6.46,6.03,,,,21.22,,5.52
1997-06-28,,,,,,,,,,5.52
1997-06-29,,,,,,,,,,5.52
1997-06-30,19.82,18.22,6.51,6.08,,,,21.53,,6.87
1997-07-01,20.11,,6.45,6.02,,,,21.0,,6.24
1997-07-02,20.39,18.83,6.42,6.02,,,,19.7,,5.54
1997-07-03,19.48,18.18,6.31,5.93,,,,17.82,,5.46
1997-07-04,,,,,,,,,,5.46
1997-07-05,,,,,,,,,,5.46
1997-07-06,,,,,,,,,,5.46
1997-07-07,19.53,18.28,6.27,5.92,,,,19.13,,5.62
1997-07-08,19.67,,6.27,5.92,,,,18.76,,5.46
1997-07-09,19.4,18.25,6.25,5.9,,,,20.4,,5.44
1997-07-10,19.22,18.16,6.26,5.91,,,,19.92,,5.45
1997-07-11,19.39,18.0,6.23,5.89,,,,19.06,,5.33
1997-07-12,,,,,,,,,,5.33
1997-07-13,,,,,,,,,,5.33
1997-07-14,18.92,17.79,6.26,5.94,,,,19.58,,5.5
1997-07-15,19.81,18.19,6.26,5.92,,,,19.0,,5.47
1997-07-16,19.57,18.27,6.2,5.87,,,,19.36,,5.64
1997-07-17,19.92,18.83,6.19,5.87,,,,20.54,,5.49
1997-07-18,19.22,18.21,6.24,5.91,,,,22.28,,5.37
1997-07-19,,,,,,,,,,5.37
1997-07-20,,,,,,,,,,5.37
1997-07-21,19.25,18.23,6.27,5.94,,,,23.51,,5.5
1997-07-22,19.25,18.47,6.15,5.9,,,,21.77,,5.44
1997-07-23,19.68,18.71,6.14,5.85,,,,21.3,,5.48
1997-07-24,19.71,18.66,6.16,5.87,,,,20.96,,5.57
1997-07-25,19.71,18.77,6.18,5.87,,,,20.82,,5.51
1997-07-26,,,,,,,,,,5.51
1997-07-27,,,,,,,,,,5.51
1997-07-28,19.67,18.76,6.16,5.86,,,,21.84,,5.59
1997-07-29,20.08,18.74,6.11,5.79,,,,22.02,,5.52
1997-07-30,20.43,19.02,6.05,5.76,,,,21.39,,5.78
1997-07-31,20.19,18.94,6.02,5.74,,,,21.48,,5.96
1997-08-01,20.27,19.33,6.2,5.89,,,,22.29,,5.65
1997-08-02,,,,,,,,,,5.65
1997-08-03,,,,,,,,,,5.65
1997-08-04,20.81,19.64,6.23,5.91,,,,21.94,,5.53
1997-08-05,20.79,19.51,6.23,5.93,,,,20.64,,5.48
1997-08-06,20.46,19.21,6.21,5.91,,,,20.05,,5.45
1997-08-07,20.09,18.94,6.24,5.93,,,,19.77,,5.48
1997-08-08,19.58,18.56,6.38,6.02,,,,22.46,,5.34
1997-08-09,,,,,,,,,,5.34
1997-08-10,,,,,,,,,,5.34
1997-08-11,19.73,18.21,6.36,5.99,,,,22.77,,5.56
1997-08-12,19.91,18.56,6.39,6.0,,,,23.75,,5.52
1997-08-13,20.19,18.63,6.36,5.95,,,,24.52,,5.56
1997-08-14,20.02,19.0,6.27,5.92,,,,23.11,,5.63
1997-08-15,20.08,18.77,6.27,5.87,,,,24.45,,5.59
1997-08-16,,,,,,,,,,5.59
1997-08-17,,,,,,,,,,5.59
1997-08-18,19.94,18.41,6.21,5.82,,,,24.37,,5.49
1997-08-19,20.04,18.88,6.21,5.85,,,,22.64,,5.47
1997-08-20,20.07,18.83,6.24,5.88,,,,21.09,,5.8
1997-08-21,19.83,18.26,6.3,5.95,,,,23.83,,5.64
1997-08-22,19.7,,6.38,5.98,,,,24.74,,5.49
1997-08-23,,,,,,,,,,5.49
1997-08-24,,,,,,,,,,5.49
1997-08-25,19.29,17.87,6.39,6.01,,,,24.1,,5.65
1997-08-26,19.31,17.58,6.38,5.99,,,,24.73,,5.62
1997-08-27,19.65,17.83,6.38,6.01,,,,24.26,,5.52
1997-08-28,19.59,17.91,6.3,5.94,,,,24.51,,5.64
1997-08-29,19.66,17.98,6.34,5.97,,,,24.76,,5.52
1997-08-30,,,,,,,,,,5.52
1997-08-31,,,,,,,,,,5.52
1997-09-01,,,,,,,,,,5.52
1997-09-02,19.73,18.22,6.31,5.94,,,,24.53,,6.23
1997-09-03,19.65,18.12,6.33,5.96,,,,24.95,,5.54
1997-09-04,19.46,17.92,6.33,5.98,,,,25.27,,5.48
1997-09-05,19.61,18.15,6.37,5.98,,,,24.31,,5.39
1997-09-06,,,,,,,,,,5.39
1997-09-07,,,,,,,,,,5.39
1997-09-08,19.43,18.03,6.33,5.98,,,,24.4,,5.58
1997-09-09,19.5,18.18,6.34,5.98,,,,23.89,,5.5
1997-09-10,19.5,18.08,6.37,6.0,,,,24.64,,5.61
1997-09-11,19.41,18.21,6.39,6.0,,,,25.99,,5.55
1997-09-12,19.37,18.06,6.29,5.93,,,,25.17,,5.49
1997-09-13,,,,,,,,,,5.49
1997-09-14,,,,,,,,,,5.49
1997-09-15,19.3,18.05,6.28,5.93,,,,25.74,,5.77
1997-09-16,19.67,18.4,6.11,5.81,,,,23.77,,5.52
1997-09-17,19.44,18.21,6.1,5.79,,,,24.1,,5.74
1997-09-18,19.41,18.14,6.11,5.81,,,,23.48,,5.53
1997-09-19,19.37,18.32,6.09,5.81,,,,22.74,,5.36
1997-09-20,,,,,,,,,,5.36
1997-09-21,,,,,,,,,,5.36
1997-09-22,19.61,18.65,6.06,5.79,,,,22.08,,5.51
1997-09-23,19.71,18.57,6.1,5.8,,,,22.0,,5.45
1997-09-24,20.03,18.52,6.04,5.78,,,,22.64,,5.57
1997-09-25,20.38,19.05,6.13,5.85,,,,22.96,,5.59
1997-09-26,20.87,19.36,6.08,5.8,,,,22.26,,5.44
1997-09-27,,,,,,,,,,5.44
1997-09-28,,,,,,,,,,5.44
1997-09-29,21.29,19.48,6.1,5.8,,,,22.23,,5.68
1997-09-30,21.13,19.96,6.12,5.8,,,,22.91,,5.81
1997-10-01,21.02,19.87,6.04,5.75,,,,22.32,,5.65
1997-10-02,21.82,20.08,6.01,5.73,,,,22.27,,5.52
1997-10-03,22.86,21.29,6.01,5.72,,,,21.54,,5.42
1997-10-04,,,,,,,,,,5.42
1997-10-05,,,,,,,,,,5.42
1997-10-06,21.97,20.94,5.96,5.68,,,,21.61,,5.48
1997-10-07,21.88,20.71,5.94,5.67,,,,20.29,,5.42
1997-10-08,22.19,20.79,6.08,5.79,,,,20.77,,5.52
1997-10-09,22.01,20.6,6.09,5.8,,,,22.31,,5.45
1997-10-10,22.01,20.73,6.15,5.86,,,,19.75,,5.37
1997-10-11,,,,,,,,,,5.37
1997-10-12,,,,,,,,,,5.37
1997-10-13,21.34,20.08,,,,,,20.26,,5.37
1997-10-14,20.75,19.4,6.07,5.81,,,,19.99,,5.61
1997-10-15,20.65,19.27,6.1,5.84,,,,20.05,,5.64
1997-10-16,20.98,19.56,6.09,5.84,,,,20.53,,5.5
1997-10-17,21.41,19.43,6.17,5.91,,,,21.69,,5.47
1997-10-18,,,,,,,,,,5.47
1997-10-19,,,,,,,,,,5.47
1997-10-20,20.69,19.29,6.15,5.9,,,,20.72,,5.57
1997-10-21,20.68,19.3,6.14,5.92,,,,19.53,,5.53
1997-10-22,21.44,19.86,6.12,5.91,,,,19.86,,5.76
1997-10-23,21.18,19.89,6.04,5.79,,,,22.99,,5.57
1997-10-24,20.99,19.45,6.01,5.79,,,,23.17,,5.47
1997-10-25,,,,,,,,,,5.47
1997-10-26,,,,,,,,,,5.47
1997-10-27,21.03,19.63,5.91,5.62,,,,31.12,,5.58
1997-10-28,20.4,18.86,5.98,5.74,,,,31.22,,5.49
1997-10-29,20.82,19.0,5.91,5.67,,,,33.75,,5.43
1997-10-30,21.26,19.45,5.84,5.61,,,,38.2,,5.54
1997-10-31,21.1,19.42,5.84,5.63,,,,35.09,,5.56
1997-11-01,,,,,,,,,,5.56
1997-11-02,,,,,,,,,,5.56
1997-11-03,20.91,19.48,5.91,5.69,,,,32.09,,5.72
1997-11-04,20.64,19.1,5.95,5.73,,,,32.24,,5.54
1997-11-05,20.44,18.93,5.95,5.73,,,,32.18,,5.75
1997-11-06,20.46,18.97,5.9,5.7,,,,32.57,,5.6
1997-11-07,20.8,19.24,5.9,5.71,,,,36.27,,5.45
1997-11-08,,,,,,,,,,5.45
1997-11-09,,,,,,,,,,5.45
1997-11-10,20.46,19.14,5.91,5.73,,,,36.63,,5.5
1997-11-11,20.54,,,,,,,36.38,,5.5
1997-11-12,20.53,19.26,5.89,5.7,,,,37.84,,5.53
1997-11-13,20.76,19.71,5.87,5.7,,,,36.64,,5.5
1997-11-14,21.01,20.24,5.86,5.7,,,,33.66,,5.44
1997-11-15,,,,,,,,,,5.44
1997-11-16,,,,,,,,,,5.44
1997-11-17,20.29,19.54,5.85,5.7,,,,31.58,,5.68
1997-11-18,20.01,19.39,5.85,5.71,,,,31.55,,5.45
1997-11-19,19.82,19.41,5.82,5.7,,,,29.93,,5.59
1997-11-20,19.17,18.82,5.84,5.73,,,,27.32,,5.57
1997-11-21,19.76,18.83,5.82,5.68,,,,26.65,,5.41
1997-11-22,,,,,,,,,,5.41
1997-11-23,,,,,,,,,,5.41
1997-11-24,19.41,19.01,5.86,5.71,,,,29.8,,5.51
1997-11-25,19.35,19.14,5.85,5.71,,,,28.95,,5.55
1997-11-26,19.13,18.5,5.86,5.74,,,,,,5.57
1997-11-27,,18.64,,,,,,,,5.57
1997-11-28,,18.96,5.86,5.76,,,,27.43,,5.5
1997-11-29,,,,,,,,,,5.5
1997-11-30,,,,,,,,,,5.5
1997-12-01,18.76,18.01,5.86,5.78,,,,26.01,,5.92
1997-12-02,18.67,18.04,5.86,5.78,,,,25.66,,5.55
1997-12-03,18.81,17.94,5.83,5.74,,,,23.92,,5.5
1997-12-04,18.49,17.7,5.84,5.71,,,,23.84,,5.51
1997-12-05,18.72,17.91,5.92,5.8,,,,22.65,,5.39
1997-12-06,,,,,,,,,,5.39
1997-12-07,,,,,,,,,,5.39
1997-12-08,18.86,17.87,5.96,5.85,,,,23.22,,5.41
1997-12-09,18.79,17.57,5.95,5.81,,,,23.36,,5.29
1997-12-10,18.15,17.08,5.9,5.75,,,,24.55,,5.43
1997-12-11,18.18,16.98,5.82,5.68,,,,27.63,,5.52
1997-12-12,18.21,17.12,5.74,5.63,,,,27.92,,5.55
1997-12-13,,,,,,,,,,5.55
1997-12-14,,,,,,,,,,5.55
1997-12-15,18.18,16.89,5.78,5.68,,,,27.37,,5.97
1997-12-16,18.19,16.8,5.77,5.68,,,,26.11,,5.56
1997-12-17,18.22,16.98,5.81,5.7,,,,26.33,,5.95
1997-12-18,18.51,17.34,5.76,5.68,,,,27.19,,5.63
1997-12-19,18.46,17.2,5.72,5.66,,,,29.18,,5.46
1997-12-20,,,,,,,,,,5.46
1997-12-21,,,,,,,,,,5.46
1997-12-22,18.29,17.04,5.72,5.69,,,,28.56,,5.55
1997-12-23,18.39,17.09,5.73,5.69,,,,29.86,,5.45
1997-12-24,18.36,17.04,5.76,5.67,,,,30.27,,5.08
1997-12-25,,,,,,,,,,5.08
1997-12-26,18.19,,5.75,5.69,,,,29.27,,5.19
1997-12-27,,,,,,,,,,5.19
1997-12-28,,,,,,,,,,5.19
1997-12-29,17.64,16.35,5.76,5.69,,,,26.79,,5.57
1997-12-30,17.6,16.01,5.8,5.71,,,,24.38,,6.07
1997-12-31,17.65,15.86,5.75,5.66,,,,24.01,,5.84
1998-01-01,,,,,,,,,,5.84
1998-01-02,17.41,15.77,5.67,5.59,,,,23.42,,6.06
1998-01-03,,,,,,,,,,6.06
1998-01-04,,,,,,,,,,6.06
1998-01-05,16.95,15.29,5.52,5.47,,,,24.36,,5.51
1998-01-06,16.64,15.48,5.49,5.39,,,,25.66,,5.35
1998-01-07,16.91,15.33,5.55,5.42,,,,25.07,,5.29
1998-01-08,17.01,15.47,5.49,5.31,,,,26.01,,5.42
1998-01-09,16.65,15.33,5.4,5.17,,,,28.69,,5.48
1998-01-10,,,,,,,,,,5.48
1998-01-11,,,,,,,,,,5.48
1998-01-12,16.53,15.07,5.39,5.2,,,,28.02,,5.48
1998-01-13,16.44,15.08,5.41,5.25,,,,25.17,,5.42
1998-01-14,16.54,14.81,5.45,5.29,,,,23.75,,5.36
1998-01-15,16.35,14.75,5.48,5.29,,,,23.45,,5.6
1998-01-16,16.48,14.89,5.54,5.35,,,,21.65,,5.54
1998-01-17,,,,,,,,,,5.54
1998-01-18,,,,,,,,,,5.54
1998-01-19,,15.38,,,,,,,,5.54
1998-01-20,16.43,14.95,5.57,5.37,,,,21.65,,5.52
1998-01-21,16.05,14.67,5.54,5.33,,,,22.53,,5.4
1998-01-22,15.93,14.35,5.56,5.3,,,,23.16,,5.47
1998-01-23,15.65,14.26,5.7,5.42,,,,23.32,,5.51
1998-01-24,,,,,,,,,,5.51
1998-01-25,,,,,,,,,,5.51
1998-01-26,16.96,14.79,5.63,5.39,,,,23.97,,5.62
1998-01-27,17.06,15.74,5.7,5.46,,,,22.27,,5.52
1998-01-28,17.35,15.64,5.69,5.46,,,,22.06,,5.58
1998-01-29,17.93,16.28,5.58,5.36,,,,21.65,,5.63
1998-01-30,17.21,15.59,5.53,5.32,,,,21.47,,5.48
1998-01-31,,,,,,,,,,5.48
1998-02-01,,,,,,,,,,5.48
1998-02-02,17.07,15.28,5.57,5.36,,,,21.36,,5.71
1998-02-03,16.43,14.87,5.56,5.34,,,,20.67,,5.47
1998-02-04,16.42,14.56,5.57,5.32,,,,20.55,,5.41
1998-02-05,16.63,14.83,5.62,5.36,,,,21.29,,5.45
1998-02-06,16.72,15.05,5.62,5.38,,,,20.51,,5.4
1998-02-07,,,,,,,,,,5.4
1998-02-08,,,,,,,,,,5.4
1998-02-09,16.59,14.77,5.65,5.41,,,,21.55,,5.47
1998-02-10,16.48,14.6,5.64,5.41,,,,20.66,,5.44
1998-02-11,16.17,14.35,5.53,5.39,,,,20.38,,5.48
1998-02-12,15.97,14.04,5.52,5.39,,,,19.73,,5.52
1998-02-13,16.03,14.05,5.49,5.36,,,,19.84,,5.45
1998-02-14,,,,,,,,,,5.45
1998-02-15,,,,,,,,,,5.45
1998-02-16,,13.5,,,,,,,,5.45
1998-02-17,15.64,13.5,5.44,5.34,,,,20.76,,6.0
1998-02-18,16.24,13.46,5.49,5.37,,,,19.66,,5.44
1998-02-19,16.12,14.02,5.51,5.39,,,,19.88,,5.43
1998-02-20,16.13,13.91,5.54,5.41,,,,19.0,,5.46
1998-02-21,,,,,,,,,,5.46
1998-02-22,,,,,,,,,,5.46
1998-02-23,15.23,13.26,5.58,5.46,,,,18.99,,5.55
1998-02-24,15.14,13.08,5.69,5.57,,,,19.35,,5.49
1998-02-25,15.28,13.35,5.63,5.55,,,,18.62,,5.69
1998-02-26,15.41,13.38,5.65,5.58,,,,18.63,,5.61
1998-02-27,15.44,13.53,5.62,5.55,,,,18.55,,5.57
1998-02-28,,,,,,,,,,5.57
1998-03-01,,,,,,,,,,5.57
1998-03-02,15.32,13.37,5.72,5.6,,,,19.19,,5.82
1998-03-03,15.28,13.18,5.77,5.64,,,,19.04,,5.57
1998-03-04,15.33,13.09,5.76,5.63,,,,19.58,,5.46
1998-03-05,15.34,13.18,5.78,5.62,,,,20.93,,5.48
1998-03-06,14.9,12.85,5.73,5.58,,,,19.14,,5.41
1998-03-07,,,,,,,,,,5.41
1998-03-08,,,,,,,,,,5.41
1998-03-09,14.58,12.24,5.67,5.57,,,,20.23,,5.5
1998-03-10,14.54,12.36,5.67,5.55,,,,19.43,,5.44
1998-03-11,14.3,12.41,5.63,5.53,,,,18.89,,5.52
1998-03-12,14.4,12.3,5.56,5.5,,,,18.25,,5.52
1998-03-13,14.19,12.25,5.58,5.5,,,,18.71,,5.43
1998-03-14,,,,,,,,,,5.43
1998-03-15,,,,,,,,,,5.43
1998-03-16,13.41,11.74,5.54,5.47,,,,18.51,,5.64
1998-03-17,13.67,11.05,5.56,5.5,,,,18.66,,5.47
1998-03-18,14.36,12.21,5.58,5.52,,,,18.29,,5.35
1998-03-19,14.43,12.41,5.58,5.52,,,,17.76,,5.39
1998-03-20,14.31,12.35,5.57,5.52,,,,18.69,,5.34
1998-03-21,,,,,,,,,,5.34
1998-03-22,,,,,,,,,,5.34
1998-03-23,16.14,14.53,5.57,5.52,,,,19.98,,5.41
1998-03-24,15.52,14.02,5.58,5.5,,,,20.51,,5.41
1998-03-25,16.69,14.41,5.64,5.58,,,,22.54,,5.75
1998-03-26,16.92,15.18,5.68,5.62,,,,22.81,,5.55
1998-03-27,16.84,14.92,5.68,5.63,,,,23.47,,5.47
1998-03-28,,,,,,,,,,5.47
1998-03-29,,,,,,,,,,5.47
1998-03-30,16.32,14.35,5.72,5.65,,,,24.66,,5.62
1998-03-31,15.75,13.87,5.67,5.6,,,,24.22,,5.88
1998-04-01,15.69,13.72,5.62,5.55,,,,23.37,,5.72
1998-04-02,16.04,13.38,5.56,5.52,,,,21.98,,5.45
1998-04-03,16.08,13.63,5.47,5.42,,,,21.82,,5.47
1998-04-04,,,,,,,,,,5.47
1998-04-05,,,,,,,,,,5.47
1998-04-06,15.48,13.13,5.51,5.45,,,,22.47,,5.46
1998-04-07,15.39,12.82,5.53,5.45,,,,23.66,,5.4
1998-04-08,15.71,12.79,5.58,5.49,,,,23.17,,5.64
1998-04-09,15.61,13.23,5.59,5.5,,,,21.51,,5.5
1998-04-10,,,,,,,,,,5.41
1998-04-11,,,,,,,,,,5.41
1998-04-12,,,,,,,,,,5.41
1998-04-13,15.35,,5.66,5.59,,,,22.77,,5.52
1998-04-14,15.18,13.15,5.63,5.57,,,,21.61,,5.47
1998-04-15,15.64,13.31,5.6,5.55,,,,20.89,,5.56
1998-04-16,15.97,13.68,5.59,5.53,,,,22.06,,5.5
1998-04-17,15.49,14.06,5.59,5.54,,,,20.76,,5.36
1998-04-18,,,,,,,,,,5.36
1998-04-19,,,,,,,,,,5.36
1998-04-20,15.52,13.82,5.65,5.57,,,,20.39,,5.36
1998-04-21,15.57,13.95,5.68,5.6,,,,19.91,,5.37
1998-04-22,15.07,13.71,5.68,5.6,,,,19.44,,5.29
1998-04-23,13.09,13.42,5.69,5.61,,,,20.6,,5.46
1998-04-24,13.23,13.32,5.67,5.61,,,,21.97,,5.43
1998-04-25,,,,,,,,,,5.43
1998-04-26,,,,,,,,,,5.43
1998-04-27,15.43,13.65,5.8,5.71,,,,26.09,,5.45
1998-04-28,15.9,13.88,5.8,5.69,,,,24.17,,5.28
1998-04-29,15.43,14.09,5.81,5.71,,,,22.78,,5.33
1998-04-30,15.56,13.79,5.68,5.59,,,,21.18,,5.59
1998-05-01,16.25,14.6,5.67,5.59,,,,19.34,,5.46
1998-05-02,,,,,,,,,,5.46
1998-05-03,,,,,,,,,,5.46
1998-05-04,15.98,,5.67,5.59,,,,20.32,,5.22
1998-05-05,15.48,14.13,5.7,5.61,,,,21.46,,5.22
1998-05-06,15.45,13.91,5.67,5.56,,,,22.79,,5.04
1998-05-07,15.26,13.81,5.67,5.56,,,,23.39,,5.34
1998-05-08,15.21,13.94,5.71,5.61,,,,20.57,,5.47
1998-05-09,,,,,,,,,,5.47
1998-05-10,,,,,,,,,,5.47
1998-05-11,15.26,14.41,5.79,5.66,,,,21.05,,5.53
1998-05-12,15.21,14.75,5.7,5.59,,,,20.98,,5.54
1998-05-13,15.01,14.15,5.64,5.59,,,,20.44,,5.58
1998-05-14,15.15,14.29,5.67,5.63,,,,19.64,,5.66
1998-05-15,14.51,14.33,5.68,5.63,,,,20.44,,5.72
1998-05-16,,,,,,,,,,5.72
1998-05-17,,,,,,,,,,5.72
1998-05-18,14.15,14.72,5.64,5.59,,,,21.69,,5.52
1998-05-19,13.01,14.87,5.65,5.59,,,,20.39,,5.35
1998-05-20,13.36,14.58,5.61,5.57,,,,19.89,,5.52
1998-05-21,14.21,14.29,5.65,5.63,,,,19.38,,5.49
1998-05-22,14.81,14.33,5.64,5.63,,,,18.99,,5.38
1998-05-23,,,,,,,,,,5.38
1998-05-24,,,,,,,,,,5.38
1998-05-25,,,,,,,,,,5.38
1998-05-26,14.9,14.27,5.59,5.61,,,,22.07,,5.62
1998-05-27,14.98,14.78,5.56,5.53,,,,22.59,,5.53
1998-05-28,14.88,14.71,5.58,5.57,,,,20.74,,5.63
1998-05-29,15.21,14.03,5.56,5.53,,,,21.32,,5.63
1998-05-30,,,,,,,,,,5.63
1998-05-31,,,,,,,,,,5.63
1998-06-01,14.99,13.66,5.53,5.52,,,,22.83,,5.79
1998-06-02,14.81,13.62,5.56,5.53,,,,22.0,,5.5
1998-06-03,14.94,13.23,5.57,5.55,,,,22.85,,5.6
1998-06-04,15.24,13.71,5.59,5.58,,,,21.22,,5.55
1998-06-05,15.13,13.95,5.58,5.58,,,,19.78,,5.38
1998-06-06,,,,,,,,,,5.38
1998-06-07,,,,,,,,,,5.38
1998-06-08,14.49,13.56,5.58,5.58,,,,20.58,,5.44
1998-06-09,13.76,12.76,5.59,5.6,,,,20.52,,5.38
1998-06-10,13.54,12.23,5.51,5.55,,,,21.48,,5.53
1998-06-11,12.67,12.12,5.44,5.45,,,,23.57,,5.62
1998-06-12,12.66,11.62,5.43,5.43,,,,22.78,,5.53
1998-06-13,,,,,,,,,,5.53
1998-06-14,,,,,,,,,,5.53
1998-06-15,11.69,10.77,5.38,5.43,,,,25.94,,5.78
1998-06-16,12.38,10.77,5.45,5.5,,,,24.8,,5.55
1998-06-17,12.55,11.3,5.54,5.55,,,,22.89,,5.55
1998-06-18,11.8,10.88,5.5,5.53,,,,22.4,,5.54
1998-06-19,11.8,10.89,5.47,5.52,,,,21.92,,5.36
1998-06-20,,,,,,,,,,5.36
1998-06-21,,,,,,,,,,5.36
1998-06-22,13.54,11.23,5.46,5.52,,,,21.94,,5.42
1998-06-23,14.65,12.09,5.45,5.49,,,,20.17,,5.36
1998-06-24,14.54,12.5,5.46,5.49,,,,20.02,,5.54
1998-06-25,13.9,11.94,5.46,5.53,,,,20.25,,5.64
1998-06-26,14.21,12.04,5.46,5.51,,,,19.36,,5.47
1998-06-27,,,,,,,,,,5.47
1998-06-28,,,,,,,,,,5.47
1998-06-29,14.29,11.83,5.47,5.51,,,,19.57,,5.69
1998-06-30,14.3,11.84,5.44,5.49,,,,19.71,,7.06
1998-07-01,14.47,11.93,5.44,5.46,,,,18.0,,6.35
1998-07-02,14.58,11.95,5.42,5.44,,,,17.67,,5.62
1998-07-03,,11.79,,,,,,,,5.41
1998-07-04,,,,,,,,,,5.41
1998-07-05,,,,,,,,,,5.41
1998-07-06,13.87,11.7,5.39,5.43,,,,18.63,,5.54
1998-07-07,13.83,11.66,5.42,5.44,,,,18.62,,5.46
1998-07-08,14.01,11.71,5.43,5.44,,,,17.82,,5.44
1998-07-09,14.01,11.61,5.41,5.43,,,,18.16,,5.51
1998-07-10,13.96,11.61,5.42,5.41,,,,17.92,,5.43
1998-07-11,,,,,,,,,,5.43
1998-07-12,,,,,,,,,,5.43
1998-07-13,14.06,11.56,5.46,5.44,,,,18.26,,5.5
1998-07-14,14.87,11.83,5.49,5.46,,,,17.88,,5.45
1998-07-15,14.9,11.79,5.48,5.46,,,,17.89,,5.7
1998-07-16,14.54,12.65,5.5,5.46,,,,16.97,,5.57
1998-07-17,14.02,12.38,5.51,5.46,,,,16.23,,5.42
1998-07-18,,,,,,,,,,5.42
1998-07-19,,,,,,,,,,5.42
1998-07-20,13.44,12.11,5.48,5.46,,,,17.34,,5.65
1998-07-21,13.83,12.01,5.45,5.46,,,,20.1,,5.51
1998-07-22,14.29,12.21,5.46,5.48,,,,20.32,,5.48
1998-07-23,13.97,12.23,5.45,5.46,,,,23.01,,5.55
1998-07-24,13.93,12.05,5.45,5.48,,,,23.01,,5.53
1998-07-25,,,,,,,,,,5.53
1998-07-26,,,,,,,,,,5.53
1998-07-27,14.37,12.53,5.47,5.48,,,,23.13,,5.68
1998-07-28,14.2,12.74,5.5,5.46,,,,25.25,,5.5
1998-07-29,14.13,12.6,5.52,5.49,,,,24.79,,5.49
1998-07-30,14.25,12.55,5.5,5.49,,,,22.66,,5.61
1998-07-31,14.27,12.63,5.5,5.49,,,,24.8,,5.63
1998-08-01,,,,,,,,,,5.63
1998-08-02,,,,,,,,,,5.63
1998-08-03,13.93,12.04,5.46,5.46,,,,25.98,,5.69
1998-08-04,13.69,12.03,5.43,5.43,,,,31.06,,5.54
1998-08-05,13.8,12.32,5.43,5.39,,,,29.83,,5.53
1998-08-06,13.87,12.08,5.44,5.39,,,,28.2,,5.54
1998-08-07,13.85,12.05,5.4,5.34,,,,27.02,,5.44
1998-08-08,,,,,,,,,,5.44
1998-08-09,,,,,,,,,,5.44
1998-08-10,13.11,11.62,5.41,5.34,,,,28.75,,5.56
1998-08-11,12.87,11.16,5.37,5.31,,,,31.91,,5.47
1998-08-12,12.76,11.24,5.4,5.32,,,,28.55,,5.58
1998-08-13,13.44,11.48,5.44,5.37,,,,29.92,,5.6
1998-08-14,13.4,11.46,5.4,5.34,,,,34.34,,5.56
1998-08-15,,,,,,,,,,5.56
1998-08-16,,,,,,,,,,5.56
1998-08-17,13.26,11.93,5.4,5.34,,,,31.86,,5.8
1998-08-18,13.13,11.87,5.41,5.36,,,,28.4,,5.54
1998-08-19,13.21,11.99,5.42,5.34,,,,28.69,,5.48
1998-08-20,13.62,12.21,5.38,5.32,,,,30.0,,5.51
1998-08-21,13.44,12.02,5.32,5.25,,,,33.14,,5.46
1998-08-22,,,,,,,,,,5.46
1998-08-23,,,,,,,,,,5.46
1998-08-24,13.78,12.15,5.3,5.22,,,,31.8,,5.51
1998-08-25,13.9,12.43,5.25,5.18,,,,30.33,,5.5
1998-08-26,13.67,12.24,5.26,5.12,,,,31.14,,5.49
1998-08-27,13.35,11.9,5.12,4.98,,,,38.55,,5.55
1998-08-28,13.54,12.06,5.09,4.93,,,,39.6,,5.51
1998-08-29,,,,,,,,,,5.51
1998-08-30,,,,,,,,,,5.51
1998-08-31,13.29,,5.05,4.91,,,,44.28,,5.89
1998-09-01,13.62,12.11,5.05,4.86,,,,36.48,,5.75
1998-09-02,13.72,12.05,5.1,4.96,,,,36.76,,5.53
1998-09-03,14.7,12.54,5.03,4.91,,,,41.43,,5.52
1998-09-04,14.59,12.96,5.02,4.91,,,,43.31,,5.41
1998-09-05,,,,,,,,,,5.41
1998-09-06,,,,,,,,,,5.41
1998-09-07,,12.51,,,,,,,,5.41
1998-09-08,14.34,12.53,5.04,4.91,,,,37.9,,5.66
1998-09-09,14.37,12.53,4.95,4.79,,,,39.66,,5.45
1998-09-10,14.71,12.82,4.76,4.57,,,,45.29,,5.55
1998-09-11,14.39,12.66,4.85,4.68,,,,43.74,,5.46
1998-09-12,,,,,,,,,,5.46
1998-09-13,,,,,,,,,,5.46
1998-09-14,14.46,12.47,4.87,4.72,,,,38.57,,5.65
1998-09-15,14.72,12.61,4.9,4.73,,,,36.58,,5.71
1998-09-16,14.6,12.65,4.88,4.75,,,,35.94,,5.49
1998-09-17,15.07,12.97,4.8,4.7,,,,39.23,,5.47
1998-09-18,15.53,13.92,4.7,4.61,,,,38.63,,5.38
1998-09-19,,,,,,,,,,5.38
1998-09-20,,,,,,,,,,5.38
1998-09-21,15.58,14.31,4.69,4.63,,,,38.58,,5.47
1998-09-22,15.73,14.36,4.73,4.66,,,,36.62,,5.38
1998-09-23,15.8,14.67,4.69,4.52,,,,32.47,,5.48
1998-09-24,15.99,14.84,4.64,4.43,,,,34.66,,5.42
1998-09-25,15.8,14.55,4.6,4.43,,,,34.55,,5.51
1998-09-26,,,,,,,,,,5.51
1998-09-27,,,,,,,,,,5.51
1998-09-28,15.74,14.41,4.61,4.45,,,,34.87,,5.55
1998-09-29,16.01,14.38,4.59,4.47,,,,36.08,,5.44
1998-09-30,16.19,14.71,4.44,4.3,,,,40.95,,6.14
1998-10-01,15.52,14.46,4.33,4.17,,,,43.48,,5.73
1998-10-02,15.71,14.21,4.31,4.17,,,,40.47,,5.39
1998-10-03,,,,,,,,,,5.39
1998-10-04,,,,,,,,,,5.39
1998-10-05,15.24,14.1,4.16,4.04,,,,42.81,,5.45
1998-10-06,15.6,13.98,4.24,4.1,,,,41.2,,4.65
1998-10-07,15.03,13.88,4.34,4.12,,,,43.51,,4.57
1998-10-08,14.57,13.23,4.56,4.1,,,,45.74,,5.15
1998-10-09,14.64,12.87,4.77,4.19,,,,42.2,,5.02
1998-10-10,,,,,,,,,,5.02
1998-10-11,,,,,,,,,,5.02
1998-10-12,14.47,13.18,,,,,,40.07,,5.02
1998-10-13,14.27,12.73,4.73,4.13,,,,40.23,,5.4
1998-10-14,14.09,12.26,4.58,4.08,,,,38.96,,5.33
1998-10-15,14.08,11.98,4.58,4.13,,,,33.34,,5.49
1998-10-16,14.16,12.11,4.44,3.86,,,,34.82,,4.73
1998-10-17,,,,,,,,,,4.73
1998-10-18,,,,,,,,,,4.73
1998-10-19,13.39,11.6,4.47,3.9,,,,33.13,,4.79
1998-10-20,13.45,11.29,4.57,3.98,,,,33.11,,4.8
1998-10-21,14.14,11.94,4.59,4.12,,,,33.21,,4.83
1998-10-22,14.0,11.68,4.62,4.16,,,,31.53,,4.96
1998-10-23,14.06,12.18,4.7,4.2,,,,32.27,,4.86
1998-10-24,,,,,,,,,,4.86
1998-10-25,,,,,,,,,,4.86
1998-10-26,14.39,12.74,4.73,4.23,,,,32.38,,5.03
1998-10-27,14.19,12.46,4.63,4.12,,,,32.95,,5.0
1998-10-28,14.35,12.26,4.6,4.01,,,,32.42,,5.06
1998-10-29,14.31,12.31,4.54,4.0,,,,29.5,,5.24
1998-10-30,14.48,12.0,4.64,4.12,,,,28.05,,5.35
1998-10-31,,,,,,,,,,5.35
1998-11-01,,,,,,,,,,5.35
1998-11-02,14.45,12.43,4.77,4.26,,,,27.26,,5.35
1998-11-03,14.24,11.93,4.78,4.25,,,,27.76,,5.04
1998-11-04,14.09,11.88,4.83,4.43,,,,27.37,,4.85
1998-11-05,13.93,11.73,4.82,4.47,,,,26.01,,5.05
1998-11-06,13.93,11.51,4.93,4.59,,,,25.7,,4.64
1998-11-07,,,,,,,,,,4.64
1998-11-08,,,,,,,,,,4.64
1998-11-09,13.39,11.15,4.88,4.57,,,,28.09,,4.95
1998-11-10,13.54,11.18,4.81,4.5,,,,28.17,,4.84
1998-11-11,13.63,11.45,,,,,,28.47,,4.84
1998-11-12,14.04,11.56,4.77,4.47,,,,29.28,,5.13
1998-11-13,13.57,11.46,4.82,4.54,,,,29.03,,4.98
1998-11-14,,,,,,,,,,4.98
1998-11-15,,,,,,,,,,4.98
1998-11-16,12.81,11.1,4.85,4.56,,,,28.9,,5.45
1998-11-17,12.46,10.62,4.87,4.58,,,,27.95,,4.61
1998-11-18,12.33,10.25,4.85,4.63,,,,27.13,,4.07
1998-11-19,12.21,10.45,4.85,4.66,,,,25.5,,4.38
1998-11-20,12.2,10.4,4.82,4.66,,,,22.47,,4.4
1998-11-21,,,,,,,,,,4.4
1998-11-22,,,,,,,,,,4.4
1998-11-23,12.51,10.54,4.84,4.63,,,,21.84,,4.58
1998-11-24,11.48,10.58,4.85,4.64,,,,23.28,,4.64
1998-11-25,10.86,10.51,4.83,4.66,,,,22.15,,4.98
1998-11-26,,10.41,,,,,,,,4.98
1998-11-27,,10.77,4.81,4.62,,,,22.09,,4.84
1998-11-28,,,,,,,,,,4.84
1998-11-29,,,,,,,,,,4.84
1998-11-30,11.37,9.91,4.74,4.54,,,,26.01,,5.11
1998-12-01,11.27,9.87,4.67,4.44,,,,24.97,,4.82
1998-12-02,11.31,9.71,4.59,4.36,,,,25.43,,4.58
1998-12-03,11.25,10.05,4.58,4.36,,,,28.7,,4.66
1998-12-04,11.2,9.73,4.62,4.46,,,,25.31,,4.67
1998-12-05,,,,,,,,,,4.67
1998-12-06,,,,,,,,,,4.67
1998-12-07,11.61,9.7,4.69,4.54,,,,24.9,,4.71
1998-12-08,11.33,9.68,4.6,4.46,,,,25.58,,4.66
1998-12-09,11.2,9.46,4.56,4.42,,,,25.66,,4.7
1998-12-10,10.82,9.1,4.53,4.39,,,,26.81,,4.97
1998-12-11,10.86,9.26,4.61,4.46,,,,27.72,,4.91
1998-12-12,,,,,,,,,,4.91
1998-12-13,,,,,,,,,,4.91
1998-12-14,11.3,9.45,4.58,4.42,,,,31.31,,5.09
1998-12-15,11.64,9.57,4.62,4.47,,,,29.42,,5.1
1998-12-16,12.55,10.87,4.58,4.4,,,,29.96,,4.91
1998-12-17,11.05,9.92,4.58,4.42,,,,27.96,,4.8
1998-12-18,10.95,9.62,4.58,4.45,,,,25.04,,4.67
1998-12-19,,,,,,,,,,4.67
1998-12-20,,,,,,,,,,4.67
1998-12-21,10.86,9.45,4.64,4.56,,,,23.86,,4.72
1998-12-22,10.99,9.83,4.7,4.59,,,,22.78,,4.63
1998-12-23,11.12,9.91,4.81,4.73,,,,20.21,,4.66
1998-12-24,11.03,9.91,4.86,4.78,,,,21.48,,4.27
1998-12-25,,,,,,,,,,4.27
1998-12-26,,,,,,,,,,4.27
1998-12-27,,,,,,,,,,4.27
1998-12-28,11.59,,4.78,4.73,,,,23.5,,4.88
1998-12-29,11.82,10.23,4.71,4.6,,,,22.18,,4.6
1998-12-30,11.75,10.45,4.65,4.56,,,,23.34,,4.8
1998-12-31,12.14,10.54,4.65,4.54,,,,24.42,,4.07
1999-01-01,,,,,,,,,,4.07
1999-01-02,,,,,,,,,,4.07
1999-01-03,,,,,,,,,,4.07
1999-01-04,12.42,10.94,4.69,4.58,,,,26.17,,5.04
1999-01-05,12.04,10.3,4.74,4.64,,,,24.46,,4.54
1999-01-06,12.84,10.67,4.73,4.62,,,,23.34,,4.23
1999-01-07,12.99,11.08,4.77,4.63,,,,24.37,,4.49
1999-01-08,13.06,11.7,4.86,4.71,,,,23.28,,4.74
1999-01-09,,,,,,,,,,4.74
1999-01-10,,,,,,,,,,4.74
1999-01-11,13.43,12.07,4.9,4.74,,,,25.46,,5.17
1999-01-12,12.91,11.78,4.82,4.68,,,,28.1,,4.78
1999-01-13,12.33,10.9,4.74,4.61,,,,30.11,,4.62
1999-01-14,12.23,11.1,4.63,4.47,,,,32.98,,4.82
1999-01-15,12.21,10.97,4.66,4.56,,,,29.24,,4.68
1999-01-16,,,,,,,,,,4.68
1999-01-17,,,,,,,,,,4.68
1999-01-18,,10.81,,,,,,,,4.68
1999-01-19,12.13,11.19,4.71,4.62,,,,29.24,,4.55
1999-01-20,11.82,10.85,4.76,4.66,,,,28.6,,4.41
1999-01-21,12.45,11.14,4.7,4.63,,,,30.92,,4.36
1999-01-22,12.62,11.23,4.64,4.59,,,,31.95,,4.62
1999-01-23,,,,,,,,,,4.62
1999-01-24,,,,,,,,,,4.62
1999-01-25,12.41,11.21,4.67,4.59,,,,31.13,,4.97
1999-01-26,12.16,10.84,4.69,4.63,,,,29.23,,4.84
1999-01-27,12.4,11.03,4.68,4.57,,,,29.73,,4.61
1999-01-28,12.52,11.14,4.67,4.58,,,,28.11,,4.8
1999-01-29,12.81,11.34,4.66,4.58,,,,26.25,,4.79
1999-01-30,,,,,,,,,,4.79
1999-01-31,,,,,,,,,,4.79
1999-02-01,12.36,10.81,4.75,4.65,,,,27.67,,4.86
1999-02-02,12.21,10.39,4.79,4.7,,,,28.16,,4.56
1999-02-03,12.42,10.78,4.83,4.72,,,,27.88,,4.65
1999-02-04,11.94,10.42,4.89,4.77,,,,29.48,,4.88
1999-02-05,11.85,10.18,4.94,4.8,,,,29.67,,4.76
1999-02-06,,,,,,,,,,4.76
1999-02-07,,,,,,,,,,4.76
1999-02-08,11.65,9.97,4.94,4.8,,,,30.27,,4.85
1999-02-09,11.66,9.77,4.91,4.79,,,,31.36,,4.73
1999-02-10,11.88,9.88,4.9,4.77,,,,30.45,,4.66
1999-02-11,11.94,9.82,4.93,4.8,,,,27.42,,4.73
1999-02-12,11.9,9.97,5.06,4.91,,,,29.76,,4.68
1999-02-13,,,,,,,,,,4.68
1999-02-14,,,,,,,,,,4.68
1999-02-15,,,,,,,,,,4.68
1999-02-16,11.38,9.98,5.03,4.93,,,,29.65,,5.09
1999-02-17,11.49,10.09,4.98,4.89,,,,30.65,,4.73
1999-02-18,11.97,9.93,5.04,4.93,,,,30.45,,4.71
1999-02-19,11.79,10.29,5.07,4.95,,,,29.3,,4.72
1999-02-20,,,,,,,,,,4.72
1999-02-21,,,,,,,,,,4.72
1999-02-22,11.97,10.24,5.03,4.91,,,,25.87,,4.78
1999-02-23,12.44,10.58,5.1,5.0,,,,26.49,,4.73
1999-02-24,12.49,10.64,5.18,5.05,,,,27.21,,4.88
1999-02-25,12.61,10.84,5.32,5.15,,,,28.01,,4.89
1999-02-26,12.31,10.58,5.29,5.13,,,,27.88,,4.84
1999-02-27,,,,,,,,,,4.84
1999-02-28,,,,,,,,,,4.84
1999-03-01,12.28,10.52,5.4,5.2,,,,28.37,,5.1
1999-03-02,12.66,10.41,5.35,5.18,,,,29.22,,4.73
1999-03-03,12.92,10.81,5.39,5.19,,,,29.04,,4.74
1999-03-04,13.32,11.2,5.41,5.2,,,,26.67,,4.8
1999-03-05,13.33,11.02,5.34,5.14,,,,24.08,,4.8
1999-03-06,,,,,,,,,,4.8
1999-03-07,,,,,,,,,,4.8
1999-03-08,13.63,11.49,5.29,5.12,,,,24.54,,4.83
1999-03-09,13.78,11.25,5.18,5.02,,,,25.02,,4.74
1999-03-10,14.74,11.46,5.2,5.04,,,,24.79,,4.82
1999-03-11,14.3,11.86,5.21,5.05,,,,24.37,,4.8
1999-03-12,14.51,12.3,5.16,5.0,,,,24.84,,4.74
1999-03-13,,,,,,,,,,4.74
1999-03-14,,,,,,,,,,4.74
1999-03-15,14.48,12.17,5.15,4.99,,,,25.24,,5.01
1999-03-16,14.6,12.11,5.11,4.97,,,,25.15,,4.77
1999-03-17,15.11,12.95,5.14,5.01,,,,25.57,,4.73
1999-03-18,15.11,13.35,5.11,4.99,,,,24.13,,4.72
1999-03-19,15.26,13.15,5.17,5.04,,,,24.32,,4.75
1999-03-20,,,,,,,,,,4.75
1999-03-21,,,,,,,,,,4.75
1999-03-22,15.39,13.37,5.21,5.08,,,,25.0,,4.81
1999-03-23,15.36,13.64,5.2,5.03,,,,27.27,,4.79
1999-03-24,15.18,13.37,5.17,4.98,,,,26.6,,4.93
1999-03-25,15.66,13.5,5.21,5.02,,,,24.33,,4.97
1999-03-26,16.16,13.97,5.21,4.99,,,,24.04,,4.78
1999-03-27,,,,,,,,,,4.78
1999-03-28,,,,,,,,,,4.78
1999-03-29,16.46,14.34,5.28,5.02,,,,23.54,,4.84
1999-03-30,16.66,14.5,5.21,4.97,,,,22.73,,4.77
1999-03-31,16.66,15.02,5.25,4.99,,,,23.26,,4.98
1999-04-01,16.65,14.6,5.27,5.01,,,,22.06,,5.41
1999-04-02,,,5.2,4.96,,,,,,4.69
1999-04-03,,,,,,,,,,4.69
1999-04-04,,,,,,,,,,4.69
1999-04-05,16.94,,5.2,4.96,,,,22.19,,4.76
1999-04-06,16.79,14.53,5.13,4.93,,,,22.65,,4.7
1999-04-07,16.02,14.14,5.14,4.93,,,,22.81,,4.64
1999-04-08,15.92,13.72,5.03,4.86,,,,22.59,,4.72
1999-04-09,16.59,14.11,5.05,4.88,,,,21.77,,4.65
1999-04-10,,,,,,,,,,4.65
1999-04-11,,,,,,,,,,4.65
1999-04-12,16.44,14.23,5.06,4.93,,,,21.93,,4.69
1999-04-13,16.73,14.68,5.12,4.94,,,,22.73,,4.66
1999-04-14,16.51,14.45,5.13,4.95,,,,24.94,,4.72
1999-04-15,16.85,14.82,5.18,4.97,,,,23.93,,4.77
1999-04-16,17.34,15.34,5.23,5.02,,,,23.9,,4.62
1999-04-17,,,,,,,,,,4.62
1999-04-18,,,,,,,,,,4.62
1999-04-19,17.82,16.01,5.18,4.99,,,,26.42,,4.6
1999-04-20,17.79,16.04,5.16,4.95,,,,25.02,,4.49
1999-04-21,18.05,15.96,5.17,4.99,,,,23.31,,4.58
1999-04-22,18.02,16.29,5.25,5.05,,,,22.62,,4.65
1999-04-23,17.96,16.07,5.26,5.04,,,,22.76,,4.71
1999-04-24,,,,,,,,,,4.71
1999-04-25,,,,,,,,,,4.71
1999-04-26,17.67,15.63,5.23,5.04,,,,23.53,,5.09
1999-04-27,17.82,15.91,5.22,5.04,,,,23.36,,4.83
1999-04-28,18.43,16.38,5.27,5.02,,,,24.4,,4.83
1999-04-29,18.53,16.53,5.22,4.95,,,,25.06,,4.91
1999-04-30,18.69,16.45,5.36,5.08,,,,25.07,,5.03
1999-05-01,,,,,,,,,,5.03
1999-05-02,,,,,,,,,,5.03
1999-05-03,18.83,,5.38,5.08,,,,24.15,,5.01
1999-05-04,18.94,16.98,5.42,5.12,,,,25.62,,4.71
1999-05-05,18.89,16.85,5.4,5.09,,,,25.19,,4.6
1999-05-06,18.23,16.44,5.52,5.19,,,,27.44,,4.77
1999-05-07,18.23,15.66,5.54,5.19,,,,25.36,,4.67
1999-05-08,,,,,,,,,,4.67
1999-05-09,,,,,,,,,,4.67
1999-05-10,18.57,15.72,5.54,5.15,,,,26.62,,4.69
1999-05-11,17.84,15.23,5.59,5.19,,,,25.62,,4.69
1999-05-12,17.44,14.74,5.51,5.19,,,,26.13,,4.72
1999-05-13,18.11,15.21,5.41,5.12,,,,25.02,,4.78
1999-05-14,18.04,15.18,5.62,5.3,,,,26.86,,4.81
1999-05-15,,,,,,,,,,4.81
1999-05-16,,,,,,,,,,4.81
1999-05-17,17.76,14.98,5.66,5.31,,,,27.28,,5.01
1999-05-18,17.09,14.43,5.68,5.38,,,,27.26,,4.64
1999-05-19,16.77,14.42,5.6,5.37,,,,25.08,,4.48
1999-05-20,17.04,14.44,5.6,5.35,,,,24.46,,4.75
1999-05-21,17.22,14.49,5.52,5.3,,,,24.4,,4.67
1999-05-22,,,,,,,,,,4.67
1999-05-23,,,,,,,,,,4.67
1999-05-24,16.77,14.83,5.5,5.28,,,,27.62,,4.73
1999-05-25,17.25,14.71,5.49,5.3,,,,28.9,,4.8
1999-05-26,17.32,15.18,5.55,5.33,,,,27.57,,4.81
1999-05-27,17.18,15.04,5.62,5.43,,,,28.12,,4.87
1999-05-28,16.85,14.75,5.64,5.42,,,,25.39,,4.61
1999-05-29,,,,,,,,,,4.61
1999-05-30,,,,,,,,,,4.61
1999-05-31,,,,,,,,,,4.61
1999-06-01,16.31,14.22,5.78,5.54,,,,26.62,,4.78
1999-06-02,16.61,14.28,5.8,5.55,,,,26.21,,4.45
1999-06-03,16.81,14.26,5.8,5.54,,,,26.2,,4.77
1999-06-04,17.36,15.21,5.82,5.56,,,,23.43,,4.69
1999-06-05,,,,,,,,,,4.69
1999-06-06,,,,,,,,,,4.69
1999-06-07,17.91,15.98,5.81,5.56,,,,23.78,,4.73
1999-06-08,17.66,16.25,5.83,5.57,,,,24.02,,4.68
1999-06-09,17.98,16.19,5.87,5.61,,,,23.9,,4.72
1999-06-10,17.82,15.99,5.92,5.66,,,,25.32,,4.79
1999-06-11,18.45,16.25,6.02,5.7,,,,25.9,,4.74
1999-06-12,,,,,,,,,,4.74
1999-06-13,,,,,,,,,,4.74
1999-06-14,18.24,16.05,5.98,5.66,,,,26.51,,4.74
1999-06-15,18.61,16.33,5.98,5.66,,,,25.91,,4.67
1999-06-16,17.92,16.29,5.94,5.61,,,,22.4,,4.71
1999-06-17,18.25,16.0,5.79,5.49,,,,21.95,,4.73
1999-06-18,18.01,15.93,5.84,5.56,,,,21.75,,4.69
1999-06-19,,,,,,,,,,4.69
1999-06-20,,,,,,,,,,4.69
1999-06-21,17.79,15.64,5.9,5.62,,,,21.81,,4.74
1999-06-22,17.62,15.91,5.94,5.65,,,,21.7,,4.69
1999-06-23,18.42,16.04,6.0,5.7,,,,21.32,,4.71
1999-06-24,18.26,16.28,6.05,5.75,,,,23.06,,4.87
1999-06-25,18.17,16.27,6.02,5.73,,,,21.76,,4.91
1999-06-26,,,,,,,,,,4.91
1999-06-27,,,,,,,,,,4.91
1999-06-28,18.22,16.27,5.96,5.68,,,,22.63,,5.04
1999-06-29,18.56,16.38,5.93,5.68,,,,22.51,,4.91
1999-06-30,19.33,16.97,5.81,5.53,,,,21.09,,5.12
1999-07-01,19.39,17.25,5.85,5.58,,,,19.69,,5.76
1999-07-02,19.7,17.55,5.82,5.58,,,,18.66,,4.82
1999-07-03,,,,,,,,,,4.82
1999-07-04,,,,,,,,,,4.82
1999-07-05,,,,,,,,,,4.82
1999-07-06,19.78,18.47,5.88,5.64,,,,20.73,,5.03
1999-07-07,19.98,18.36,5.92,5.64,,,,20.35,,4.92
1999-07-08,19.76,18.74,5.85,5.59,,,,20.24,,4.94
1999-07-09,19.94,18.9,5.84,5.61,,,,17.96,,4.98
1999-07-10,,,,,,,,,,4.98
1999-07-11,,,,,,,,,,4.98
1999-07-12,19.92,18.94,5.74,5.53,,,,19.73,,5.01
1999-07-13,20.33,19.49,5.71,5.5,,,,19.95,,4.9
1999-07-14,19.89,19.48,5.74,5.55,,,,19.71,,4.99
1999-07-15,20.26,18.9,5.72,5.53,,,,18.68,,5.14
1999-07-16,20.66,19.42,5.68,5.5,,,,17.42,,4.92
1999-07-17,,,,,,,,,,4.92
1999-07-18,,,,,,,,,,4.92
1999-07-19,20.28,19.75,5.66,5.46,,,,19.07,,4.97
1999-07-20,19.38,19.33,5.65,5.43,,,,21.79,,4.92
1999-07-21,19.54,18.62,5.66,5.45,,,,21.46,,4.96
1999-07-22,19.84,19.01,5.78,5.52,,,,23.05,,5.06
1999-07-23,20.41,19.69,5.84,5.58,,,,23.32,,5.0
1999-07-24,,,,,,,,,,5.0
1999-07-25,,,,,,,,,,5.0
1999-07-26,20.49,19.73,5.86,5.61,,,,24.98,,5.09
1999-07-27,20.4,19.46,5.82,5.56,,,,23.23,,4.91
1999-07-28,20.61,19.65,5.81,5.54,,,,22.85,,4.98
1999-07-29,21.09,19.97,5.88,5.62,,,,24.52,,5.12
1999-07-30,20.52,19.97,5.92,5.63,,,,24.64,,5.07
1999-07-31,,,,,,,,,,5.07
1999-08-01,,,,,,,,,,5.07
1999-08-02,20.46,19.21,5.92,5.65,,,,25.59,,5.18
1999-08-03,20.21,19.32,5.95,5.65,,,,26.27,,4.98
1999-08-04,20.49,19.38,5.96,5.64,,,,27.4,,4.94
1999-08-05,20.67,19.64,5.88,5.55,,,,27.01,,5.0
1999-08-06,20.89,19.66,6.02,5.69,,,,26.6,,4.93
1999-08-07,,,,,,,,,,4.93
1999-08-08,,,,,,,,,,4.93
1999-08-09,21.26,19.34,6.13,5.79,,,,27.66,,4.99
1999-08-10,21.31,20.18,6.16,5.79,,,,28.45,,4.92
1999-08-11,21.54,20.58,6.05,5.76,,,,25.39,,5.05
1999-08-12,21.42,20.32,6.08,5.78,,,,25.03,,5.1
1999-08-13,21.67,20.61,5.98,5.71,,,,22.31,,5.01
1999-08-14,,,,,,,,,,5.01
1999-08-15,,,,,,,,,,5.01
1999-08-16,21.34,20.68,5.98,5.75,,,,23.07,,5.24
1999-08-17,21.7,20.61,5.89,5.68,,,,21.67,,4.94
1999-08-18,21.54,20.69,5.88,5.66,,,,23.3,,4.89
1999-08-19,21.86,20.92,5.9,5.66,,,,24.39,,4.97
1999-08-20,21.66,21.11,5.88,5.65,,,,22.95,,4.95
1999-08-21,,,,,,,,,,4.95
1999-08-22,,,,,,,,,,4.95
1999-08-23,21.61,20.96,5.89,5.66,,,,22.55,,5.06
1999-08-24,21.36,20.48,5.85,5.65,,,,22.4,,5.08
1999-08-25,20.66,19.71,5.73,5.53,,,,20.96,,5.2
1999-08-26,21.09,19.8,5.75,5.56,,,,21.21,,5.3
1999-08-27,21.31,20.32,5.85,5.65,,,,21.83,,5.24
1999-08-28,,,,,,,,,,5.24
1999-08-29,,,,,,,,,,5.24
1999-08-30,21.93,,5.95,5.73,,,,24.63,,5.37
1999-08-31,22.15,21.08,5.98,5.73,,,,24.45,,5.57
1999-09-01,21.79,21.1,5.99,5.74,,,,22.93,,5.41
1999-09-02,21.54,20.66,6.03,5.74,,,,24.53,,5.26
1999-09-03,22.0,20.74,5.89,5.64,,,,20.98,,5.09
1999-09-04,,,,,,,,,,5.09
1999-09-05,,,,,,,,,,5.09
1999-09-06,,21.14,,,,,,,,5.09
1999-09-07,22.58,21.71,5.95,5.69,,,,23.44,,5.33
1999-09-08,22.64,21.96,5.93,5.67,,,,23.82,,5.17
1999-09-09,23.24,22.51,5.97,5.71,,,,23.01,,5.24
1999-09-10,23.55,22.36,5.89,5.64,,,,22.03,,5.17
1999-09-11,,,,,,,,,,5.17
1999-09-12,,,,,,,,,,5.17
1999-09-13,24.18,22.98,5.92,5.66,,,,22.89,,5.27
1999-09-14,23.86,23.18,5.96,5.71,,,,23.77,,5.26
1999-09-15,24.1,23.25,5.94,5.67,,,,24.56,,5.41
1999-09-16,24.52,23.06,5.9,5.63,,,,25.25,,5.23
1999-09-17,24.72,22.93,5.87,5.63,,,,23.3,,5.11
1999-09-18,,,,,,,,,,5.11
1999-09-19,,,,,,,,,,5.11
1999-09-20,24.32,22.85,5.91,5.67,,,,24.03,,5.2
1999-09-21,24.48,22.68,5.94,5.67,,,,25.65,,5.12
1999-09-22,24.26,22.49,5.92,5.67,,,,25.19,,5.21
1999-09-23,24.76,23.41,5.87,5.63,,,,27.84,,5.29
1999-09-24,24.81,23.66,5.75,5.55,,,,27.79,,5.23
1999-09-25,,,,,,,,,,5.23
1999-09-26,,,,,,,,,,5.23
1999-09-27,24.63,23.6,5.83,5.62,,,,26.4,,5.35
1999-09-28,24.52,23.24,5.89,5.65,,,,26.06,,5.32
1999-09-29,24.69,23.46,5.97,5.68,,,,26.49,,5.26
1999-09-30,24.54,22.98,5.9,5.63,,,,25.41,,5.51
1999-10-01,24.51,22.98,6.0,5.73,,,,24.93,,5.26
1999-10-02,,,,,,,,,,5.26
1999-10-03,,,,,,,,,,5.26
1999-10-04,23.71,23.3,5.95,5.7,,,,24.46,,5.23
1999-10-05,23.37,22.64,6.02,5.78,,,,24.79,,5.16
1999-10-06,23.24,23.07,6.04,5.81,,,,22.06,,5.21
1999-10-07,22.46,22.33,6.05,5.82,,,,23.58,,5.28
1999-10-08,20.81,20.78,6.04,5.8,,,,20.49,,5.1
1999-10-09,,,,,,,,,,5.1
1999-10-10,,,,,,,,,,5.1
1999-10-11,21.58,20.84,,,,,,20.63,,5.1
1999-10-12,22.93,21.89,6.07,5.82,,,,22.84,,5.3
1999-10-13,22.93,22.26,6.12,5.87,,,,25.96,,5.2
1999-10-14,22.46,22.28,6.17,5.9,,,,26.05,,5.22
1999-10-15,22.81,21.65,6.09,5.82,,,,28.75,,5.28
1999-10-16,,,,,,,,,,5.28
1999-10-17,,,,,,,,,,5.28
1999-10-18,22.44,22.26,6.12,5.85,,,,28.19,,5.2
1999-10-19,22.36,21.59,6.18,5.92,,,,26.56,,5.07
1999-10-20,22.21,21.02,6.19,5.94,,,,23.9,,4.92
1999-10-21,22.74,21.68,6.2,5.93,,,,24.02,,5.2
1999-10-22,23.48,22.38,6.21,5.96,,,,21.64,,5.11
1999-10-23,,,,,,,,,,5.11
1999-10-24,,,,,,,,,,5.11
1999-10-25,23.22,22.45,6.22,5.98,,,,23.6,,5.23
1999-10-26,23.17,22.14,6.24,6.02,,,,24.26,,5.22
1999-10-27,22.71,22.18,6.19,5.94,,,,24.2,,5.29
1999-10-28,21.59,21.22,6.12,5.87,,,,21.34,,5.31
1999-10-29,21.79,21.11,6.02,5.79,,,,22.2,,5.27
1999-10-30,,,,,,,,,,5.27
1999-10-31,,,,,,,,,,5.27
1999-11-01,22.44,21.32,6.06,5.83,,,,22.09,,5.38
1999-11-02,22.49,21.98,6.04,5.81,,,,23.1,,5.18
1999-11-03,22.59,22.38,6.01,5.79,,,,23.16,,5.21
1999-11-04,23.17,22.64,5.95,5.74,,,,23.0,,5.27
1999-11-05,22.93,22.8,5.92,5.72,,,,21.66,,5.14
1999-11-06,,,,,,,,,,5.14
1999-11-07,,,,,,,,,,5.14
1999-11-08,23.28,23.62,5.95,5.74,,,,21.87,,5.23
1999-11-09,24.21,24.44,5.97,5.77,,,,22.7,,5.22
1999-11-10,24.37,25.42,6.0,5.81,,,,22.26,,5.27
1999-11-11,24.33,24.96,,,,,,22.07,,5.27
1999-11-12,24.91,25.39,5.93,5.78,,,,21.65,,5.45
1999-11-13,,,,,,,,,,5.45
1999-11-14,,,,,,,,,,5.45
1999-11-15,25.31,25.93,5.94,5.79,,,,22.74,,5.64
1999-11-16,26.04,24.88,5.97,5.85,,,,20.73,,5.4
1999-11-17,26.57,24.98,6.04,5.9,,,,20.96,,5.41
1999-11-18,25.71,25.02,6.06,5.9,,,,19.76,,5.49
1999-11-19,26.61,25.14,6.07,5.92,,,,19.11,,5.43
1999-11-20,,,,,,,,,,5.43
1999-11-21,,,,,,,,,,5.43
1999-11-22,28.03,25.86,6.09,5.95,,,,19.98,,5.53
1999-11-23,26.91,25.66,6.08,5.93,,,,21.0,,5.59
1999-11-24,27.22,25.77,6.09,5.97,,,,20.26,,5.72
1999-11-25,,25.94,,,,,,,,5.72
1999-11-26,27.22,25.85,6.12,5.99,,,,22.33,,5.59
1999-11-27,,,,,,,,,,5.59
1999-11-28,,,,,,,,,,5.59
1999-11-29,25.84,25.67,6.21,6.04,,,,23.57,,5.61
1999-11-30,24.87,25.2,6.18,6.01,,,,24.18,,5.63
1999-12-01,25.01,24.2,6.21,6.04,,,,22.23,,5.71
1999-12-02,25.88,25.52,6.24,6.06,,,,21.77,,5.58
1999-12-03,25.71,26.17,6.17,5.99,,,,19.32,,5.42
1999-12-04,,,,,,,,,,5.42
1999-12-05,,,,,,,,,,5.42
1999-12-06,26.67,26.46,6.16,5.98,,,,20.58,,5.48
1999-12-07,26.36,26.1,6.11,5.95,,,,21.09,,5.42
1999-12-08,26.69,25.45,6.15,5.98,,,,21.25,,5.42
1999-12-09,26.0,25.85,6.14,5.96,,,,21.19,,5.51
1999-12-10,25.21,24.86,6.08,5.93,,,,21.48,,5.42
1999-12-11,,,,,,,,,,5.42
1999-12-12,,,,,,,,,,5.42
1999-12-13,25.37,24.31,6.11,5.96,,,,21.72,,5.46
1999-12-14,25.87,24.88,6.22,6.07,,,,23.06,,5.31
1999-12-15,26.28,25.68,6.25,6.1,,,,22.03,,5.56
1999-12-16,26.74,26.09,6.31,6.15,,,,21.91,,5.54
1999-12-17,26.76,26.22,6.3,6.15,,,,21.35,,5.4
1999-12-18,,,,,,,,,,5.4
1999-12-19,,,,,,,,,,5.4
1999-12-20,26.55,25.98,6.36,6.21,,,,23.78,,5.54
1999-12-21,26.34,25.51,6.38,6.21,,,,22.66,,5.52
1999-12-22,25.51,25.04,6.39,6.24,,,,22.43,,5.45
1999-12-23,25.86,25.11,6.41,6.24,,,,21.12,,5.4
1999-12-24,,,,,,,,,,4.96
1999-12-25,,,,,,,,,,4.96
1999-12-26,,,,,,,,,,4.96
1999-12-27,26.36,,6.4,6.21,,,,23.07,,5.33
1999-12-28,26.81,,6.43,6.23,,,,22.97,,4.86
1999-12-29,26.41,25.63,6.4,6.21,,,,23.09,,4.61
1999-12-30,25.76,24.93,6.39,6.19,,,,24.76,,4.88
1999-12-31,,,6.45,6.24,,,,24.64,,3.99
2000-01-01,,,,,,,,,,3.99
2000-01-02,,,,,,,,,,3.99
2000-01-03,,,6.58,6.38,,,,24.21,,5.43
2000-01-04,25.56,23.95,6.49,6.3,,,,27.01,,5.38
2000-01-05,24.65,23.72,6.62,6.38,,,,26.41,,5.41
2000-01-06,24.79,23.55,6.57,6.35,,,,25.73,,5.54
2000-01-07,24.79,23.35,6.52,6.31,,,,21.72,,5.61
2000-01-08,,,,,,,,,,5.61
2000-01-09,,,,,,,,,,5.61
2000-01-10,24.71,22.77,6.57,6.38,,,,21.71,,5.74
2000-01-11,25.69,23.93,6.67,6.45,,,,22.5,,5.63
2000-01-12,26.3,24.62,6.72,6.49,,,,22.84,,5.59
2000-01-13,26.63,24.9,6.63,6.4,,,,21.71,,5.58
2000-01-14,28.01,25.5,6.69,6.44,,,,19.66,,5.56
2000-01-15,,,,,,,,,,5.56
2000-01-16,,,,,,,,,,5.56
2000-01-17,,25.99,,,,,,,,5.56
2000-01-18,28.98,26.31,6.75,6.47,,,,21.5,,5.83
2000-01-19,29.11,26.17,6.73,6.46,,,,21.72,,5.47
2000-01-20,29.67,26.26,6.79,6.49,,,,21.75,,5.44
2000-01-21,29.71,27.18,6.79,6.48,,,,20.82,,5.36
2000-01-22,,,,,,,,,,5.36
2000-01-23,,,,,,,,,,5.36
2000-01-24,29.25,27.02,6.69,6.43,,,,24.07,,5.53
2000-01-25,30.28,27.24,6.7,6.44,,,,23.02,,5.46
2000-01-26,27.66,27.18,6.69,6.45,,,,23.03,,5.52
2000-01-27,27.22,26.91,6.68,6.51,,,,23.54,,5.61
2000-01-28,27.27,26.59,6.66,6.58,,,,26.14,,5.58
2000-01-29,,,,,,,,,,5.58
2000-01-30,,,,,,,,,,5.58
2000-01-31,27.65,27.08,6.68,6.61,,,,24.95,,5.87
2000-02-01,28.28,27.35,6.62,6.6,,,,23.45,,5.79
2000-02-02,27.52,27.15,6.6,6.63,,,,23.12,,5.64
2000-02-03,28.26,27.6,6.49,6.56,,,,22.01,,5.71
2000-02-04,28.67,27.48,6.53,6.63,,,,21.54,,5.7
2000-02-05,,,,,,,,,,5.7
2000-02-06,,,,,,,,,,5.7
2000-02-07,28.4,27.94,6.64,6.68,,,,22.79,,5.76
2000-02-08,28.05,27.61,6.59,6.69,,,,21.25,,5.67
2000-02-09,28.71,27.44,6.56,6.69,,,,22.9,,5.76
2000-02-10,29.49,27.32,6.67,6.67,,,,23.07,,5.79
2000-02-11,29.51,27.82,6.63,6.65,,,,24.42,,5.71
2000-02-12,,,,,,,,,,5.71
2000-02-13,,,,,,,,,,5.71
2000-02-14,30.3,28.03,6.56,6.62,,,,24.38,,5.79
2000-02-15,30.17,28.12,6.56,6.66,,,,22.92,,5.85
2000-02-16,30.01,28.11,6.56,6.63,,,,23.51,,5.67
2000-02-17,29.37,27.54,6.58,6.69,,,,23.17,,5.66
2000-02-18,29.51,27.26,6.49,6.66,,,,26.0,,5.7
2000-02-19,,,,,,,,,,5.7
2000-02-20,,,,,,,,,,5.7
2000-02-21,,26.93,,,,,,,,5.7
2000-02-22,29.63,27.22,6.36,6.57,,,,25.86,,5.81
2000-02-23,30.19,27.92,6.44,6.61,,,,23.89,,5.77
2000-02-24,30.23,28.21,6.36,6.52,,,,24.38,,5.76
2000-02-25,30.34,28.53,6.36,6.45,,,,25.2,,5.73
2000-02-26,,,,,,,,,,5.73
2000-02-27,,,,,,,,,,5.73
2000-02-28,30.11,28.7,6.37,6.47,,,,24.68,,5.81
2000-02-29,30.57,29.01,6.42,6.53,,,,23.37,,5.85
2000-03-01,31.71,29.78,6.39,6.52,,,,21.64,,5.78
2000-03-02,31.51,30.12,6.4,6.52,,,,21.06,,5.76
2000-03-03,31.46,29.83,6.39,6.5,,,,19.21,,5.72
2000-03-04,,,,,,,,,,5.72
2000-03-05,,,,,,,,,,5.72
2000-03-06,32.19,30.08,6.42,6.55,,,,21.5,,5.73
2000-03-07,33.9,31.93,6.39,6.48,,,,24.31,,5.68
2000-03-08,31.22,31.41,6.38,6.5,,,,23.82,,5.77
2000-03-09,31.61,29.11,6.35,6.48,,,,22.21,,5.79
2000-03-10,31.76,28.97,6.39,6.55,,,,21.24,,5.75
2000-03-11,,,,,,,,,,5.75
2000-03-12,,,,,,,,,,5.75
2000-03-13,32.11,29.25,6.36,6.52,,,,22.85,,5.81
2000-03-14,31.93,28.83,6.31,6.48,,,,24.41,,5.8
2000-03-15,30.47,28.03,6.29,6.5,,,,22.34,,5.9
2000-03-16,31.1,27.97,6.26,6.5,,,,20.77,,5.77
2000-03-17,30.86,27.87,6.2,6.5,,,,22.37,,5.76
2000-03-18,,,,,,,,,,5.76
2000-03-19,,,,,,,,,,5.76
2000-03-20,29.33,25.59,6.18,6.52,,,,22.96,,5.82
2000-03-21,28.01,24.93,6.13,6.5,,,,21.7,,5.81
2000-03-22,27.28,25.77,6.13,6.5,,,,21.49,,6.02
2000-03-23,27.47,25.32,6.08,6.52,,,,22.26,,6.04
2000-03-24,27.86,25.74,6.2,6.64,,,,23.31,,5.98
2000-03-25,,,,,,,,,,5.98
2000-03-26,,,,,,,,,,5.98
2000-03-27,27.59,25.16,6.21,6.66,,,,24.53,,6.07
2000-03-28,27.1,24.8,6.17,6.6,,,,24.86,,6.02
2000-03-29,26.36,23.77,6.18,6.59,,,,24.1,,5.98
2000-03-30,26.67,23.94,6.06,6.52,,,,25.47,,6.11
2000-03-31,26.86,23.98,6.03,6.5,,,,24.11,,6.17
2000-04-01,,,,,,,,,,6.17
2000-04-02,,,,,,,,,,6.17
2000-04-03,26.28,24.62,6.0,6.45,,,,24.03,,6.15
2000-04-04,25.46,23.26,5.9,6.35,,,,27.12,,5.98
2000-04-05,25.76,22.98,5.9,6.35,,,,28.41,,6.08
2000-04-06,25.51,22.9,5.93,6.38,,,,27.15,,6.05
2000-04-07,24.97,22.63,5.86,6.38,,,,24.39,,5.95
2000-04-08,,,,,,,,,,5.95
2000-04-09,,,,,,,,,,5.95
2000-04-10,23.91,21.08,5.8,6.31,,,,25.99,,6.05
2000-04-11,24.17,21.05,5.89,6.36,,,,27.25,,5.97
2000-04-12,25.49,21.4,5.97,6.4,,,,28.98,,5.93
2000-04-13,25.29,22.65,5.94,6.4,,,,29.4,,5.97
2000-04-14,25.48,22.13,5.85,6.27,,,,33.49,,6.08
2000-04-15,,,,,,,,,,6.08
2000-04-16,,,,,,,,,,6.08
2000-04-17,26.06,22.2,6.01,6.33,,,,28.95,,6.18
2000-04-18,25.92,22.67,6.05,6.33,,,,26.12,,5.93
2000-04-19,27.38,23.5,5.99,6.33,,,,27.02,,5.93
2000-04-20,27.29,23.57,5.99,6.38,,,,25.85,,6.05
2000-04-21,,,,,,,,,,5.94
2000-04-22,,,,,,,,,,5.94
2000-04-23,,,,,,,,,,5.94
2000-04-24,27.41,,6.0,6.36,,,,27.37,,5.9
2000-04-25,26.41,23.36,6.14,6.48,,,,25.24,,5.99
2000-04-26,24.69,22.9,6.14,6.5,,,,26.97,,6.0
2000-04-27,25.53,23.07,6.23,6.63,,,,26.19,,6.0
2000-04-28,25.71,23.79,6.23,6.68,,,,26.2,,6.06
2000-04-29,,,,,,,,,,6.06
2000-04-30,,,,,,,,,,6.06
2000-05-01,25.84,,6.29,6.73,,,,25.88,,6.17
2000-05-02,26.86,24.73,6.32,6.72,,,,28.5,,6.05
2000-05-03,26.6,25.13,6.4,6.73,,,,31.63,,6.05
2000-05-04,27.08,25.06,6.46,6.77,,,,30.77,,6.05
2000-05-05,27.37,24.93,6.51,6.84,,,,27.53,,5.94
2000-05-06,,,,,,,,,,5.94
2000-05-07,,,,,,,,,,5.94
2000-05-08,28.05,26.03,6.57,6.87,,,,28.2,,6.01
2000-05-09,28.46,26.69,6.53,6.86,,,,28.93,,5.92
2000-05-10,28.1,26.59,6.47,6.84,,,,29.87,,5.95
2000-05-11,29.25,27.22,6.43,6.82,,,,27.76,,6.05
2000-05-12,29.64,27.98,6.51,6.91,,,,26.05,,6.11
2000-05-13,,,,,,,,,,6.11
2000-05-14,,,,,,,,,,6.11
2000-05-15,29.95,28.26,6.47,6.88,,,,24.86,,6.34
2000-05-16,29.76,28.78,6.43,6.89,,,,24.34,,6.13
2000-05-17,29.38,28.4,6.48,6.9,,,,23.98,,6.25
2000-05-18,30.28,28.9,6.56,6.93,,,,23.96,,6.49
2000-05-19,30.02,29.01,6.51,6.86,,,,25.44,,6.51
2000-05-20,,,,,,,,,,6.51
2000-05-21,,,,,,,,,,6.51
2000-05-22,28.62,28.45,6.44,6.81,,,,26.0,,6.52
2000-05-23,28.61,28.12,6.45,6.83,,,,25.87,,6.47
2000-05-24,29.89,28.97,6.47,6.79,,,,24.32,,6.48
2000-05-25,30.43,29.62,6.39,6.71,,,,24.58,,6.56
2000-05-26,29.76,30.09,6.33,6.69,,,,24.47,,6.4
2000-05-27,,,,,,,,,,6.4
2000-05-28,,,,,,,,,,6.4
2000-05-29,,,,,,,,,,6.4
2000-05-30,30.36,29.89,6.38,6.74,,,,23.62,,6.71
2000-05-31,29.03,29.64,6.29,6.69,,,,23.65,,6.83
2000-06-01,30.19,29.69,6.2,6.61,,,,22.36,,6.65
2000-06-02,30.34,29.35,6.15,6.52,,,,21.48,,6.44
2000-06-03,,,,,,,,,,6.44
2000-06-04,,,,,,,,,,6.44
2000-06-05,29.87,28.27,6.12,6.49,,,,22.71,,6.51
2000-06-06,29.78,28.42,6.14,6.51,,,,23.05,,6.47
2000-06-07,29.29,28.32,6.13,6.52,,,,22.48,,6.5
2000-06-08,29.78,29.34,6.13,6.56,,,,22.77,,6.54
2000-06-09,30.22,29.0,6.13,6.56,,,,22.14,,6.47
2000-06-10,,,,,,,,,,6.47
2000-06-11,,,,,,,,,,6.47
2000-06-12,31.76,30.1,6.09,6.52,,,,22.32,,6.54
2000-06-13,32.73,30.4,6.11,6.49,,,,21.67,,6.46
2000-06-14,32.72,30.12,6.06,6.44,,,,21.48,,6.54
2000-06-15,32.7,29.77,6.05,6.44,,,,20.68,,6.7
2000-06-16,32.35,28.68,5.99,6.38,,,,20.5,,6.46
2000-06-17,,,,,,,,,,6.46
2000-06-18,,,,,,,,,,6.46
2000-06-19,31.57,27.69,6.0,6.4,,,,20.63,,6.51
2000-06-20,33.07,28.86,6.03,6.43,,,,20.88,,6.49
2000-06-21,33.64,30.71,6.11,6.5,,,,20.61,,6.47
2000-06-22,34.72,30.61,6.12,6.5,,,,22.0,,6.52
2000-06-23,34.76,31.02,6.19,6.55,,,,22.34,,6.51
2000-06-24,,,,,,,,,,6.51
2000-06-25,,,,,,,,,,6.51
2000-06-26,31.56,30.9,6.11,6.5,,,,22.45,,6.63
2000-06-27,32.01,30.47,6.1,6.5,,,,21.8,,6.56
2000-06-28,31.86,31.15,6.11,6.43,,,,20.29,,6.5
2000-06-29,32.73,31.05,6.04,6.37,,,,19.7,,6.76
2000-06-30,32.44,31.58,6.03,6.38,,,,19.54,,6.86
2000-07-01,,,,,,,,,,6.86
2000-07-02,,,,,,,,,,6.86
2000-07-03,,32.15,6.0,6.31,,,,19.83,,7.03
2000-07-04,,30.73,,,,,,,,7.03
2000-07-05,30.76,30.35,5.99,6.29,,,,21.16,,6.52
2000-07-06,30.19,30.67,6.05,6.34,,,,20.94,,6.51
2000-07-07,30.26,30.62,6.01,6.29,,,,19.22,,6.42
2000-07-08,,,,,,,,,,6.42
2000-07-09,,,,,,,,,,6.42
2000-07-10,29.51,30.58,6.04,6.31,,,,20.33,,6.51
2000-07-11,29.61,29.83,6.06,6.32,,,,20.11,,6.39
2000-07-12,30.34,30.27,6.09,6.34,,,,20.03,,6.38
2000-07-13,31.41,31.15,6.01,6.31,,,,20.03,,6.5
2000-07-14,31.31,30.82,6.1,6.41,,,,19.32,,6.51
2000-07-15,,,,,,,,,,6.51
2000-07-16,,,,,,,,,,6.51
2000-07-17,30.71,28.44,6.17,6.46,,,,19.45,,6.58
2000-07-18,31.94,28.46,6.16,6.44,,,,19.75,,6.47
2000-07-19,31.1,28.33,6.16,6.46,,,,19.65,,6.45
2000-07-20,30.94,27.85,6.01,6.32,,,,18.94,,6.52
2000-07-21,28.56,26.68,6.01,6.32,,,,18.94,,6.51
2000-07-22,,,,,,,,,,6.51
2000-07-23,,,,,,,,,,6.51
2000-07-24,27.97,26.84,6.04,6.35,,,,19.92,,6.52
2000-07-25,27.89,25.78,6.04,6.35,,,,19.39,,6.46
2000-07-26,27.81,25.92,6.04,6.29,,,,19.67,,6.49
2000-07-27,28.21,25.6,6.02,6.27,,,,19.6,,6.52
2000-07-28,28.22,25.96,6.04,6.3,,,,20.84,,6.44
2000-07-29,,,,,,,,,,6.44
2000-07-30,,,,,,,,,,6.44
2000-07-31,27.5,25.3,6.04,6.3,,,,20.74,,6.64
2000-08-01,27.85,25.24,6.0,6.27,,,,20.55,,6.51
2000-08-02,28.27,26.8,5.98,6.23,,,,20.0,,6.42
2000-08-03,28.92,27.04,5.95,6.22,,,,19.99,,6.45
2000-08-04,29.94,28.01,5.91,6.15,,,,18.62,,6.44
2000-08-05,,,,,,,,,,6.44
2000-08-06,,,,,,,,,,6.44
2000-08-07,28.93,27.56,5.97,6.2,,,,19.03,,6.46
2000-08-08,29.26,27.58,5.93,6.16,,,,18.79,,6.44
2000-08-09,30.38,28.13,5.81,6.18,,,,19.18,,6.48
2000-08-10,31.09,28.98,5.76,6.16,,,,19.19,,6.52
2000-08-11,31.02,29.44,5.79,6.25,,,,18.55,,6.5
2000-08-12,,,,,,,,,,6.5
2000-08-13,,,,,,,,,,6.5
2000-08-14,31.92,29.24,5.78,6.25,,,,17.88,,6.58
2000-08-15,31.43,30.0,5.81,6.28,,,,17.98,,6.63
2000-08-16,31.91,29.66,5.83,6.3,,,,18.02,,6.48
2000-08-17,31.88,30.71,5.81,6.3,,,,17.48,,6.47
2000-08-18,31.97,30.76,5.78,6.27,,,,17.05,,6.44
2000-08-19,,,,,,,,,,6.44
2000-08-20,,,,,,,,,,6.44
2000-08-21,32.42,31.34,5.79,6.28,,,,17.35,,6.48
2000-08-22,31.24,30.18,5.78,6.27,,,,17.47,,6.42
2000-08-23,31.23,32.38,5.73,6.2,,,,17.38,,6.5
2000-08-24,33.41,31.67,5.73,6.19,,,,17.04,,6.56
2000-08-25,34.01,33.26,5.73,6.19,,,,16.53,,6.54
2000-08-26,,,,,,,,,,6.54
2000-08-27,,,,,,,,,,6.54
2000-08-28,32.92,33.29,5.78,6.23,,,,16.54,,6.57
2000-08-29,32.73,34.03,5.81,6.26,,,,16.89,,6.51
2000-08-30,33.25,34.13,5.81,6.24,,,,17.69,,6.51
2000-08-31,33.09,35.08,5.73,6.18,,,,16.84,,6.65
2000-09-01,33.42,35.09,5.68,6.09,,,,17.53,,6.52
2000-09-02,,,,,,,,,,6.52
2000-09-03,,,,,,,,,,6.52
2000-09-04,,36.02,,,,,,,,6.52
2000-09-05,33.92,35.72,5.69,6.09,,,,19.82,,6.61
2000-09-06,34.97,36.7,5.72,6.11,,,,20.79,,6.56
2000-09-07,35.18,37.43,5.76,6.14,,,,19.42,,6.53
2000-09-08,33.62,36.27,5.73,6.11,,,,18.46,,6.5
2000-09-09,,,,,,,,,,6.5
2000-09-10,,,,,,,,,,6.5
2000-09-11,35.14,36.87,5.77,6.12,,,,18.4,,6.5
2000-09-12,34.25,33.3,5.78,6.12,,,,18.59,,6.47
2000-09-13,33.87,31.08,5.74,6.09,,,,18.32,,6.47
2000-09-14,34.37,31.35,5.79,6.11,,,,18.26,,6.5
2000-09-15,35.87,33.68,5.84,6.07,,,,18.52,,6.55
2000-09-16,,,,,,,,,,6.55
2000-09-17,,,,,,,,,,6.55
2000-09-18,36.75,34.55,5.88,6.04,,,,20.25,,6.44
2000-09-19,36.96,33.48,5.86,6.05,,,,19.54,,6.4
2000-09-20,37.22,33.67,5.91,6.11,,,,19.93,,6.5
2000-09-21,33.84,32.18,5.88,6.11,,,,20.18,,6.53
2000-09-22,32.66,31.59,5.85,6.09,,,,20.74,,6.48
2000-09-23,,,,,,,,,,6.48
2000-09-24,,,,,,,,,,6.48
2000-09-25,31.5,30.01,5.84,6.11,,,,21.41,,6.54
2000-09-26,31.78,29.94,5.81,6.07,,,,21.88,,6.5
2000-09-27,31.23,29.78,5.83,6.0,,,,21.67,,6.5
2000-09-28,30.26,28.91,5.82,6.02,,,,19.47,,6.59
2000-09-29,30.87,28.42,5.8,5.98,,,,20.57,,6.6
2000-09-30,,,,,,,,,,6.6
2000-10-01,,,,,,,,,,6.6
2000-10-02,32.05,29.65,5.83,5.98,,,,21.23,,6.68
2000-10-03,31.86,30.64,5.87,6.0,,,,21.85,,6.46
2000-10-04,30.91,30.07,5.9,6.03,,,,21.54,,6.51
2000-10-05,30.66,29.19,5.87,6.02,,,,21.03,,6.54
2000-10-06,30.86,29.62,5.82,5.98,,,,22.71,,6.43
2000-10-07,,,,,,,,,,6.43
2000-10-08,,,,,,,,,,6.43
2000-10-09,31.98,29.99,,,,,,24.02,,6.43
2000-10-10,33.29,30.95,5.8,5.98,,,,24.86,,6.57
2000-10-11,33.2,31.25,5.77,5.93,,,,26.57,,6.46
2000-10-12,36.06,33.45,5.73,5.86,,,,30.51,,6.47
2000-10-13,34.96,33.5,5.73,5.84,,,,27.6,,6.46
2000-10-14,,,,,,,,,,6.46
2000-10-15,,,,,,,,,,6.46
2000-10-16,33.18,32.03,5.74,5.89,,,,26.79,,6.59
2000-10-17,33.36,30.38,5.68,5.83,,,,27.84,,6.45
2000-10-18,33.51,30.98,5.66,5.82,,,,28.72,,6.53
2000-10-19,33.06,31.29,5.66,5.86,,,,25.09,,6.54
2000-10-20,34.31,30.16,5.64,5.84,,,,24.24,,6.5
2000-10-21,,,,,,,,,,6.5
2000-10-22,,,,,,,,,,6.5
2000-10-23,34.9,30.98,5.59,5.82,,,,24.69,,6.53
2000-10-24,34.53,31.81,5.63,5.86,,,,24.28,,6.49
2000-10-25,33.62,31.17,5.67,5.87,,,,26.65,,6.53
2000-10-26,33.75,31.48,5.69,5.9,,,,28.62,,6.53
2000-10-27,32.78,31.31,5.72,5.94,,,,26.47,,6.51
2000-10-28,,,,,,,,,,6.51
2000-10-29,,,,,,,,,,6.51
2000-10-30,32.86,31.09,5.74,5.97,,,,25.46,,6.59
2000-10-31,32.7,30.15,5.77,5.94,,,,23.63,,6.59
2000-11-01,33.14,31.62,5.74,5.88,,,,24.28,,6.61
2000-11-02,32.59,30.81,5.74,5.87,,,,23.92,,6.54
2000-11-03,32.62,30.81,5.83,5.94,,,,23.67,,6.48
2000-11-04,,,,,,,,,,6.48
2000-11-05,,,,,,,,,,6.48
2000-11-06,33.02,31.0,5.87,5.99,,,,24.52,,6.49
2000-11-07,33.44,31.59,5.87,5.99,,,,24.91,,6.48
2000-11-08,32.92,31.3,5.87,5.99,,,,25.66,,6.51
2000-11-09,33.87,31.79,5.82,5.94,,,,27.2,,6.52
2000-11-10,34.05,32.26,5.82,5.92,,,,28.53,,6.48
2000-11-11,,,,,,,,,,6.48
2000-11-12,,,,,,,,,,6.48
2000-11-13,34.3,32.5,5.77,5.9,,,,29.06,,6.55
2000-11-14,34.72,33.05,5.76,5.92,,,,26.81,,6.52
2000-11-15,35.54,33.82,5.72,5.9,,,,26.15,,6.61
2000-11-16,34.84,34.16,5.68,5.87,,,,25.05,,6.55
2000-11-17,35.62,33.09,5.71,5.88,,,,24.81,,6.48
2000-11-18,,,,,,,,,,6.48
2000-11-19,,,,,,,,,,6.48
2000-11-20,35.98,34.23,5.68,5.87,,,,27.43,,6.52
2000-11-21,35.54,33.33,5.67,5.86,,,,26.62,,6.5
2000-11-22,36.06,33.11,5.62,5.85,,,,27.71,,6.58
2000-11-23,,33.29,,,,,,,,6.58
2000-11-24,36.06,33.35,5.63,5.86,,,,26.0,,6.49
2000-11-25,,,,,,,,,,6.49
2000-11-26,,,,,,,,,,6.49
2000-11-27,36.24,33.47,5.64,5.86,,,,26.93,,6.5
2000-11-28,34.02,32.59,5.59,5.79,,,,27.64,,6.46
2000-11-29,34.58,32.45,5.55,5.69,,,,27.49,,6.5
2000-11-30,33.61,32.53,5.48,5.61,,,,29.65,,6.62
2000-12-01,32.06,31.59,5.52,5.62,,,,27.48,,6.6
2000-12-02,,,,,,,,,,6.6
2000-12-03,,,,,,,,,,6.6
2000-12-04,31.28,30.37,5.53,5.59,,,,27.78,,6.57
2000-12-05,29.25,28.88,5.43,5.49,,,,24.99,,6.51
2000-12-06,30.24,27.47,5.32,5.42,,,,25.07,,6.48
2000-12-07,29.36,27.85,5.32,5.45,,,,25.34,,6.49
2000-12-08,28.31,26.85,5.35,5.5,,,,22.41,,6.47
2000-12-09,,,,,,,,,,6.47
2000-12-10,,,,,,,,,,6.47
2000-12-11,29.75,27.28,5.37,5.52,,,,23.51,,6.49
2000-12-12,29.81,26.81,5.36,5.54,,,,24.88,,6.43
2000-12-13,28.75,26.84,5.29,5.45,,,,23.63,,6.47
2000-12-14,28.06,24.32,5.23,5.43,,,,24.86,,6.53
2000-12-15,28.86,24.44,5.2,5.38,,,,26.55,,6.58
2000-12-16,,,,,,,,,,6.58
2000-12-17,,,,,,,,,,6.58
2000-12-18,29.52,25.11,5.17,5.33,,,,27.7,,6.5
2000-12-19,29.34,24.36,5.19,5.35,,,,27.17,,6.47
2000-12-20,25.83,23.29,5.08,5.24,,,,31.74,,6.47
2000-12-21,26.06,22.4,5.03,5.14,,,,29.66,,6.48
2000-12-22,26.16,22.23,5.02,5.1,,,,27.55,,6.44
2000-12-23,,,,,,,,,,6.44
2000-12-24,,,,,,,,,,6.44
2000-12-25,,,,,,,,,,6.44
2000-12-26,27.0,,5.04,5.1,,,,28.73,,6.58
2000-12-27,26.55,22.58,5.11,5.1,,,,28.14,,6.53
2000-12-28,25.82,22.29,5.13,5.18,,,,26.57,,6.53
2000-12-29,26.72,22.58,5.12,5.11,,,,26.85,,5.41
2000-12-30,,,,,,,,,,5.41
2000-12-31,,,,,,,,,,5.41
2001-01-01,,,,,,,,,,5.41
2001-01-02,27.29,23.43,4.92,4.87,,,,29.99,,6.67
2001-01-03,27.93,23.44,5.14,4.92,,,,26.6,,6.35
2001-01-04,27.95,24.57,5.03,4.77,,,,26.97,,5.92
2001-01-05,28.02,24.77,4.93,4.56,,,,28.67,,5.83
2001-01-06,,,,,,,,,,5.83
2001-01-07,,,,,,,,,,5.83
2001-01-08,27.44,24.75,4.94,4.54,,,,29.84,,5.98
2001-01-09,27.72,24.13,4.98,4.64,,,,27.99,,5.95
2001-01-10,29.42,24.98,5.1,4.76,,,,26.8,,6.06
2001-01-11,29.42,25.6,5.14,4.77,,,,25.79,,6.05
2001-01-12,30.07,25.63,5.25,4.9,,,,24.56,,5.98
2001-01-13,,,,,,,,,,5.98
2001-01-14,,,,,,,,,,5.98
2001-01-15,,26.03,,,,,,,,5.98
2001-01-16,30.19,25.52,5.24,4.89,,,,25.28,,6.2
2001-01-17,29.77,24.27,5.19,4.84,,,,24.93,,5.94
2001-01-18,30.42,24.74,5.12,4.72,,,,23.37,,5.93
2001-01-19,32.12,26.29,5.19,4.75,,,,23.24,,5.92
2001-01-20,,,,,,,,,,5.92
2001-01-21,,,,,,,,,,5.92
2001-01-22,32.21,27.69,5.25,4.75,,,,23.25,,6.0
2001-01-23,31.66,27.02,5.3,4.82,,,,21.57,,5.97
2001-01-24,31.46,27.04,5.33,4.81,,,,22.03,,6.05
2001-01-25,31.61,26.94,5.29,4.78,,,,22.64,,6.1
2001-01-26,29.79,27.04,5.29,4.78,,,,22.57,,5.96
2001-01-27,,,,,,,,,,5.96
2001-01-28,,,,,,,,,,5.96
2001-01-29,29.07,26.95,5.32,4.77,,,,22.61,,5.98
2001-01-30,29.12,26.32,5.24,4.7,,,,22.57,,5.9
2001-01-31,28.62,26.59,5.19,4.62,,,,22.02,,5.74
2001-02-01,29.88,27.17,5.1,4.55,,,,21.66,,5.57
2001-02-02,31.27,28.9,5.17,4.65,,,,21.95,,5.5
2001-02-03,,,,,,,,,,5.5
2001-02-04,,,,,,,,,,5.5
2001-02-05,30.55,29.25,5.18,4.68,,,,22.19,,5.52
2001-02-06,30.27,29.1,5.22,4.72,,,,21.98,,5.48
2001-02-07,31.27,29.54,5.1,4.7,,,,21.67,,5.5
2001-02-08,31.57,30.68,5.1,4.73,,,,21.46,,5.5
2001-02-09,30.93,29.53,5.03,4.67,,,,22.03,,5.44
2001-02-10,,,,,,,,,,5.44
2001-02-11,,,,,,,,,,5.44
2001-02-12,30.52,29.32,5.05,4.67,,,,21.92,,5.48
2001-02-13,30.12,28.0,5.07,4.75,,,,21.37,,5.46
2001-02-14,29.55,27.89,5.13,4.84,,,,21.52,,5.5
2001-02-15,28.96,26.33,5.19,4.89,,,,20.27,,5.57
2001-02-16,29.22,26.61,5.11,4.75,,,,22.12,,5.46
2001-02-17,,,,,,,,,,5.46
2001-02-18,,,,,,,,,,5.46
2001-02-19,,27.05,,,,,,,,5.46
2001-02-20,28.6,26.45,5.11,4.73,,,,24.69,,5.57
2001-02-21,28.64,26.1,5.14,4.68,,,,25.75,,5.5
2001-02-22,28.52,25.75,5.15,4.63,,,,26.76,,5.52
2001-02-23,28.83,26.12,5.1,4.53,,,,27.21,,5.46
2001-02-24,,,,,,,,,,5.46
2001-02-25,,,,,,,,,,5.46
2001-02-26,28.27,25.84,5.05,4.46,,,,25.43,,5.55
2001-02-27,28.26,25.28,4.96,4.44,,,,26.49,,5.49
2001-02-28,27.35,25.16,4.92,4.41,,,,28.35,,5.59
2001-03-01,27.78,24.76,4.87,4.41,,,,28.08,,5.59
2001-03-02,27.89,25.28,4.95,4.48,,,,27.43,,5.52
2001-03-03,,,,,,,,,,5.52
2001-03-04,,,,,,,,,,5.52
2001-03-05,28.61,25.98,4.98,4.49,,,,27.12,,5.52
2001-03-06,28.4,25.59,4.99,4.49,,,,25.89,,5.39
2001-03-07,28.95,25.91,4.92,4.43,,,,24.12,,5.34
2001-03-08,28.31,26.37,4.89,4.43,,,,24.29,,5.46
2001-03-09,27.97,25.78,4.95,4.47,,,,25.62,,5.42
2001-03-10,,,,,,,,,,5.42
2001-03-11,,,,,,,,,,5.42
2001-03-12,27.91,25.34,4.92,4.46,,,,30.32,,5.5
2001-03-13,27.45,24.8,4.95,4.46,,,,27.55,,5.5
2001-03-14,26.49,24.31,4.84,4.32,,,,29.61,,5.48
2001-03-15,26.56,23.37,4.81,4.22,,,,28.56,,5.52
2001-03-16,26.68,23.84,4.78,4.26,,,,29.91,,5.4
2001-03-17,,,,,,,,,,5.4
2001-03-18,,,,,,,,,,5.4
2001-03-19,26.17,23.19,4.82,4.32,,,,29.78,,5.38
2001-03-20,25.99,23.63,4.78,4.24,,,,30.96,,5.14
2001-03-21,26.43,23.21,4.77,4.21,,,,31.93,,5.05
2001-03-22,26.19,23.45,4.73,4.17,,,,32.84,,5.04
2001-03-23,27.31,23.94,4.8,4.24,,,,30.45,,4.94
2001-03-24,,,,,,,,,,4.94
2001-03-25,,,,,,,,,,4.94
2001-03-26,27.4,24.01,4.85,4.27,,,,29.04,,5.03
2001-03-27,27.62,24.41,5.0,4.41,,,,27.04,,5.04
2001-03-28,26.43,24.5,4.97,4.3,,,,28.58,,5.05
2001-03-29,26.47,23.77,4.98,4.27,,,,29.17,,5.19
2001-03-30,26.37,23.5,4.93,4.18,,,,28.64,,5.29
2001-03-31,,,,,,,,,,5.29
2001-04-01,,,,,,,,,,5.29
2001-04-02,25.7,23.31,4.98,4.22,,,,31.21,,5.3
2001-04-03,26.65,23.47,4.94,4.15,,,,34.72,,5.1
2001-04-04,27.16,24.35,4.94,4.12,,,,34.07,,5.01
2001-04-05,27.24,24.87,4.98,4.19,,,,29.94,,5.04
2001-04-06,27.07,24.02,4.89,4.07,,,,31.69,,4.94
2001-04-07,,,,,,,,,,4.94
2001-04-08,,,,,,,,,,4.94
2001-04-09,27.45,24.37,4.93,4.1,,,,31.91,,4.98
2001-04-10,28.47,25.64,5.09,4.24,,,,29.44,,4.96
2001-04-11,28.42,26.08,5.12,4.29,,,,28.46,,4.95
2001-04-12,28.75,27.12,5.17,4.36,,,,26.12,,5.02
2001-04-13,,26.8,,,,,,,,5.01
2001-04-14,,,,,,,,,,5.01
2001-04-15,,,,,,,,,,5.01
2001-04-16,28.81,26.8,5.28,4.49,,,,26.33,,5.17
2001-04-17,27.89,26.99,5.21,4.41,,,,25.61,,4.99
2001-04-18,27.83,26.11,5.14,4.26,,,,24.13,,4.67
2001-04-19,27.92,25.86,5.27,4.29,,,,24.16,,4.47
2001-04-20,27.0,25.57,5.29,4.26,,,,25.38,,4.38
2001-04-21,,,,,,,,,,4.38
2001-04-22,,,,,,,,,,4.38
2001-04-23,26.97,25.42,5.2,4.15,,,,28.16,,4.4
2001-04-24,25.24,25.76,5.22,4.16,,,,28.49,,4.41
2001-04-25,25.93,25.49,5.28,4.2,,,,27.4,,4.54
2001-04-26,28.47,26.71,5.2,4.14,,,,25.96,,4.57
2001-04-27,28.35,26.85,5.34,4.28,,,,24.02,,4.51
2001-04-28,,,,,,,,,,4.51
2001-04-29,,,,,,,,,,4.51
2001-04-30,28.48,27.21,5.35,4.3,,,,25.48,,4.67
2001-05-01,28.37,27.31,5.3,4.23,,,,24.2,,4.61
2001-05-02,27.89,26.82,5.31,4.27,,,,24.23,,4.35
2001-05-03,28.66,27.46,5.22,4.22,,,,25.78,,4.48
2001-05-04,28.41,27.59,5.21,4.14,,,,23.91,,4.41
2001-05-05,,,,,,,,,,4.41
2001-05-06,,,,,,,,,,4.41
2001-05-07,27.79,27.71,5.21,4.12,,,,24.86,,4.47
2001-05-08,27.35,27.45,5.24,4.1,,,,24.44,,4.41
2001-05-09,28.39,27.46,5.2,4.07,,,,24.35,,4.43
2001-05-10,28.5,28.27,5.31,4.17,,,,24.0,,4.51
2001-05-11,28.59,27.97,5.51,4.36,,,,23.54,,4.47
2001-05-12,,,,,,,,,,4.47
2001-05-13,,,,,,,,,,4.47
2001-05-14,28.83,27.77,5.46,4.29,,,,24.26,,4.43
2001-05-15,28.9,27.88,5.5,4.28,,,,23.71,,4.22
2001-05-16,28.77,28.19,5.48,4.25,,,,21.89,,4.04
2001-05-17,29.02,28.57,5.46,4.33,,,,21.47,,4.04
2001-05-18,29.9,29.3,5.41,4.37,,,,21.23,,3.95
2001-05-19,,,,,,,,,,3.95
2001-05-20,,,,,,,,,,3.95
2001-05-21,29.96,29.8,5.41,4.37,,,,20.76,,4.02
2001-05-22,29.75,29.72,5.42,4.34,,,,21.35,,3.99
2001-05-23,28.85,29.51,5.41,4.29,,,,22.08,,3.97
2001-05-24,27.97,28.85,5.52,4.32,,,,20.57,,3.98
2001-05-25,28.08,28.69,5.52,4.31,,,,20.6,,3.94
2001-05-26,,,,,,,,,,3.94
2001-05-27,,,,,,,,,,3.94
2001-05-28,,,,,,,,,,3.94
2001-05-29,28.76,29.11,5.54,4.33,,,,22.14,,4.09
2001-05-30,28.71,28.92,5.54,4.34,,,,22.76,,4.05
2001-05-31,28.39,28.55,5.43,4.22,,,,22.64,,4.24
2001-06-01,27.88,28.86,5.39,4.22,,,,21.59,,4.14
2001-06-02,,,,,,,,,,4.14
2001-06-03,,,,,,,,,,4.14
2001-06-04,28.14,28.95,5.35,4.19,,,,21.38,,4.03
2001-06-05,27.84,29.25,5.29,4.12,,,,19.58,,3.93
2001-06-06,27.56,28.73,5.27,4.12,,,,20.39,,3.91
2001-06-07,27.91,28.55,5.33,4.14,,,,19.67,,3.92
2001-06-08,28.43,28.88,5.38,4.17,,,,19.92,,4.02
2001-06-09,,,,,,,,,,4.02
2001-06-10,,,,,,,,,,4.02
2001-06-11,28.94,29.57,5.32,4.11,,,,20.7,,4.03
2001-06-12,29.13,29.03,5.27,4.09,,,,20.7,,3.98
2001-06-13,28.81,29.13,5.28,4.08,,,,21.45,,4.04
2001-06-14,29.12,28.5,5.26,4.04,,,,23.12,,4.03
2001-06-15,28.52,28.13,5.27,4.01,,,,22.81,,3.94
2001-06-16,,,,,,,,,,3.94
2001-06-17,,,,,,,,,,3.94
2001-06-18,27.55,27.61,5.27,3.98,,,,23.17,,3.91
2001-06-19,27.49,26.68,5.26,3.99,,,,22.34,,3.91
2001-06-20,26.52,26.24,5.24,3.98,,,,21.71,,3.98
2001-06-21,26.85,26.7,5.22,3.99,,,,19.38,,4.02
2001-06-22,27.02,26.86,5.14,3.93,,,,20.02,,3.98
2001-06-23,,,,,,,,,,3.98
2001-06-24,,,,,,,,,,3.98
2001-06-25,27.11,27.36,5.16,3.96,,,,20.67,,3.97
2001-06-26,26.97,27.66,5.24,4.03,,,,21.2,,3.75
2001-06-27,25.67,26.25,5.26,4.06,,,,20.88,,3.68
2001-06-28,25.75,25.68,5.35,4.22,,,,20.01,,3.86
2001-06-29,26.37,26.21,5.42,4.25,,,,19.06,,3.95
2001-06-30,,,,,,,,,,3.95
2001-07-01,,,,,,,,,,3.95
2001-07-02,26.02,25.73,5.37,4.21,,,,18.76,,4.11
2001-07-03,26.28,25.56,5.41,4.24,,,,18.92,,3.69
2001-07-04,,25.97,,,,,,,,3.69
2001-07-05,27.07,25.69,5.44,4.24,,,,20.09,,3.72
2001-07-06,28.1,26.55,5.41,4.16,,,,21.63,,3.6
2001-07-07,,,,,,,,,,3.6
2001-07-08,,,,,,,,,,3.6
2001-07-09,27.63,25.59,5.37,4.15,,,,22.48,,3.67
2001-07-10,27.22,24.69,5.32,4.08,,,,23.25,,3.71
2001-07-11,27.07,24.44,5.31,4.07,,,,24.01,,3.78
2001-07-12,26.85,23.62,5.27,4.07,,,,22.09,,3.78
2001-07-13,26.57,24.02,5.27,4.12,,,,21.14,,3.75
2001-07-14,,,,,,,,,,3.75
2001-07-15,,,,,,,,,,3.75
2001-07-16,26.02,23.58,5.21,4.07,,,,22.91,,3.82
2001-07-17,25.33,23.9,5.22,4.09,,,,22.61,,3.71
2001-07-18,24.65,23.1,5.12,3.96,,,,23.6,,3.73
2001-07-19,24.65,23.35,5.13,3.98,,,,22.51,,3.77
2001-07-20,25.67,23.43,5.15,3.98,,,,22.34,,3.8
2001-07-21,,,,,,,,,,3.8
2001-07-22,,,,,,,,,,3.8
2001-07-23,25.88,24.44,5.13,3.98,,,,23.74,,3.82
2001-07-24,26.18,24.37,5.13,3.97,,,,25.24,,3.82
2001-07-25,26.71,24.9,5.2,3.98,,,,24.0,,3.89
2001-07-26,26.74,24.94,5.19,3.94,,,,23.01,,3.87
2001-07-27,26.98,24.82,5.13,3.87,,,,22.0,,3.75
2001-07-28,,,,,,,,,,3.75
2001-07-29,,,,,,,,,,3.75
2001-07-30,26.6,24.46,5.11,3.86,,,,22.69,,3.79
2001-07-31,26.7,24.35,5.07,3.79,,,,21.62,,3.82
2001-08-01,26.83,24.23,5.11,3.83,,,,20.56,,3.79
2001-08-02,27.86,25.49,5.17,3.89,,,,20.09,,3.68
2001-08-03,27.51,25.6,5.2,3.91,,,,19.89,,3.69
2001-08-04,,,,,,,,,,3.69
2001-08-05,,,,,,,,,,3.69
2001-08-06,27.7,25.39,5.19,3.88,,,,21.89,,3.73
2001-08-07,28.17,25.94,5.2,3.9,,,,21.01,,3.69
2001-08-08,27.62,25.61,4.99,3.77,,,,22.32,,3.75
2001-08-09,27.72,25.28,5.04,3.77,,,,21.75,,3.77
2001-08-10,28.12,25.78,4.99,3.73,,,,20.55,,3.7
2001-08-11,,,,,,,,,,3.7
2001-08-12,,,,,,,,,,3.7
2001-08-13,27.85,25.88,4.97,3.7,,,,20.42,,3.79
2001-08-14,28.1,25.71,4.97,3.74,,,,20.48,,3.76
2001-08-15,27.51,25.61,5.0,3.8,,,,20.91,,3.83
2001-08-16,27.47,25.18,4.95,3.75,,,,21.54,,3.75
2001-08-17,26.65,24.68,4.84,3.67,,,,23.84,,3.66
2001-08-18,,,,,,,,,,3.66
2001-08-19,,,,,,,,,,3.66
2001-08-20,27.2,24.35,4.91,3.74,,,,22.87,,3.64
2001-08-21,27.93,25.36,4.87,3.69,,,,24.4,,3.53
2001-08-22,27.17,25.71,4.91,3.76,,,,22.44,,3.51
2001-08-23,25.63,25.66,4.89,3.72,,,,22.23,,3.55
2001-08-24,28.34,26.33,4.93,3.76,,,,19.71,,3.51
2001-08-25,,,,,,,,,,3.51
2001-08-26,,,,,,,,,,3.51
2001-08-27,26.69,26.22,4.94,3.78,,,,20.56,,3.54
2001-08-28,27.16,26.46,4.85,3.71,,,,22.0,,3.5
2001-08-29,27.07,26.67,4.78,3.67,,,,23.03,,3.5
2001-08-30,26.65,26.7,4.79,3.61,,,,25.41,,3.58
2001-08-31,26.65,26.8,4.85,3.64,,,,24.92,,3.66
2001-09-01,,,,,,,,,,3.66
2001-09-02,,,,,,,,,,3.66
2001-09-03,,26.52,,,,,,,,3.66
2001-09-04,26.94,26.27,4.99,3.83,,,,25.85,,3.67
2001-09-05,27.03,26.27,4.97,3.79,,,,26.35,,3.49
2001-09-06,27.54,26.61,4.86,3.65,,,,28.61,,3.52
2001-09-07,27.99,27.54,4.8,3.53,,,,30.99,,3.44
2001-09-08,,,,,,,,,,3.44
2001-09-09,,,,,,,,,,3.44
2001-09-10,27.66,27.59,4.84,3.53,,,,31.84,,3.5
2001-09-11,27.65,29.12,,,,,,,,3.5
2001-09-12,27.64,28.24,,,,,,,,3.56
2001-09-13,28.58,28.2,4.64,2.99,,,,,,3.31
2001-09-14,29.59,29.22,4.57,2.87,,,,,,3.13
2001-09-15,,,,,,,,,,3.13
2001-09-16,,,,,,,,,,3.13
2001-09-17,28.84,28.32,4.63,2.96,,,,41.76,,2.13
2001-09-18,27.81,27.54,4.72,2.96,,,,38.87,,1.25
2001-09-19,26.73,25.44,4.69,2.81,,,,40.56,,1.19
2001-09-20,26.6,25.57,4.75,2.91,,,,43.74,,2.22
2001-09-21,25.46,25.17,4.7,2.91,,,,42.66,,3.11
2001-09-22,,,,,,,,,,3.11
2001-09-23,,,,,,,,,,3.11
2001-09-24,21.46,20.63,4.73,2.94,,,,37.75,,3.31
2001-09-25,21.63,20.13,4.72,2.88,,,,35.81,,3.11
2001-09-26,22.4,20.67,4.65,2.82,,,,35.26,,2.96
2001-09-27,22.8,21.47,4.58,2.78,,,,34.0,,3.08
2001-09-28,23.44,21.87,4.6,2.86,,,,31.93,,2.75
2001-09-29,,,,,,,,,,2.75
2001-09-30,,,,,,,,,,2.75
2001-10-01,23.12,21.22,4.55,2.82,,,,32.32,,3.02
2001-10-02,22.7,21.29,4.53,2.77,,,,31.18,,2.35
2001-10-03,22.17,20.63,4.5,2.77,,,,31.34,,2.27
2001-10-04,22.7,20.94,4.53,2.75,,,,31.97,,2.45
2001-10-05,22.32,21.46,4.52,2.71,,,,33.39,,2.42
2001-10-06,,,,,,,,,,2.42
2001-10-07,,,,,,,,,,2.42
2001-10-08,22.25,20.91,,,,,,35.12,,2.42
2001-10-09,22.55,20.65,4.62,2.74,,,,34.83,,2.5
2001-10-10,22.51,21.02,4.61,2.78,,,,31.6,,2.42
2001-10-11,23.49,21.38,4.69,2.88,,,,31.5,,2.42
2001-10-12,22.49,20.57,4.68,2.81,,,,35.27,,2.39
2001-10-13,,,,,,,,,,2.39
2001-10-14,,,,,,,,,,2.39
2001-10-15,22.37,20.36,4.62,2.78,,,,35.31,,2.51
2001-10-16,22.01,20.47,4.59,2.77,,,,32.88,,2.47
2001-10-17,21.89,19.47,4.59,2.8,,,,35.08,,2.51
2001-10-18,21.33,19.21,4.58,2.77,,,,34.95,,2.5
2001-10-19,21.99,19.91,4.63,2.77,,,,34.11,,2.47
2001-10-20,,,,,,,,,,2.47
2001-10-21,,,,,,,,,,2.47
2001-10-22,21.78,20.38,4.63,2.79,,,,32.25,,2.52
2001-10-23,21.28,20.56,4.66,2.81,,,,32.0,,2.48
2001-10-24,22.0,20.37,4.61,2.72,,,,30.95,,2.53
2001-10-25,21.75,20.67,4.56,2.63,,,,29.46,,2.54
2001-10-26,22.07,20.31,4.53,2.63,,,,28.42,,2.51
2001-10-27,,,,,,,,,,2.51
2001-10-28,,,,,,,,,,2.51
2001-10-29,22.1,20.55,4.5,2.55,,,,31.64,,2.55
2001-10-30,21.83,20.41,4.44,2.48,,,,33.46,,2.55
2001-10-31,21.2,19.63,4.3,2.44,,,,33.56,,2.66
2001-11-01,20.47,19.39,4.24,2.49,,,,32.31,,2.61
2001-11-02,20.24,18.63,4.37,2.48,,,,30.71,,2.43
2001-11-03,,,,,,,,,,2.43
2001-11-04,,,,,,,,,,2.43
2001-11-05,20.0,18.78,4.31,2.46,,,,30.5,,2.45
2001-11-06,19.93,18.64,4.3,2.37,,,,28.8,,2.13
2001-11-07,20.11,18.86,4.22,2.32,,,,29.13,,2.04
2001-11-08,21.21,19.54,4.32,2.42,,,,28.62,,2.03
2001-11-09,22.23,20.72,4.34,2.45,,,,27.44,,1.98
2001-11-10,,,,,,,,,,1.98
2001-11-11,,,,,,,,,,1.98
2001-11-12,21.26,19.48,,,,,,29.35,,1.98
2001-11-13,21.56,20.47,4.41,2.54,,,,26.47,,2.1
2001-11-14,19.63,18.78,4.54,2.7,,,,26.56,,2.16
2001-11-15,17.5,16.51,4.79,2.98,,,,25.56,,2.22
2001-11-16,18.09,16.86,4.91,3.09,,,,25.07,,1.98
2001-11-17,,,,,,,,,,1.98
2001-11-18,,,,,,,,,,1.98
2001-11-19,17.74,16.55,4.8,2.92,,,,24.46,,2.01
2001-11-20,18.71,18.82,4.88,2.96,,,,24.12,,1.97
2001-11-21,18.38,18.44,4.98,3.11,,,,24.19,,1.93
2001-11-22,,19.65,,,,,,,,1.93
2001-11-23,,19.4,5.04,3.2,,,,23.25,,1.88
2001-11-24,,,,,,,,,,1.88
2001-11-25,,,,,,,,,,1.88
2001-11-26,18.69,18.66,5.05,3.22,,,,23.79,,2.04
2001-11-27,19.57,19.09,4.98,3.11,,,,24.0,,2.01
2001-11-28,19.37,18.81,4.98,3.12,,,,25.9,,2.04
2001-11-29,18.55,18.54,4.79,2.87,,,,25.18,,2.09
2001-11-30,19.46,18.92,4.78,2.84,,,,23.84,,2.06
2001-12-01,,,,,,,,,,2.06
2001-12-02,,,,,,,,,,2.06
2001-12-03,20.27,20.0,4.75,2.82,,,,25.77,,2.05
2001-12-04,19.71,19.28,4.7,2.81,,,,24.08,,1.93
2001-12-05,19.62,19.27,4.92,3.07,,,,23.02,,1.89
2001-12-06,18.69,18.57,5.04,3.19,,,,23.71,,1.87
2001-12-07,19.08,17.81,5.2,3.19,,,,23.49,,1.92
2001-12-08,,,,,,,,,,1.92
2001-12-09,,,,,,,,,,1.92
2001-12-10,18.32,18.03,5.17,3.1,,,,25.62,,1.9
2001-12-11,18.04,17.61,5.13,3.03,,,,25.3,,1.8
2001-12-12,18.38,18.13,5.02,2.97,,,,24.87,,1.81
2001-12-13,18.2,17.8,5.13,3.09,,,,25.91,,1.86
2001-12-14,19.31,18.54,5.24,3.2,,,,24.63,,1.88
2001-12-15,,,,,,,,,,1.88
2001-12-16,,,,,,,,,,1.88
2001-12-17,19.28,18.58,5.26,3.21,,,,24.26,,1.93
2001-12-18,19.38,18.51,5.16,3.13,,,,23.29,,1.71
2001-12-19,19.37,19.03,5.08,3.11,,,,22.58,,1.71
2001-12-20,18.67,18.87,5.08,3.15,,,,23.67,,1.79
2001-12-21,19.3,18.73,5.12,3.17,,,,22.5,,1.78
2001-12-22,,,,,,,,,,1.78
2001-12-23,,,,,,,,,,1.78
2001-12-24,,18.65,5.18,3.22,,,,22.62,,1.68
2001-12-25,,,,,,,,,,1.68
2001-12-26,21.32,,5.22,3.26,,,,22.29,,1.89
2001-12-27,21.07,18.87,5.13,3.19,,,,21.59,,1.85
2001-12-28,20.42,19.77,5.15,3.16,,,,21.4,,1.54
2001-12-29,,,,,,,,,,1.54
2001-12-30,,,,,,,,,,1.54
2001-12-31,19.96,19.35,5.07,3.07,,,,23.8,,1.52
2002-01-01,,,,,,,,,,1.52
2002-01-02,21.13,20.13,5.2,3.22,,,,22.71,,1.92
2002-01-03,20.65,20.47,5.16,3.19,,,,21.34,,1.72
2002-01-04,21.47,21.2,5.18,3.19,,,,20.45,,1.61
2002-01-05,,,,,,,,,,1.61
2002-01-06,,,,,,,,,,1.61
2002-01-07,21.42,21.08,5.09,3.08,,,,21.94,,1.61
2002-01-08,20.82,21.03,5.1,3.07,,,,21.83,,1.61
2002-01-09,20.32,20.21,5.1,3.03,,,,22.13,,1.74
2002-01-10,20.48,19.71,5.0,2.94,,,,22.36,,1.81
2002-01-11,19.67,20.08,4.92,2.76,,,,22.6,,1.71
2002-01-12,,,,,,,,,,1.71
2002-01-13,,,,,,,,,,1.71
2002-01-14,18.88,18.89,4.91,2.79,,,,23.58,,1.78
2002-01-15,18.99,18.86,4.88,2.79,,,,22.7,,1.75
2002-01-16,18.96,18.5,4.88,2.84,,,,23.45,,1.69
2002-01-17,18.2,18.2,4.98,2.96,,,,22.25,,1.68
2002-01-18,18.02,18.17,4.94,2.91,,,,22.52,,1.71
2002-01-19,,,,,,,,,,1.71
2002-01-20,,,,,,,,,,1.71
2002-01-21,,18.32,,,,,,,,1.71
2002-01-22,18.36,18.7,4.96,2.97,,,,23.61,,1.84
2002-01-23,19.1,18.89,5.05,3.07,,,,21.88,,1.81
2002-01-24,19.57,18.91,5.07,3.15,,,,21.15,,1.8
2002-01-25,19.8,19.04,5.1,3.17,,,,21.01,,1.78
2002-01-26,,,,,,,,,,1.78
2002-01-27,,,,,,,,,,1.78
2002-01-28,20.05,19.74,5.12,3.19,,,,21.14,,1.79
2002-01-29,19.3,19.26,5.02,3.05,,,,24.35,,1.78
2002-01-30,19.11,18.71,5.02,3.06,,,,23.22,,1.78
2002-01-31,19.71,19.07,5.07,3.16,,,,21.09,,1.85
2002-02-01,20.4,19.7,5.02,3.08,,,,21.12,,1.77
2002-02-02,,,,,,,,,,1.77
2002-02-03,,,,,,,,,,1.77
2002-02-04,20.02,20.26,4.94,2.99,,,,24.87,,1.74
2002-02-05,20.06,19.9,4.92,2.99,,,,25.45,,1.64
2002-02-06,19.77,19.97,4.92,2.98,,,,26.09,,1.66
2002-02-07,19.75,19.42,4.93,2.99,,,,25.11,,1.74
2002-02-08,20.25,20.01,4.9,2.95,,,,23.26,,1.69
2002-02-09,,,,,,,,,,1.69
2002-02-10,,,,,,,,,,1.69
2002-02-11,21.29,20.08,4.91,2.95,,,,21.78,,1.76
2002-02-12,20.76,21.75,4.97,3.04,,,,21.62,,1.72
2002-02-13,21.19,21.41,5.01,3.09,,,,20.85,,1.75
2002-02-14,21.19,20.97,4.95,3.07,,,,21.77,,1.81
2002-02-15,21.47,20.76,4.86,2.97,,,,22.37,,1.73
2002-02-16,,,,,,,,,,1.73
2002-02-17,,,,,,,,,,1.73
2002-02-18,,20.12,,,,,,,,1.73
2002-02-19,20.77,20.18,4.88,2.98,,,,24.43,,1.77
2002-02-20,20.31,19.44,4.88,3.0,,,,22.66,,1.76
2002-02-21,20.81,20.21,4.88,3.0,,,,23.8,,1.77
2002-02-22,20.92,20.14,4.84,2.97,,,,22.86,,1.71
2002-02-23,,,,,,,,,,1.71
2002-02-24,,,,,,,,,,1.71
2002-02-25,20.24,19.78,4.86,3.01,,,,21.84,,1.8
2002-02-26,21.37,19.95,4.93,3.08,,,,21.68,,1.77
2002-02-27,21.4,20.73,4.84,3.09,,,,21.49,,1.76
2002-02-28,21.78,20.73,4.88,3.06,,,,21.59,,1.83
2002-03-01,22.37,21.83,4.98,3.18,,,,19.96,,1.78
2002-03-02,,,,,,,,,,1.78
2002-03-03,,,,,,,,,,1.78
2002-03-04,22.55,21.59,5.02,3.24,,,,20.5,,1.68
2002-03-05,23.18,22.25,5.02,3.25,,,,20.3,,1.63
2002-03-06,23.32,22.11,5.06,3.26,,,,19.94,,1.71
2002-03-07,23.62,23.1,5.22,3.36,,,,20.04,,1.77
2002-03-08,23.87,22.32,5.33,3.6,,,,19.27,,1.69
2002-03-09,,,,,,,,,,1.69
2002-03-10,,,,,,,,,,1.69
2002-03-11,24.36,23.14,5.33,3.59,,,,19.84,,1.75
2002-03-12,24.55,22.7,5.32,3.56,,,,19.59,,1.68
2002-03-13,24.14,23.6,5.28,3.49,,,,19.46,,1.73
2002-03-14,24.48,23.76,5.4,3.63,,,,19.2,,1.79
2002-03-15,24.47,23.9,5.35,3.63,,,,18.42,,1.8
2002-03-16,,,,,,,,,,1.8
2002-03-17,,,,,,,,,,1.8
2002-03-18,25.03,23.8,5.32,3.67,,,,18.93,,1.71
2002-03-19,25.02,24.51,5.33,3.64,,,,18.16,,1.67
2002-03-20,24.92,24.78,5.4,3.71,,,,18.46,,1.78
2002-03-21,25.74,24.25,5.39,3.73,,,,18.15,,1.74
2002-03-22,25.56,24.83,5.4,3.77,,,,17.77,,1.68
2002-03-23,,,,,,,,,,1.68
2002-03-24,,,,,,,,,,1.68
2002-03-25,25.69,24.75,5.41,3.78,,,,18.48,,1.75
2002-03-26,25.75,24.6,5.35,3.68,,,,18.13,,1.71
2002-03-27,25.79,25.13,5.35,3.66,,,,17.7,,1.69
2002-03-28,26.21,25.34,5.42,3.72,,,,17.4,,1.77
2002-03-29,,25.34,,,,,,,,1.74
2002-03-30,,,,,,,,,,1.74
2002-03-31,,,,,,,,,,1.74
2002-04-01,26.82,26.06,5.44,3.74,,,,18.73,,1.88
2002-04-02,27.75,26.97,5.36,3.63,,,,19.16,,1.74
2002-04-03,27.55,26.72,5.3,3.55,,,,20.2,,1.81
2002-04-04,26.64,26.97,5.28,3.57,,,,19.78,,1.74
2002-04-05,26.21,25.39,5.22,3.49,,,,19.13,,1.7
2002-04-06,,,,,,,,,,1.7
2002-04-07,,,,,,,,,,1.7
2002-04-08,26.16,26.36,5.25,3.51,,,,19.61,,1.72
2002-04-09,25.45,25.48,5.22,3.48,,,,19.47,,1.68
2002-04-10,26.15,25.13,5.24,3.48,,,,18.19,,1.73
2002-04-11,24.93,24.22,5.22,3.47,,,,20.3,,1.83
2002-04-12,23.51,23.25,5.18,3.41,,,,19.42,,1.79
2002-04-13,,,,,,,,,,1.79
2002-04-14,,,,,,,,,,1.79
2002-04-15,24.53,23.39,5.15,3.38,,,,19.82,,1.84
2002-04-16,24.92,24.03,5.2,3.43,,,,18.11,,1.68
2002-04-17,25.94,25.26,5.24,3.41,,,,18.43,,1.73
2002-04-18,25.86,25.9,5.23,3.38,,,,19.29,,1.71
2002-04-19,26.43,25.86,5.21,3.36,,,,18.3,,1.67
2002-04-20,,,,,,,,,,1.67
2002-04-21,,,,,,,,,,1.67
2002-04-22,26.28,25.96,5.19,3.37,,,,19.77,,1.73
2002-04-23,26.28,26.26,5.18,3.39,,,,20.28,,1.71
2002-04-24,26.28,26.2,5.11,3.28,,,,20.77,,1.76
2002-04-25,26.36,26.47,5.1,3.25,,,,20.95,,1.82
2002-04-26,27.12,26.32,5.08,3.22,,,,22.14,,1.79
2002-04-27,,,,,,,,,,1.79
2002-04-28,,,,,,,,,,1.79
2002-04-29,27.45,26.85,5.13,3.26,,,,24.05,,1.81
2002-04-30,27.32,26.98,5.11,3.24,,,,21.91,,1.82
2002-05-01,26.58,26.67,5.08,3.21,,,,20.06,,1.88
2002-05-02,26.31,25.73,5.13,3.25,,,,20.07,,1.79
2002-05-03,26.75,25.8,5.08,3.17,,,,20.19,,1.73
2002-05-04,,,,,,,,,,1.73
2002-05-05,,,,,,,,,,1.73
2002-05-06,26.11,,5.1,3.19,,,,22.56,,1.75
2002-05-07,26.79,25.53,5.09,3.14,,,,21.94,,1.72
2002-05-08,27.76,26.09,5.24,3.32,,,,20.39,,1.71
2002-05-09,27.78,26.09,5.2,3.27,,,,21.56,,1.74
2002-05-10,27.92,26.89,5.15,3.19,,,,22.41,,1.74
2002-05-11,,,,,,,,,,1.74
2002-05-12,,,,,,,,,,1.74
2002-05-13,28.62,26.3,5.23,3.28,,,,20.72,,1.75
2002-05-14,29.17,27.12,5.32,3.4,,,,19.35,,1.69
2002-05-15,28.17,27.17,5.28,3.37,,,,19.19,,1.84
2002-05-16,28.0,25.71,5.2,3.28,,,,18.5,,1.76
2002-05-17,28.19,25.45,5.27,3.41,,,,17.7,,1.7
2002-05-18,,,,,,,,,,1.7
2002-05-19,,,,,,,,,,1.7
2002-05-20,28.24,25.97,5.21,3.33,,,,19.24,,1.72
2002-05-21,27.35,24.99,5.18,3.28,,,,20.05,,1.68
2002-05-22,27.01,24.32,5.13,3.23,,,,19.58,,1.73
2002-05-23,26.6,24.01,5.16,3.28,,,,18.23,,1.76
2002-05-24,26.69,23.76,5.16,3.28,,,,18.9,,1.75
2002-05-25,,,,,,,,,,1.75
2002-05-26,,,,,,,,,,1.75
2002-05-27,,23.52,,,,,,,,1.75
2002-05-28,25.08,24.71,5.16,3.3,,,,20.31,,1.88
2002-05-29,25.64,24.18,5.11,3.24,,,,20.39,,1.79
2002-05-30,24.78,23.72,5.06,3.17,,,,20.61,,1.8
2002-05-31,25.37,23.87,5.08,3.22,,,,19.98,,1.79
2002-06-01,,,,,,,,,,1.79
2002-06-02,,,,,,,,,,1.79
2002-06-03,25.1,,5.06,3.19,,,,23.37,,1.83
2002-06-04,25.32,,5.04,3.13,,,,23.89,,1.73
2002-06-05,25.02,23.19,5.08,3.16,,,,22.61,,1.7
2002-06-06,24.89,22.79,5.04,3.13,,,,24.16,,1.75
2002-06-07,24.72,22.99,5.1,3.16,,,,23.51,,1.73
2002-06-08,,,,,,,,,,1.73
2002-06-09,,,,,,,,,,1.73
2002-06-10,24.24,22.83,5.07,3.15,,,,23.72,,1.76
2002-06-11,24.21,22.37,5.02,3.09,,,,24.45,,1.72
2002-06-12,24.79,23.09,4.98,3.05,,,,24.15,,1.75
2002-06-13,25.54,23.72,4.94,3.0,,,,25.02,,1.76
2002-06-14,25.9,23.97,4.83,2.92,,,,25.96,,1.75
2002-06-15,,,,,,,,,,1.75
2002-06-16,,,,,,,,,,1.75
2002-06-17,25.98,24.69,4.89,2.96,,,,24.64,,1.82
2002-06-18,25.36,24.64,4.88,2.93,,,,24.24,,1.71
2002-06-19,25.57,24.85,4.76,2.81,,,,26.06,,1.69
2002-06-20,25.62,24.42,4.85,2.93,,,,27.48,,1.75
2002-06-21,25.51,24.14,4.79,2.88,,,,27.23,,1.74
2002-06-22,,,,,,,,,,1.74
2002-06-23,,,,,,,,,,1.74
2002-06-24,26.31,24.99,4.87,2.93,,,,26.98,,1.77
2002-06-25,26.06,25.32,4.88,2.92,,,,27.84,,1.75
2002-06-26,26.67,24.75,4.75,2.77,,,,28.42,,1.78
2002-06-27,26.77,25.39,4.84,2.85,,,,26.29,,1.81
2002-06-28,26.79,25.33,4.86,2.9,,,,25.4,,1.73
2002-06-29,,,,,,,,,,1.73
2002-06-30,,,,,,,,,,1.73
2002-07-01,26.79,25.65,4.85,2.88,,,,27.11,,1.83
2002-07-02,26.83,25.64,4.77,2.78,,,,28.96,,1.72
2002-07-03,26.82,25.59,4.78,2.78,,,,29.42,,1.71
2002-07-04,,25.51,,,,,,,,1.71
2002-07-05,,25.75,4.9,2.9,,,,27.11,,1.72
2002-07-06,,,,,,,,,,1.72
2002-07-07,,,,,,,,,,1.72
2002-07-08,26.14,25.08,4.84,2.84,,,,28.25,,1.75
2002-07-09,26.16,24.9,4.78,2.74,,,,30.22,,1.72
2002-07-10,26.73,25.82,4.66,2.61,,,,34.1,,1.74
2002-07-11,27.01,25.83,4.66,2.61,,,,33.85,,1.76
2002-07-12,27.48,26.11,4.63,2.56,,,,32.94,,1.71
2002-07-13,,,,,,,,,,1.71
2002-07-14,,,,,,,,,,1.71
2002-07-15,27.23,26.16,4.66,2.55,,,,35.03,,1.83
2002-07-16,27.68,25.94,4.75,2.66,,,,36.65,,1.72
2002-07-17,27.88,26.19,4.71,2.63,,,,35.45,,1.71
2002-07-18,27.5,26.72,4.66,2.55,,,,35.12,,1.74
2002-07-19,27.83,26.37,4.61,2.48,,,,38.17,,1.72
2002-07-20,,,,,,,,,,1.72
2002-07-21,,,,,,,,,,1.72
2002-07-22,26.61,25.7,4.51,2.4,,,,41.87,,1.77
2002-07-23,26.61,25.65,4.47,2.34,,,,44.92,,1.73
2002-07-24,26.78,25.43,4.49,2.38,,,,39.86,,1.67
2002-07-25,26.67,25.36,4.43,2.28,,,,39.27,,1.75
2002-07-26,26.55,25.1,4.43,2.2,,,,35.51,,1.69
2002-07-27,,,,,,,,,,1.69
2002-07-28,,,,,,,,,,1.69
2002-07-29,26.54,25.2,4.62,2.41,,,,31.33,,1.75
2002-07-30,27.43,25.95,4.65,2.44,,,,31.92,,1.71
2002-07-31,27.02,26.28,4.51,2.23,,,,32.03,,1.76
2002-08-01,26.51,25.79,4.47,2.15,,,,36.95,,1.79
2002-08-02,26.87,25.17,4.33,1.99,,,,41.29,,1.72
2002-08-03,,,,,,,,,,1.72
2002-08-04,,,,,,,,,,1.72
2002-08-05,26.55,25.2,4.29,1.93,,,,45.08,,1.77
2002-08-06,27.18,25.69,4.42,2.11,,,,42.03,,1.74
2002-08-07,26.58,25.7,4.35,1.98,,,,38.73,,1.71
2002-08-08,26.67,25.51,4.4,2.1,,,,36.33,,1.71
2002-08-09,26.87,25.49,4.27,2.1,,,,35.33,,1.68
2002-08-10,,,,,,,,,,1.68
2002-08-11,,,,,,,,,,1.68
2002-08-12,27.84,25.63,4.22,2.1,,,,37.05,,1.76
2002-08-13,28.35,26.11,4.12,2.0,,,,35.82,,1.74
2002-08-14,28.19,26.47,4.06,2.12,,,,32.36,,1.78
2002-08-15,28.99,26.66,4.17,2.22,,,,29.43,,1.87
2002-08-16,29.24,27.33,4.32,2.28,,,,28.81,,1.7
2002-08-17,,,,,,,,,,1.7
2002-08-18,,,,,,,,,,1.7
2002-08-19,29.86,27.44,4.29,2.25,,,,28.61,,1.72
2002-08-20,30.12,27.63,4.17,2.12,,,,29.59,,1.7
2002-08-21,30.37,27.53,4.2,2.12,,,,28.23,,1.72
2002-08-22,30.11,27.81,4.3,2.22,,,,27.75,,1.73
2002-08-23,29.99,27.51,4.25,2.19,,,,29.32,,1.72
2002-08-24,,,,,,,,,,1.72
2002-08-25,,,,,,,,,,1.72
2002-08-26,29.23,27.56,4.22,2.19,,,,29.89,,1.81
2002-08-27,28.84,27.89,4.29,2.26,,,,30.11,,1.79
2002-08-28,28.31,27.54,4.22,2.23,,,,33.32,,1.8
2002-08-29,28.83,27.11,4.16,2.14,,,,33.67,,1.82
2002-08-30,28.97,27.56,4.14,2.14,,,,32.64,,1.81
2002-08-31,,,,,,,,,,1.81
2002-09-01,,,,,,,,,,1.81
2002-09-02,,27.45,,,,,,,,1.81
2002-09-03,27.76,26.58,3.98,2.01,,,,39.97,,1.87
2002-09-04,28.28,27.31,3.96,2.02,,,,37.44,,1.74
2002-09-05,29.06,27.54,3.91,1.95,,,,38.86,,1.75
2002-09-06,29.51,28.36,4.05,2.08,,,,36.33,,1.71
2002-09-07,,,,,,,,,,1.71
2002-09-08,,,,,,,,,,1.71
2002-09-09,29.8,28.67,4.05,2.13,,,,36.45,,1.76
2002-09-10,29.62,28.92,4.0,2.12,,,,35.08,,1.74
2002-09-11,29.77,28.68,4.07,2.18,,,,34.81,,1.72
2002-09-12,28.95,27.76,3.98,2.12,,,,37.5,,1.74
2002-09-13,29.83,28.53,3.92,2.07,,,,35.82,,1.72
2002-09-14,,,,,,,,,,1.72
2002-09-15,,,,,,,,,,1.72
2002-09-16,29.14,28.38,3.9,2.07,,,,36.74,,1.83
2002-09-17,29.08,27.76,3.87,2.06,,,,38.01,,1.72
2002-09-18,29.57,28.41,3.86,2.04,,,,37.52,,1.68
2002-09-19,29.49,28.45,3.79,1.93,,,,40.65,,1.69
2002-09-20,29.65,28.61,3.79,1.94,,,,38.98,,1.7
2002-09-21,,,,,,,,,,1.7
2002-09-22,,,,,,,,,,1.7
2002-09-23,30.85,29.36,3.7,1.93,,,,39.68,,1.74
2002-09-24,30.79,29.47,3.69,1.93,,,,40.52,,1.75
2002-09-25,30.69,29.11,3.77,2.0,,,,37.33,,1.79
2002-09-26,30.31,28.93,3.79,1.97,,,,34.6,,1.8
2002-09-27,30.53,29.0,3.69,1.82,,,,36.97,,1.78
2002-09-28,,,,,,,,,,1.78
2002-09-29,,,,,,,,,,1.78
2002-09-30,30.59,29.11,3.63,1.72,,,,39.69,,1.85
2002-10-01,30.71,29.42,3.72,1.8,,,,34.12,,1.85
2002-10-02,30.59,29.14,3.71,1.75,,,,36.83,,1.75
2002-10-03,29.73,28.46,3.7,1.75,,,,37.31,,1.76
2002-10-04,29.65,28.32,3.69,1.78,,,,39.46,,1.72
2002-10-05,,,,,,,,,,1.72
2002-10-06,,,,,,,,,,1.72
2002-10-07,29.65,28.38,3.64,1.77,,,,42.64,,1.74
2002-10-08,29.56,28.28,3.65,1.8,,,,41.02,,1.72
2002-10-09,29.31,28.29,3.61,1.72,,,,42.13,,1.73
2002-10-10,28.96,27.7,3.68,1.75,,,,37.55,,1.75
2002-10-11,29.36,28.18,3.83,1.85,,,,35.7,,1.73
2002-10-12,,,,,,,,,,1.73
2002-10-13,,,,,,,,,,1.73
2002-10-14,30.06,28.56,,,,,,36.04,,1.73
2002-10-15,29.73,28.66,4.07,2.08,,,,34.02,,1.88
2002-10-16,29.28,28.61,4.06,2.02,,,,36.0,,1.73
2002-10-17,29.61,28.22,4.16,2.1,,,,34.1,,1.74
2002-10-18,29.56,28.2,4.14,2.09,,,,33.53,,1.71
2002-10-19,,,,,,,,,,1.71
2002-10-20,,,,,,,,,,1.71
2002-10-21,28.31,27.01,4.24,2.23,,,,33.11,,1.73
2002-10-22,27.93,26.69,4.27,2.21,,,,34.09,,1.71
2002-10-23,28.19,26.68,4.26,2.2,,,,33.2,,1.76
2002-10-24,27.87,26.78,4.16,2.09,,,,34.03,,1.8
2002-10-25,27.09,25.96,4.12,1.98,,,,30.0,,1.82
2002-10-26,,,,,,,,,,1.82
2002-10-27,,,,,,,,,,1.82
2002-10-28,27.25,25.44,4.1,1.88,,,,31.07,,1.79
2002-10-29,26.81,25.71,3.97,1.79,,,,32.27,,1.75
2002-10-30,26.85,25.29,3.99,1.74,,,,31.23,,1.72
2002-10-31,27.18,25.51,3.93,1.68,,,,31.14,,1.82
2002-11-01,27.04,25.78,4.01,1.76,,,,29.3,,1.74
2002-11-02,,,,,,,,,,1.74
2002-11-03,,,,,,,,,,1.74
2002-11-04,26.89,25.21,4.07,1.79,,,,30.82,,1.71
2002-11-05,26.06,24.66,4.1,1.82,,,,31.23,,1.64
2002-11-06,25.72,23.73,4.09,1.87,,,,30.73,,1.48
2002-11-07,25.36,24.36,3.88,1.86,,,,31.42,,1.27
2002-11-08,25.83,23.54,3.85,1.87,,,,29.41,,1.18
2002-11-09,,,,,,,,,,1.18
2002-11-10,,,,,,,,,,1.18
2002-11-11,26.02,23.86,,,,,,31.3,,1.18
2002-11-12,26.19,24.01,3.84,1.79,,,,30.58,,1.29
2002-11-13,25.28,22.96,3.84,1.76,,,,31.24,,1.17
2002-11-14,25.4,22.82,4.03,1.89,,,,28.67,,1.29
2002-11-15,25.5,23.33,4.05,1.91,,,,26.65,,1.35
2002-11-16,,,,,,,,,,1.35
2002-11-17,,,,,,,,,,1.35
2002-11-18,26.71,23.41,4.02,1.91,,,,27.66,,1.21
2002-11-19,26.41,24.05,3.99,1.91,,,,27.41,,1.2
2002-11-20,27.0,24.05,4.08,1.98,,,,25.32,,1.23
2002-11-21,27.07,24.52,4.14,2.05,,,,23.81,,1.27
2002-11-22,27.73,24.79,4.18,2.1,,,,23.16,,1.25
2002-11-23,,,,,,,,,,1.25
2002-11-24,,,,,,,,,,1.25
2002-11-25,27.01,24.85,4.19,2.09,,,,24.07,,1.32
2002-11-26,26.6,24.56,4.08,1.97,,,,25.97,,1.26
2002-11-27,26.87,25.11,4.26,2.13,,,,27.25,,1.27
2002-11-28,,25.7,,,,,,,,1.27
2002-11-29,,25.74,4.22,2.08,,,,27.5,,1.23
2002-11-30,,,,,,,,,,1.23
2002-12-01,,,,,,,,,,1.23
2002-12-02,27.27,25.73,4.22,2.07,,,,27.46,,1.27
2002-12-03,27.34,26.09,4.24,2.08,,,,28.33,,1.24
2002-12-04,26.8,25.99,4.18,2.02,,,,28.92,,1.23
2002-12-05,27.27,26.07,4.13,1.97,,,,30.1,,1.24
2002-12-06,27.03,25.67,4.09,1.89,,,,28.88,,1.21
2002-12-07,,,,,,,,,,1.21
2002-12-08,,,,,,,,,,1.21
2002-12-09,27.29,26.06,4.06,1.88,,,,30.78,,1.22
2002-12-10,27.73,26.35,4.06,1.9,,,,28.76,,1.22
2002-12-11,27.49,26.85,4.01,1.85,,,,27.76,,1.29
2002-12-12,28.2,27.29,4.01,1.85,,,,27.29,,1.29
2002-12-13,28.39,27.64,4.07,1.87,,,,28.18,,1.25
2002-12-14,,,,,,,,,,1.25
2002-12-15,,,,,,,,,,1.25
2002-12-16,30.15,28.73,4.15,1.94,,,,26.24,,1.36
2002-12-17,30.04,29.25,4.13,1.89,,,,26.66,,1.26
2002-12-18,30.41,29.95,4.06,1.81,,,,28.29,,1.25
2002-12-19,30.57,30.26,3.96,1.74,,,,30.21,,1.28
2002-12-20,30.57,29.59,3.97,1.76,,,,26.71,,1.26
2002-12-21,,,,,,,,,,1.26
2002-12-22,,,,,,,,,,1.26
2002-12-23,32.09,30.61,3.98,1.79,,,,26.2,,1.28
2002-12-24,32.13,30.93,3.95,1.73,,,,26.49,,1.15
2002-12-25,,,,,,,,,,1.15
2002-12-26,32.61,,3.93,1.7,,,,27.37,,1.28
2002-12-27,32.68,31.49,3.83,1.6,,,,29.55,,1.2
2002-12-28,,,,,,,,,,1.2
2002-12-29,,,,,,,,,,1.2
2002-12-30,31.41,32.02,3.82,1.61,,,,29.62,,1.23
2002-12-31,31.21,30.12,3.83,1.61,,,,28.62,,1.16
2003-01-01,,,,,,,,,,1.16
2003-01-02,31.97,30.32,4.07,1.8,2.43,1.64,1.98,25.39,,1.3
2003-01-03,33.26,31.43,4.05,1.79,2.43,1.62,1.96,24.68,,1.12
2003-01-04,,,,,,,,,,1.12
2003-01-05,,,,,,,,,,1.12
2003-01-06,32.29,31.43,4.09,1.84,2.46,1.63,1.95,24.91,,1.22
2003-01-07,31.2,30.78,4.04,1.77,2.42,1.62,1.96,25.13,,1.2
2003-01-08,30.66,29.3,4.0,1.71,2.29,1.71,2.09,25.53,,1.29
2003-01-09,31.95,30.26,4.19,1.87,2.41,1.78,2.15,24.25,,1.29
2003-01-10,31.59,30.07,4.16,1.79,2.41,1.75,2.1,24.32,,1.25
2003-01-11,,,,,,,,,,1.25
2003-01-12,,,,,,,,,,1.25
2003-01-13,32.08,30.46,4.15,1.81,2.38,1.77,2.14,24.9,,1.26
2003-01-14,32.42,31.36,4.1,1.76,2.34,1.76,2.14,24.57,,1.24
2003-01-15,33.23,31.73,4.1,1.75,2.3,1.8,2.19,25.51,,1.3
2003-01-16,33.58,32.29,4.1,1.75,2.31,1.79,2.18,25.01,,1.24
2003-01-17,33.88,31.57,4.05,1.7,2.25,1.8,2.15,25.7,,1.2
2003-01-18,,,,,,,,,,1.2
2003-01-19,,,,,,,,,,1.2
2003-01-20,,32.23,,,,,,,,1.2
2003-01-21,34.62,31.72,4.01,1.67,2.23,1.78,2.18,27.59,,1.31
2003-01-22,34.32,32.07,3.95,1.66,2.23,1.72,2.1,29.01,,1.26
2003-01-23,33.9,31.4,3.98,1.69,2.2,1.78,2.14,27.53,,1.27
2003-01-24,34.98,31.62,3.94,1.66,2.14,1.8,2.14,31.51,,1.21
2003-01-25,,,,,,,,,,1.21
2003-01-26,,,,,,,,,,1.21
2003-01-27,32.43,31.02,3.98,1.7,2.16,1.82,2.17,34.69,,1.3
2003-01-28,32.7,30.73,4.0,1.7,2.19,1.81,2.15,31.93,,1.23
2003-01-29,33.54,31.26,4.06,1.77,2.21,1.85,2.18,31.26,,1.26
2003-01-30,33.78,31.42,4.0,1.7,2.2,1.8,2.14,31.32,,1.29
2003-01-31,33.51,31.57,4.0,1.72,2.19,1.81,2.13,31.17,,1.33
2003-02-01,,,,,,,,,,1.33
2003-02-02,,,,,,,,,,1.33
2003-02-03,32.84,30.95,4.01,1.72,2.2,1.81,2.1,31.02,,1.3
2003-02-04,33.61,31.13,3.96,1.68,2.12,1.84,2.14,32.76,,1.21
2003-02-05,33.91,31.77,4.02,1.73,2.12,1.9,2.19,33.04,,1.21
2003-02-06,34.36,31.81,3.97,1.68,2.09,1.88,2.14,33.35,,1.23
2003-02-07,35.05,32.23,3.96,1.63,2.07,1.89,2.18,34.01,,1.21
2003-02-08,,,,,,,,,,1.21
2003-02-09,,,,,,,,,,1.21
2003-02-10,34.46,32.47,3.99,1.68,2.06,1.93,2.2,33.99,,1.25
2003-02-11,35.43,32.51,3.98,1.65,2.05,1.93,2.24,33.68,,1.22
2003-02-12,35.83,32.46,3.93,1.62,2.04,1.89,2.18,34.33,,1.23
2003-02-13,36.63,33.23,3.89,1.57,2.01,1.88,2.2,33.7,,1.28
2003-02-14,36.61,33.26,3.95,1.62,2.03,1.92,2.22,32.62,,1.3
2003-02-15,,,,,,,,,,1.3
2003-02-16,,,,,,,,,,1.3
2003-02-17,,33.06,,,,,,,,1.3
2003-02-18,36.88,33.26,3.94,1.66,2.05,1.89,2.15,31.11,,1.35
2003-02-19,37.02,33.16,3.88,1.61,1.99,1.89,2.16,31.31,,1.24
2003-02-20,36.45,32.76,3.85,1.59,1.91,1.94,2.19,31.16,,1.25
2003-02-21,36.76,32.76,3.9,1.63,1.93,1.97,2.21,30.25,,1.21
2003-02-22,,,,,,,,,,1.21
2003-02-23,,,,,,,,,,1.21
2003-02-24,37.29,33.41,3.86,1.6,1.87,1.99,2.2,31.98,,1.25
2003-02-25,36.06,33.64,3.81,1.58,1.84,1.97,2.17,31.74,,1.28
2003-02-26,37.96,33.46,3.78,1.57,1.84,1.94,2.14,31.94,,1.28
2003-02-27,36.83,34.09,3.76,1.58,1.82,1.94,2.11,30.53,,1.31
2003-02-28,36.76,34.0,3.71,1.53,1.77,1.94,2.13,29.63,,1.33
2003-03-01,,,,,,,,,,1.33
2003-03-02,,,,,,,,,,1.33
2003-03-03,36.1,33.4,3.68,1.52,1.77,1.91,2.09,30.43,,1.33
2003-03-04,36.95,34.37,3.65,1.49,1.77,1.88,2.04,31.83,,1.2
2003-03-05,36.86,33.92,3.63,1.46,1.75,1.88,2.08,30.38,,1.22
2003-03-06,37.21,34.39,3.67,1.47,1.74,1.93,2.13,31.37,,1.23
2003-03-07,37.76,34.47,3.63,1.39,1.72,1.91,2.08,31.08,,1.2
2003-03-08,,,,,,,,,,1.2
2003-03-09,,,,,,,,,,1.2
2003-03-10,37.18,34.94,3.59,1.35,1.69,1.9,2.08,33.31,,1.23
2003-03-11,36.81,34.06,3.6,1.38,1.68,1.92,2.08,33.61,,1.21
2003-03-12,37.87,34.16,3.6,1.45,1.68,1.92,2.05,33.51,,1.23
2003-03-13,36.05,33.98,3.74,1.59,1.73,2.01,2.15,31.76,,1.31
2003-03-14,35.41,31.48,3.72,1.56,1.89,1.83,2.09,30.98,,1.3
2003-03-15,,,,,,,,,,1.3
2003-03-16,,,,,,,,,,1.3
2003-03-17,34.92,30.35,3.82,1.63,1.97,1.85,2.03,31.75,,1.31
2003-03-18,31.55,28.55,3.91,1.72,2.08,1.83,2.03,30.43,,1.2
2003-03-19,30.01,28.4,3.98,1.72,2.15,1.83,2.07,31.54,,1.2
2003-03-20,28.62,28.0,4.01,1.75,2.2,1.81,1.95,30.44,,1.23
2003-03-21,27.18,25.59,4.11,1.8,2.29,1.82,1.94,28.67,,1.2
2003-03-22,,,,,,,,,,1.2
2003-03-23,,,,,,,,,,1.2
2003-03-24,29.51,26.54,3.98,1.71,2.18,1.8,1.94,30.39,,1.23
2003-03-25,33.42,27.28,3.97,1.69,2.17,1.8,1.96,28.75,,1.24
2003-03-26,28.71,25.98,3.96,1.68,2.15,1.81,1.97,28.23,,1.26
2003-03-27,30.31,27.29,3.95,1.62,2.1,1.85,1.99,27.96,,1.29
2003-03-28,30.21,27.66,3.92,1.56,2.09,1.83,1.94,27.75,,1.26
2003-03-29,,,,,,,,,,1.26
2003-03-30,,,,,,,,,,1.26
2003-03-31,31.14,28.05,3.83,1.51,2.03,1.8,1.95,29.15,,1.38
2003-04-01,29.48,27.94,3.84,1.5,2.02,1.82,2.0,28.36,,1.29
2003-04-02,28.55,26.29,3.94,1.6,2.11,1.83,2.0,28.02,,1.19
2003-04-03,29.05,26.75,3.93,1.55,2.12,1.81,1.98,28.21,,1.24
2003-04-04,28.41,25.62,3.96,1.55,2.16,1.8,1.97,29.13,,1.22
2003-04-05,,,,,,,,,,1.22
2003-04-06,,,,,,,,,,1.22
2003-04-07,27.76,25.27,4.03,1.65,2.21,1.82,2.03,28.45,,1.25
2003-04-08,27.97,24.88,3.95,1.59,2.18,1.77,1.97,27.13,,1.22
2003-04-09,28.93,25.11,3.93,1.55,2.13,1.8,2.05,27.11,,1.24
2003-04-10,27.2,25.16,3.95,1.6,2.16,1.79,1.94,25.6,,1.27
2003-04-11,28.28,24.39,4.0,1.65,2.23,1.77,1.92,24.44,,1.24
2003-04-12,,,,,,,,,,1.24
2003-04-13,,,,,,,,,,1.24
2003-04-14,28.41,24.72,4.04,1.74,2.22,1.82,1.98,23.41,,1.32
2003-04-15,29.46,24.74,3.98,1.69,2.18,1.8,1.98,22.56,,1.34
2003-04-16,29.16,24.86,3.96,1.67,2.2,1.76,1.94,22.52,,1.26
2003-04-17,30.1,25.36,3.98,1.71,2.22,1.76,1.94,21.5,,1.28
2003-04-18,,25.76,,,,,,,,1.24
2003-04-19,,,,,,,,,,1.24
2003-04-20,,,,,,,,,,1.24
2003-04-21,30.76,25.76,4.0,1.71,2.25,1.75,1.93,21.95,,1.29
2003-04-22,29.92,25.72,4.01,1.7,2.27,1.74,1.97,20.7,,1.26
2003-04-23,28.04,24.56,4.02,1.7,2.26,1.76,1.98,20.8,,1.24
2003-04-24,27.52,24.06,3.93,1.62,2.22,1.71,1.96,20.33,,1.24
2003-04-25,25.92,24.29,3.91,1.57,2.18,1.73,2.0,20.8,,1.28
2003-04-26,,,,,,,,,,1.28
2003-04-27,,,,,,,,,,1.28
2003-04-28,25.25,23.42,3.92,1.59,2.16,1.76,2.04,20.84,,1.29
2003-04-29,25.32,23.23,3.96,1.62,2.22,1.74,2.01,20.76,,1.27
2003-04-30,26.09,23.6,3.89,1.51,2.16,1.73,2.01,21.21,,1.31
2003-05-01,26.05,23.79,3.88,1.5,2.13,1.75,2.2,21.59,,1.3
2003-05-02,25.74,23.73,3.94,1.56,2.19,1.75,2.16,20.63,,1.24
2003-05-03,,,,,,,,,,1.24
2003-05-04,,,,,,,,,,1.24
2003-05-05,26.43,23.59,3.92,1.55,2.19,1.73,1.96,21.13,,1.27
2003-05-06,25.65,23.91,3.84,1.45,2.17,1.67,1.92,20.8,,1.28
2003-05-07,26.24,24.01,3.72,1.45,2.02,1.7,2.02,21.0,,1.28
2003-05-08,26.94,24.48,3.7,1.49,2.0,1.7,2.06,21.24,,1.27
2003-05-09,27.65,25.55,3.69,1.45,2.0,1.69,1.98,19.69,,1.24
2003-05-10,,,,,,,,,,1.24
2003-05-11,,,,,,,,,,1.24
2003-05-12,27.34,25.69,3.64,1.46,1.96,1.68,1.99,19.52,,1.25
2003-05-13,28.51,25.45,3.63,1.47,1.94,1.69,1.99,19.91,,1.23
2003-05-14,29.21,25.98,3.53,1.41,1.87,1.66,2.0,20.0,,1.3
2003-05-15,28.57,26.77,3.53,1.46,1.86,1.67,1.95,19.24,,1.36
2003-05-16,29.07,27.18,3.46,1.38,1.84,1.62,1.93,18.4,,1.26
2003-05-17,,,,,,,,,,1.26
2003-05-18,,,,,,,,,,1.26
2003-05-19,28.84,27.23,3.46,1.35,1.85,1.61,1.88,20.51,,1.26
2003-05-20,29.29,26.69,3.38,1.31,1.73,1.65,1.95,21.29,,1.23
2003-05-21,29.51,27.58,3.39,1.38,1.73,1.66,1.98,21.21,,1.23
2003-05-22,29.09,27.32,3.34,1.36,1.71,1.63,1.96,19.78,,1.25
2003-05-23,29.74,27.14,3.34,1.38,1.72,1.62,1.93,19.17,,1.21
2003-05-24,,,,,,,,,,1.21
2003-05-25,,,,,,,,,,1.21
2003-05-26,,26.78,,,,,,,,1.21
2003-05-27,29.24,26.55,3.41,1.33,1.8,1.61,1.97,19.99,,1.32
2003-05-28,28.46,26.48,3.44,1.35,1.83,1.61,1.99,20.03,,1.29
2003-05-29,29.15,26.39,3.34,1.3,1.76,1.58,1.93,20.43,,1.29
2003-05-30,29.56,26.58,3.37,1.33,1.77,1.6,1.94,19.47,,1.28
2003-05-31,,,,,,,,,,1.28
2003-06-01,,,,,,,,,,1.28
2003-06-02,30.72,27.56,3.43,1.33,1.83,1.6,1.91,20.85,,1.27
2003-06-03,30.78,27.99,3.34,1.2,1.76,1.58,1.91,20.84,,1.21
2003-06-04,29.81,27.49,3.3,1.2,1.73,1.57,1.89,20.62,,1.22
2003-06-05,30.84,28.16,3.34,1.25,1.75,1.59,1.87,20.83,,1.26
2003-06-06,31.26,28.38,3.37,1.27,1.76,1.61,1.89,21.25,,1.24
2003-06-07,,,,,,,,,,1.24
2003-06-08,,,,,,,,,,1.24
2003-06-09,31.36,28.62,3.29,1.19,1.68,1.61,1.9,22.15,,1.25
2003-06-10,31.72,28.44,3.2,1.13,1.61,1.59,1.87,20.64,,1.22
2003-06-11,32.17,28.97,3.21,1.16,1.62,1.59,1.82,20.21,,1.25
2003-06-12,31.41,28.48,3.18,1.13,1.57,1.61,1.9,20.41,,1.25
2003-06-13,30.63,27.39,3.13,1.1,1.51,1.62,1.87,20.66,,1.24
2003-06-14,,,,,,,,,,1.24
2003-06-15,,,,,,,,,,1.24
2003-06-16,31.14,27.5,3.18,1.18,1.59,1.59,1.83,20.22,,1.33
2003-06-17,31.08,27.14,3.27,1.25,1.7,1.57,1.79,20.01,,1.24
2003-06-18,30.28,26.43,3.37,1.27,1.79,1.58,1.8,19.76,,1.22
2003-06-19,29.86,26.21,3.35,1.17,1.74,1.61,1.83,19.8,,1.22
2003-06-20,30.63,27.13,3.4,1.22,1.77,1.63,1.87,19.14,,1.23
2003-06-21,,,,,,,,,,1.23
2003-06-22,,,,,,,,,,1.23
2003-06-23,30.22,27.13,3.32,1.17,1.71,1.61,1.86,20.58,,1.21
2003-06-24,30.05,26.96,3.29,1.14,1.68,1.61,1.85,20.75,,1.15
2003-06-25,31.65,27.34,3.38,1.3,1.71,1.67,1.89,20.81,,1.18
2003-06-26,28.97,27.06,3.55,1.41,1.85,1.7,1.93,19.4,,1.1
2003-06-27,29.18,27.45,3.58,1.38,1.9,1.68,1.88,19.16,,1.08
2003-06-28,,,,,,,,,,1.08
2003-06-29,,,,,,,,,,1.08
2003-06-30,30.15,28.88,3.54,1.32,1.9,1.64,1.83,19.52,,1.45
2003-07-01,30.41,28.33,3.56,1.3,1.92,1.64,1.83,19.46,,1.11
2003-07-02,30.29,28.2,3.56,1.3,1.96,1.6,1.77,19.03,,1.01
2003-07-03,30.39,28.63,3.67,1.32,2.09,1.58,1.72,19.39,,0.96
2003-07-04,,27.97,,,,,,,,0.96
2003-07-05,,,,,,,,,,0.96
2003-07-06,,,,,,,,,,0.96
2003-07-07,30.08,27.23,3.74,1.36,2.14,1.6,1.76,20.06,,1.0
2003-07-08,30.32,27.95,3.75,1.39,2.12,1.63,1.85,19.48,,0.93
2003-07-09,30.87,28.21,3.73,1.37,2.0,1.73,2.0,18.93,,0.96
2003-07-10,31.04,29.37,3.7,1.33,1.94,1.76,2.07,19.19,,1.0
2003-07-11,31.33,29.36,3.66,1.29,1.88,1.78,2.14,18.47,,0.98
2003-07-12,,,,,,,,,,0.98
2003-07-13,,,,,,,,,,0.98
2003-07-14,31.2,28.52,3.74,1.35,1.92,1.82,2.17,19.59,,1.07
2003-07-15,31.6,28.87,3.94,1.45,2.06,1.88,2.23,19.55,,1.13
2003-07-16,31.2,28.51,3.97,1.49,2.08,1.89,2.22,19.76,,1.01
2003-07-17,31.44,28.59,3.98,1.47,2.05,1.93,2.29,20.22,,1.02
2003-07-18,31.96,29.2,4.0,1.51,2.04,1.96,2.27,19.11,,0.99
2003-07-19,,,,,,,,,,0.99
2003-07-20,,,,,,,,,,0.99
2003-07-21,31.67,28.01,4.19,1.61,2.21,1.98,2.33,19.78,,1.02
2003-07-22,30.2,28.4,4.17,1.57,2.19,1.98,2.37,19.17,,1.0
2003-07-23,30.13,27.67,4.12,1.54,2.11,2.01,2.35,18.64,,1.05
2003-07-24,30.72,27.73,4.2,1.54,2.18,2.02,2.37,18.6,,1.04
2003-07-25,30.31,28.3,4.22,1.52,2.14,2.08,2.4,17.75,,1.03
2003-07-26,,,,,,,,,,1.03
2003-07-27,,,,,,,,,,1.03
2003-07-28,29.98,27.71,4.31,1.61,2.27,2.04,2.36,18.36,,1.05
2003-07-29,30.21,28.27,4.42,1.67,2.38,2.04,2.38,18.67,,1.04
2003-07-30,30.69,28.31,4.34,1.64,2.32,2.02,2.31,18.85,,1.03
2003-07-31,30.56,28.68,4.49,1.8,2.41,2.08,2.41,19.49,,1.04
2003-08-01,32.23,29.63,4.44,1.85,2.4,2.04,2.33,20.75,,1.0
2003-08-02,,,,,,,,,,1.0
2003-08-03,,,,,,,,,,1.0
2003-08-04,31.8,29.91,4.35,1.71,2.34,2.01,2.3,21.27,,1.0
2003-08-05,32.34,30.37,4.47,1.88,2.43,2.04,2.33,22.68,,0.86
2003-08-06,31.77,30.01,4.32,1.78,2.34,1.98,2.24,21.5,,0.88
2003-08-07,32.41,30.06,4.3,1.74,2.29,2.01,2.24,20.26,,0.95
2003-08-08,32.23,30.59,4.27,1.72,2.27,2.0,2.26,19.59,,0.96
2003-08-09,,,,,,,,,,0.96
2003-08-10,,,,,,,,,,0.96
2003-08-11,31.91,30.05,4.38,1.81,2.31,2.07,2.32,19.75,,1.02
2003-08-12,31.91,30.13,4.37,1.71,2.29,2.08,2.35,17.94,,0.99
2003-08-13,30.85,29.66,4.58,1.86,2.41,2.17,2.46,18.77,,1.01
2003-08-14,30.85,28.96,4.55,1.86,2.38,2.17,2.45,18.47,,1.22
2003-08-15,31.01,29.18,4.55,1.85,2.36,2.19,2.46,18.27,,1.39
2003-08-16,,,,,,,,,,1.39
2003-08-17,,,,,,,,,,1.39
2003-08-18,30.81,29.88,4.49,1.87,2.33,2.16,2.44,18.18,,1.03
2003-08-19,30.76,29.18,4.38,1.81,2.24,2.14,2.41,17.86,,0.93
2003-08-20,30.96,29.28,4.45,1.84,2.26,2.19,2.44,17.82,,0.89
2003-08-21,31.78,29.95,4.53,1.98,2.29,2.24,2.42,17.84,,1.01
2003-08-22,31.64,30.22,4.48,1.97,2.26,2.22,2.39,18.55,,0.99
2003-08-23,,,,,,,,,,0.99
2003-08-24,,,,,,,,,,0.99
2003-08-25,31.43,29.98,4.53,2.02,2.31,2.22,2.41,19.53,,1.04
2003-08-26,32.01,30.08,4.5,1.96,2.28,2.22,2.41,19.49,,1.0
2003-08-27,31.18,30.05,4.54,2.05,2.36,2.18,2.35,19.13,,0.98
2003-08-28,31.41,30.1,4.42,1.93,2.29,2.13,2.28,18.48,,1.04
2003-08-29,31.76,30.38,4.45,1.95,2.29,2.16,2.33,18.63,,1.01
2003-08-30,,,,,,,,,,1.01
2003-08-31,,,,,,,,,,1.01
2003-09-01,,29.64,,,,,,,,1.01
2003-09-02,29.57,28.08,4.61,2.04,2.43,2.18,2.36,19.02,,1.06
2003-09-03,29.43,27.89,4.6,2.02,2.4,2.2,2.37,19.44,,0.96
2003-09-04,28.87,27.49,4.52,1.91,2.32,2.2,2.39,18.71,,0.98
2003-09-05,28.93,27.72,4.35,1.72,2.17,2.18,2.39,18.17,,0.96
2003-09-06,,,,,,,,,,0.96
2003-09-07,,,,,,,,,,0.96
2003-09-08,28.85,28.47,4.41,1.75,2.24,2.17,2.4,18.26,,0.99
2003-09-09,29.22,27.64,4.37,1.71,2.21,2.16,2.38,18.85,,0.95
2003-09-10,29.41,27.76,4.28,1.64,2.18,2.1,2.3,20.01,,0.95
2003-09-11,28.86,27.48,4.35,1.71,2.22,2.13,2.34,19.25,,1.0
2003-09-12,28.26,26.52,4.27,1.66,2.18,2.09,2.3,18.68,,1.02
2003-09-13,,,,,,,,,,1.02
2003-09-14,,,,,,,,,,1.02
2003-09-15,28.15,26.38,4.28,1.63,2.18,2.1,2.33,19.28,,1.11
2003-09-16,27.6,26.28,4.29,1.63,2.26,2.03,2.26,18.03,,0.97
2003-09-17,27.0,25.76,4.2,1.63,2.2,2.0,2.23,18.15,,0.97
2003-09-18,27.26,25.56,4.19,1.68,2.18,2.01,2.23,17.57,,1.0
2003-09-19,26.93,25.51,4.17,1.7,2.17,2.0,2.19,17.54,,0.99
2003-09-20,,,,,,,,,,0.99
2003-09-21,,,,,,,,,,0.99
2003-09-22,26.97,25.82,4.26,1.7,2.21,2.05,2.26,19.65,,1.02
2003-09-23,27.0,25.74,4.24,1.68,2.19,2.05,2.26,19.47,,1.01
2003-09-24,28.19,26.81,4.16,1.66,2.13,2.03,2.2,21.22,,1.03
2003-09-25,28.29,27.04,4.12,1.65,2.07,2.05,2.19,22.26,,1.08
2003-09-26,28.21,27.02,4.04,1.6,1.99,2.05,2.19,22.23,,1.03
2003-09-27,,,,,,,,,,1.03
2003-09-28,,,,,,,,,,1.03
2003-09-29,28.35,27.77,4.09,1.61,2.03,2.06,2.21,21.67,,1.04
2003-09-30,29.19,28.09,3.96,1.5,1.95,2.01,2.16,22.72,,1.17
2003-10-01,29.43,27.98,3.96,1.47,1.96,2.0,2.16,21.07,,1.11
2003-10-02,29.83,28.9,4.03,1.48,2.01,2.02,2.21,20.8,,1.02
2003-10-03,30.37,29.14,4.21,1.65,2.16,2.05,2.21,19.5,,0.99
2003-10-04,,,,,,,,,,0.99
2003-10-05,,,,,,,,,,0.99
2003-10-06,30.4,29.75,4.17,1.6,2.11,2.06,2.25,19.51,,0.99
2003-10-07,30.48,29.35,4.27,1.67,2.17,2.1,2.29,19.41,,0.98
2003-10-08,29.6,28.96,4.27,1.65,2.18,2.09,2.29,19.18,,0.99
2003-10-09,30.97,30.21,4.32,1.69,2.2,2.12,2.32,18.82,,1.02
2003-10-10,32.01,31.13,4.29,1.65,2.14,2.15,2.33,18.45,,1.0
2003-10-11,,,,,,,,,,1.0
2003-10-12,,,,,,,,,,1.0
2003-10-13,31.91,31.0,,,,,,17.55,,1.0
2003-10-14,31.68,31.45,4.37,1.73,2.18,2.19,2.38,17.37,,1.08
2003-10-15,31.74,31.23,4.43,1.79,2.2,2.23,2.44,17.69,,1.09
2003-10-16,31.51,31.05,4.47,1.96,2.21,2.26,2.44,17.19,,1.04
2003-10-17,30.61,30.27,4.41,1.9,2.14,2.27,2.47,17.62,,0.98
2003-10-18,,,,,,,,,,0.98
2003-10-19,,,,,,,,,,0.98
2003-10-20,30.37,29.78,4.41,1.88,2.13,2.28,2.5,17.04,,1.02
2003-10-21,30.19,29.61,4.38,1.89,2.12,2.26,2.48,16.55,,0.99
2003-10-22,30.0,29.25,4.29,1.8,2.07,2.22,2.47,17.67,,0.99
2003-10-23,30.31,29.63,4.34,1.84,2.03,2.31,2.61,17.68,,1.02
2003-10-24,29.99,30.01,4.24,1.76,1.92,2.32,2.65,17.71,,1.01
2003-10-25,,,,,,,,,,1.01
2003-10-26,,,,,,,,,,1.01
2003-10-27,29.95,29.38,4.3,1.83,1.96,2.34,2.66,18.05,,1.03
2003-10-28,29.57,28.99,4.23,1.71,1.91,2.32,2.64,16.82,,0.98
2003-10-29,28.95,28.56,4.31,1.79,1.98,2.33,2.63,16.43,,0.97
2003-10-30,28.67,27.47,4.36,1.86,1.97,2.39,2.73,16.33,,1.02
2003-10-31,29.24,27.88,4.33,1.85,1.93,2.4,2.74,16.1,,1.03
2003-11-01,,,,,,,,,,1.03
2003-11-02,,,,,,,,,,1.03
2003-11-03,28.81,27.78,4.4,1.9,1.97,2.43,2.79,16.55,,1.02
2003-11-04,28.86,27.32,4.33,1.86,1.93,2.4,2.74,16.55,,0.98
2003-11-05,30.29,27.9,4.38,1.94,2.02,2.36,2.71,16.86,,0.98
2003-11-06,30.25,28.52,4.45,2.01,2.08,2.37,2.72,16.74,,1.0
2003-11-07,30.73,28.73,4.48,2.04,2.1,2.38,2.71,16.93,,0.98
2003-11-08,,,,,,,,,,0.98
2003-11-09,,,,,,,,,,0.98
2003-11-10,31.01,28.82,4.49,2.06,2.09,2.4,2.71,17.62,,0.99
2003-11-11,31.21,28.88,,,,,,17.54,,0.99
2003-11-12,31.37,28.58,4.44,2.05,2.04,2.4,2.71,16.75,,1.0
2003-11-13,31.89,29.01,4.3,1.92,1.94,2.36,2.67,16.47,,0.99
2003-11-14,32.31,29.78,4.22,1.84,1.87,2.35,2.68,16.94,,0.98
2003-11-15,,,,,,,,,,0.98
2003-11-16,,,,,,,,,,0.98
2003-11-17,31.75,28.98,4.18,1.8,1.82,2.36,2.7,18.6,,1.04
2003-11-18,33.16,29.26,4.17,1.83,1.83,2.34,2.68,19.11,,0.98
2003-11-19,32.84,30.13,4.24,1.9,1.91,2.33,2.66,18.8,,0.98
2003-11-20,32.87,29.88,4.16,1.83,1.92,2.24,2.57,19.48,,1.0
2003-11-21,32.26,29.79,4.15,1.84,1.93,2.22,2.52,18.98,,0.98
2003-11-22,,,,,,,,,,0.98
2003-11-23,,,,,,,,,,0.98
2003-11-24,29.99,27.99,4.23,1.94,1.99,2.24,2.5,17.44,,0.98
2003-11-25,30.02,27.62,4.19,1.89,1.92,2.27,2.55,16.71,,1.02
2003-11-26,30.33,28.23,4.25,1.97,1.96,2.29,2.57,16.23,,1.01
2003-11-27,,28.9,,,,,,,,1.01
2003-11-28,,28.95,4.34,2.06,2.03,2.31,2.6,16.32,,1.01
2003-11-29,,,,,,,,,,1.01
2003-11-30,,,,,,,,,,1.01
2003-12-01,29.89,28.17,4.4,2.12,2.08,2.32,2.6,16.77,,1.03
2003-12-02,30.74,29.1,4.38,2.07,2.05,2.33,2.61,16.27,,0.97
2003-12-03,30.61,29.26,4.41,2.09,2.08,2.33,2.6,16.63,,0.98
2003-12-04,31.24,29.25,4.38,2.06,2.04,2.34,2.61,16.3,,0.99
2003-12-05,30.68,28.87,4.23,1.88,1.92,2.31,2.59,17.09,,0.98
2003-12-06,,,,,,,,,,0.98
2003-12-07,,,,,,,,,,0.98
2003-12-08,32.08,30.52,4.29,1.94,1.96,2.33,2.6,16.54,,0.99
2003-12-09,31.72,30.27,4.32,1.97,2.0,2.32,2.55,17.63,,0.97
2003-12-10,31.92,30.02,4.3,1.94,1.97,2.33,2.57,17.87,,0.99
2003-12-11,32.01,29.79,4.27,1.83,1.9,2.37,2.63,16.73,,0.99
2003-12-12,33.06,30.24,4.26,1.84,1.91,2.35,2.6,16.41,,0.99
2003-12-13,,,,,,,,,,0.99
2003-12-14,,,,,,,,,,0.99
2003-12-15,33.17,30.89,4.28,1.88,1.98,2.3,2.52,17.23,,1.04
2003-12-16,32.94,30.64,4.24,1.83,1.99,2.25,2.48,15.93,,0.99
2003-12-17,33.36,31.01,4.19,1.83,1.96,2.23,2.46,15.58,,0.99
2003-12-18,33.72,30.79,4.16,1.85,1.94,2.22,2.47,16.16,,1.01
2003-12-19,32.81,31.03,4.15,1.82,1.95,2.2,2.42,16.42,,0.98
2003-12-20,,,,,,,,,,0.98
2003-12-21,,,,,,,,,,0.98
2003-12-22,31.71,28.78,4.18,1.84,1.98,2.2,2.42,16.94,,1.02
2003-12-23,32.03,28.3,4.28,1.96,2.03,2.25,2.46,16.49,,1.0
2003-12-24,32.99,29.45,4.2,1.83,1.96,2.24,2.47,16.66,,0.97
2003-12-25,,,,,,,,,,0.97
2003-12-26,,,4.17,1.82,1.94,2.23,2.45,17.45,,0.97
2003-12-27,,,,,,,,,,0.97
2003-12-28,,,,,,,,,,0.97
2003-12-29,32.51,29.17,4.24,1.86,1.99,2.25,2.48,17.09,,0.98
2003-12-30,33.01,30.1,4.29,1.86,2.01,2.28,2.53,17.68,,0.93
2003-12-31,32.51,30.3,4.27,1.84,2.0,2.27,2.51,18.31,,0.94
2004-01-01,,,,,,,,,,0.94
2004-01-02,,29.55,4.38,1.94,2.06,2.32,2.56,18.22,,1.01
2004-01-03,,,,,,,,,,1.01
2004-01-04,,,,,,,,,,1.01
2004-01-05,33.71,32.3,4.41,1.95,2.06,2.35,2.61,17.49,,0.97
2004-01-06,33.54,31.2,4.29,1.84,1.97,2.32,2.59,16.73,,0.92
2004-01-07,33.57,30.99,4.27,1.84,1.94,2.33,2.61,15.5,,0.94
2004-01-08,34.27,31.11,4.27,1.85,1.99,2.28,2.57,15.61,,0.99
2004-01-09,34.38,31.91,4.11,1.68,1.89,2.22,2.51,16.75,,0.99
2004-01-10,,,,,,,,,,0.99
2004-01-11,,,,,,,,,,0.99
2004-01-12,34.92,31.41,4.11,1.68,1.89,2.22,2.51,16.82,,1.0
2004-01-13,34.26,32.55,4.05,1.63,1.83,2.22,2.49,18.04,,0.99
2004-01-14,34.62,31.84,4.01,1.65,1.85,2.16,2.41,16.75,,1.01
2004-01-15,33.61,31.43,3.99,1.67,1.82,2.17,2.38,15.56,,1.04
2004-01-16,35.16,31.26,4.04,1.7,1.83,2.21,2.41,15.0,,0.98
2004-01-17,,,,,,,,,,0.98
2004-01-18,,,,,,,,,,0.98
2004-01-19,,31.67,,,,,,,,0.98
2004-01-20,36.21,32.26,4.08,1.69,1.84,2.24,2.44,15.21,,1.02
2004-01-21,35.53,31.95,4.05,1.69,1.79,2.26,2.46,14.34,,1.0
2004-01-22,35.12,31.42,3.99,1.66,1.76,2.23,2.44,14.71,,1.02
2004-01-23,34.94,32.08,4.09,1.71,1.82,2.27,2.49,14.84,,1.0
2004-01-24,,,,,,,,,,1.0
2004-01-25,,,,,,,,,,1.0
2004-01-26,34.41,31.15,4.16,1.75,1.89,2.27,2.48,14.55,,1.08
2004-01-27,33.99,31.05,4.11,1.7,1.84,2.27,2.45,15.35,,1.02
2004-01-28,33.63,30.77,4.22,1.87,1.92,2.3,2.47,16.78,,0.99
2004-01-29,32.86,29.47,4.22,1.88,1.91,2.31,2.47,17.14,,1.0
2004-01-30,33.16,29.53,4.16,1.84,1.85,2.31,2.46,16.63,,1.03
2004-01-31,,,,,,,,,,1.03
2004-02-01,,,,,,,,,,1.03
2004-02-02,34.02,30.3,4.18,1.83,1.84,2.34,2.46,17.11,,1.01
2004-02-03,34.2,30.07,4.13,1.78,1.81,2.32,2.45,17.34,,0.97
2004-02-04,33.06,29.63,4.15,1.8,1.82,2.33,2.46,17.87,,1.0
2004-02-05,33.26,29.02,4.2,1.85,1.85,2.35,2.48,17.71,,1.01
2004-02-06,32.49,29.26,4.12,1.77,1.79,2.33,2.49,16.0,,0.99
2004-02-07,,,,,,,,,,0.99
2004-02-08,,,,,,,,,,0.99
2004-02-09,32.91,29.1,4.09,1.76,1.76,2.33,2.5,16.39,,1.01
2004-02-10,34.03,30.06,4.13,1.82,1.79,2.34,2.51,15.94,,1.0
2004-02-11,33.93,30.33,4.05,1.73,1.75,2.3,2.45,15.39,,1.0
2004-02-12,34.03,30.17,4.1,1.75,1.77,2.33,2.49,15.31,,1.02
2004-02-13,34.51,30.96,4.05,1.7,1.74,2.31,2.46,15.58,,1.01
2004-02-14,,,,,,,,,,1.01
2004-02-15,,,,,,,,,,1.01
2004-02-16,,31.08,,,,,,,,1.01
2004-02-17,35.13,31.43,4.05,1.7,1.75,2.3,2.42,15.4,,1.02
2004-02-18,35.42,31.57,4.05,1.72,1.75,2.3,2.41,15.59,,1.0
2004-02-19,35.81,31.63,4.05,1.7,1.76,2.29,2.38,15.8,,1.0
2004-02-20,35.8,31.22,4.1,1.75,1.79,2.31,2.38,16.04,,0.99
2004-02-21,,,,,,,,,,0.99
2004-02-22,,,,,,,,,,0.99
2004-02-23,35.75,31.89,4.05,1.69,1.76,2.29,2.35,16.29,,1.0
2004-02-24,35.85,31.6,4.04,1.69,1.74,2.3,2.37,15.9,,0.99
2004-02-25,37.28,32.46,4.02,1.67,1.71,2.31,2.38,14.93,,1.02
2004-02-26,35.45,32.45,4.05,1.69,1.69,2.36,2.43,14.83,,1.03
2004-02-27,36.08,32.94,3.99,1.66,1.61,2.38,2.38,14.55,,1.04
2004-02-28,,,,,,,,,,1.04
2004-02-29,,,,,,,,,,1.04
2004-03-01,36.85,33.34,4.0,1.67,1.55,2.45,2.5,14.44,,1.04
2004-03-02,36.6,34.15,4.05,1.74,1.58,2.47,2.52,14.86,,1.0
2004-03-03,35.8,33.32,4.07,1.74,1.59,2.48,2.54,14.55,,1.0
2004-03-04,36.81,33.45,4.04,1.73,1.6,2.44,2.53,14.4,,0.99
2004-03-05,37.31,34.4,3.85,1.57,1.46,2.39,2.5,14.48,,1.0
2004-03-06,,,,,,,,,,1.0
2004-03-07,,,,,,,,,,1.0
2004-03-08,36.53,34.27,3.78,1.52,1.43,2.35,2.45,15.79,,1.0
2004-03-09,36.29,33.72,3.73,1.51,1.4,2.33,2.46,16.6,,0.99
2004-03-10,36.21,32.83,3.74,1.54,1.45,2.29,2.4,18.67,,1.0
2004-03-11,36.95,33.22,3.74,1.52,1.5,2.24,2.33,20.67,,1.01
2004-03-12,36.21,32.76,3.78,1.54,1.52,2.26,2.38,18.3,,0.99
2004-03-13,,,,,,,,,,0.99
2004-03-14,,,,,,,,,,0.99
2004-03-15,37.44,34.39,3.78,1.56,1.47,2.31,2.42,21.13,,1.05
2004-03-16,37.36,34.72,3.7,1.51,1.4,2.3,2.4,20.34,,0.99
2004-03-17,38.21,34.95,3.71,1.53,1.36,2.35,2.43,18.11,,1.0
2004-03-18,37.81,34.43,3.76,1.55,1.37,2.39,2.46,18.53,,1.0
2004-03-19,38.09,34.33,3.8,1.56,1.44,2.36,2.45,19.15,,0.99
2004-03-20,,,,,,,,,,0.99
2004-03-21,,,,,,,,,,0.99
2004-03-22,37.12,33.57,3.74,1.52,1.42,2.32,2.4,21.58,,1.01
2004-03-23,37.81,34.4,3.73,1.52,1.41,2.32,2.4,20.67,,0.99
2004-03-24,37.06,34.14,3.73,1.5,1.38,2.35,2.43,19.81,,0.99
2004-03-25,35.67,33.32,3.75,1.51,1.4,2.35,2.44,17.88,,1.02
2004-03-26,35.61,32.51,3.85,1.59,1.47,2.38,2.46,17.33,,1.0
2004-03-27,,,,,,,,,,1.0
2004-03-28,,,,,,,,,,1.0
2004-03-29,35.41,32.04,3.91,1.63,1.5,2.41,2.51,16.5,,1.0
2004-03-30,36.15,33.04,3.91,1.63,1.52,2.39,2.49,16.28,,0.98
2004-03-31,35.75,32.29,3.86,1.6,1.48,2.38,2.47,16.74,,1.05
2004-04-01,34.47,32.59,3.91,1.65,1.48,2.43,2.52,16.65,,1.03
2004-04-02,34.39,31.19,4.15,1.86,1.69,2.46,2.54,15.64,,1.0
2004-04-03,,,,,,,,,,1.0
2004-04-04,,,,,,,,,,1.0
2004-04-05,34.29,31.17,4.24,1.91,1.75,2.49,2.58,14.97,,1.01
2004-04-06,35.09,31.48,4.19,1.86,1.73,2.46,2.55,15.32,,1.0
2004-04-07,36.28,33.07,4.19,1.87,1.82,2.37,2.46,15.76,,1.0
2004-04-08,37.14,33.98,4.21,1.88,1.8,2.41,2.48,16.26,,1.02
2004-04-09,,34.03,,,,,,,,1.01
2004-04-10,,,,,,,,,,1.01
2004-04-11,,,,,,,,,,1.01
2004-04-12,37.79,34.51,4.25,1.91,1.81,2.44,2.53,15.28,,1.0
2004-04-13,37.09,34.15,4.35,2.01,1.88,2.47,2.55,17.26,,1.0
2004-04-14,36.62,33.54,4.4,2.13,1.91,2.49,2.55,15.62,,1.01
2004-04-15,37.74,33.72,4.42,2.1,1.93,2.49,2.56,15.74,,1.03
2004-04-16,37.7,33.85,4.37,2.03,1.87,2.5,2.56,14.94,,0.99
2004-04-17,,,,,,,,,,0.99
2004-04-18,,,,,,,,,,0.99
2004-04-19,37.46,34.71,4.39,2.07,1.87,2.52,2.58,15.42,,1.0
2004-04-20,37.61,33.56,4.43,2.11,1.97,2.46,2.54,16.67,,0.99
2004-04-21,36.61,33.23,4.45,2.22,1.96,2.49,2.53,15.6,,0.99
2004-04-22,37.7,33.24,4.4,2.15,1.98,2.42,2.48,14.61,,1.0
2004-04-23,37.22,33.78,4.48,2.29,2.12,2.36,2.43,14.01,,0.99
2004-04-24,,,,,,,,,,0.99
2004-04-25,,,,,,,,,,0.99
2004-04-26,37.02,34.18,4.46,2.28,2.03,2.43,2.49,14.77,,1.01
2004-04-27,37.49,34.11,4.43,2.21,2.0,2.43,2.48,15.07,,0.99
2004-04-28,37.23,35.02,4.5,2.3,2.1,2.4,2.46,16.29,,1.01
2004-04-29,37.5,34.66,4.55,2.34,2.15,2.4,2.46,16.6,,1.03
2004-04-30,37.31,35.23,4.53,2.31,2.11,2.42,2.5,17.19,,1.03
2004-05-01,,,,,,,,,,1.03
2004-05-02,,,,,,,,,,1.03
2004-05-03,38.26,34.97,4.53,2.34,2.09,2.44,2.53,16.62,,1.03
2004-05-04,38.86,36.07,4.56,2.32,2.1,2.46,2.52,16.55,,1.0
2004-05-05,39.69,36.58,4.61,2.34,2.1,2.51,2.6,15.77,,0.99
2004-05-06,39.41,37.05,4.63,2.39,2.15,2.48,2.58,17.05,,1.0
2004-05-07,39.98,37.25,4.79,2.64,2.24,2.55,2.64,18.13,,0.99
2004-05-08,,,,,,,,,,0.99
2004-05-09,,,,,,,,,,0.99
2004-05-10,38.9,35.83,4.81,2.61,2.25,2.56,2.7,19.77,,1.0
2004-05-11,40.3,36.97,4.79,2.61,2.21,2.58,2.71,18.57,,0.96
2004-05-12,40.3,37.95,4.83,2.62,2.17,2.66,2.78,18.14,,0.98
2004-05-13,40.94,38.3,4.85,2.67,2.18,2.67,2.76,18.86,,1.0
2004-05-14,41.42,39.04,4.79,2.59,2.16,2.63,2.75,18.47,,1.02
2004-05-15,,,,,,,,,,1.02
2004-05-16,,,,,,,,,,1.02
2004-05-17,41.53,38.88,4.7,2.51,2.07,2.63,2.76,19.96,,1.05
2004-05-18,40.32,38.43,4.74,2.58,2.05,2.69,2.84,19.33,,1.0
2004-05-19,41.61,38.35,4.79,2.61,2.03,2.76,2.91,18.93,,1.0
2004-05-20,40.92,38.89,4.72,2.55,1.96,2.76,2.91,18.67,,1.0
2004-05-21,39.83,37.6,4.76,2.6,2.04,2.72,2.87,18.49,,0.99
2004-05-22,,,,,,,,,,0.99
2004-05-23,,,,,,,,,,0.99
2004-05-24,42.03,39.22,4.75,2.59,2.01,2.74,2.85,18.08,,1.0
2004-05-25,41.45,38.46,4.73,2.58,2.03,2.7,2.8,15.96,,1.0
2004-05-26,40.6,38.05,4.67,2.52,1.99,2.68,2.78,15.97,,0.99
2004-05-27,39.25,37.03,4.6,2.46,1.97,2.63,2.71,15.28,,1.0
2004-05-28,39.9,37.0,4.66,2.54,2.0,2.66,2.77,15.5,,1.02
2004-05-29,,,,,,,,,,1.02
2004-05-30,,,,,,,,,,1.02
2004-05-31,,37.0,,,,,,,,1.02
2004-06-01,42.33,39.05,4.71,2.6,1.97,2.74,2.84,16.3,,1.02
2004-06-02,39.96,37.99,4.74,2.65,2.04,2.7,2.78,16.08,,0.98
2004-06-03,39.29,36.26,4.71,2.63,2.05,2.66,2.74,17.03,,0.99
2004-06-04,38.44,35.97,4.78,2.7,2.11,2.67,2.74,16.78,,0.99
2004-06-05,,,,,,,,,,0.99
2004-06-06,,,,,,,,,,0.99
2004-06-07,38.72,35.57,4.78,2.67,2.11,2.67,2.76,15.39,,0.99
2004-06-08,37.18,35.47,4.78,2.73,2.15,2.63,2.73,15.01,,0.97
2004-06-09,37.6,34.69,4.82,2.79,2.2,2.62,2.7,15.39,,0.99
2004-06-10,38.45,35.75,4.81,2.81,2.18,2.63,2.71,15.04,,1.0
2004-06-11,,35.23,,,,,,15.04,,1.0
2004-06-12,,,,,,,,,,1.0
2004-06-13,,,,,,,,,,1.0
2004-06-14,37.58,35.22,4.89,2.97,2.26,2.63,2.71,16.07,,1.02
2004-06-15,37.18,34.66,4.69,2.77,2.16,2.53,2.54,15.05,,1.03
2004-06-16,37.33,34.56,4.74,2.84,2.18,2.56,2.59,14.79,,1.0
2004-06-17,38.51,35.58,4.71,2.81,2.16,2.55,2.59,15.15,,1.01
2004-06-18,38.68,35.43,4.72,2.81,2.15,2.57,2.6,14.99,,1.0
2004-06-19,,,,,,,,,,1.0
2004-06-20,,,,,,,,,,1.0
2004-06-21,37.69,34.82,4.7,2.8,2.16,2.54,2.57,15.26,,1.0
2004-06-22,38.11,34.95,4.72,2.8,2.17,2.55,2.59,14.31,,1.0
2004-06-23,37.56,34.81,4.71,2.78,2.18,2.53,2.58,13.98,,1.02
2004-06-24,37.81,34.71,4.66,2.74,2.15,2.51,2.57,14.81,,1.03
2004-06-25,37.34,34.25,4.66,2.74,2.16,2.5,2.58,15.19,,1.05
2004-06-26,,,,,,,,,,1.05
2004-06-27,,,,,,,,,,1.05
2004-06-28,36.25,33.24,4.76,2.86,2.23,2.53,2.61,16.07,,1.09
2004-06-29,35.6,32.61,4.7,2.83,2.2,2.5,2.58,15.47,,1.13
2004-06-30,36.92,33.22,4.62,2.7,2.1,2.52,2.61,14.34,,1.38
2004-07-01,38.56,35.58,4.57,2.64,2.04,2.53,2.62,15.2,,1.4
2004-07-02,38.37,35.36,4.48,2.54,1.96,2.52,2.63,15.08,,1.25
2004-07-03,,,,,,,,,,1.25
2004-07-04,,,,,,,,,,1.25
2004-07-05,,35.73,,,,,,,,1.25
2004-07-06,39.56,36.47,4.49,2.56,1.97,2.52,2.62,16.25,,1.3
2004-07-07,39.18,35.62,4.5,2.56,2.0,2.5,2.56,15.81,,1.26
2004-07-08,40.27,37.13,4.49,2.55,2.02,2.47,2.51,16.2,,1.26
2004-07-09,39.9,37.58,4.49,2.55,2.02,2.47,2.53,15.78,,1.24
2004-07-10,,,,,,,,,,1.24
2004-07-11,,,,,,,,,,1.24
2004-07-12,39.3,37.73,4.46,2.53,2.02,2.44,2.5,14.96,,1.26
2004-07-13,39.55,36.68,4.5,2.58,2.03,2.47,2.54,14.46,,1.24
2004-07-14,40.98,37.51,4.5,2.62,2.02,2.48,2.55,13.76,,1.24
2004-07-15,40.7,38.41,4.5,2.64,2.01,2.49,2.56,14.71,,1.3
2004-07-16,41.1,38.49,4.38,2.54,1.94,2.44,2.51,14.34,,1.24
2004-07-17,,,,,,,,,,1.24
2004-07-18,,,,,,,,,,1.24
2004-07-19,41.55,39.07,4.38,2.56,1.96,2.42,2.48,15.17,,1.25
2004-07-20,40.86,38.96,4.47,2.67,2.05,2.42,2.48,14.17,,1.25
2004-07-21,40.63,38.48,4.5,2.71,2.05,2.45,2.53,16.41,,1.25
2004-07-22,41.51,39.16,4.48,2.69,2.03,2.45,2.53,15.75,,1.26
2004-07-23,41.82,39.59,4.45,2.69,2.0,2.45,2.52,16.5,,1.25
2004-07-24,,,,,,,,,,1.25
2004-07-25,,,,,,,,,,1.25
2004-07-26,41.45,39.75,4.49,2.75,2.05,2.44,2.52,17.3,,1.27
2004-07-27,41.83,40.09,4.62,2.82,2.15,2.47,2.56,16.55,,1.27
2004-07-28,42.81,41.08,4.61,2.78,2.11,2.5,2.6,16.15,,1.29
2004-07-29,42.69,40.93,4.6,2.75,2.07,2.53,2.63,15.68,,1.3
2004-07-30,43.72,41.47,4.5,2.68,2.01,2.49,2.57,15.32,,1.29
2004-07-31,,,,,,,,,,1.29
2004-08-01,,,,,,,,,,1.29
2004-08-02,43.83,41.35,4.48,2.66,2.0,2.48,2.54,15.37,,1.28
2004-08-03,44.13,41.82,4.45,2.66,1.98,2.47,2.51,16.03,,1.24
2004-08-04,42.73,41.75,4.45,2.66,2.0,2.45,2.51,16.21,,1.22
2004-08-05,44.39,42.49,4.43,2.64,1.96,2.47,2.53,18.32,,1.3
2004-08-06,43.95,42.63,4.24,2.4,1.82,2.42,2.5,19.34,,1.32
2004-08-07,,,,,,,,,,1.32
2004-08-08,,,,,,,,,,1.32
2004-08-09,44.86,43.21,4.28,2.45,1.85,2.43,2.49,18.89,,1.35
2004-08-10,44.51,42.5,4.32,2.55,1.9,2.42,2.49,17.47,,1.43
2004-08-11,44.72,42.45,4.3,2.54,1.86,2.44,2.5,18.04,,1.5
2004-08-12,45.52,43.5,4.27,2.52,1.81,2.46,2.52,19.08,,1.51
2004-08-13,46.61,44.13,4.22,2.47,1.77,2.45,2.49,17.98,,1.48
2004-08-14,,,,,,,,,,1.48
2004-08-15,,,,,,,,,,1.48
2004-08-16,46.02,44.35,4.26,2.51,1.82,2.44,2.49,17.57,,1.43
2004-08-17,46.75,44.05,4.21,2.44,1.82,2.39,2.45,17.02,,1.2
2004-08-18,47.36,44.12,4.23,2.44,1.83,2.4,2.48,16.23,,1.39
2004-08-19,48.66,44.84,4.22,2.43,1.76,2.46,2.53,16.96,,1.5
2004-08-20,47.6,45.46,4.24,2.46,1.79,2.45,2.54,16.0,,1.5
2004-08-21,,,,,,,,,,1.5
2004-08-22,,,,,,,,,,1.5
2004-08-23,46.0,44.39,4.28,2.5,1.86,2.42,2.51,15.88,,1.51
2004-08-24,45.68,42.99,4.28,2.5,1.87,2.41,2.52,15.33,,1.51
2004-08-25,43.83,42.39,4.26,2.51,1.88,2.38,2.47,14.98,,1.55
2004-08-26,43.06,40.65,4.22,2.48,1.86,2.36,2.44,14.91,,1.55
2004-08-27,43.11,40.72,4.23,2.48,1.86,2.37,2.45,14.71,,1.52
2004-08-28,,,,,,,,,,1.52
2004-08-29,,,,,,,,,,1.52
2004-08-30,42.32,40.78,4.19,2.47,1.83,2.36,2.44,15.44,,1.54
2004-08-31,42.23,39.8,4.13,2.41,1.78,2.35,2.43,15.29,,1.55
2004-09-01,43.89,40.96,4.13,2.41,1.77,2.36,2.44,14.91,,1.53
2004-09-02,44.04,42.39,4.2,2.46,1.83,2.37,2.42,14.28,,1.51
2004-09-03,43.94,41.07,4.3,2.61,1.88,2.42,2.48,13.91,,1.48
2004-09-04,,,,,,,,,,1.48
2004-09-05,,,,,,,,,,1.48
2004-09-06,,40.4,,,,,,,,1.48
2004-09-07,43.18,40.19,4.26,2.58,1.86,2.4,2.46,14.07,,1.54
2004-09-08,42.77,39.91,4.18,2.5,1.82,2.36,2.42,14.06,,1.51
2004-09-09,44.53,41.45,4.22,2.5,1.83,2.39,2.48,14.01,,1.49
2004-09-10,42.84,41.03,4.19,2.5,1.83,2.36,2.46,13.76,,1.48
2004-09-11,,,,,,,,,,1.48
2004-09-12,,,,,,,,,,1.48
2004-09-13,43.86,40.63,4.16,2.5,1.81,2.35,2.43,13.17,,1.51
2004-09-14,44.62,41.34,4.15,2.47,1.81,2.34,2.44,13.56,,1.4
2004-09-15,43.83,42.03,4.18,2.51,1.86,2.32,2.41,14.64,,1.57
2004-09-16,44.03,40.68,4.08,2.44,1.81,2.27,2.37,14.39,,1.61
2004-09-17,45.63,43.08,4.14,2.53,1.85,2.29,2.4,14.03,,1.58
2004-09-18,,,,,,,,,,1.58
2004-09-19,,,,,,,,,,1.58
2004-09-20,46.33,43.6,4.07,2.46,1.8,2.27,2.35,14.43,,1.64
2004-09-21,47.11,44.56,4.05,2.49,1.8,2.25,2.36,13.66,,1.7
2004-09-22,48.41,45.66,4.0,2.5,1.73,2.27,2.37,14.74,,1.78
2004-09-23,48.37,46.53,4.02,2.57,1.76,2.26,2.33,14.8,,1.8
2004-09-24,48.86,46.13,4.04,2.62,1.78,2.26,2.32,14.28,,1.76
2004-09-25,,,,,,,,,,1.76
2004-09-26,,,,,,,,,,1.76
2004-09-27,49.56,46.87,4.01,2.59,1.72,2.29,2.33,14.62,,1.76
2004-09-28,49.76,47.52,4.02,2.55,1.7,2.32,2.36,13.83,,1.72
2004-09-29,49.53,46.54,4.1,2.61,1.76,2.34,2.38,13.21,,1.76
2004-09-30,49.56,47.76,4.14,2.63,1.77,2.37,2.41,13.34,,1.94
2004-10-01,50.16,46.86,4.21,2.63,1.83,2.38,2.41,12.75,,1.86
2004-10-02,,,,,,,,,,1.86
2004-10-03,,,,,,,,,,1.86
2004-10-04,49.85,46.99,4.19,2.65,1.86,2.33,2.35,13.41,,1.77
2004-10-05,51.08,47.1,4.18,2.65,1.84,2.34,2.35,13.95,,1.73
2004-10-06,51.98,47.95,4.23,2.7,1.9,2.33,2.33,13.28,,1.74
2004-10-07,52.56,48.98,4.26,2.72,1.89,2.37,2.39,14.5,,1.76
2004-10-08,53.4,49.41,4.15,2.61,1.78,2.37,2.42,15.05,,1.71
2004-10-09,,,,,,,,,,1.71
2004-10-10,,,,,,,,,,1.71
2004-10-11,53.65,50.75,,,,,,14.71,,1.71
2004-10-12,53.49,51.28,4.12,2.56,1.75,2.37,2.43,15.05,,1.78
2004-10-13,53.86,50.42,4.09,2.53,1.72,2.37,2.42,15.42,,1.73
2004-10-14,54.69,51.31,4.03,2.48,1.68,2.35,2.38,16.43,,1.77
2004-10-15,54.89,51.02,4.07,2.53,1.7,2.37,2.4,15.04,,1.79
2004-10-16,,,,,,,,,,1.79
2004-10-17,,,,,,,,,,1.79
2004-10-18,53.59,49.16,4.07,2.55,1.71,2.36,2.4,14.71,,1.73
2004-10-19,53.28,49.21,4.07,2.57,1.7,2.37,2.41,15.13,,1.72
2004-10-20,54.93,50.78,4.01,2.53,1.66,2.35,2.36,14.85,,1.74
2004-10-21,54.51,51.06,4.01,2.57,1.62,2.39,2.34,14.54,,1.76
2004-10-22,55.83,52.28,4.0,2.55,1.64,2.36,2.29,15.28,,1.72
2004-10-23,,,,,,,,,,1.72
2004-10-24,,,,,,,,,,1.72
2004-10-25,55.52,51.68,3.99,2.54,1.63,2.36,2.3,16.58,,1.76
2004-10-26,56.37,52.04,4.01,2.54,1.63,2.38,2.31,16.39,,1.72
2004-10-27,52.52,49.99,4.11,2.63,1.73,2.38,2.29,15.72,,1.77
2004-10-28,50.95,48.88,4.09,2.59,1.68,2.41,2.33,15.39,,1.79
2004-10-29,51.78,48.16,4.05,2.56,1.63,2.42,2.35,16.27,,1.79
2004-10-30,,,,,,,,,,1.79
2004-10-31,,,,,,,,,,1.79
2004-11-01,50.1,46.84,4.11,2.61,1.67,2.44,2.36,16.27,,1.83
2004-11-02,49.6,46.25,4.1,2.6,1.61,2.49,2.42,16.18,,1.74
2004-11-03,50.9,46.14,4.09,2.6,1.61,2.48,2.39,14.04,,1.73
2004-11-04,48.8,45.32,4.1,2.63,1.65,2.45,2.37,13.97,,1.77
2004-11-05,49.65,44.37,4.21,2.8,1.71,2.5,2.4,13.84,,1.76
2004-11-06,,,,,,,,,,1.76
2004-11-07,,,,,,,,,,1.76
2004-11-08,49.1,44.78,4.22,2.8,1.72,2.5,2.41,13.8,,1.8
2004-11-09,47.4,43.27,4.22,2.8,1.74,2.48,2.39,13.61,,1.79
2004-11-10,48.7,42.57,4.25,2.82,1.75,2.5,2.41,13.08,,1.92
2004-11-11,47.5,42.22,,,,,,13.04,,1.92
2004-11-12,47.3,41.33,4.2,2.86,1.71,2.49,2.39,13.33,,2.02
2004-11-13,,,,,,,,,,2.02
2004-11-14,,,,,,,,,,2.02
2004-11-15,46.95,39.32,4.2,2.89,1.67,2.53,2.44,13.38,,2.06
2004-11-16,46.1,40.48,4.21,2.91,1.68,2.53,2.42,13.21,,1.98
2004-11-17,46.85,40.27,4.14,2.85,1.63,2.51,2.41,13.21,,1.99
2004-11-18,46.3,40.8,4.12,2.86,1.64,2.48,2.36,12.98,,1.99
2004-11-19,48.9,42.29,4.2,2.95,1.67,2.53,2.42,13.5,,1.99
2004-11-20,,,,,,,,,,1.99
2004-11-21,,,,,,,,,,1.99
2004-11-22,48.48,42.26,4.18,2.95,1.62,2.56,2.45,12.97,,2.01
2004-11-23,48.74,43.03,4.19,2.98,1.65,2.54,2.43,12.67,,2.0
2004-11-24,49.14,42.62,4.2,3.01,1.64,2.56,2.44,12.72,,2.02
2004-11-25,,43.12,,,,,,,,2.02
2004-11-26,,42.87,4.24,3.03,1.66,2.58,2.46,12.79,,2.01
2004-11-27,,,,,,,,,,2.01
2004-11-28,,,,,,,,,,2.01
2004-11-29,49.71,44.05,4.34,3.07,1.74,2.6,2.46,13.3,,2.03
2004-11-30,49.16,44.23,4.36,3.02,1.75,2.61,2.46,13.24,,2.02
2004-12-01,45.56,41.19,4.38,3.01,1.79,2.59,2.45,12.97,,2.04
2004-12-02,43.31,38.49,4.4,3.04,1.83,2.57,2.42,12.98,,2.0
2004-12-03,42.56,38.57,4.27,2.94,1.73,2.54,2.4,12.96,,1.98
2004-12-04,,,,,,,,,,1.98
2004-12-05,,,,,,,,,,1.98
2004-12-06,42.96,38.43,4.24,2.93,1.7,2.54,2.42,13.19,,2.04
2004-12-07,41.51,37.11,4.23,2.95,1.69,2.54,2.42,13.67,,1.99
2004-12-08,41.96,36.9,4.14,2.91,1.62,2.52,2.38,13.19,,2.01
2004-12-09,42.41,38.33,4.19,2.93,1.64,2.55,2.46,12.88,,2.05
2004-12-10,40.71,37.24,4.16,2.95,1.66,2.5,2.41,12.76,,2.09
2004-12-11,,,,,,,,,,2.09
2004-12-12,,,,,,,,,,2.09
2004-12-13,41.06,36.77,4.16,2.98,1.65,2.51,2.4,12.54,,2.18
2004-12-14,41.76,37.03,4.14,2.99,1.62,2.52,2.4,12.73,,2.24
2004-12-15,44.21,41.53,4.09,2.97,1.57,2.52,2.39,12.35,,2.31
2004-12-16,44.16,41.49,4.19,3.01,1.64,2.55,2.42,12.27,,2.26
2004-12-17,46.31,43.06,4.21,3.03,1.64,2.57,2.45,11.95,,2.23
2004-12-18,,,,,,,,,,2.23
2004-12-19,,,,,,,,,,2.23
2004-12-20,45.57,42.67,4.21,3.06,1.62,2.59,2.48,11.83,,2.26
2004-12-21,45.76,42.76,4.18,3.05,1.59,2.59,2.47,11.55,,2.24
2004-12-22,44.05,40.44,4.21,3.04,1.63,2.58,2.48,11.45,,2.25
2004-12-23,42.19,40.29,4.23,3.02,1.62,2.61,2.52,11.23,,2.34
2004-12-24,,39.6,,,,,,,,2.27
2004-12-25,,,,,,,,,,2.27
2004-12-26,,,,,,,,,,2.27
2004-12-27,41.26,39.6,4.3,3.07,1.67,2.63,2.55,12.14,,2.24
2004-12-28,41.78,40.24,4.31,3.08,1.69,2.62,2.53,12.0,,2.24
2004-12-29,43.69,38.93,4.33,3.12,1.73,2.6,2.5,11.62,,2.23
2004-12-30,43.36,39.8,4.27,3.1,1.7,2.57,2.47,12.56,,2.24
2004-12-31,,40.38,4.24,3.08,1.68,2.56,2.48,13.29,,1.97
2005-01-01,,,,,,,,,,1.97
2005-01-02,,,,,,,,,,1.97
2005-01-03,42.16,,4.23,3.1,1.7,2.53,2.44,14.08,,2.31
2005-01-04,43.96,40.75,4.29,3.2,1.78,2.51,2.4,13.98,,2.25
2005-01-05,43.41,41.0,4.29,3.22,1.79,2.5,2.4,14.09,,2.25
2005-01-06,45.51,43.25,4.29,3.18,1.76,2.53,2.47,13.58,,2.25
2005-01-07,45.32,43.28,4.29,3.2,1.8,2.49,2.41,13.49,,2.24
2005-01-08,,,,,,,,,,2.24
2005-01-09,,,,,,,,,,2.24
2005-01-10,45.31,44.71,4.29,3.23,1.77,2.52,2.42,13.23,,2.26
2005-01-11,45.66,43.45,4.26,3.24,1.76,2.5,2.4,13.19,,2.24
2005-01-12,46.46,43.75,4.25,3.22,1.73,2.52,2.44,12.56,,2.25
2005-01-13,48.11,45.76,4.2,3.21,1.7,2.5,2.4,12.84,,2.29
2005-01-14,48.41,45.26,4.23,3.24,1.72,2.51,2.44,12.43,,2.29
2005-01-15,,,,,,,,,,2.29
2005-01-16,,,,,,,,,,2.29
2005-01-17,,45.1,,,,,,,,2.29
2005-01-18,48.46,45.18,4.21,3.26,1.71,2.5,2.43,12.47,,2.31
2005-01-19,47.61,45.16,4.2,3.26,1.7,2.5,2.44,13.18,,2.19
2005-01-20,47.01,44.06,4.17,3.21,1.7,2.47,2.42,13.83,,2.25
2005-01-21,48.31,45.88,4.16,3.16,1.69,2.47,2.43,14.36,,2.26
2005-01-22,,,,,,,,,,2.26
2005-01-23,,,,,,,,,,2.26
2005-01-24,48.61,45.74,4.14,3.2,1.68,2.46,2.4,14.65,,2.26
2005-01-25,49.43,46.14,4.2,3.23,1.74,2.46,2.37,14.06,,2.29
2005-01-26,48.8,45.94,4.21,3.27,1.72,2.49,2.4,13.44,,2.33
2005-01-27,48.8,46.51,4.22,3.28,1.72,2.5,2.41,13.24,,2.39
2005-01-28,47.15,44.75,4.16,3.25,1.65,2.51,2.44,13.24,,2.48
2005-01-29,,,,,,,,,,2.48
2005-01-30,,,,,,,,,,2.48
2005-01-31,48.25,44.51,4.14,3.29,1.65,2.49,2.4,12.82,,2.5
2005-02-01,47.1,45.12,4.15,3.29,1.67,2.48,2.4,12.03,,2.4
2005-02-02,46.65,44.17,4.15,3.32,1.7,2.45,2.35,11.66,,2.29
2005-02-03,46.4,43.13,4.18,3.34,1.73,2.45,2.34,11.79,,2.49
2005-02-04,46.45,43.26,4.09,3.29,1.65,2.44,2.31,11.21,,2.51
2005-02-05,,,,,,,,,,2.51
2005-02-06,,,,,,,,,,2.51
2005-02-07,45.35,42.7,4.07,3.31,1.62,2.45,2.34,11.73,,2.5
2005-02-08,45.4,42.79,4.05,3.33,1.57,2.48,2.35,11.6,,2.48
2005-02-09,45.45,42.49,4.0,3.24,1.49,2.51,2.39,12.0,,2.5
2005-02-10,47.05,44.04,4.07,3.29,1.57,2.5,2.34,11.51,,2.51
2005-02-11,47.15,44.41,4.1,3.34,1.57,2.53,2.36,11.43,,2.5
2005-02-12,,,,,,,,,,2.5
2005-02-13,,,,,,,,,,2.5
2005-02-14,47.5,44.51,4.08,3.38,1.54,2.54,2.36,11.52,,2.51
2005-02-15,47.3,44.91,4.1,3.37,1.61,2.49,2.33,11.27,,2.53
2005-02-16,48.35,45.42,4.16,3.41,1.65,2.51,2.34,11.1,,2.48
2005-02-17,47.5,45.42,4.19,3.38,1.65,2.54,2.38,11.77,,2.5
2005-02-18,48.45,45.86,4.27,3.45,1.67,2.6,2.42,11.18,,2.51
2005-02-19,,,,,,,,,,2.51
2005-02-20,,,,,,,,,,2.51
2005-02-21,,46.09,,,,,,,,2.51
2005-02-22,51.0,47.6,4.29,3.46,1.67,2.62,2.43,13.14,,2.57
2005-02-23,51.73,48.16,4.27,3.46,1.64,2.63,2.45,12.39,,2.53
2005-02-24,52.05,49.24,4.29,3.52,1.65,2.64,2.47,11.57,,2.55
2005-02-25,52.2,50.05,4.27,3.54,1.64,2.63,2.46,11.49,,2.54
2005-02-26,,,,,,,,,,2.54
2005-02-27,,,,,,,,,,2.54
2005-02-28,51.75,50.13,4.36,3.59,1.7,2.66,2.5,12.08,,2.52
2005-03-01,51.67,50.47,4.38,3.59,1.69,2.69,2.53,12.04,,2.39
2005-03-02,53.0,51.05,4.38,3.57,1.69,2.69,2.52,12.5,,2.48
2005-03-03,53.6,52.89,4.39,3.59,1.69,2.7,2.53,12.93,,2.51
2005-03-04,53.7,52.1,4.32,3.57,1.65,2.67,2.49,11.94,,2.5
2005-03-05,,,,,,,,,,2.5
2005-03-06,,,,,,,,,,2.5
2005-03-07,53.9,51.87,4.31,3.61,1.63,2.68,2.5,12.26,,2.51
2005-03-08,54.55,53.29,4.38,3.62,1.67,2.71,2.53,12.4,,2.49
2005-03-09,54.75,54.11,4.52,3.66,1.77,2.75,2.57,12.7,,2.5
2005-03-10,53.52,53.04,4.48,3.68,1.76,2.72,2.56,12.49,,2.52
2005-03-11,54.4,53.15,4.56,3.73,1.82,2.74,2.6,12.8,,2.51
2005-03-12,,,,,,,,,,2.51
2005-03-13,,,,,,,,,,2.51
2005-03-14,54.9,53.68,4.52,3.75,1.82,2.7,2.54,12.39,,2.59
2005-03-15,55.05,53.97,4.54,3.75,1.82,2.72,2.56,13.15,,2.61
2005-03-16,56.5,54.61,4.52,3.72,1.79,2.73,2.57,13.49,,2.57
2005-03-17,56.4,56.03,4.47,3.7,1.73,2.74,2.57,13.29,,2.68
2005-03-18,56.8,55.97,4.51,3.72,1.77,2.74,2.56,13.14,,2.7
2005-03-19,,,,,,,,,,2.7
2005-03-20,,,,,,,,,,2.7
2005-03-21,56.7,55.79,4.53,3.72,1.8,2.73,2.56,13.61,,2.71
2005-03-22,55.95,55.39,4.63,3.86,1.87,2.76,2.58,14.27,,2.72
2005-03-23,49.43,51.52,4.61,3.84,1.92,2.69,2.52,14.06,,2.73
2005-03-24,49.7,52.35,4.6,3.88,1.9,2.7,2.55,13.42,,2.75
2005-03-25,,,,,,,,,,2.8
2005-03-26,,,,,,,,,,2.8
2005-03-27,,,,,,,,,,2.8
2005-03-28,54.06,51.75,4.64,3.9,1.94,2.7,2.55,13.75,,2.79
2005-03-29,54.26,51.42,4.6,3.87,1.91,2.69,2.53,14.49,,2.72
2005-03-30,53.96,50.63,4.56,3.86,1.89,2.67,2.5,13.64,,2.74
2005-03-31,55.31,53.22,4.5,3.8,1.79,2.71,2.55,14.02,,2.96
2005-04-01,57.26,54.14,4.46,3.75,1.77,2.69,2.53,14.09,,2.83
2005-04-02,,,,,,,,,,2.83
2005-04-03,,,,,,,,,,2.83
2005-04-04,56.86,55.92,4.47,3.74,1.79,2.68,2.51,14.11,,2.78
2005-04-05,55.83,54.53,4.48,3.75,1.81,2.67,2.51,13.68,,2.72
2005-04-06,55.88,54.08,4.44,3.7,1.8,2.64,2.49,13.15,,2.73
2005-04-07,54.16,52.57,4.49,3.72,1.85,2.64,2.51,12.33,,2.76
2005-04-08,53.46,51.83,4.5,3.77,1.84,2.66,2.52,12.62,,2.75
2005-04-09,,,,,,,,,,2.75
2005-04-10,,,,,,,,,,2.75
2005-04-11,53.71,51.21,4.45,3.75,1.82,2.63,2.48,11.98,,2.78
2005-04-12,51.54,51.53,4.38,3.71,1.73,2.65,2.54,11.3,,2.77
2005-04-13,50.21,49.67,4.38,3.66,1.74,2.64,2.56,13.31,,2.76
2005-04-14,51.11,50.21,4.37,3.6,1.72,2.65,2.57,14.53,,2.79
2005-04-15,50.61,49.52,4.27,3.54,1.67,2.6,2.5,17.74,,2.82
2005-04-16,,,,,,,,,,2.82
2005-04-17,,,,,,,,,,2.82
2005-04-18,50.52,48.58,4.27,3.55,1.66,2.61,2.51,16.56,,2.75
2005-04-19,52.33,50.79,4.21,3.5,1.62,2.59,2.46,14.96,,2.74
2005-04-20,52.45,51.53,4.22,3.52,1.6,2.62,2.49,16.92,,2.74
2005-04-21,52.49,51.73,4.32,3.65,1.66,2.66,2.52,14.41,,2.75
2005-04-22,54.16,53.51,4.26,3.62,1.61,2.65,2.49,15.38,,2.74
2005-04-23,,,,,,,,,,2.74
2005-04-24,,,,,,,,,,2.74
2005-04-25,53.16,53.1,4.26,3.64,1.63,2.63,2.47,14.62,,2.82
2005-04-26,54.33,52.47,4.28,3.67,1.66,2.62,2.45,14.91,,2.78
2005-04-27,51.37,51.29,4.25,3.64,1.65,2.6,2.45,14.87,,2.63
2005-04-28,51.92,50.74,4.19,3.59,1.58,2.61,2.48,16.86,,2.89
2005-04-29,49.2,50.61,4.21,3.66,1.61,2.6,2.47,15.31,,2.97
2005-04-30,,,,,,,,,,2.97
2005-05-01,,,,,,,,,,2.97
2005-05-02,50.94,50.89,4.21,3.64,1.61,2.6,2.5,15.12,,2.98
2005-05-03,49.6,49.48,4.21,3.68,1.64,2.57,2.48,14.53,,2.95
2005-05-04,50.22,50.36,4.2,3.63,1.63,2.57,2.48,13.85,,2.99
2005-05-05,51.12,49.81,4.19,3.58,1.62,2.57,2.5,13.98,,2.99
2005-05-06,51.3,49.7,4.28,3.73,1.69,2.59,2.5,14.05,,2.98
2005-05-07,,,,,,,,,,2.98
2005-05-08,,,,,,,,,,2.98
2005-05-09,52.04,49.71,4.29,3.76,1.69,2.6,2.49,13.75,,2.99
2005-05-10,51.76,50.61,4.23,3.69,1.65,2.58,2.47,14.91,,2.99
2005-05-11,50.39,48.91,4.21,3.68,1.64,2.57,2.47,14.45,,2.99
2005-05-12,48.83,47.4,4.18,3.66,1.66,2.52,2.44,16.12,,3.01
2005-05-13,48.65,46.85,4.12,3.61,1.66,2.46,2.39,16.32,,3.01
2005-05-14,,,,,,,,,,3.01
2005-05-15,,,,,,,,,,3.01
2005-05-16,48.64,46.42,4.13,3.61,1.66,2.47,2.41,15.68,,3.06
2005-05-17,48.97,47.31,4.12,3.61,1.64,2.48,2.42,14.57,,2.99
2005-05-18,46.99,47.35,4.07,3.56,1.65,2.42,2.35,13.63,,3.0
2005-05-19,47.0,46.92,4.11,3.64,1.69,2.42,2.34,13.32,,3.02
2005-05-20,47.25,46.91,4.13,3.69,1.67,2.46,2.37,13.14,,3.01
2005-05-21,,,,,,,,,,3.01
2005-05-22,,,,,,,,,,3.01
2005-05-23,48.68,47.28,4.07,3.65,1.65,2.42,2.34,12.95,,3.01
2005-05-24,49.14,47.29,4.04,3.61,1.62,2.42,2.36,12.69,,2.99
2005-05-25,50.37,49.24,4.08,3.61,1.66,2.42,2.34,12.58,,3.01
2005-05-26,50.89,49.71,4.08,3.64,1.69,2.39,2.31,12.24,,3.01
2005-05-27,51.65,49.42,4.08,3.64,1.67,2.41,2.32,12.15,,3.01
2005-05-28,,,,,,,,,,3.01
2005-05-29,,,,,,,,,,3.01
2005-05-30,,49.33,,,,,,,,3.01
2005-05-31,52.08,49.3,4.0,3.6,1.63,2.37,2.27,13.29,,3.09
2005-06-01,54.4,50.46,3.91,3.5,1.54,2.37,2.3,12.36,,3.02
2005-06-02,53.46,51.3,3.89,3.52,1.55,2.34,2.26,11.84,,3.0
2005-06-03,55.08,51.9,3.98,3.57,1.61,2.37,2.32,12.15,,2.99
2005-06-04,,,,,,,,,,2.99
2005-06-05,,,,,,,,,,2.99
2005-06-06,54.46,52.61,3.96,3.59,1.6,2.36,2.29,12.28,,3.0
2005-06-07,53.84,51.62,3.92,3.57,1.6,2.32,2.25,12.39,,2.96
2005-06-08,52.51,51.92,3.95,3.6,1.63,2.32,2.25,12.7,,2.96
2005-06-09,54.36,51.36,3.98,3.64,1.64,2.34,2.29,12.08,,3.01
2005-06-10,53.55,51.98,4.05,3.71,1.74,2.31,2.25,11.96,,3.01
2005-06-11,,,,,,,,,,3.01
2005-06-12,,,,,,,,,,3.01
2005-06-13,55.47,52.0,4.09,3.71,1.76,2.33,2.28,11.65,,3.04
2005-06-14,55.03,53.52,4.13,3.71,1.79,2.34,2.29,11.79,,3.01
2005-06-15,55.53,54.12,4.12,3.72,1.79,2.33,2.28,11.46,,3.05
2005-06-16,56.48,54.3,4.09,3.7,1.75,2.34,2.29,11.15,,3.0
2005-06-17,58.4,56.92,4.09,3.72,1.72,2.37,2.31,11.48,,2.99
2005-06-18,,,,,,,,,,2.99
2005-06-19,,,,,,,,,,2.99
2005-06-20,59.19,57.1,4.11,3.72,1.74,2.37,2.32,11.47,,3.01
2005-06-21,58.9,57.36,4.06,3.71,1.72,2.34,2.28,11.08,,2.96
2005-06-22,58.27,56.06,3.95,3.62,1.68,2.27,2.22,11.05,,2.93
2005-06-23,59.23,57.03,3.96,3.63,1.68,2.28,2.22,12.13,,3.05
2005-06-24,59.63,57.21,3.92,3.59,1.65,2.27,2.22,12.18,,3.07
2005-06-25,,,,,,,,,,3.07
2005-06-26,,,,,,,,,,3.07
2005-06-27,59.78,58.5,3.9,3.6,1.62,2.28,2.21,12.52,,3.17
2005-06-28,58.32,57.75,3.97,3.65,1.67,2.3,2.24,11.58,,3.17
2005-06-29,57.23,55.42,3.99,3.65,1.69,2.3,2.25,11.77,,3.2
2005-06-30,56.63,55.36,3.94,3.66,1.67,2.27,2.23,12.04,,3.35
2005-07-01,59.11,56.41,4.06,3.76,1.75,2.31,2.28,11.4,,3.36
2005-07-02,,,,,,,,,,3.36
2005-07-03,,,,,,,,,,3.36
2005-07-04,,57.13,,,,,,,,3.36
2005-07-05,59.71,57.86,4.11,3.79,1.8,2.31,2.27,11.68,,3.27
2005-07-06,61.24,58.38,4.08,3.77,1.78,2.3,2.26,12.27,,2.99
2005-07-07,60.76,57.55,4.05,3.71,1.77,2.28,2.23,12.49,,3.18
2005-07-08,59.71,59.0,4.11,3.78,1.83,2.28,2.23,11.45,,3.22
2005-07-09,,,,,,,,,,3.22
2005-07-10,,,,,,,,,,3.22
2005-07-11,59.23,56.1,4.11,3.81,1.81,2.3,2.24,11.28,,3.23
2005-07-12,60.49,58.95,4.15,3.82,1.83,2.32,2.27,10.95,,3.23
2005-07-13,60.0,58.33,4.17,3.84,1.87,2.3,2.25,10.84,,3.27
2005-07-14,57.83,56.79,4.19,3.86,1.94,2.25,2.23,10.81,,3.32
2005-07-15,58.36,56.98,4.18,3.86,1.95,2.23,2.23,10.33,,3.32
2005-07-16,,,,,,,,,,3.32
2005-07-17,,,,,,,,,,3.32
2005-07-18,57.12,56.25,4.22,3.89,1.98,2.24,2.26,10.77,,3.19
2005-07-19,57.61,56.75,4.2,3.88,1.92,2.28,2.31,10.45,,3.13
2005-07-20,56.73,56.39,4.17,3.9,1.9,2.27,2.27,10.23,,3.25
2005-07-21,57.31,55.59,4.28,3.96,1.95,2.33,2.34,10.97,,3.27
2005-07-22,57.75,56.98,4.23,3.92,1.89,2.34,2.36,10.52,,3.25
2005-07-23,,,,,,,,,,3.25
2005-07-24,,,,,,,,,,3.25
2005-07-25,58.16,57.51,4.25,3.95,1.94,2.31,2.32,11.1,,3.28
2005-07-26,59.05,58.58,4.24,3.95,1.92,2.32,2.34,10.99,,3.25
2005-07-27,59.12,58.34,4.27,3.99,1.92,2.35,2.39,10.36,,3.27
2005-07-28,59.91,58.28,4.2,3.96,1.86,2.34,2.37,10.52,,3.27
2005-07-29,60.71,59.77,4.28,4.02,1.92,2.36,2.4,11.57,,3.31
2005-07-30,,,,,,,,,,3.31
2005-07-31,,,,,,,,,,3.31
2005-08-01,61.51,60.56,4.32,4.04,1.95,2.37,2.37,12.08,,3.3
2005-08-02,61.87,60.13,4.34,4.06,1.99,2.35,2.33,11.75,,3.2
2005-08-03,60.76,60.04,4.3,4.02,1.93,2.37,2.36,11.83,,3.35
2005-08-04,61.6,60.62,4.32,4.04,1.94,2.38,2.38,12.52,,3.44
2005-08-05,62.44,60.73,4.4,4.11,2.0,2.4,2.39,12.48,,3.49
2005-08-06,,,,,,,,,,3.49
2005-08-07,,,,,,,,,,3.49
2005-08-08,63.92,62.56,4.42,4.16,2.02,2.4,2.37,13.21,,3.5
2005-08-09,63.13,62.79,4.41,4.13,2.02,2.39,2.39,12.4,,3.47
2005-08-10,64.8,63.77,4.4,4.13,2.01,2.39,2.39,12.38,,3.48
2005-08-11,65.67,65.9,4.32,4.1,1.97,2.35,2.32,12.42,,3.51
2005-08-12,66.71,67.26,4.24,4.05,1.91,2.33,2.28,12.74,,3.55
2005-08-13,,,,,,,,,,3.55
2005-08-14,,,,,,,,,,3.55
2005-08-15,66.21,66.68,4.27,4.08,1.92,2.35,2.29,12.26,,3.61
2005-08-16,66.11,65.1,4.23,4.03,1.87,2.36,2.3,13.52,,3.46
2005-08-17,63.29,63.41,4.28,4.07,1.91,2.37,2.32,13.3,,3.57
2005-08-18,63.47,61.75,4.21,4.01,1.86,2.35,2.3,13.42,,3.5
2005-08-19,65.51,64.21,4.21,4.03,1.85,2.36,2.3,13.42,,3.54
2005-08-20,,,,,,,,,,3.54
2005-08-21,,,,,,,,,,3.54
2005-08-22,65.46,65.87,4.22,4.03,1.86,2.36,2.31,13.42,,3.51
2005-08-23,65.81,65.16,4.2,4.01,1.85,2.35,2.28,13.34,,3.49
2005-08-24,67.1,65.25,4.19,3.99,1.83,2.36,2.3,14.17,,3.5
2005-08-25,67.29,65.88,4.18,4.0,1.8,2.38,2.32,13.73,,3.55
2005-08-26,66.05,66.23,4.2,4.06,1.81,2.39,2.34,13.72,,3.54
2005-08-27,,,,,,,,,,3.54
2005-08-28,,,,,,,,,,3.54
2005-08-29,67.41,64.77,4.2,4.06,1.79,2.41,2.37,13.52,,3.54
2005-08-30,69.91,66.15,4.16,3.97,1.71,2.45,2.39,13.65,,3.52
2005-08-31,68.63,66.8,4.02,3.84,1.65,2.37,2.3,12.6,,3.63
2005-09-01,69.5,66.79,4.02,3.72,1.61,2.41,2.35,13.15,,3.57
2005-09-02,66.91,65.95,4.03,3.75,1.59,2.44,2.35,13.57,,3.49
2005-09-03,,,,,,,,,,3.49
2005-09-04,,,,,,,,,,3.49
2005-09-05,,64.16,,,,,,,,3.49
2005-09-06,65.83,64.16,4.09,3.8,1.65,2.44,2.39,12.93,,3.57
2005-09-07,64.38,63.6,4.15,3.87,1.69,2.46,2.42,12.52,,3.48
2005-09-08,64.8,61.66,4.15,3.87,1.68,2.47,2.38,12.93,,3.49
2005-09-09,64.21,62.62,4.14,3.88,1.64,2.5,2.38,11.98,,3.49
2005-09-10,,,,,,,,,,3.49
2005-09-11,,,,,,,,,,3.49
2005-09-12,63.29,60.69,4.18,3.92,1.69,2.49,2.37,11.65,,3.5
2005-09-13,63.18,61.31,4.14,3.88,1.67,2.47,2.35,12.39,,3.45
2005-09-14,65.2,61.7,4.17,3.9,1.68,2.49,2.38,12.91,,3.54
2005-09-15,64.64,61.9,4.22,3.9,1.71,2.51,2.4,12.49,,3.67
2005-09-16,62.91,60.48,4.26,3.97,1.73,2.53,2.41,11.22,,3.62
2005-09-17,,,,,,,,,,3.62
2005-09-18,,,,,,,,,,3.62
2005-09-19,67.21,64.04,4.25,3.93,1.7,2.55,2.43,12.14,,3.62
2005-09-20,66.24,62.98,4.26,4.0,1.74,2.52,2.41,12.64,,3.67
2005-09-21,66.96,64.31,4.19,3.96,1.68,2.51,2.37,13.79,,3.72
2005-09-22,67.07,64.64,4.19,3.95,1.67,2.52,2.41,13.33,,3.77
2005-09-23,64.67,62.17,4.25,4.02,1.74,2.51,2.38,12.96,,3.76
2005-09-24,,,,,,,,,,3.76
2005-09-25,,,,,,,,,,3.76
2005-09-26,65.98,61.73,4.3,4.07,1.78,2.52,2.41,13.04,,3.83
2005-09-27,64.94,62.56,4.3,4.08,1.77,2.53,2.4,12.76,,3.73
2005-09-28,66.36,62.81,4.26,4.09,1.73,2.53,2.39,12.63,,3.76
2005-09-29,66.83,62.02,4.29,4.13,1.75,2.54,2.39,12.24,,3.82
2005-09-30,66.21,61.7,4.34,4.18,1.78,2.56,2.4,11.92,,3.93
2005-10-01,,,,,,,,,,3.93
2005-10-02,,,,,,,,,,3.93
2005-10-03,65.36,61.64,4.39,4.21,1.84,2.55,2.39,12.46,,3.87
2005-10-04,63.74,59.17,4.38,4.22,1.87,2.51,2.34,13.2,,3.75
2005-10-05,62.56,59.33,4.36,4.21,1.86,2.5,2.34,14.55,,3.75
2005-10-06,61.81,57.2,4.37,4.2,1.91,2.46,2.33,14.96,,3.76
2005-10-07,61.81,57.29,4.35,4.18,1.9,2.45,2.31,14.59,,3.73
2005-10-08,,,,,,,,,,3.73
2005-10-09,,,,,,,,,,3.73
2005-10-10,60.71,57.01,,,,,,15.55,,3.73
2005-10-11,63.84,58.1,4.39,4.22,1.92,2.47,2.34,15.63,,3.72
2005-10-12,64.13,59.91,4.45,4.24,1.96,2.49,2.37,16.22,,3.36
2005-10-13,63.05,59.48,4.48,4.24,1.96,2.52,2.45,16.47,,3.75
2005-10-14,62.61,58.45,4.48,4.27,1.98,2.5,2.37,14.87,,3.77
2005-10-15,,,,,,,,,,3.77
2005-10-16,,,,,,,,,,3.77
2005-10-17,64.26,59.81,4.5,4.29,1.94,2.56,2.44,14.67,,3.82
2005-10-18,62.94,58.85,4.49,4.27,1.92,2.57,2.46,15.33,,3.71
2005-10-19,62.11,58.13,4.47,4.25,1.92,2.55,2.44,13.5,,3.71
2005-10-20,61.04,57.04,4.46,4.27,1.92,2.54,2.43,16.11,,3.77
2005-10-21,61.05,56.94,4.39,4.22,1.89,2.5,2.4,16.13,,3.76
2005-10-22,,,,,,,,,,3.76
2005-10-23,,,,,,,,,,3.76
2005-10-24,60.63,57.64,4.45,4.25,1.93,2.52,2.43,14.74,,3.76
2005-10-25,62.83,58.72,4.54,4.34,2.05,2.49,2.38,14.53,,3.74
2005-10-26,60.85,58.56,4.6,4.38,2.06,2.54,2.46,14.59,,3.75
2005-10-27,61.03,58.1,4.57,4.36,2.01,2.56,2.5,16.02,,3.85
2005-10-28,61.3,59.47,4.58,4.4,2.01,2.57,2.5,14.25,,3.9
2005-10-29,,,,,,,,,,3.9
2005-10-30,,,,,,,,,,3.9
2005-10-31,59.8,58.47,4.57,4.4,2.0,2.57,2.5,15.32,,4.02
2005-11-01,59.85,56.69,4.58,4.42,2.0,2.58,2.53,14.85,,3.99
2005-11-02,59.75,58.53,4.61,4.43,2.02,2.59,2.55,13.48,,3.99
2005-11-03,61.7,59.55,4.65,4.47,2.03,2.62,2.6,13.0,,4.01
2005-11-04,60.6,60.48,4.66,4.47,2.06,2.6,2.54,13.17,,4.0
2005-11-05,,,,,,,,,,4.0
2005-11-06,,,,,,,,,,4.0
2005-11-07,59.4,58.19,4.65,4.47,2.03,2.62,2.6,13.1,,3.99
2005-11-08,59.7,57.89,4.57,4.43,2.01,2.56,2.53,13.08,,3.95
2005-11-09,59.65,57.71,4.64,4.49,2.08,2.56,2.56,12.8,,4.02
2005-11-10,57.8,55.85,4.55,4.44,2.07,2.48,2.49,11.9,,3.98
2005-11-11,57.45,54.3,,,,,,11.63,,3.98
2005-11-12,,,,,,,,,,3.98
2005-11-13,,,,,,,,,,3.98
2005-11-14,57.6,54.1,4.61,4.5,2.14,2.47,2.5,12.18,,4.03
2005-11-15,57.05,54.45,4.56,4.47,2.12,2.44,2.45,12.23,,3.97
2005-11-16,57.85,53.68,4.49,4.42,2.07,2.42,2.44,12.26,,3.96
2005-11-17,56.2,53.8,4.46,4.37,2.04,2.42,2.45,11.25,,3.98
2005-11-18,56.3,52.84,4.5,4.4,2.09,2.41,2.44,11.12,,4.0
2005-11-19,,,,,,,,,,4.0
2005-11-20,,,,,,,,,,4.0
2005-11-21,57.75,53.36,4.46,4.39,2.08,2.38,2.36,10.82,,4.03
2005-11-22,58.3,54.21,4.43,4.32,2.03,2.4,2.39,10.6,,3.99
2005-11-23,58.35,53.73,4.47,4.36,2.08,2.39,2.37,10.96,,4.01
2005-11-24,,53.41,,,,,,,,4.01
2005-11-25,,53.15,4.43,4.33,2.05,2.38,2.36,10.88,,4.03
2005-11-26,,,,,,,,,,4.03
2005-11-27,,,,,,,,,,4.03
2005-11-28,57.36,52.91,4.41,4.33,2.04,2.37,2.36,11.84,,4.01
2005-11-29,56.46,53.24,4.48,4.4,2.11,2.37,2.37,11.89,,3.99
2005-11-30,57.33,53.25,4.49,4.42,2.12,2.37,2.39,12.06,,4.03
2005-12-01,58.46,53.65,4.52,4.45,2.15,2.37,2.37,11.24,,4.03
2005-12-02,59.31,54.91,4.52,4.43,2.16,2.36,2.36,11.01,,4.0
2005-12-03,,,,,,,,,,4.0
2005-12-04,,,,,,,,,,4.0
2005-12-05,59.91,56.05,4.57,4.47,2.17,2.4,2.39,11.6,,4.02
2005-12-06,59.96,55.68,4.49,4.42,2.12,2.37,2.38,11.52,,3.97
2005-12-07,59.21,55.17,4.52,4.42,2.18,2.34,2.37,12.18,,3.98
2005-12-08,60.66,56.26,4.47,4.37,2.14,2.33,2.38,12.21,,4.09
2005-12-09,59.41,57.18,4.54,4.43,2.18,2.36,2.41,11.69,,4.16
2005-12-10,,,,,,,,,,4.16
2005-12-11,,,,,,,,,,4.16
2005-12-12,61.36,57.23,4.56,4.45,2.17,2.39,2.44,11.47,,4.24
2005-12-13,61.36,59.16,4.54,4.43,2.16,2.38,2.42,11.11,,4.23
2005-12-14,60.86,59.59,4.45,4.37,2.1,2.35,2.38,10.48,,4.26
2005-12-15,60.01,59.67,4.47,4.37,2.12,2.35,2.38,10.73,,4.29
2005-12-16,58.01,58.11,4.45,4.37,2.11,2.34,2.4,10.68,,4.25
2005-12-17,,,,,,,,,,4.25
2005-12-18,,,,,,,,,,4.25
2005-12-19,57.31,56.09,4.45,4.38,2.11,2.34,2.4,11.38,,4.25
2005-12-20,57.81,56.08,4.47,4.42,2.12,2.35,2.4,11.19,,4.3
2005-12-21,58.56,56.05,4.49,4.43,2.14,2.35,2.41,10.81,,4.08
2005-12-22,58.08,57.3,4.44,4.4,2.11,2.33,2.38,10.29,,4.25
2005-12-23,58.08,56.28,4.38,4.37,2.07,2.31,2.36,10.27,,4.21
2005-12-24,,,,,,,,,,4.21
2005-12-25,,,,,,,,,,4.21
2005-12-26,,56.54,,,,,,,,4.21
2005-12-27,58.16,,4.34,4.35,2.05,2.29,2.33,11.57,,4.26
2005-12-28,59.81,56.91,4.38,4.37,2.1,2.28,2.33,11.35,,4.19
2005-12-29,60.26,57.72,4.37,4.38,2.07,2.3,2.34,11.61,,4.18
2005-12-30,61.06,58.34,4.39,4.41,2.06,2.33,2.36,12.07,,4.09
2005-12-31,,,,,,,,,,4.09
2006-01-01,,,,,,,,,,4.09
2006-01-02,,,,,,,,,101.4155,4.09
2006-01-03,63.11,61.51,4.37,4.34,2.03,2.34,2.38,11.14,100.7558,4.34
2006-01-04,63.41,61.25,4.36,4.31,2.01,2.35,2.39,11.37,100.2288,4.22
2006-01-05,62.81,61.68,4.36,4.32,2.04,2.32,2.36,11.31,100.2992,4.24
2006-01-06,64.21,62.43,4.38,4.36,2.05,2.33,2.33,11.0,100.0241,4.22
2006-01-07,,,,,,,,,,4.22
2006-01-08,,,,,,,,,,4.22
2006-01-09,63.56,62.51,4.38,4.36,2.05,2.33,2.31,11.13,100.1794,4.25
2006-01-10,63.41,62.32,4.43,4.41,2.06,2.37,2.36,10.86,100.1436,4.24
2006-01-11,63.91,61.54,4.46,4.44,2.07,2.39,2.39,10.94,99.871,4.24
2006-01-12,63.96,62.95,4.42,4.39,2.01,2.41,2.41,11.2,100.0643,4.28
2006-01-13,63.86,61.58,4.36,4.34,1.97,2.39,2.4,11.23,99.9675,4.3
2006-01-14,,,,,,,,,,4.3
2006-01-15,,,,,,,,,,4.3
2006-01-16,,62.34,,,,,,,99.9715,4.3
2006-01-17,66.36,63.22,4.34,4.33,1.95,2.39,2.38,11.91,100.2447,4.32
2006-01-18,65.76,63.6,4.34,4.33,1.97,2.37,2.34,12.25,100.4085,4.24
2006-01-19,66.86,63.64,4.38,4.37,1.97,2.41,2.41,11.98,100.1862,4.23
2006-01-20,68.16,64.92,4.37,4.37,1.94,2.43,2.39,14.56,99.9017,4.24
2006-01-21,,,,,,,,,,4.24
2006-01-22,,,,,,,,,,4.24
2006-01-23,68.06,64.56,4.36,4.35,1.94,2.42,2.38,13.93,99.3783,4.26
2006-01-24,66.83,63.82,4.4,4.37,1.97,2.43,2.41,13.31,99.3434,4.28
2006-01-25,65.6,62.61,4.49,4.46,2.03,2.46,2.49,12.87,99.348,4.36
2006-01-26,65.8,62.93,4.53,4.49,2.01,2.52,2.57,12.42,99.4798,4.37
2006-01-27,67.81,64.95,4.52,4.51,2.02,2.5,2.48,11.97,99.6433,4.42
2006-01-28,,,,,,,,,,4.42
2006-01-29,,,,,,,,,,4.42
2006-01-30,68.36,65.14,4.54,4.52,2.03,2.51,2.48,12.39,99.7144,4.48
2006-01-31,67.86,63.19,4.53,4.54,2.0,2.53,2.48,12.95,99.4311,4.47
2006-02-01,66.61,65.64,4.57,4.59,2.02,2.55,2.53,12.36,99.6132,4.47
2006-02-02,64.71,63.49,4.57,4.59,2.04,2.53,2.51,13.23,99.7916,4.48
2006-02-03,65.41,62.54,4.54,4.59,2.0,2.54,2.51,12.96,100.118,4.51
2006-02-04,,,,,,,,,,4.51
2006-02-05,,,,,,,,,,4.51
2006-02-06,65.11,63.32,4.55,4.62,2.0,2.55,2.52,13.04,100.1372,4.51
2006-02-07,63.01,61.64,4.57,4.61,2.02,2.55,2.53,13.59,100.1759,4.47
2006-02-08,62.51,60.82,4.56,4.64,2.07,2.49,2.44,12.83,100.4879,4.48
2006-02-09,62.66,60.7,4.54,4.66,2.05,2.49,2.43,13.12,100.2117,4.52
2006-02-10,62.01,59.66,4.59,4.69,2.09,2.5,2.43,12.87,100.322,4.51
2006-02-11,,,,,,,,,,4.51
2006-02-12,,,,,,,,,,4.51
2006-02-13,61.26,59.16,4.58,4.68,2.08,2.5,2.45,13.35,100.3955,4.44
2006-02-14,59.61,58.27,4.62,4.69,2.14,2.48,2.44,12.25,100.3987,4.45
2006-02-15,57.61,57.67,4.61,4.71,2.13,2.48,2.44,12.31,100.4489,4.5
2006-02-16,58.61,56.78,4.59,4.69,2.1,2.49,2.42,11.48,100.5183,4.48
2006-02-17,59.76,58.34,4.54,4.66,2.03,2.51,2.42,12.01,100.3404,4.48
2006-02-18,,,,,,,,,,4.48
2006-02-19,,,,,,,,,,4.48
2006-02-20,,60.05,,,,,,,100.3447,4.48
2006-02-21,61.21,59.35,4.57,4.71,2.04,2.53,2.44,12.41,100.2346,4.54
2006-02-22,59.03,58.71,4.53,4.68,2.01,2.52,2.4,11.88,100.3879,4.49
2006-02-23,58.03,58.71,4.56,4.72,2.03,2.53,2.4,11.87,100.1956,4.47
2006-02-24,61.46,60.13,4.58,4.74,2.02,2.56,2.42,11.46,100.2594,4.48
2006-02-25,,,,,,,,,,4.48
2006-02-26,,,,,,,,,,4.48
2006-02-27,61.01,59.44,4.59,4.74,2.04,2.55,2.4,11.59,100.0724,4.52
2006-02-28,61.37,59.78,4.55,4.69,2.02,2.53,2.38,12.34,99.7695,4.52
2006-03-01,62.01,61.12,4.59,4.71,2.02,2.57,2.43,11.54,99.8355,4.52
2006-03-02,63.36,62.27,4.64,4.72,2.05,2.59,2.44,11.72,99.5969,4.5
2006-03-03,63.61,62.69,4.68,4.76,2.07,2.61,2.46,11.96,99.7024,4.51
2006-03-04,,,,,,,,,,4.51
2006-03-05,,,,,,,,,,4.51
2006-03-06,62.46,61.41,4.74,4.77,2.14,2.6,2.47,12.74,99.9834,4.51
2006-03-07,61.51,59.79,4.74,4.77,2.16,2.58,2.45,12.66,100.564,4.51
2006-03-08,60.06,58.42,4.73,4.72,2.2,2.53,2.4,12.32,100.8565,4.51
2006-03-09,60.51,58.82,4.74,4.72,2.2,2.54,2.42,12.68,100.7718,4.51
2006-03-10,59.91,59.04,4.76,4.74,2.23,2.53,2.44,11.85,100.9566,4.51
2006-03-11,,,,,,,,,,4.51
2006-03-12,,,,,,,,,,4.51
2006-03-13,61.81,60.99,4.77,4.74,2.24,2.53,2.45,11.37,100.8563,4.52
2006-03-14,63.01,62.39,4.71,4.66,2.17,2.54,2.47,10.74,100.312,4.51
2006-03-15,62.11,63.12,4.73,4.69,2.18,2.55,2.48,11.35,100.2121,4.47
2006-03-16,63.46,62.07,4.65,4.62,2.12,2.53,2.44,11.98,99.9049,4.55
2006-03-17,62.81,63.54,4.68,4.65,2.16,2.52,2.42,12.12,99.8614,4.6
2006-03-18,,,,,,,,,,4.6
2006-03-19,,,,,,,,,,4.6
2006-03-20,60.31,62.3,4.66,4.65,2.15,2.51,2.42,11.79,100.0491,4.55
2006-03-21,60.41,59.96,4.71,4.72,2.23,2.48,2.39,11.62,100.4716,4.54
2006-03-22,60.03,61.23,4.7,4.74,2.23,2.47,2.38,11.21,100.496,4.58
2006-03-23,62.13,61.76,4.73,4.77,2.24,2.49,2.4,11.17,100.8256,4.64
2006-03-24,63.9,62.78,4.67,4.72,2.2,2.47,2.39,11.19,100.7773,4.69
2006-03-25,,,,,,,,,,4.69
2006-03-26,,,,,,,,,,4.69
2006-03-27,63.75,62.59,4.7,4.72,2.23,2.47,2.39,11.46,100.8359,4.77
2006-03-28,65.65,64.31,4.79,4.81,2.3,2.49,2.41,11.58,100.7995,4.7
2006-03-29,66.0,64.88,4.81,4.82,2.32,2.49,2.43,10.95,101.0474,4.69
2006-03-30,66.7,65.95,4.86,4.84,2.35,2.51,2.44,11.57,100.5698,4.76
2006-03-31,66.25,66.06,4.86,4.82,2.35,2.51,2.44,11.39,100.56,5.0
2006-04-01,,,,,,,,,,5.0
2006-04-02,,,,,,,,,,5.0
2006-04-03,66.07,67.28,4.88,4.86,2.36,2.52,2.45,11.57,100.6204,4.87
2006-04-04,65.75,65.93,4.87,4.84,2.38,2.49,2.43,11.14,100.1319,4.76
2006-04-05,66.76,66.74,4.84,4.81,2.34,2.5,2.44,11.13,100.0792,4.76
2006-04-06,67.22,67.58,4.9,4.84,2.38,2.52,2.45,11.45,100.1578,4.76
2006-04-07,67.02,67.11,4.97,4.89,2.43,2.54,2.5,12.26,100.4187,4.76
2006-04-08,,,,,,,,,,4.76
2006-04-09,,,,,,,,,,4.76
2006-04-10,68.29,68.2,4.97,4.89,2.41,2.56,2.52,12.19,100.4091,4.78
2006-04-11,69.03,68.52,4.93,4.88,2.37,2.56,2.49,13.0,100.2903,4.74
2006-04-12,68.53,69.54,4.98,4.91,2.41,2.57,2.48,12.76,100.3589,4.78
2006-04-13,69.53,69.39,5.05,4.96,2.48,2.57,2.48,12.38,100.4759,4.82
2006-04-14,,,,,,,,,100.4697,4.8
2006-04-15,,,,,,,,,,4.8
2006-04-16,,,,,,,,,,4.8
2006-04-17,70.3,,5.01,4.91,2.43,2.58,2.48,12.58,99.8719,4.78
2006-04-18,71.28,70.97,4.99,4.84,2.38,2.61,2.53,11.4,99.6747,4.72
2006-04-19,72.07,72.69,5.04,4.86,2.38,2.66,2.57,11.32,99.3467,4.7
2006-04-20,71.96,72.57,5.04,4.89,2.42,2.62,2.52,11.64,99.4974,4.73
2006-04-21,73.73,73.94,5.01,4.9,2.39,2.62,2.51,11.59,99.4345,4.74
2006-04-22,,,,,,,,,,4.74
2006-04-23,,,,,,,,,,4.74
2006-04-24,70.19,73.96,4.99,4.89,2.39,2.6,2.51,11.75,99.117,4.77
2006-04-25,67.43,72.86,5.07,4.95,2.47,2.6,2.6,11.75,98.9687,4.74
2006-04-26,71.71,73.46,5.12,4.99,2.51,2.61,2.59,11.76,98.8907,4.73
2006-04-27,70.76,71.79,5.09,4.91,2.45,2.64,2.66,11.84,98.5149,4.79
2006-04-28,71.8,72.15,5.07,4.87,2.39,2.68,2.69,11.59,98.1412,4.86
2006-04-29,,,,,,,,,,4.86
2006-04-30,,,,,,,,,,4.86
2006-05-01,73.75,73.37,5.14,4.94,2.42,2.72,2.72,12.54,97.9085,4.84
2006-05-02,74.62,74.45,5.12,4.92,2.43,2.69,2.67,11.99,97.6571,4.79
2006-05-03,72.26,73.73,5.15,4.94,2.47,2.68,2.65,11.99,97.5572,4.81
2006-05-04,69.98,71.84,5.16,4.97,2.49,2.67,2.65,11.86,97.4878,4.83
2006-05-05,70.09,71.22,5.12,4.94,2.45,2.67,2.64,11.62,97.2585,4.83
2006-05-06,,,,,,,,,,4.83
2006-05-07,,,,,,,,,,4.83
2006-05-08,69.75,68.26,5.12,4.97,2.45,2.67,2.65,12.0,97.1945,4.88
2006-05-09,70.71,70.6,5.13,4.97,2.43,2.7,2.68,11.99,96.9578,4.78
2006-05-10,72.15,69.83,5.13,5.01,2.43,2.7,2.67,11.78,96.6391,4.88
2006-05-11,73.0,72.2,5.14,4.99,2.43,2.71,2.64,12.49,96.5383,4.99
2006-05-12,71.87,71.3,5.19,5.01,2.47,2.72,2.66,14.19,96.8788,5.01
2006-05-13,,,,,,,,,,5.01
2006-05-14,,,,,,,,,,5.01
2006-05-15,69.25,68.69,5.15,4.99,2.47,2.68,2.65,13.57,97.3588,5.01
2006-05-16,69.4,68.66,5.1,4.96,2.44,2.66,2.63,13.35,97.1959,4.98
2006-05-17,68.65,67.52,5.16,4.97,2.47,2.69,2.67,16.26,97.4725,4.96
2006-05-18,69.63,67.39,5.08,4.94,2.41,2.67,2.65,16.99,97.7033,5.0
2006-05-19,68.44,66.93,5.05,4.96,2.43,2.62,2.59,17.18,97.933,5.0
2006-05-20,,,,,,,,,,5.0
2006-05-21,,,,,,,,,,5.0
2006-05-22,69.23,66.52,5.04,4.94,2.43,2.61,2.59,17.72,97.9377,5.0
2006-05-23,70.78,68.97,5.07,4.97,2.44,2.63,2.58,18.26,97.7045,4.94
2006-05-24,69.47,68.45,5.03,4.94,2.42,2.61,2.58,17.36,98.3936,4.9
2006-05-25,70.92,68.51,5.07,4.98,2.46,2.61,2.58,15.5,97.8423,5.01
2006-05-26,71.35,69.88,5.06,4.96,2.44,2.62,2.59,14.26,97.8995,4.99
2006-05-27,,,,,,,,,,4.99
2006-05-28,,,,,,,,,,4.99
2006-05-29,,69.16,,,,,,,97.8936,4.99
2006-05-30,71.85,69.82,5.09,4.99,2.45,2.64,2.61,18.66,97.588,5.02
2006-05-31,71.42,67.57,5.12,5.04,2.48,2.64,2.6,16.44,97.7705,5.05
2006-06-01,70.11,68.77,5.11,5.04,2.46,2.65,2.61,14.52,97.7726,5.02
2006-06-02,72.73,68.42,5.0,4.92,2.37,2.63,2.6,14.32,97.5544,4.97
2006-06-03,,,,,,,,,,4.97
2006-06-04,,,,,,,,,,4.97
2006-06-05,72.5,69.13,5.02,4.99,2.4,2.62,2.58,16.65,97.3681,5.01
2006-06-06,72.43,68.25,5.01,4.99,2.44,2.57,2.52,17.34,98.1449,4.99
2006-06-07,70.9,67.17,5.02,5.02,2.48,2.54,2.49,17.8,98.1641,4.99
2006-06-08,70.25,65.76,5.0,5.01,2.47,2.53,2.48,18.35,98.9313,5.02
2006-06-09,71.62,69.13,4.98,5.01,2.45,2.53,2.46,18.12,98.5471,5.0
2006-06-10,,,,,,,,,,5.0
2006-06-11,,,,,,,,,,5.0
2006-06-12,70.28,68.62,4.99,5.02,2.45,2.54,2.5,20.96,98.5494,5.01
2006-06-13,68.48,65.67,4.97,5.02,2.44,2.53,2.5,23.81,98.9201,5.0
2006-06-14,69.12,65.52,5.05,5.11,2.5,2.55,2.49,21.46,98.8338,5.0
2006-06-15,69.78,66.04,5.1,5.14,2.52,2.58,2.52,15.9,98.8846,5.02
2006-06-16,69.75,65.01,5.13,5.16,2.54,2.59,2.55,17.25,98.9127,4.94
2006-06-17,,,,,,,,,,4.94
2006-06-18,,,,,,,,,,4.94
2006-06-19,69.21,66.4,5.14,5.19,2.58,2.56,2.51,17.83,99.145,4.95
2006-06-20,69.3,67.57,5.15,5.19,2.58,2.57,2.53,16.69,99.0117,4.92
2006-06-21,70.07,68.17,5.16,5.2,2.59,2.57,2.53,15.52,98.5544,4.91
2006-06-22,70.62,69.6,5.2,5.23,2.61,2.59,2.56,15.88,99.0856,4.98
2006-06-23,70.5,69.91,5.23,5.27,2.64,2.59,2.55,15.89,99.4216,4.98
2006-06-24,,,,,,,,,,4.98
2006-06-25,,,,,,,,,,4.98
2006-06-26,71.63,69.85,5.25,5.27,2.67,2.58,2.55,15.62,99.3634,5.03
2006-06-27,72.05,71.26,5.21,5.24,2.63,2.58,2.55,16.4,99.219,5.02
2006-06-28,72.15,71.76,5.25,5.29,2.68,2.57,2.55,15.79,99.392,5.06
2006-06-29,73.5,73.02,5.22,5.21,2.61,2.61,2.62,13.03,99.2158,5.08
2006-06-30,73.94,73.2,5.15,5.16,2.54,2.61,2.59,13.08,98.2483,5.05
2006-07-01,,,,,,,,,,5.05
2006-07-02,,,,,,,,,,5.05
2006-07-03,,73.94,5.15,5.17,2.56,2.59,2.56,13.05,98.0371,5.25
2006-07-04,,73.17,,,,,,,98.0221,5.25
2006-07-05,75.2,72.88,5.23,5.24,2.63,2.6,2.58,14.15,98.308,5.25
2006-07-06,75.0,73.12,5.19,5.22,2.59,2.6,2.57,13.65,98.138,5.24
2006-07-07,73.76,74.14,5.14,5.17,2.55,2.59,2.55,13.97,97.7508,5.22
2006-07-08,,,,,,,,,,5.22
2006-07-09,,,,,,,,,,5.22
2006-07-10,73.5,72.39,5.13,5.17,2.56,2.57,2.53,14.02,97.9813,5.24
2006-07-11,74.05,73.14,5.1,5.17,2.53,2.57,2.55,13.14,98.2132,5.25
2006-07-12,74.99,73.04,5.1,5.17,2.54,2.56,2.53,14.49,98.5202,5.27
2006-07-13,76.7,75.23,5.08,5.12,2.51,2.57,2.56,17.79,98.5583,5.26
2006-07-14,76.8,76.13,5.07,5.08,2.5,2.57,2.56,18.05,98.6814,5.26
2006-07-15,,,,,,,,,,5.26
2006-07-16,,,,,,,,,,5.26
2006-07-17,75.7,75.12,5.07,5.12,2.49,2.58,2.57,18.64,99.0767,5.28
2006-07-18,73.87,75.32,5.13,5.19,2.55,2.58,2.58,17.74,99.1341,5.22
2006-07-19,72.79,71.62,5.06,5.12,2.49,2.57,2.57,15.55,98.9262,5.23
2006-07-20,74.0,72.56,5.03,5.06,2.45,2.58,2.58,16.21,98.6014,5.24
2006-07-21,73.52,72.96,5.05,5.08,2.49,2.56,2.55,17.4,98.5221,5.23
2006-07-22,,,,,,,,,,5.23
2006-07-23,,,,,,,,,,5.23
2006-07-24,74.29,72.09,5.05,5.1,2.49,2.56,2.57,14.98,98.7795,5.24
2006-07-25,73.46,72.49,5.07,5.11,2.48,2.59,2.61,14.85,98.9388,5.24
2006-07-26,73.82,73.76,5.04,5.06,2.44,2.6,2.62,14.62,98.742,5.24
2006-07-27,74.5,75.36,5.07,5.07,2.47,2.6,2.63,14.94,98.2283,5.27
2006-07-28,73.3,73.95,5.0,4.98,2.41,2.59,2.64,14.33,98.0539,5.26
2006-07-29,,,,,,,,,,5.26
2006-07-30,,,,,,,,,,5.26
2006-07-31,74.56,74.75,4.99,4.97,2.41,2.58,2.62,14.95,97.9996,5.31
2006-08-01,74.93,76.39,4.99,4.97,2.4,2.59,2.63,15.05,98.1715,5.27
2006-08-02,76.16,77.63,4.96,4.97,2.36,2.6,2.62,14.34,97.9432,5.25
2006-08-03,75.59,76.28,4.96,4.98,2.35,2.61,2.63,14.46,98.0694,5.27
2006-08-04,74.78,76.53,4.91,4.91,2.3,2.61,2.63,14.34,97.6005,5.25
2006-08-05,,,,,,,,,,5.25
2006-08-06,,,,,,,,,,5.25
2006-08-07,77.05,77.82,4.93,4.96,2.29,2.64,2.67,15.23,97.5088,5.24
2006-08-08,76.29,77.93,4.93,4.91,2.27,2.66,2.7,15.23,97.6524,5.26
2006-08-09,76.28,78.26,4.92,4.91,2.28,2.64,2.63,15.2,97.4402,5.25
2006-08-10,74.17,75.69,4.93,4.93,2.3,2.63,2.64,14.46,97.8887,5.24
2006-08-11,74.38,75.19,4.97,4.96,2.33,2.64,2.64,14.3,97.7863,5.24
2006-08-12,,,,,,,,,,5.24
2006-08-13,,,,,,,,,,5.24
2006-08-14,73.33,73.78,5.0,5.01,2.36,2.64,2.64,14.26,97.9677,5.26
2006-08-15,72.95,73.57,4.93,4.94,2.32,2.61,2.61,13.42,97.8043,5.24
2006-08-16,71.64,72.67,4.87,4.87,2.28,2.59,2.62,12.41,97.3894,5.17
2006-08-17,70.12,70.42,4.87,4.89,2.28,2.59,2.63,12.24,97.3486,5.2
2006-08-18,70.93,71.3,4.84,4.87,2.26,2.58,2.61,11.64,97.7577,5.25
2006-08-19,,,,,,,,,,5.25
2006-08-20,,,,,,,,,,5.25
2006-08-21,72.45,72.42,4.82,4.85,2.23,2.59,2.63,12.22,97.3856,5.24
2006-08-22,72.55,72.06,4.82,4.87,2.22,2.6,2.64,12.19,97.6079,5.24
2006-08-23,71.45,71.12,4.82,4.87,2.25,2.57,2.62,12.4,97.5731,5.25
2006-08-24,72.02,71.4,4.81,4.88,2.28,2.53,2.57,12.4,97.7939,5.25
2006-08-25,72.13,72.58,4.79,4.86,2.24,2.55,2.6,12.31,97.8827,5.25
2006-08-26,,,,,,,,,,5.25
2006-08-27,,,,,,,,,,5.25
2006-08-28,70.47,69.44,4.8,4.88,2.28,2.52,2.58,12.18,97.8467,5.25
2006-08-29,69.74,67.01,4.79,4.87,2.29,2.5,2.53,12.28,97.7748,5.23
2006-08-30,70.2,67.15,4.76,4.83,2.28,2.48,2.55,12.22,97.5792,5.25
2006-08-31,70.38,67.66,4.74,4.79,2.24,2.5,2.56,12.31,97.644,5.31
2006-09-01,69.24,70.49,4.73,4.77,2.25,2.48,2.56,11.96,97.5084,5.25
2006-09-02,,,,,,,,,,5.25
2006-09-03,,,,,,,,,,5.25
2006-09-04,,68.62,,,,,,,97.4981,5.25
2006-09-05,68.7,65.94,4.78,4.8,2.31,2.47,2.55,12.63,97.4392,5.26
2006-09-06,67.75,65.41,4.8,4.82,2.32,2.48,2.55,13.74,97.6087,5.21
2006-09-07,67.37,64.52,4.8,4.82,2.34,2.46,2.56,13.88,97.8108,5.23
2006-09-08,66.3,64.3,4.78,4.8,2.35,2.43,2.54,13.16,98.2119,5.23
2006-09-09,,,,,,,,,,5.23
2006-09-10,,,,,,,,,,5.23
2006-09-11,65.42,62.41,4.8,4.83,2.38,2.42,2.53,12.99,98.3845,5.24
2006-09-12,63.81,62.23,4.78,4.82,2.36,2.42,2.54,11.92,98.2781,5.21
2006-09-13,64.09,61.28,4.77,4.8,2.35,2.42,2.53,11.18,98.1775,5.26
2006-09-14,63.27,60.75,4.79,4.83,2.35,2.44,2.53,11.55,98.0088,5.26
2006-09-15,63.3,60.23,4.8,4.87,2.38,2.42,2.53,11.76,98.2104,5.25
2006-09-16,,,,,,,,,,5.25
2006-09-17,,,,,,,,,,5.25
2006-09-18,63.84,61.47,4.81,4.88,2.39,2.42,2.53,11.78,98.1332,5.23
2006-09-19,61.77,62.52,4.74,4.79,2.35,2.39,2.51,11.98,98.1703,5.21
2006-09-20,60.0,59.09,4.73,4.81,2.39,2.34,2.46,11.39,98.1556,5.23
2006-09-21,61.62,59.27,4.65,4.71,2.31,2.34,2.48,12.25,97.9458,5.24
2006-09-22,59.79,58.81,4.6,4.67,2.27,2.33,2.46,12.59,97.8667,5.27
2006-09-23,,,,,,,,,,5.27
2006-09-24,,,,,,,,,,5.27
2006-09-25,60.74,57.89,4.56,4.63,2.24,2.32,2.45,12.12,97.9909,5.3
2006-09-26,60.63,58.53,4.59,4.68,2.25,2.34,2.45,11.53,98.0555,5.25
2006-09-27,62.96,57.6,4.6,4.66,2.26,2.34,2.44,11.58,98.0107,5.3
2006-09-28,62.46,60.68,4.63,4.68,2.27,2.36,2.48,11.72,98.0381,5.28
2006-09-29,62.9,59.09,4.64,4.71,2.27,2.37,2.49,11.98,98.1054,5.34
2006-09-30,,,,,,,,,,5.34
2006-10-01,,,,,,,,,,5.34
2006-10-02,60.96,58.8,4.62,4.66,2.27,2.35,2.45,12.57,97.9247,5.33
2006-10-03,58.64,56.28,4.62,4.67,2.29,2.33,2.45,12.24,98.1267,5.25
2006-10-04,59.53,55.82,4.57,4.6,2.27,2.3,2.43,11.86,98.3682,5.23
2006-10-05,60.02,57.93,4.61,4.65,2.31,2.3,2.43,11.98,98.2776,5.23
2006-10-06,59.68,56.9,4.7,4.74,2.37,2.33,2.48,11.56,98.5619,5.22
2006-10-07,,,,,,,,,,5.22
2006-10-08,,,,,,,,,,5.22
2006-10-09,59.93,59.25,,,,,,11.68,98.5702,5.22
2006-10-10,58.5,57.8,4.75,4.82,2.42,2.33,2.46,11.52,98.9125,5.28
2006-10-11,57.56,57.75,4.78,4.85,2.45,2.33,2.45,11.62,98.9146,5.25
2006-10-12,58.23,57.87,4.79,4.85,2.44,2.35,2.5,11.09,98.831,5.25
2006-10-13,58.69,58.97,4.81,4.87,2.47,2.34,2.48,10.75,98.8002,5.21
2006-10-14,,,,,,,,,,5.21
2006-10-15,,,,,,,,,,5.21
2006-10-16,59.91,58.22,4.79,4.85,2.45,2.34,2.48,11.09,98.71,5.28
2006-10-17,58.91,60.13,4.78,4.83,2.46,2.32,2.47,11.73,98.5354,5.21
2006-10-18,57.66,58.51,4.77,4.85,2.46,2.31,2.46,11.34,98.6164,5.23
2006-10-19,58.55,57.74,4.79,4.85,2.49,2.3,2.46,10.9,98.2897,5.22
2006-10-20,57.35,57.94,4.79,4.87,2.49,2.3,2.45,10.63,98.1629,5.25
2006-10-21,,,,,,,,,,5.25
2006-10-22,,,,,,,,,,5.25
2006-10-23,56.74,56.56,4.83,4.9,2.53,2.3,2.45,11.08,98.4483,5.24
2006-10-24,57.55,56.56,4.83,4.91,2.52,2.31,2.44,10.78,98.349,5.24
2006-10-25,59.09,58.79,4.78,4.88,2.44,2.34,2.48,10.66,98.2057,5.26
2006-10-26,60.27,58.76,4.73,4.81,2.41,2.32,2.47,10.56,97.8907,5.23
2006-10-27,60.75,57.99,4.68,4.76,2.37,2.31,2.46,10.8,97.4914,5.23
2006-10-28,,,,,,,,,,5.23
2006-10-29,,,,,,,,,,5.23
2006-10-30,58.41,57.08,4.68,4.78,2.39,2.29,2.45,11.2,97.5672,5.27
2006-10-31,58.72,56.13,4.61,4.71,2.34,2.27,2.44,11.1,97.3901,5.31
2006-11-01,58.64,56.37,4.57,4.66,2.29,2.28,2.45,11.51,97.4949,5.23
2006-11-02,57.87,56.26,4.6,4.67,2.32,2.28,2.45,11.42,97.6556,5.22
2006-11-03,59.13,56.55,4.72,4.82,2.4,2.32,2.46,11.16,97.7209,5.25
2006-11-04,,,,,,,,,,5.25
2006-11-05,,,,,,,,,,5.25
2006-11-06,60.11,57.02,4.71,4.82,2.36,2.35,2.49,11.16,97.806,5.24
2006-11-07,58.94,56.99,4.66,4.77,2.32,2.34,2.49,11.09,97.4453,5.22
2006-11-08,59.93,57.18,4.64,4.75,2.29,2.35,2.5,10.75,97.58,5.22
2006-11-09,61.18,59.72,4.62,4.75,2.28,2.34,2.49,11.01,97.5041,5.23
2006-11-10,59.66,59.18,4.59,4.73,2.25,2.34,2.48,10.79,97.4638,5.23
2006-11-11,,,,,,,,,,5.23
2006-11-12,,,,,,,,,,5.23
2006-11-13,58.59,56.88,4.61,4.76,2.29,2.32,2.46,10.86,97.7904,5.27
2006-11-14,58.28,57.9,4.57,4.74,2.28,2.29,2.42,10.5,97.7475,5.25
2006-11-15,58.79,57.97,4.61,4.8,2.3,2.31,2.45,10.31,97.8359,5.29
2006-11-16,56.23,59.5,4.66,4.85,2.38,2.28,2.42,10.16,97.8098,5.25
2006-11-17,55.9,57.01,4.61,4.76,2.33,2.28,2.44,10.05,97.9855,5.2
2006-11-18,,,,,,,,,,5.2
2006-11-19,,,,,,,,,,5.2
2006-11-20,56.42,57.38,4.6,4.76,2.33,2.27,2.41,9.97,98.0254,5.25
2006-11-21,58.01,59.53,4.58,4.75,2.31,2.27,2.39,9.9,98.0215,5.29
2006-11-22,57.28,58.66,4.57,4.74,2.3,2.27,2.39,10.14,97.5315,5.26
2006-11-23,,59.7,,,,,,,97.5314,5.26
2006-11-24,,60.72,4.55,4.73,2.27,2.28,2.39,10.73,97.0657,5.24
2006-11-25,,,,,,,,,,5.24
2006-11-26,,,,,,,,,,5.24
2006-11-27,60.3,60.52,4.54,4.71,2.24,2.3,2.39,12.3,96.9986,5.32
2006-11-28,60.97,61.22,4.51,4.67,2.21,2.3,2.38,11.62,96.8428,5.24
2006-11-29,62.45,62.13,4.52,4.69,2.22,2.3,2.37,10.83,96.8577,5.26
2006-11-30,62.97,64.36,4.46,4.62,2.16,2.3,2.36,10.91,96.5779,5.31
2006-12-01,63.43,64.74,4.43,4.52,2.1,2.33,2.39,11.66,96.4585,5.27
2006-12-02,,,,,,,,,,5.27
2006-12-03,,,,,,,,,,5.27
2006-12-04,62.39,63.97,4.43,4.52,2.11,2.32,2.38,11.23,96.4319,5.22
2006-12-05,62.4,63.65,4.45,4.52,2.11,2.34,2.41,11.27,96.2082,5.21
2006-12-06,62.2,63.7,4.48,4.59,2.14,2.34,2.41,11.33,96.2839,5.22
2006-12-07,62.54,63.17,4.49,4.58,2.15,2.34,2.41,12.67,96.3207,5.25
2006-12-08,62.06,63.67,4.56,4.68,2.21,2.35,2.42,12.07,96.6123,5.25
2006-12-09,,,,,,,,,,5.25
2006-12-10,,,,,,,,,,5.25
2006-12-11,61.26,62.59,4.52,4.67,2.17,2.35,2.41,10.71,96.6646,5.25
2006-12-12,61.06,62.58,4.49,4.61,2.15,2.34,2.41,10.65,96.7119,5.23
2006-12-13,61.34,61.89,4.58,4.7,2.22,2.36,2.44,10.18,96.7296,5.23
2006-12-14,62.48,62.85,4.6,4.73,2.23,2.37,2.42,9.97,96.7946,5.29
2006-12-15,63.4,62.91,4.6,4.73,2.29,2.31,2.37,10.05,96.9857,5.27
2006-12-16,,,,,,,,,,5.27
2006-12-17,,,,,,,,,,5.27
2006-12-18,62.19,62.81,4.6,4.71,2.31,2.29,2.36,10.6,97.1559,5.21
2006-12-19,62.87,62.19,4.6,4.71,2.31,2.29,2.35,10.3,96.9313,5.21
2006-12-20,63.08,63.13,4.6,4.71,2.32,2.28,2.34,10.26,96.7762,5.26
2006-12-21,62.05,62.13,4.55,4.66,2.29,2.26,2.33,10.53,96.9148,5.25
2006-12-22,61.81,61.92,4.63,4.71,2.35,2.28,2.35,11.36,97.1113,5.24
2006-12-23,,,,,,,,,,5.24
2006-12-24,,,,,,,,,,5.24
2006-12-25,,,,,,,,,97.1221,5.24
2006-12-26,61.07,,4.61,4.71,2.34,2.27,2.33,11.26,97.1786,5.29
2006-12-27,60.31,60.7,4.66,4.77,2.39,2.27,2.34,10.64,97.2076,5.17
2006-12-28,60.39,59.41,4.7,4.82,2.41,2.29,2.35,10.99,97.0656,5.25
2006-12-29,60.85,58.96,4.71,4.82,2.41,2.3,2.34,11.56,97.0312,5.17
2006-12-30,,,,,,,,,,5.17
2006-12-31,,,,,,,,,,5.17
2007-01-01,,,,,,,,,97.0323,5.17
2007-01-02,60.77,58.49,4.68,4.8,2.38,2.3,2.33,,,5.3
2007-01-03,58.31,56.63,4.67,4.76,2.36,2.31,2.35,12.04,97.1281,5.28
2007-01-04,55.65,54.58,4.62,4.71,2.36,2.26,2.3,11.51,97.5251,5.24
2007-01-05,56.29,52.82,4.65,4.76,2.38,2.27,2.3,12.14,97.7801,5.21
2007-01-06,,,,,,,,,,5.21
2007-01-07,,,,,,,,,,5.21
2007-01-08,56.08,52.82,4.66,4.78,2.38,2.28,2.32,12.0,97.788,5.23
2007-01-09,55.65,52.38,4.66,4.79,2.39,2.27,2.32,11.91,97.9642,5.25
2007-01-10,53.95,52.11,4.69,4.81,2.42,2.27,2.32,11.47,98.0943,5.26
2007-01-11,51.91,51.68,4.74,4.86,2.43,2.31,2.39,10.87,98.0845,5.27
2007-01-12,52.96,49.95,4.77,4.88,2.49,2.28,2.33,10.15,97.921,5.22
2007-01-13,,,,,,,,,,5.22
2007-01-14,,,,,,,,,,5.22
2007-01-15,,,,,,,,,97.9201,5.22
2007-01-16,51.23,51.28,4.75,4.86,2.48,2.27,2.32,10.74,97.9816,5.28
2007-01-17,52.3,51.19,4.79,4.91,2.5,2.29,2.34,10.59,97.7509,5.25
2007-01-18,50.51,50.83,4.75,4.89,2.47,2.28,2.33,10.85,97.8286,5.23
2007-01-19,51.98,52.29,4.78,4.93,2.47,2.31,2.37,10.4,97.6868,5.25
2007-01-20,,,,,,,,,,5.25
2007-01-21,,,,,,,,,,5.25
2007-01-22,51.11,54.34,4.76,4.91,2.44,2.32,2.35,10.77,97.827,5.24
2007-01-23,53.61,53.93,4.81,4.94,2.46,2.35,2.39,10.34,97.8117,5.26
2007-01-24,54.24,55.11,4.81,4.93,2.44,2.37,2.4,9.89,97.908,5.27
2007-01-25,53.49,55.67,4.87,4.98,2.48,2.39,2.45,11.22,97.8396,5.31
2007-01-26,55.38,55.29,4.88,4.99,2.48,2.4,2.44,11.13,98.1491,5.26
2007-01-27,,,,,,,,,,5.26
2007-01-28,,,,,,,,,,5.26
2007-01-29,54.01,54.71,4.9,4.99,2.5,2.4,2.43,11.45,98.2066,5.26
2007-01-30,57.03,54.69,4.88,4.98,2.46,2.42,2.45,10.96,98.1515,5.23
2007-01-31,58.17,56.52,4.83,4.94,2.4,2.43,2.44,10.42,97.964,5.33
2007-02-01,57.35,56.74,4.84,4.96,2.42,2.42,2.43,10.31,97.7101,5.29
2007-02-02,59.01,56.93,4.83,4.94,2.42,2.41,2.4,10.08,97.9743,5.24
2007-02-03,,,,,,,,,,5.24
2007-02-04,,,,,,,,,,5.24
2007-02-05,58.69,58.67,4.81,4.92,2.41,2.4,2.4,10.55,97.87,5.25
2007-02-06,58.91,58.04,4.77,4.9,2.4,2.37,2.36,10.65,97.7357,5.24
2007-02-07,57.75,58.35,4.74,4.87,2.4,2.34,2.32,10.32,97.7239,5.23
2007-02-08,59.76,57.24,4.73,4.87,2.39,2.34,2.32,10.44,97.8169,5.25
2007-02-09,59.86,57.21,4.79,4.92,2.43,2.36,2.35,11.1,97.7076,5.25
2007-02-10,,,,,,,,,,5.25
2007-02-11,,,,,,,,,,5.25
2007-02-12,57.76,55.52,4.8,4.94,2.46,2.34,2.34,11.61,97.9409,5.28
2007-02-13,58.98,56.12,4.82,4.95,2.46,2.36,2.36,10.34,97.7063,5.26
2007-02-14,58.0,55.05,4.74,4.87,2.38,2.36,2.38,10.23,97.2779,5.27
2007-02-15,57.92,54.25,4.7,4.83,2.38,2.32,2.34,10.22,97.1588,5.29
2007-02-16,59.38,56.78,4.69,4.83,2.36,2.33,2.34,10.02,97.164,5.24
2007-02-17,,,,,,,,,,5.24
2007-02-18,,,,,,,,,,5.24
2007-02-19,,,,,,,,,97.1545,5.24
2007-02-20,58.32,55.91,4.68,4.81,2.36,2.32,2.32,10.24,97.321,5.27
2007-02-21,59.4,57.74,4.69,4.82,2.33,2.36,2.38,10.2,97.27,5.23
2007-02-22,60.28,58.62,4.73,4.87,2.35,2.38,2.37,10.18,97.266,5.26
2007-02-23,60.28,60.38,4.68,4.82,2.3,2.38,2.35,10.58,97.1756,5.24
2007-02-24,,,,,,,,,,5.24
2007-02-25,,,,,,,,,,5.24
2007-02-26,61.41,60.34,4.63,4.77,2.26,2.37,2.33,11.15,97.2281,5.3
2007-02-27,61.46,60.28,4.5,4.59,2.14,2.36,2.33,18.31,97.0883,5.27
2007-02-28,61.78,59.39,4.56,4.65,2.2,2.36,2.32,15.42,97.2386,5.41
2007-03-01,61.97,61.18,4.56,4.63,2.19,2.37,2.35,15.82,97.3358,5.31
2007-03-02,61.58,61.92,4.52,4.56,2.15,2.37,2.34,18.61,97.3691,5.23
2007-03-03,,,,,,,,,,5.23
2007-03-04,,,,,,,,,,5.23
2007-03-05,60.05,59.78,4.51,4.53,2.17,2.34,2.29,19.63,97.6716,5.27
2007-03-06,60.66,59.68,4.53,4.58,2.19,2.34,2.28,15.96,97.5123,5.22
2007-03-07,61.85,61.13,4.5,4.54,2.16,2.34,2.28,15.24,97.4558,5.24
2007-03-08,61.63,60.9,4.51,4.56,2.17,2.34,2.29,14.29,97.5731,5.24
2007-03-09,60.06,60.25,4.59,4.66,2.25,2.34,2.26,14.09,97.4559,5.24
2007-03-10,,,,,,,,,,5.24
2007-03-11,,,,,,,,,,5.24
2007-03-12,58.94,60.59,4.56,4.62,2.22,2.34,2.28,13.99,97.3013,5.25
2007-03-13,58.03,61.52,4.5,4.52,2.15,2.35,2.3,18.13,97.2203,5.25
2007-03-14,58.15,60.89,4.53,4.54,2.18,2.35,2.29,17.27,97.2759,5.27
2007-03-15,57.52,60.4,4.54,4.57,2.17,2.37,2.32,16.43,97.2476,5.29
2007-03-16,57.06,60.93,4.55,4.58,2.16,2.39,2.34,16.79,97.0407,5.25
2007-03-17,,,,,,,,,,5.25
2007-03-18,,,,,,,,,,5.25
2007-03-19,56.65,60.49,4.58,4.61,2.18,2.4,2.34,14.59,97.1062,5.26
2007-03-20,56.41,60.11,4.56,4.6,2.17,2.39,2.33,13.27,96.7985,5.26
2007-03-21,56.98,60.18,4.53,4.51,2.14,2.39,2.34,12.19,96.6195,5.26
2007-03-22,60.21,61.57,4.6,4.58,2.17,2.43,2.39,12.93,96.3893,5.27
2007-03-23,61.07,63.1,4.62,4.6,2.19,2.43,2.37,12.95,96.5662,5.24
2007-03-24,,,,,,,,,,5.24
2007-03-25,,,,,,,,,,5.24
2007-03-26,61.77,64.43,4.6,4.56,2.16,2.44,2.4,13.16,96.5493,5.28
2007-03-27,62.98,64.25,4.62,4.58,2.16,2.46,2.41,13.48,96.4558,5.25
2007-03-28,64.11,66.15,4.62,4.53,2.17,2.45,2.38,14.98,96.4894,5.27
2007-03-29,66.1,67.19,4.64,4.58,2.18,2.46,2.39,15.14,96.5067,5.29
2007-03-30,65.94,68.47,4.65,4.58,2.21,2.44,2.37,14.64,96.3183,5.3
2007-03-31,,,,,,,,,,5.3
2007-04-01,,,,,,,,,,5.3
2007-04-02,66.03,68.94,4.65,4.6,2.21,2.44,2.38,14.53,96.3175,5.25
2007-04-03,64.59,68.0,4.67,4.63,2.25,2.42,2.37,13.46,96.3774,5.2
2007-04-04,64.4,68.09,4.66,4.61,2.23,2.43,2.37,13.24,96.3646,5.21
2007-04-05,64.26,69.15,4.68,4.63,2.22,2.46,2.41,13.23,96.1188,5.3
2007-04-06,,,4.76,4.75,2.27,2.49,2.43,,96.2526,5.3
2007-04-07,,,,,,,,,,5.3
2007-04-08,,,,,,,,,,5.3
2007-04-09,61.51,,4.75,4.73,2.27,2.48,2.44,13.14,96.293,5.28
2007-04-10,61.92,67.64,4.73,4.71,2.27,2.46,2.41,12.68,96.1179,5.26
2007-04-11,61.98,68.6,4.74,4.73,2.28,2.46,2.4,13.49,96.0293,5.24
2007-04-12,63.87,67.79,4.74,4.73,2.28,2.46,2.4,12.71,95.7999,5.27
2007-04-13,63.63,68.78,4.76,4.76,2.31,2.45,2.4,12.2,95.711,5.25
2007-04-14,,,,,,,,,,5.25
2007-04-15,,,,,,,,,,5.25
2007-04-16,63.63,67.1,4.74,4.74,2.3,2.44,2.39,11.98,95.5538,5.29
2007-04-17,63.14,66.34,4.69,4.68,2.29,2.4,2.36,12.14,95.3832,5.2
2007-04-18,63.14,65.09,4.66,4.64,2.26,2.4,2.39,12.42,95.3109,5.19
2007-04-19,61.81,66.17,4.68,4.64,2.27,2.41,2.38,12.54,95.2712,5.23
2007-04-20,63.56,66.34,4.68,4.64,2.27,2.41,2.38,12.07,95.1692,5.25
2007-04-21,,,,,,,,,,5.25
2007-04-22,,,,,,,,,,5.25
2007-04-23,65.33,66.8,4.66,4.62,2.25,2.41,2.36,13.04,95.1833,5.23
2007-04-24,64.1,67.94,4.63,4.58,2.21,2.42,2.42,13.12,95.1608,5.2
2007-04-25,65.33,67.44,4.66,4.63,2.22,2.44,2.43,13.21,94.8497,5.19
2007-04-26,65.08,67.51,4.69,4.67,2.26,2.43,2.4,12.79,95.1653,5.24
2007-04-27,66.45,67.28,4.71,4.67,2.25,2.46,2.45,12.45,95.0103,5.24
2007-04-28,,,,,,,,,,5.24
2007-04-29,,,,,,,,,,5.24
2007-04-30,65.78,67.23,4.63,4.6,2.2,2.43,2.41,14.22,94.8365,5.29
2007-05-01,64.43,67.4,4.64,4.63,2.19,2.45,2.43,13.51,95.0037,5.26
2007-05-02,63.78,65.57,4.65,4.65,2.22,2.43,2.39,13.08,95.0352,5.21
2007-05-03,63.23,64.85,4.68,4.71,2.25,2.43,2.41,13.09,95.0167,5.24
2007-05-04,61.89,65.14,4.65,4.68,2.24,2.41,2.4,12.91,94.9118,5.24
2007-05-05,,,,,,,,,,5.24
2007-05-06,,,,,,,,,,5.24
2007-05-07,61.48,62.7,4.64,4.68,2.27,2.37,2.37,13.15,94.6914,5.24
2007-05-08,62.26,63.55,4.63,4.68,2.27,2.36,2.34,13.21,94.8648,5.21
2007-05-09,61.54,63.5,4.67,4.73,2.29,2.38,2.38,12.88,94.7933,5.21
2007-05-10,61.85,64.63,4.65,4.7,2.27,2.38,2.35,13.6,94.9506,5.25
2007-05-11,62.35,65.18,4.67,4.71,2.3,2.37,2.36,12.95,95.0035,5.27
2007-05-12,,,,,,,,,,5.27
2007-05-13,,,,,,,,,,5.27
2007-05-14,62.55,65.86,4.69,4.73,2.32,2.37,2.33,13.96,94.8267,5.26
2007-05-15,63.16,66.74,4.71,4.75,2.37,2.34,2.33,14.01,94.5574,5.29
2007-05-16,62.57,66.83,4.71,4.73,2.38,2.33,2.32,13.5,94.8143,5.25
2007-05-17,64.83,69.08,4.76,4.78,2.41,2.35,2.34,13.51,94.8339,5.25
2007-05-18,64.93,69.26,4.81,4.82,2.46,2.35,2.33,12.76,94.6573,5.24
2007-05-19,,,,,,,,,,5.24
2007-05-20,,,,,,,,,,5.24
2007-05-21,66.25,69.51,4.79,4.81,2.43,2.36,2.37,13.3,94.7026,5.24
2007-05-22,64.91,70.05,4.83,4.83,2.48,2.35,2.36,13.06,94.5753,5.23
2007-05-23,65.1,71.01,4.86,4.85,2.5,2.36,2.37,13.24,94.4557,5.25
2007-05-24,63.62,71.96,4.86,4.85,2.48,2.38,2.4,14.08,94.7025,5.24
2007-05-25,64.59,70.72,4.86,4.85,2.49,2.37,2.37,13.34,94.5022,5.29
2007-05-26,,,,,,,,,,5.29
2007-05-27,,,,,,,,,,5.29
2007-05-28,,,,,,,,,94.4959,5.29
2007-05-29,63.19,69.31,4.88,4.88,2.54,2.34,2.36,13.53,94.3533,5.29
2007-05-30,63.47,67.64,4.88,4.89,2.52,2.36,2.39,12.83,94.549,5.25
2007-05-31,64.02,68.18,4.9,4.92,2.54,2.36,2.39,13.05,94.3215,5.28
2007-06-01,65.09,68.65,4.95,4.97,2.57,2.38,2.42,12.78,94.132,5.23
2007-06-02,,,,,,,,,,5.23
2007-06-03,,,,,,,,,,5.23
2007-06-04,66.17,70.9,4.93,4.97,2.55,2.38,2.4,13.29,93.9969,5.24
2007-06-05,65.63,71.36,4.98,4.99,2.6,2.38,2.41,13.63,93.9986,5.19
2007-06-06,65.97,71.5,4.97,4.97,2.58,2.39,2.41,14.87,94.1217,5.25
2007-06-07,66.93,72.36,5.11,5.03,2.7,2.41,2.44,17.06,94.3537,5.25
2007-06-08,64.78,70.04,5.12,5.01,2.69,2.43,2.48,14.84,94.7599,5.26
2007-06-09,,,,,,,,,,5.26
2007-06-10,,,,,,,,,,5.26
2007-06-11,65.93,68.85,5.14,5.01,2.72,2.42,2.46,14.71,94.6576,5.27
2007-06-12,65.36,68.56,5.26,5.08,2.83,2.43,2.47,16.67,94.6991,5.26
2007-06-13,66.17,69.24,5.2,5.08,2.75,2.45,2.51,14.73,94.9011,5.26
2007-06-14,67.62,71.18,5.23,5.1,2.77,2.46,2.5,13.64,94.9029,5.28
2007-06-15,68.04,71.63,5.16,5.05,2.73,2.43,2.44,13.94,94.6228,5.26
2007-06-16,,,,,,,,,,5.26
2007-06-17,,,,,,,,,,5.26
2007-06-18,69.06,72.33,5.15,5.01,2.73,2.42,2.45,13.42,94.5475,5.23
2007-06-19,69.15,72.17,5.09,4.94,2.67,2.42,2.46,12.85,94.3227,5.21
2007-06-20,68.5,70.55,5.14,4.97,2.73,2.41,2.45,14.67,94.3618,5.27
2007-06-21,68.35,71.81,5.16,4.98,2.74,2.42,2.47,14.21,94.6073,5.26
2007-06-22,68.85,72.04,5.14,4.92,2.7,2.44,2.49,15.75,94.4371,5.24
2007-06-23,,,,,,,,,,5.24
2007-06-24,,,,,,,,,,5.24
2007-06-25,68.83,71.36,5.09,4.87,2.67,2.42,2.47,16.65,94.5105,5.29
2007-06-26,67.78,71.41,5.1,4.9,2.7,2.4,2.45,18.89,94.4678,5.25
2007-06-27,68.98,71.84,5.09,4.91,2.7,2.39,2.45,15.53,94.5633,5.26
2007-06-28,69.61,71.96,5.12,4.96,2.73,2.39,2.42,15.54,94.2395,5.26
2007-06-29,70.47,72.22,5.03,4.87,2.65,2.38,2.43,16.23,94.1393,5.31
2007-06-30,,,,,,,,,,5.31
2007-07-01,,,,,,,,,,5.31
2007-07-02,71.11,72.9,5.0,4.86,2.61,2.39,2.44,15.4,93.634,5.31
2007-07-03,71.41,74.26,5.05,4.89,2.68,2.37,2.4,14.92,93.697,5.24
2007-07-04,,,,,,,,,93.6965,5.24
2007-07-05,71.81,75.4,5.16,4.99,2.76,2.4,2.44,15.48,93.7653,5.25
2007-07-06,72.8,76.58,5.19,4.99,2.79,2.4,2.42,14.72,93.5759,5.22
2007-07-07,,,,,,,,,,5.22
2007-07-08,,,,,,,,,,5.22
2007-07-09,72.14,77.1,5.16,4.97,2.75,2.41,2.43,15.16,93.5519,5.22
2007-07-10,72.8,77.88,5.03,4.85,2.64,2.39,2.42,17.57,93.3339,5.24
2007-07-11,72.58,77.44,5.09,4.89,2.71,2.38,2.41,16.64,93.3089,5.24
2007-07-12,72.55,78.24,5.13,4.94,2.74,2.39,2.42,15.54,93.1198,5.26
2007-07-13,73.89,78.12,5.11,4.94,2.73,2.38,2.42,15.15,93.0133,5.25
2007-07-14,,,,,,,,,,5.25
2007-07-15,,,,,,,,,,5.25
2007-07-16,74.11,78.17,5.05,4.89,2.69,2.36,2.43,15.59,92.9094,5.32
2007-07-17,74.03,77.59,5.08,4.91,2.73,2.35,2.43,15.63,92.9095,5.28
2007-07-18,75.03,78.0,5.02,4.84,2.64,2.38,2.46,16.0,92.7959,5.26
2007-07-19,75.9,78.37,5.04,4.87,2.65,2.39,2.47,15.23,92.7332,5.25
2007-07-20,75.53,79.09,4.96,4.79,2.6,2.36,2.44,16.95,92.7179,5.25
2007-07-21,,,,,,,,,,5.25
2007-07-22,,,,,,,,,,5.25
2007-07-23,74.65,78.36,4.97,4.8,2.63,2.34,2.44,16.81,92.6585,5.26
2007-07-24,73.38,75.88,4.94,4.77,2.58,2.36,2.48,18.55,92.505,5.25
2007-07-25,75.74,75.21,4.92,4.74,2.56,2.36,2.47,18.1,92.9189,5.32
2007-07-26,74.96,77.28,4.79,4.56,2.47,2.32,2.46,20.74,93.1186,5.28
2007-07-27,77.03,76.58,4.8,4.56,2.48,2.32,2.49,24.17,93.5485,5.25
2007-07-28,,,,,,,,,,5.25
2007-07-29,,,,,,,,,,5.25
2007-07-30,76.82,76.07,4.82,4.59,2.49,2.33,2.49,20.87,93.5918,5.29
2007-07-31,78.2,77.01,4.78,4.56,2.44,2.34,2.51,23.52,93.4264,5.28
2007-08-01,76.49,77.11,4.76,4.56,2.44,2.32,2.47,23.67,93.4011,5.3
2007-08-02,76.84,76.14,4.77,4.59,2.46,2.31,2.47,21.22,93.3038,5.24
2007-08-03,75.41,75.36,4.71,4.46,2.44,2.27,2.43,25.16,93.1039,5.24
2007-08-04,,,,,,,,,,5.24
2007-08-05,,,,,,,,,,5.24
2007-08-06,72.03,72.69,4.72,4.46,2.46,2.26,2.44,22.94,93.1112,5.26
2007-08-07,72.25,70.42,4.77,4.56,2.51,2.26,2.43,21.56,93.3171,5.26
2007-08-08,72.23,70.73,4.84,4.64,2.58,2.26,2.41,21.45,93.0989,5.27
2007-08-09,71.62,70.08,4.79,4.49,2.54,2.25,2.42,26.48,93.441,5.41
2007-08-10,71.49,69.57,4.81,4.47,2.56,2.25,2.43,28.3,93.5214,4.68
2007-08-11,,,,,,,,,,4.68
2007-08-12,,,,,,,,,,4.68
2007-08-13,71.6,71.3,4.78,4.46,2.52,2.26,2.45,26.57,93.6032,4.81
2007-08-14,72.4,69.29,4.73,4.39,2.49,2.24,2.41,27.68,94.0416,4.54
2007-08-15,73.36,71.3,4.69,4.27,2.46,2.23,2.42,30.67,94.5014,4.71
2007-08-16,70.99,68.77,4.6,4.08,2.39,2.21,2.43,30.83,94.9055,4.97
2007-08-17,71.9,69.8,4.68,4.18,2.45,2.23,2.43,29.99,94.319,4.91
2007-08-18,,,,,,,,,,4.91
2007-08-19,,,,,,,,,,4.91
2007-08-20,71.12,68.37,4.64,4.11,2.44,2.2,2.41,26.33,94.2138,5.03
2007-08-21,69.49,67.88,4.6,4.05,2.38,2.22,2.45,25.25,94.2676,4.89
2007-08-22,69.3,67.73,4.63,4.15,2.42,2.21,2.41,22.89,94.0998,4.77
2007-08-23,69.86,68.73,4.62,4.2,2.39,2.23,2.43,22.62,93.9827,4.88
2007-08-24,71.17,69.49,4.63,4.3,2.4,2.23,2.43,20.72,93.6863,5.11
2007-08-25,,,,,,,,,,5.11
2007-08-26,,,,,,,,,,5.11
2007-08-27,71.98,68.85,4.6,4.28,2.38,2.22,2.41,22.72,93.6109,5.27
2007-08-28,71.79,69.66,4.53,4.13,2.33,2.2,2.44,26.3,93.8394,5.3
2007-08-29,73.52,70.48,4.57,4.14,2.38,2.19,2.39,23.81,93.7174,5.0
2007-08-30,73.37,71.46,4.51,4.08,2.32,2.19,2.43,25.06,93.7324,5.0
2007-08-31,73.98,72.29,4.54,4.15,2.34,2.2,2.43,23.38,93.6674,4.96
2007-09-01,,,,,,,,,,4.96
2007-09-02,,,,,,,,,,4.96
2007-09-03,,,,,,,,,93.6691,4.96
2007-09-04,75.07,74.22,4.56,4.13,2.36,2.2,2.43,22.78,93.6433,5.22
2007-09-05,75.74,74.72,4.48,4.03,2.29,2.19,2.41,24.58,93.5453,5.18
2007-09-06,76.34,76.21,4.51,4.08,2.32,2.19,2.41,23.99,93.4468,4.98
2007-09-07,76.7,75.08,4.38,3.9,2.19,2.19,2.42,26.23,93.2939,4.86
2007-09-08,,,,,,,,,,4.86
2007-09-09,,,,,,,,,,4.86
2007-09-10,77.53,74.97,4.34,3.87,2.14,2.2,2.42,27.38,93.2349,5.07
2007-09-11,78.16,76.23,4.37,3.95,2.16,2.21,2.41,25.27,92.9244,5.06
2007-09-12,79.85,77.15,4.41,3.95,2.18,2.23,2.42,24.96,92.6386,5.18
2007-09-13,80.05,77.84,4.49,4.08,2.24,2.25,2.43,24.76,92.6172,5.09
2007-09-14,79.14,78.27,4.47,4.05,2.2,2.27,2.47,24.92,92.7083,5.25
2007-09-15,,,,,,,,,,5.25
2007-09-16,,,,,,,,,,5.25
2007-09-17,80.55,77.99,4.48,4.08,2.21,2.27,2.46,26.48,92.823,5.33
2007-09-18,81.51,77.0,4.5,4.0,2.19,2.31,2.52,20.35,92.6584,4.92
2007-09-19,81.99,78.47,4.53,4.0,2.21,2.32,2.52,20.03,92.1534,4.74
2007-09-20,83.85,78.48,4.69,4.1,2.34,2.35,2.57,20.45,91.4212,4.77
2007-09-21,83.38,78.91,4.64,4.06,2.31,2.33,2.53,19.0,91.4854,4.76
2007-09-22,,,,,,,,,,4.76
2007-09-23,,,,,,,,,,4.76
2007-09-24,82.51,77.87,4.63,4.05,2.33,2.3,2.5,19.37,91.4017,4.74
2007-09-25,81.2,76.82,4.63,4.0,2.34,2.29,2.51,18.6,91.3392,4.82
2007-09-26,80.31,76.21,4.63,3.97,2.34,2.29,2.5,17.63,91.4335,4.88
2007-09-27,82.86,78.88,4.58,3.95,2.27,2.31,2.51,17.0,91.3497,4.93
2007-09-28,81.64,80.97,4.59,3.97,2.27,2.32,2.53,18.0,90.9446,4.58
2007-09-29,,,,,,,,,,4.58
2007-09-30,,,,,,,,,,4.58
2007-10-01,80.31,78.33,4.56,4.02,2.26,2.3,2.47,17.84,90.8801,4.92
2007-10-02,80.0,76.87,4.54,3.98,2.23,2.31,2.5,18.49,91.12,4.78
2007-10-03,79.97,77.8,4.55,4.02,2.25,2.3,2.47,18.8,91.1038,4.68
2007-10-04,81.48,77.84,4.54,4.0,2.24,2.3,2.47,18.44,91.1632,4.74
2007-10-05,81.2,79.05,4.65,4.08,2.34,2.31,2.48,16.91,90.7393,4.77
2007-10-06,,,,,,,,,,4.77
2007-10-07,,,,,,,,,,4.77
2007-10-08,78.97,76.94,,,,,,17.46,90.748,4.77
2007-10-09,80.23,77.82,4.67,4.15,2.34,2.33,2.48,16.12,90.8609,4.91
2007-10-10,81.3,77.85,4.65,4.15,2.33,2.32,2.46,16.67,90.7154,4.52
2007-10-11,83.05,80.83,4.66,4.13,2.32,2.34,2.49,18.88,90.4901,4.75
2007-10-12,83.73,80.82,4.7,4.23,2.36,2.34,2.48,17.73,90.5945,4.75
2007-10-13,,,,,,,,,,4.75
2007-10-14,,,,,,,,,,4.75
2007-10-15,86.19,82.5,4.69,4.22,2.34,2.35,2.48,19.25,90.5387,4.81
2007-10-16,87.58,84.43,4.66,4.12,2.31,2.35,2.47,20.02,90.7123,4.68
2007-10-17,87.19,85.24,4.57,4.0,2.22,2.35,2.49,18.54,90.515,4.7
2007-10-18,89.48,85.03,4.52,3.93,2.2,2.32,2.43,18.5,90.3084,4.69
2007-10-19,88.58,84.25,4.41,3.8,2.09,2.32,2.45,22.96,90.1014,4.77
2007-10-20,,,,,,,,,,4.77
2007-10-21,,,,,,,,,,4.77
2007-10-22,87.6,82.72,4.42,3.85,2.11,2.31,2.42,21.64,90.6777,4.71
2007-10-23,86.45,82.31,4.41,3.81,2.11,2.3,2.43,20.41,90.1899,4.67
2007-10-24,88.3,83.47,4.36,3.74,2.07,2.29,2.42,20.8,90.2262,4.74
2007-10-25,92.09,85.4,4.37,3.74,2.04,2.33,2.44,21.17,89.9925,4.86
2007-10-26,91.73,84.71,4.41,3.77,2.05,2.36,2.48,19.56,89.6508,4.8
2007-10-27,,,,,,,,,,4.8
2007-10-28,,,,,,,,,,4.8
2007-10-29,93.45,89.87,4.39,3.79,2.04,2.35,2.45,19.87,89.4118,4.84
2007-10-30,90.33,89.87,4.4,3.82,2.06,2.34,2.43,21.07,89.3252,4.78
2007-10-31,94.16,89.87,4.48,3.94,2.14,2.34,2.42,18.53,89.1389,4.6
2007-11-01,93.53,90.36,4.36,3.77,2.0,2.36,2.44,23.21,89.1628,4.59
2007-11-02,95.81,92.11,4.31,3.66,1.92,2.39,2.47,23.01,88.8924,4.28
2007-11-03,,,,,,,,,,4.28
2007-11-04,,,,,,,,,,4.28
2007-11-05,94.06,92.16,4.35,3.69,1.94,2.41,2.47,24.31,88.8851,4.29
2007-11-06,96.65,93.99,4.38,3.7,1.93,2.45,2.5,21.39,88.4938,4.22
2007-11-07,96.46,94.85,4.34,3.61,1.91,2.43,2.48,26.49,88.0631,4.39
2007-11-08,95.51,94.4,4.28,3.47,1.88,2.4,2.46,26.16,88.2631,4.58
2007-11-09,96.36,92.32,4.23,3.42,1.82,2.41,2.45,28.5,88.4615,4.49
2007-11-10,,,,,,,,,,4.49
2007-11-11,,,,,,,,,,4.49
2007-11-12,94.4,91.56,,,,,,31.09,88.465,4.49
2007-11-13,91.18,89.09,4.26,3.54,1.86,2.4,2.42,24.1,89.1016,4.61
2007-11-14,94.02,90.73,4.28,3.57,1.88,2.4,2.44,25.94,88.9671,4.6
2007-11-15,93.37,90.32,4.17,3.35,1.81,2.36,2.4,28.06,89.4413,4.54
2007-11-16,94.81,91.99,4.15,3.33,1.8,2.35,2.39,25.49,89.3182,4.51
2007-11-17,,,,,,,,,,4.51
2007-11-18,,,,,,,,,,4.51
2007-11-19,95.75,91.59,4.07,3.18,1.7,2.37,2.43,26.01,89.5262,4.51
2007-11-20,99.16,94.13,4.06,3.14,1.68,2.38,2.44,24.88,89.2622,4.51
2007-11-21,98.57,94.97,4.0,2.99,1.62,2.38,2.47,26.84,89.3352,4.5
2007-11-22,,,,,,,,,89.3269,4.5
2007-11-23,98.24,95.33,4.01,3.07,1.63,2.38,2.48,25.61,89.2384,4.56
2007-11-24,,,,,,,,,,4.56
2007-11-25,,,,,,,,,,4.56
2007-11-26,97.66,94.88,3.83,2.92,1.45,2.38,2.49,28.91,89.145,4.62
2007-11-27,94.39,93.23,3.95,3.05,1.58,2.37,2.47,26.28,89.4082,4.39
2007-11-28,90.71,91.64,4.03,3.17,1.71,2.32,2.39,24.11,89.4195,4.53
2007-11-29,90.98,92.34,3.94,3.06,1.61,2.33,2.4,23.97,89.3681,4.55
2007-11-30,88.6,88.71,3.97,3.04,1.63,2.34,2.44,22.87,89.6212,4.66
2007-12-01,,,,,,,,,,4.66
2007-12-02,,,,,,,,,,4.66
2007-12-03,89.29,87.85,3.89,2.9,1.57,2.32,2.44,23.61,89.6403,4.52
2007-12-04,88.31,89.97,3.89,2.9,1.59,2.3,2.43,23.79,89.6672,4.5
2007-12-05,87.45,90.7,3.92,2.9,1.66,2.26,2.39,22.53,89.8751,4.31
2007-12-06,90.25,88.46,4.02,3.03,1.77,2.25,2.36,20.96,89.9268,4.49
2007-12-07,88.23,88.46,4.12,3.12,1.86,2.26,2.38,20.85,89.74,4.41
2007-12-08,,,,,,,,,,4.41
2007-12-09,,,,,,,,,,4.41
2007-12-10,87.72,87.33,4.15,3.17,1.89,2.26,2.38,20.74,89.6811,4.46
2007-12-11,90.12,87.77,3.98,2.94,1.73,2.25,2.4,23.59,89.7176,4.29
2007-12-12,94.41,91.69,4.05,3.07,1.78,2.27,2.39,22.47,89.7349,4.28
2007-12-13,92.35,92.57,4.18,3.21,1.87,2.31,2.43,22.56,90.1374,4.3
2007-12-14,91.31,91.86,4.24,3.31,1.9,2.34,2.44,23.27,90.4345,4.24
2007-12-15,,,,,,,,,,4.24
2007-12-16,,,,,,,,,,4.24
2007-12-17,90.69,90.32,4.2,3.24,1.86,2.34,2.43,24.52,90.5363,4.31
2007-12-18,89.93,90.71,4.14,3.19,1.8,2.34,2.42,22.64,90.5602,4.16
2007-12-19,91.11,90.98,4.06,3.12,1.73,2.33,2.41,21.68,90.6147,3.98
2007-12-20,90.88,91.06,4.04,3.09,1.74,2.3,2.37,20.58,90.4695,4.37
2007-12-21,93.19,91.03,4.18,3.19,1.84,2.34,2.42,18.47,90.3672,4.28
2007-12-22,,,,,,,,,,4.28
2007-12-23,,,,,,,,,,4.28
2007-12-24,94.0,91.59,4.23,3.24,1.88,2.35,2.42,18.6,90.1788,4.0
2007-12-25,,,,,,,,,90.1786,4.0
2007-12-26,95.89,,4.3,3.31,1.95,2.35,2.41,18.66,89.9226,4.26
2007-12-27,96.63,95.66,4.21,3.24,1.85,2.36,2.39,20.26,89.684,4.15
2007-12-28,96.03,95.92,4.11,3.12,1.78,2.33,2.37,20.74,89.4069,4.01
2007-12-29,,,,,,,,,,4.01
2007-12-30,,,,,,,,,,4.01
2007-12-31,95.95,93.68,4.04,3.05,1.73,2.31,2.35,22.5,89.6304,3.06
2008-01-01,,,,,,,,,89.6297,3.06
2008-01-02,99.64,97.01,3.91,2.88,1.59,2.32,2.36,23.17,89.3514,4.11
2008-01-03,99.17,98.45,3.91,2.83,1.58,2.33,2.38,22.49,89.231,4.25
2008-01-04,97.9,96.87,3.88,2.74,1.56,2.32,2.39,23.94,89.2467,4.18
2008-01-05,,,,,,,,,,4.18
2008-01-06,,,,,,,,,,4.18
2008-01-07,95.08,94.19,3.86,2.76,1.57,2.29,2.36,23.79,89.5718,4.27
2008-01-08,96.43,96.37,3.86,2.76,1.57,2.29,2.37,25.43,89.3398,4.27
2008-01-09,95.64,96.76,3.82,2.69,1.56,2.26,2.36,24.12,89.6807,4.26
2008-01-10,93.92,92.8,3.91,2.71,1.68,2.23,2.34,23.45,89.6226,4.26
2008-01-11,92.74,91.86,3.82,2.59,1.56,2.26,2.37,23.68,89.5215,4.23
2008-01-12,,,,,,,,,,4.23
2008-01-13,,,,,,,,,,4.23
2008-01-14,94.23,92.58,3.81,2.58,1.53,2.28,2.37,22.9,89.2749,4.24
2008-01-15,91.87,90.87,3.72,2.53,1.45,2.27,2.38,23.34,89.1555,4.24
2008-01-16,90.8,88.1,3.74,2.51,1.5,2.24,2.37,24.38,89.6701,4.22
2008-01-17,90.11,88.96,3.66,2.44,1.43,2.23,2.4,28.46,89.6484,4.23
2008-01-18,90.55,89.66,3.66,2.36,1.42,2.24,2.44,27.18,89.8993,4.17
2008-01-19,,,,,,,,,,4.17
2008-01-20,,,,,,,,,,4.17
2008-01-21,,,,,,,,,89.9265,4.17
2008-01-22,89.64,88.11,3.52,2.08,1.28,2.24,2.51,31.01,89.84,3.68
2008-01-23,87.65,87.06,3.51,2.09,1.31,2.2,2.48,29.02,89.9138,3.43
2008-01-24,89.98,87.69,3.68,2.25,1.44,2.24,2.49,27.78,89.203,3.47
2008-01-25,90.37,90.96,3.61,2.23,1.34,2.27,2.49,29.08,89.2184,3.6
2008-01-26,,,,,,,,,,3.6
2008-01-27,,,,,,,,,,3.6
2008-01-28,90.99,90.91,3.61,2.2,1.33,2.28,2.51,27.78,88.9555,3.5
2008-01-29,91.66,92.49,3.69,2.29,1.37,2.32,2.54,27.32,88.8342,3.47
2008-01-30,92.34,92.46,3.78,2.3,1.45,2.33,2.54,27.62,88.7442,3.26
2008-01-31,91.67,91.58,3.67,2.17,1.33,2.34,2.53,26.2,88.6547,3.22
2008-02-01,89.03,91.41,3.62,2.09,1.31,2.31,2.53,24.02,88.4824,3.12
2008-02-02,,,,,,,,,,3.12
2008-02-03,,,,,,,,,,3.12
2008-02-04,90.07,91.09,3.68,2.08,1.38,2.3,2.56,25.99,88.4788,2.82
2008-02-05,88.32,89.6,3.61,1.93,1.34,2.27,2.56,28.24,89.076,2.71
2008-02-06,87.16,88.73,3.61,1.96,1.36,2.25,2.54,28.97,88.9987,2.94
2008-02-07,88.07,88.55,3.74,1.99,1.47,2.27,2.55,27.66,89.4221,3.03
2008-02-08,91.77,91.45,3.64,1.93,1.36,2.28,2.54,28.01,89.2226,3.05
2008-02-09,,,,,,,,,,3.05
2008-02-10,,,,,,,,,,3.05
2008-02-11,93.56,93.93,3.62,1.93,1.32,2.3,2.55,27.6,89.2149,2.88
2008-02-12,92.82,94.28,3.66,1.94,1.36,2.3,2.54,26.33,88.9539,2.91
2008-02-13,93.28,93.82,3.7,1.91,1.42,2.28,2.53,24.88,89.1382,3.02
2008-02-14,95.42,95.92,3.85,1.93,1.57,2.28,2.53,25.54,88.9055,3.03
2008-02-15,95.57,96.96,3.76,1.91,1.48,2.28,2.48,25.02,88.9006,2.97
2008-02-16,,,,,,,,,,2.97
2008-02-17,,,,,,,,,,2.97
2008-02-18,,,,,,,,,88.9004,2.97
2008-02-19,99.99,97.03,3.89,2.06,1.56,2.33,2.51,25.59,88.9626,2.94
2008-02-20,100.86,97.88,3.93,2.14,1.55,2.38,2.51,24.4,89.2572,3.0
2008-02-21,98.57,97.52,3.77,1.98,1.43,2.34,2.51,25.12,88.716,3.01
2008-02-22,99.03,96.07,3.79,1.98,1.44,2.35,2.53,24.06,88.7082,2.97
2008-02-23,,,,,,,,,,2.97
2008-02-24,,,,,,,,,,2.97
2008-02-25,99.4,97.43,3.91,2.13,1.53,2.38,2.49,23.03,88.5373,3.0
2008-02-26,100.83,99.05,3.88,2.04,1.44,2.44,2.56,21.9,88.0998,2.85
2008-02-27,99.59,98.28,3.85,2.01,1.42,2.43,2.54,22.69,87.3353,2.93
2008-02-28,102.6,99.83,3.71,1.87,1.26,2.45,2.56,23.53,87.0363,3.06
2008-02-29,101.78,100.9,3.53,1.65,1.1,2.43,2.56,26.54,87.1654,3.01
2008-03-01,,,,,,,,,,3.01
2008-03-02,,,,,,,,,,3.01
2008-03-03,102.42,101.83,3.54,1.61,1.08,2.46,2.63,26.28,87.2381,3.1
2008-03-04,99.72,98.6,3.63,1.65,1.15,2.48,2.63,25.52,87.3039,2.9
2008-03-05,104.45,100.95,3.7,1.66,1.16,2.54,2.72,24.6,87.1347,2.93
2008-03-06,105.51,103.47,3.62,1.53,1.07,2.55,2.73,27.55,86.9105,2.99
2008-03-07,105.12,104.66,3.56,1.53,1.01,2.55,2.73,27.49,87.1258,2.96
2008-03-08,,,,,,,,,,2.96
2008-03-09,,,,,,,,,,2.96
2008-03-10,107.9,105.33,3.46,1.47,0.9,2.56,2.76,29.38,87.1452,2.99
2008-03-11,108.73,106.78,3.6,1.74,1.05,2.55,2.69,26.36,87.1763,2.95
2008-03-12,109.86,107.99,3.49,1.63,0.95,2.54,2.71,27.22,86.728,2.97
2008-03-13,110.21,109.18,3.56,1.63,1.05,2.51,2.64,27.29,86.3891,2.98
2008-03-14,110.03,109.16,3.44,1.47,1.01,2.43,2.61,31.16,86.4301,2.99
2008-03-15,,,,,,,,,,2.99
2008-03-16,,,,,,,,,,2.99
2008-03-17,105.74,104.41,3.34,1.35,1.05,2.29,2.48,32.24,86.3417,2.69
2008-03-18,109.57,105.35,3.48,1.58,1.08,2.4,2.59,25.79,86.1191,2.16
2008-03-19,103.25,102.65,3.38,1.54,1.04,2.34,2.54,29.84,86.5755,2.08
2008-03-20,102.57,99.78,3.34,1.59,1.02,2.32,2.5,26.62,87.3293,2.22
2008-03-21,,,,,,,,,87.2111,2.08
2008-03-22,,,,,,,,,,2.08
2008-03-23,,,,,,,,,,2.08
2008-03-24,101.7,100.93,3.56,1.84,1.24,2.32,2.47,25.73,87.3103,2.08
2008-03-25,101.78,99.91,3.51,1.79,1.25,2.26,2.39,25.72,86.8339,2.42
2008-03-26,105.83,102.83,3.51,1.71,1.24,2.27,2.41,26.08,86.5513,2.3
2008-03-27,107.56,103.89,3.56,1.73,1.23,2.33,2.45,25.88,86.4583,2.27
2008-03-28,105.59,102.68,3.47,1.67,1.13,2.34,2.47,25.71,86.6369,2.09
2008-03-29,,,,,,,,,,2.09
2008-03-30,,,,,,,,,,2.09
2008-03-31,101.54,102.33,3.45,1.62,1.11,2.34,2.49,25.61,86.6881,2.51
2008-04-01,100.92,98.69,3.57,1.8,1.22,2.35,2.49,22.68,87.0276,2.38
2008-04-02,104.83,98.85,3.6,1.88,1.26,2.34,2.47,23.43,86.8886,2.18
2008-04-03,103.92,102.31,3.61,1.91,1.28,2.33,2.45,23.21,86.6424,2.19
2008-04-04,106.09,102.21,3.5,1.83,1.18,2.32,2.46,22.45,86.5108,2.26
2008-04-05,,,,,,,,,,2.26
2008-04-06,,,,,,,,,,2.26
2008-04-07,108.91,105.98,3.57,1.95,1.23,2.34,2.45,22.42,86.603,2.24
2008-04-08,108.54,105.05,3.58,1.87,1.26,2.32,2.45,22.36,86.7369,2.23
2008-04-09,110.89,107.46,3.49,1.77,1.19,2.3,2.43,22.81,86.5764,2.2
2008-04-10,110.07,107.37,3.55,1.84,1.26,2.29,2.39,21.98,86.5131,2.3
2008-04-11,110.14,107.15,3.49,1.76,1.19,2.3,2.43,23.46,86.5029,2.37
2008-04-12,,,,,,,,,,2.37
2008-04-13,,,,,,,,,,2.37
2008-04-14,111.71,108.32,3.53,1.78,1.23,2.3,2.43,23.82,86.3492,2.32
2008-04-15,113.77,110.84,3.6,1.84,1.28,2.32,2.44,22.78,86.4705,2.32
2008-04-16,114.8,110.95,3.72,1.98,1.41,2.31,2.4,20.53,85.9037,2.35
2008-04-17,114.8,111.34,3.75,2.13,1.44,2.31,2.4,20.37,86.1077,2.37
2008-04-18,116.56,110.67,3.77,2.19,1.45,2.32,2.4,20.13,86.5277,2.32
2008-04-19,,,,,,,,,,2.32
2008-04-20,,,,,,,,,,2.32
2008-04-21,117.48,111.35,3.75,2.2,1.44,2.31,2.37,20.5,86.2979,2.28
2008-04-22,119.17,113.54,3.74,2.24,1.43,2.31,2.38,20.87,85.927,1.99
2008-04-23,119.28,115.34,3.77,2.22,1.44,2.33,2.41,20.26,86.3841,2.18
2008-04-24,117.1,114.85,3.87,2.41,1.56,2.31,2.36,20.06,86.7154,2.26
2008-04-25,119.64,116.62,3.91,2.44,1.6,2.31,2.31,19.59,86.8337,2.28
2008-04-26,,,,,,,,,,2.28
2008-04-27,,,,,,,,,,2.28
2008-04-28,118.78,115.7,3.86,2.36,1.56,2.3,2.3,19.64,86.7635,2.29
2008-04-29,115.67,113.86,3.85,2.35,1.56,2.29,2.29,20.24,86.873,2.21
2008-04-30,113.7,111.12,3.77,2.29,1.5,2.27,2.28,20.79,86.8907,2.37
2008-05-01,112.6,107.3,3.78,2.37,1.52,2.26,2.25,18.88,87.1347,2.16
2008-05-02,116.36,111.92,3.89,2.47,1.53,2.36,2.4,18.18,87.2311,1.88
2008-05-03,,,,,,,,,,1.88
2008-05-04,,,,,,,,,,1.88
2008-05-05,119.94,115.68,3.88,2.42,1.53,2.35,2.41,18.9,87.0636,1.85
2008-05-06,121.82,119.88,3.93,2.38,1.55,2.38,2.45,18.21,86.847,1.91
2008-05-07,123.56,120.27,3.87,2.31,1.51,2.36,2.43,19.73,87.3421,2.01
2008-05-08,123.77,119.85,3.79,2.25,1.43,2.36,2.42,19.4,87.4575,1.99
2008-05-09,125.94,123.54,3.77,2.25,1.39,2.38,2.44,19.41,87.2528,1.97
2008-05-10,,,,,,,,,,1.97
2008-05-11,,,,,,,,,,1.97
2008-05-12,124.02,122.89,3.78,2.3,1.41,2.37,2.44,17.79,87.0403,1.88
2008-05-13,125.83,123.11,3.9,2.47,1.51,2.39,2.46,17.98,87.1332,1.93
2008-05-14,124.21,121.18,3.92,2.53,1.49,2.43,2.5,17.66,87.3659,2.03
2008-05-15,124.25,122.76,3.83,2.45,1.4,2.43,2.51,16.3,87.1823,2.03
2008-05-16,126.5,122.98,3.85,2.47,1.41,2.44,2.51,16.47,86.7855,1.91
2008-05-17,,,,,,,,,,1.91
2008-05-18,,,,,,,,,,1.91
2008-05-19,127.15,122.19,3.83,2.42,1.36,2.47,2.54,17.01,86.8225,1.95
2008-05-20,128.93,124.12,3.78,2.34,1.31,2.47,2.52,17.58,86.5627,1.99
2008-05-21,132.99,127.28,3.81,2.41,1.3,2.51,2.55,18.59,86.1595,2.03
2008-05-22,130.04,129.04,3.92,2.56,1.41,2.51,2.55,18.05,86.3223,2.05
2008-05-23,131.58,129.72,3.85,2.46,1.36,2.49,2.56,19.55,86.1922,1.99
2008-05-24,,,,,,,,,,1.99
2008-05-25,,,,,,,,,,1.99
2008-05-26,,,,,,,,,86.19,1.99
2008-05-27,128.81,128.92,3.93,2.55,1.46,2.47,2.54,19.64,86.4459,2.23
2008-05-28,131.0,128.93,4.03,2.62,1.58,2.45,2.51,19.07,86.4951,2.08
2008-05-29,126.7,129.33,4.08,2.67,1.62,2.46,2.52,18.14,86.5616,2.01
2008-05-30,127.35,127.85,4.06,2.66,1.58,2.48,2.56,17.83,86.5504,1.98
2008-05-31,,,,,,,,,,1.98
2008-06-01,,,,,,,,,,1.98
2008-06-02,127.75,128.5,3.98,2.51,1.51,2.47,2.54,19.83,86.6321,2.06
2008-06-03,124.33,126.28,3.92,2.45,1.51,2.41,2.46,20.24,86.8359,1.95
2008-06-04,122.3,121.72,3.98,2.47,1.59,2.39,2.46,20.8,87.0999,1.98
2008-06-05,127.93,122.36,4.06,2.52,1.63,2.43,2.49,18.63,87.0968,1.98
2008-06-06,138.51,132.81,3.94,2.4,1.47,2.47,2.49,23.56,86.8028,2.01
2008-06-07,,,,,,,,,,2.01
2008-06-08,,,,,,,,,,2.01
2008-06-09,134.44,134.43,4.02,2.73,1.54,2.48,2.48,23.12,86.9096,2.02
2008-06-10,131.38,135.24,4.11,2.91,1.62,2.49,2.5,23.18,87.4705,1.96
2008-06-11,136.43,134.52,4.1,2.83,1.62,2.48,2.45,24.12,87.2059,1.95
2008-06-12,136.91,132.11,4.23,3.03,1.73,2.5,2.46,23.33,87.6187,2.01
2008-06-13,134.84,134.29,4.27,3.05,1.77,2.5,2.44,21.22,87.7622,2.02
2008-06-14,,,,,,,,,,2.02
2008-06-15,,,,,,,,,,2.02
2008-06-16,134.52,133.9,4.25,3.02,1.76,2.49,2.4,20.95,87.3911,2.06
2008-06-17,133.99,131.27,4.23,2.94,1.75,2.48,2.41,21.13,87.2103,1.87
2008-06-18,136.54,129.12,4.16,2.89,1.68,2.48,2.39,22.24,87.1872,1.84
2008-06-19,131.88,131.84,4.22,2.99,1.75,2.47,2.39,21.58,87.0815,1.94
2008-06-20,134.78,134.28,4.16,2.88,1.72,2.44,2.35,22.87,86.9036,1.99
2008-06-21,,,,,,,,,,1.99
2008-06-22,,,,,,,,,,1.99
2008-06-23,135.98,134.54,4.19,2.98,1.75,2.44,2.32,22.64,87.2163,1.98
2008-06-24,136.49,135.37,4.1,2.87,1.64,2.46,2.35,22.42,86.9666,1.93
2008-06-25,133.92,131.59,4.12,2.82,1.65,2.47,2.37,21.14,87.0535,1.97
2008-06-26,138.91,136.82,4.07,2.68,1.55,2.52,2.4,23.93,86.6793,2.05
2008-06-27,139.69,139.38,3.99,2.65,1.48,2.51,2.4,23.44,86.643,1.99
2008-06-28,,,,,,,,,,1.99
2008-06-29,,,,,,,,,,1.99
2008-06-30,139.96,138.4,3.99,2.63,1.48,2.51,2.39,23.95,86.7621,2.47
2008-07-01,141.06,140.67,4.01,2.63,1.49,2.52,2.38,23.65,86.8447,2.11
2008-07-02,143.74,141.24,3.99,2.6,1.43,2.56,2.42,25.92,86.4782,1.95
2008-07-03,145.31,143.95,3.99,2.54,1.42,2.57,2.42,24.79,86.8843,1.92
2008-07-04,,,,,,,,,86.8781,1.92
2008-07-05,,,,,,,,,,1.92
2008-07-06,,,,,,,,,,1.92
2008-07-07,141.38,139.62,3.95,2.47,1.43,2.52,2.41,25.78,86.9617,1.99
2008-07-08,136.06,134.15,3.91,2.47,1.45,2.46,2.4,23.15,86.9778,1.97
2008-07-09,135.88,133.91,3.85,2.41,1.39,2.46,2.38,25.23,86.5335,1.99
2008-07-10,141.47,135.81,3.83,2.44,1.4,2.43,2.29,25.59,86.5122,2.01
2008-07-11,144.96,143.68,3.96,2.59,1.48,2.48,2.36,27.49,86.221,1.97
2008-07-12,,,,,,,,,,1.97
2008-07-13,,,,,,,,,,1.97
2008-07-14,145.16,142.43,3.9,2.47,1.43,2.47,2.36,28.48,86.1079,2.06
2008-07-15,138.68,136.02,3.87,2.39,1.4,2.47,2.39,28.54,85.8731,2.16
2008-07-16,134.63,133.31,3.97,2.44,1.48,2.49,2.42,25.1,85.9285,1.95
2008-07-17,129.43,134.16,4.07,2.58,1.6,2.47,2.4,25.01,85.9387,2.03
2008-07-18,128.94,129.34,4.11,2.66,1.65,2.46,2.42,24.05,86.0735,1.96
2008-07-19,,,,,,,,,,1.96
2008-07-20,,,,,,,,,,1.96
2008-07-21,131.43,129.34,4.09,2.66,1.66,2.43,2.39,23.05,86.0151,1.98
2008-07-22,127.25,127.18,4.14,2.74,1.71,2.43,2.44,21.18,86.1909,1.97
2008-07-23,123.73,126.86,4.16,2.81,1.8,2.36,2.43,21.31,86.2664,2.04
2008-07-24,124.62,125.43,4.03,2.61,1.69,2.34,2.4,23.44,86.4017,2.06
2008-07-25,122.59,124.7,4.13,2.7,1.79,2.34,2.44,22.91,86.3916,2.13
2008-07-26,,,,,,,,,,2.13
2008-07-27,,,,,,,,,,2.13
2008-07-28,124.72,125.67,4.06,2.59,1.7,2.36,2.47,24.23,86.4666,2.0
2008-07-29,122.21,125.77,4.09,2.65,1.76,2.33,2.48,22.03,86.8175,2.05
2008-07-30,126.74,122.46,4.07,2.64,1.71,2.36,2.5,21.21,86.8167,2.03
2008-07-31,124.17,124.1,3.99,2.52,1.65,2.34,2.52,22.94,86.8567,2.09
2008-08-01,125.03,124.16,3.97,2.51,1.63,2.34,2.51,22.57,86.8257,2.04
2008-08-02,,,,,,,,,,2.04
2008-08-03,,,,,,,,,,2.04
2008-08-04,121.45,121.87,3.98,2.53,1.64,2.34,2.54,23.49,87.0611,1.97
2008-08-05,118.71,116.5,4.04,2.54,1.74,2.3,2.5,21.14,87.3281,1.97
2008-08-06,118.57,114.47,4.06,2.56,1.79,2.27,2.46,20.23,87.6004,2.01
2008-08-07,119.84,116.94,3.92,2.43,1.68,2.24,2.39,21.15,87.8732,1.96
2008-08-08,115.42,113.03,3.94,2.51,1.72,2.22,2.4,20.66,88.8939,2.01
2008-08-09,,,,,,,,,,2.01
2008-08-10,,,,,,,,,,2.01
2008-08-11,114.44,110.54,3.99,2.56,1.8,2.19,2.37,20.12,89.035,1.99
2008-08-12,113.1,108.98,3.91,2.45,1.72,2.19,2.39,21.17,89.1916,1.95
2008-08-13,115.96,110.68,3.94,2.5,1.75,2.19,2.37,21.55,89.3211,1.98
2008-08-14,115.05,111.82,3.89,2.45,1.67,2.22,2.42,20.34,89.3675,2.09
2008-08-15,113.46,108.8,3.84,2.4,1.66,2.18,2.41,19.58,89.7244,2.08
2008-08-16,,,,,,,,,,2.08
2008-08-17,,,,,,,,,,2.08
2008-08-18,112.92,109.33,3.82,2.35,1.67,2.15,2.38,20.98,89.5966,1.91
2008-08-19,114.39,109.02,3.83,2.32,1.68,2.15,2.38,21.28,89.6465,1.94
2008-08-20,115.48,108.72,3.79,2.25,1.6,2.19,2.44,20.42,89.6977,1.98
2008-08-21,121.23,117.24,3.84,2.33,1.61,2.23,2.44,19.82,88.9128,2.01
2008-08-22,114.48,113.99,3.87,2.42,1.69,2.18,2.42,18.81,89.2381,2.02
2008-08-23,,,,,,,,,,2.02
2008-08-24,,,,,,,,,,2.02
2008-08-25,114.85,109.74,3.79,2.33,1.64,2.15,2.42,20.97,89.3094,2.01
2008-08-26,116.31,112.2,3.79,2.35,1.63,2.16,2.42,20.49,89.7007,1.88
2008-08-27,118.17,113.05,3.77,2.31,1.58,2.19,2.46,19.76,89.6419,1.98
2008-08-28,115.58,113.54,3.79,2.37,1.62,2.17,2.4,19.43,89.8225,1.99
2008-08-29,115.55,113.49,3.83,2.36,1.68,2.15,2.41,20.65,90.0567,1.94
2008-08-30,,,,,,,,,,1.94
2008-08-31,,,,,,,,,,1.94
2008-09-01,,,,,,,,,90.08,1.94
2008-09-02,109.63,104.94,3.74,2.26,1.69,2.05,2.38,21.99,90.8438,1.96
2008-09-03,109.38,103.88,3.71,2.26,1.71,2.0,2.34,21.43,90.8286,2.01
2008-09-04,107.99,103.41,3.64,2.2,1.7,1.94,2.29,24.03,91.1621,1.99
2008-09-05,106.47,102.51,3.66,2.23,1.71,1.95,2.3,23.06,91.341,1.97
2008-09-06,,,,,,,,,,1.97
2008-09-07,,,,,,,,,,1.97
2008-09-08,106.35,101.08,3.66,2.3,1.68,1.98,2.34,22.64,91.663,1.92
2008-09-09,103.23,98.94,3.62,2.23,1.69,1.93,2.34,25.47,91.5779,1.96
2008-09-10,102.66,96.0,3.65,2.22,1.7,1.95,2.38,24.52,92.1283,2.12
2008-09-11,100.95,96.01,3.64,2.18,1.67,1.97,2.43,24.39,92.4901,2.0
2008-09-12,101.19,94.37,3.74,2.23,1.79,1.95,2.4,25.66,91.4706,2.1
2008-09-13,,,,,,,,,,2.1
2008-09-14,,,,,,,,,,2.1
2008-09-15,95.52,90.45,3.47,1.78,1.7,1.77,2.31,31.7,91.757,2.64
2008-09-16,91.49,85.85,3.48,1.89,1.85,1.63,2.23,30.3,92.0594,1.98
2008-09-17,97.39,86.09,3.41,1.64,1.81,1.6,2.16,36.22,92.0982,2.8
2008-09-18,97.5,90.89,3.54,1.78,1.94,1.6,2.18,33.1,91.7111,2.16
2008-09-19,104.05,93.46,3.78,2.16,1.85,1.93,2.49,32.07,91.0014,1.48
2008-09-20,,,,,,,,,,1.48
2008-09-21,,,,,,,,,,1.48
2008-09-22,122.61,100.43,3.83,2.13,1.85,1.98,2.52,33.85,90.1119,1.51
2008-09-23,107.85,100.72,3.85,2.11,1.99,1.86,2.47,35.72,90.1221,1.46
2008-09-24,106.84,102.09,3.8,2.03,2.05,1.75,2.41,35.19,90.4602,1.19
2008-09-25,111.54,100.45,3.88,2.16,2.09,1.79,2.4,32.82,90.4651,1.23
2008-09-26,106.77,100.88,3.85,2.11,2.1,1.75,2.35,34.74,90.6872,1.08
2008-09-27,,,,,,,,,,1.08
2008-09-28,,,,,,,,,,1.08
2008-09-29,96.29,95.96,3.61,1.7,2.03,1.58,2.22,46.72,91.3961,1.56
2008-09-30,100.7,93.52,3.85,2.0,2.25,1.6,2.23,39.39,92.3773,2.03
2008-10-01,98.23,92.19,3.77,1.82,2.26,1.51,2.07,39.81,92.511,1.15
2008-10-02,93.84,88.88,3.66,1.62,2.17,1.49,2.05,45.26,93.3792,0.67
2008-10-03,93.91,88.95,3.63,1.6,2.18,1.45,1.94,45.14,93.5414,1.1
2008-10-04,,,,,,,,,,1.1
2008-10-05,,,,,,,,,,1.1
2008-10-06,88.15,84.71,3.48,1.43,2.21,1.27,1.79,52.05,95.1629,1.96
2008-10-07,90.18,83.17,3.5,1.47,2.32,1.18,1.74,53.68,95.4889,2.97
2008-10-08,88.94,80.77,3.72,1.65,2.69,1.03,1.63,57.53,96.9684,2.24
2008-10-09,86.5,81.65,3.84,1.65,2.79,1.05,1.63,63.92,96.5143,1.4
2008-10-10,77.44,74.58,3.89,1.62,2.97,0.92,1.65,69.95,97.999,0.79
2008-10-11,,,,,,,,,,0.79
2008-10-12,,,,,,,,,,0.79
2008-10-13,81.17,74.37,,,,,,54.99,97.9686,0.79
2008-10-14,78.69,74.98,4.08,1.82,3.05,1.03,1.83,55.13,96.2544,1.1
2008-10-15,74.38,66.86,4.04,1.64,3.02,1.02,1.91,69.25,97.2045,1.04
2008-10-16,69.81,64.14,3.99,1.61,3.02,0.97,1.99,67.61,98.368,0.83
2008-10-17,71.9,66.05,3.98,1.64,2.87,1.11,2.19,70.33,97.7255,0.6
2008-10-18,,,,,,,,,,0.6
2008-10-19,,,,,,,,,,0.6
2008-10-20,74.08,67.45,3.91,1.71,2.76,1.15,2.22,52.97,98.1605,0.7
2008-10-21,71.29,65.99,3.76,1.58,2.63,1.13,2.4,53.11,99.4242,0.67
2008-10-22,66.92,62.95,3.65,1.53,2.59,1.06,2.38,69.65,101.2131,0.81
2008-10-23,67.17,65.06,3.63,1.54,2.67,0.96,2.33,67.8,101.1071,0.93
2008-10-24,63.34,60.57,3.76,1.57,3.02,0.74,2.3,79.13,101.8442,0.95
2008-10-25,,,,,,,,,,0.95
2008-10-26,,,,,,,,,,0.95
2008-10-27,61.92,59.34,3.79,1.59,3.02,0.77,2.64,80.06,102.3415,0.92
2008-10-28,62.8,58.87,3.89,1.65,3.06,0.83,2.74,66.96,102.4236,0.67
2008-10-29,67.45,64.0,3.93,1.58,3.05,0.88,2.75,69.96,100.0967,0.36
2008-10-30,65.79,60.86,4.0,1.59,3.06,0.94,2.72,62.9,99.4568,0.3
2008-10-31,68.1,60.0,4.01,1.56,3.14,0.87,2.73,59.89,99.7662,0.22
2008-11-01,,,,,,,,,,0.22
2008-11-02,,,,,,,,,,0.22
2008-11-03,63.93,60.32,3.96,1.45,3.09,0.87,2.72,53.68,99.4345,0.23
2008-11-04,70.41,62.78,3.81,1.39,2.88,0.93,2.78,47.73,97.9957,0.23
2008-11-05,65.41,61.09,3.73,1.36,2.76,0.97,2.88,54.56,98.0953,0.23
2008-11-06,60.72,56.14,3.75,1.28,2.81,0.94,2.94,63.68,99.5364,0.23
2008-11-07,61.06,56.84,3.83,1.33,2.86,0.97,2.98,56.1,99.3944,0.27
2008-11-08,,,,,,,,,,0.27
2008-11-09,,,,,,,,,,0.27
2008-11-10,62.19,57.08,3.82,1.27,2.84,0.98,3.01,59.98,99.5897,0.29
2008-11-11,59.38,54.76,,,,,,61.44,99.6041,0.29
2008-11-12,55.95,52.47,3.75,1.19,2.79,0.96,3.05,66.46,101.1947,0.35
2008-11-13,58.31,51.32,3.84,1.24,2.95,0.89,2.89,59.83,101.774,0.35
2008-11-14,57.18,50.7,3.72,1.22,2.87,0.85,2.84,66.31,100.9705,0.34
2008-11-15,,,,,,,,,,0.34
2008-11-16,,,,,,,,,,0.34
2008-11-17,55.14,50.82,3.68,1.22,2.85,0.83,2.82,69.15,101.1029,0.37
2008-11-18,54.42,49.1,3.53,1.15,2.92,0.61,2.55,67.64,101.3965,0.38
2008-11-19,53.64,48.35,3.38,1.09,2.98,0.4,2.37,74.26,101.8804,0.38
2008-11-20,48.86,45.79,3.1,1.0,3.06,0.04,1.9,80.86,103.2737,0.49
2008-11-21,49.22,44.91,3.2,1.09,3.15,0.05,2.08,72.67,103.6289,0.57
2008-11-22,,,,,,,,,,0.57
2008-11-23,,,,,,,,,,0.57
2008-11-24,53.63,49.51,3.35,1.31,3.11,0.24,2.48,64.7,101.502,0.62
2008-11-25,50.02,47.51,3.11,1.15,2.79,0.32,2.76,60.9,100.7997,0.59
2008-11-26,54.2,49.39,2.99,1.09,2.68,0.31,2.92,54.92,101.2566,0.53
2008-11-27,,,,,,,,,101.2564,0.53
2008-11-28,55.21,47.72,2.93,1.0,2.6,0.33,2.97,55.84,101.6468,0.52
2008-11-29,,,,,,,,,,0.52
2008-11-30,,,,,,,,,,0.52
2008-12-01,49.34,47.58,2.72,0.9,2.38,0.34,1.0,68.51,102.1744,0.52
2008-12-02,47.05,45.64,2.68,0.9,2.26,0.42,0.92,62.98,101.9891,0.47
2008-12-03,46.79,44.39,2.67,0.87,2.14,0.53,1.03,60.72,102.4251,0.36
2008-12-04,43.8,43.83,2.55,0.82,1.98,0.57,1.1,63.64,102.0715,0.2
2008-12-05,41.01,37.04,2.67,0.93,2.23,0.44,1.0,59.93,103.4902,0.12
2008-12-06,,,,,,,,,,0.12
2008-12-07,,,,,,,,,,0.12
2008-12-08,43.69,40.02,2.77,0.97,2.47,0.3,0.88,58.49,101.7227,0.12
2008-12-09,42.0,39.77,2.67,0.84,2.41,0.26,0.85,58.91,101.7346,0.13
2008-12-10,43.1,39.34,2.69,0.86,2.44,0.25,0.86,55.73,101.2913,0.11
2008-12-11,47.77,43.54,2.64,0.79,2.35,0.29,0.93,55.78,99.5101,0.14
2008-12-12,46.27,42.38,2.6,0.78,2.43,0.17,0.72,54.28,100.319,0.15
2008-12-13,,,,,,,,,,0.15
2008-12-14,,,,,,,,,,0.15
2008-12-15,44.61,45.02,2.53,0.75,2.43,0.1,0.79,56.76,99.1001,0.18
2008-12-16,43.84,42.0,2.37,0.65,2.21,0.16,0.62,52.37,98.4771,0.17
2008-12-17,40.17,41.84,2.2,0.73,1.86,0.34,0.59,49.84,96.8227,0.12
2008-12-18,36.73,40.19,2.08,0.68,1.85,0.23,0.57,47.34,96.8447,0.11
2008-12-19,33.17,39.52,2.13,0.74,1.98,0.15,0.61,44.93,98.1278,0.11
2008-12-20,,,,,,,,,,0.11
2008-12-21,,,,,,,,,,0.11
2008-12-22,31.1,38.08,2.16,0.87,2.01,0.15,0.67,44.56,98.1643,0.11
2008-12-23,30.28,35.27,2.18,0.9,2.03,0.15,0.57,45.02,98.2698,0.11
2008-12-24,32.94,34.45,2.2,0.9,2.07,0.13,0.53,44.21,98.2249,0.11
2008-12-25,,,,,,,,,98.2419,0.11
2008-12-26,37.58,33.73,2.16,0.89,2.03,0.13,0.54,43.38,98.2594,0.09
2008-12-27,,,,,,,,,,0.09
2008-12-28,,,,,,,,,,0.09
2008-12-29,39.89,34.16,2.13,0.78,2.02,0.11,0.43,43.9,97.9359,0.1
2008-12-30,38.95,35.22,2.11,0.75,2.02,0.09,0.43,41.63,98.3833,0.09
2008-12-31,44.6,35.82,2.25,0.76,2.14,0.11,0.48,40.0,98.6518,0.14
2009-01-01,,,,,,,,,,0.14
2009-01-02,46.17,42.94,2.46,0.88,2.29,0.17,0.59,39.19,98.6008,0.08
2009-01-03,,,,,,,,,,0.08
2009-01-04,,,,,,,,,,0.08
2009-01-05,48.61,45.84,2.49,0.78,2.34,0.15,0.49,39.08,98.9195,0.11
2009-01-06,48.56,48.89,2.51,0.8,2.09,0.42,0.98,38.56,98.7871,0.09
2009-01-07,42.75,46.23,2.52,0.82,2.05,0.47,1.03,43.39,98.089,0.11
2009-01-08,41.68,42.94,2.47,0.83,1.97,0.5,1.08,42.56,98.3223,0.1
2009-01-09,40.69,42.34,2.43,0.75,1.87,0.56,1.21,42.82,98.8752,0.09
2009-01-10,,,,,,,,,,0.09
2009-01-11,,,,,,,,,,0.09
2009-01-12,37.65,40.86,2.34,0.74,1.75,0.59,1.28,45.84,99.6022,0.1
2009-01-13,37.77,43.05,2.33,0.76,1.74,0.59,1.21,43.27,100.3597,0.1
2009-01-14,37.43,42.27,2.24,0.73,1.79,0.45,1.03,49.14,100.7546,0.15
2009-01-15,35.41,42.32,2.23,0.73,1.78,0.45,1.0,51.0,101.4653,0.18
2009-01-16,35.38,43.42,2.36,0.73,1.81,0.55,1.1,46.11,100.711,0.19
2009-01-17,,,,,,,,,,0.19
2009-01-18,,,,,,,,,,0.19
2009-01-19,,,,,,,,,,0.19
2009-01-20,38.57,41.22,2.4,0.73,1.82,0.58,1.13,56.65,,0.2
2009-01-21,42.56,39.9,2.56,0.78,1.98,0.58,1.12,46.42,102.1007,0.23
2009-01-22,42.33,42.42,2.62,0.75,1.97,0.65,1.21,47.29,101.8432,0.21
2009-01-23,45.12,43.13,2.65,0.83,1.93,0.72,1.35,47.27,102.1096,0.18
2009-01-24,,,,,,,,,,0.18
2009-01-25,,,,,,,,,,0.18
2009-01-26,46.5,48.0,2.7,0.85,1.92,0.78,1.46,45.69,100.9764,0.19
2009-01-27,41.67,42.86,2.59,0.87,1.77,0.82,1.49,42.25,101.1702,0.18
2009-01-28,42.04,42.86,2.71,0.89,1.81,0.9,1.55,39.66,100.5461,0.19
2009-01-29,41.58,43.13,2.87,0.95,1.83,1.04,1.79,42.63,101.3398,0.23
2009-01-30,41.73,44.17,2.87,0.94,1.73,1.14,1.91,44.84,102.1169,0.23
2009-01-31,,,,,,,,,,0.23
2009-02-01,,,,,,,,,,0.23
2009-02-02,41.35,42.96,2.76,0.89,1.69,1.07,1.81,45.52,102.5067,0.24
2009-02-03,40.87,43.15,2.89,0.96,1.76,1.13,1.83,43.06,101.8506,0.24
2009-02-04,40.27,43.68,2.95,0.98,1.78,1.17,1.83,43.85,101.9056,0.24
2009-02-05,41.15,43.92,2.95,0.98,1.84,1.11,1.71,43.73,101.9517,0.23
2009-02-06,40.24,44.49,3.05,0.99,1.82,1.23,1.76,43.37,101.7455,0.23
2009-02-07,,,,,,,,,,0.23
2009-02-08,,,,,,,,,,0.23
2009-02-09,39.58,47.23,3.07,1.05,1.66,1.41,1.89,43.64,100.9637,0.22
2009-02-10,37.54,45.88,2.9,0.92,1.65,1.25,1.74,46.67,101.7094,0.24
2009-02-11,35.93,44.24,2.78,0.93,1.66,1.12,1.58,44.53,102.24,0.22
2009-02-12,34.03,47.23,2.75,0.89,1.61,1.14,1.77,41.25,102.598,0.23
2009-02-13,37.63,43.36,2.89,0.97,1.68,1.21,1.75,42.93,102.2958,0.22
2009-02-14,,,,,,,,,,0.22
2009-02-15,,,,,,,,,,0.22
2009-02-16,,,,,,,,,,0.22
2009-02-17,34.96,39.69,2.64,0.87,1.53,1.11,1.77,48.66,103.7625,0.25
2009-02-18,34.67,39.41,2.74,0.97,1.63,1.11,1.72,48.46,104.0385,0.23
2009-02-19,39.6,42.36,2.85,1.01,1.73,1.12,1.62,47.08,103.7656,0.21
2009-02-20,39.35,42.19,2.78,0.96,1.67,1.11,1.65,49.3,104.0244,0.2
2009-02-21,,,,,,,,,,0.2
2009-02-22,,,,,,,,,,0.2
2009-02-23,37.66,41.27,2.78,0.96,1.7,1.08,1.56,52.62,103.7416,0.19
2009-02-24,38.86,40.18,2.8,1.03,1.82,0.98,1.43,45.49,103.9829,0.21
2009-02-25,41.64,42.37,2.95,1.09,1.98,0.97,1.34,44.67,104.3086,0.21
2009-02-26,43.18,45.15,2.98,1.08,2.02,0.96,1.33,44.66,104.1813,0.22
2009-02-27,44.15,44.41,3.02,1.0,2.06,0.96,1.34,46.35,104.9284,0.22
2009-02-28,,,,,,,,,,0.22
2009-03-01,,,,,,,,,,0.22
2009-03-02,40.07,42.6,2.91,0.89,2.0,0.91,1.3,52.65,105.9617,0.22
2009-03-03,41.57,42.72,2.93,0.91,2.02,0.91,1.4,50.93,106.0249,0.2
2009-03-04,45.28,46.07,3.01,0.97,2.09,0.92,1.37,47.56,105.4558,0.21
2009-03-05,43.54,44.45,2.83,0.9,1.98,0.85,1.28,50.17,105.8064,0.2
2009-03-06,45.43,43.48,2.83,0.91,2.02,0.81,1.25,49.33,105.3937,0.2
2009-03-07,,,,,,,,,,0.2
2009-03-08,,,,,,,,,,0.2
2009-03-09,47.01,44.55,2.89,0.96,2.06,0.83,1.28,49.68,106.0182,0.2
2009-03-10,45.68,44.99,2.99,1.01,2.15,0.84,1.3,44.37,105.1153,0.2
2009-03-11,42.46,43.2,2.95,1.03,2.03,0.92,1.45,43.61,104.8499,0.19
2009-03-12,46.91,42.19,2.89,1.03,1.88,1.01,1.51,41.18,104.89,0.18
2009-03-13,46.22,44.97,2.89,0.98,1.87,1.02,1.54,42.36,104.1106,0.15
2009-03-14,,,,,,,,,,0.15
2009-03-15,,,,,,,,,,0.15
2009-03-16,47.33,44.12,2.97,1.0,1.88,1.09,1.62,43.74,103.2005,0.2
2009-03-17,48.97,45.53,3.02,1.05,1.9,1.12,1.65,40.8,103.2305,0.2
2009-03-18,48.12,45.22,2.51,0.82,1.28,1.23,1.86,40.06,103.0005,0.18
2009-03-19,51.46,48.03,2.61,0.87,1.31,1.3,1.94,43.68,100.3951,0.17
2009-03-20,51.55,49.27,2.65,0.89,1.43,1.22,1.81,45.89,101.0581,0.18
2009-03-21,,,,,,,,,,0.18
2009-03-22,,,,,,,,,,0.18
2009-03-23,53.05,51.84,2.68,0.93,1.4,1.28,1.92,43.23,101.103,0.17
2009-03-24,53.36,51.32,2.68,0.93,1.36,1.32,1.91,42.93,101.0319,0.17
2009-03-25,52.24,51.46,2.81,0.96,1.44,1.37,1.92,42.25,100.9674,0.17
2009-03-26,53.87,51.89,2.76,0.9,1.3,1.46,1.97,40.36,101.097,0.16
2009-03-27,52.41,50.81,2.78,0.9,1.38,1.4,1.9,41.04,101.8388,0.15
2009-03-28,,,,,,,,,,0.15
2009-03-29,,,,,,,,,,0.15
2009-03-30,48.49,49.05,2.73,0.84,1.39,1.34,1.9,45.54,102.749,0.16
2009-03-31,49.64,46.13,2.71,0.81,1.43,1.28,1.83,44.14,102.3761,0.16
2009-04-01,48.46,45.92,2.68,0.83,1.37,1.31,1.9,42.28,102.1252,0.16
2009-04-02,52.61,50.89,2.77,0.88,1.44,1.33,1.92,42.04,100.8733,0.16
2009-04-03,52.52,50.48,2.91,0.96,1.53,1.38,1.96,39.7,100.6429,0.13
2009-04-04,,,,,,,,,,0.13
2009-04-05,,,,,,,,,,0.13
2009-04-06,51.1,50.91,2.95,0.94,1.52,1.43,1.98,40.93,100.9428,0.14
2009-04-07,49.13,50.62,2.93,0.91,1.61,1.32,1.84,40.39,100.9808,0.14
2009-04-08,49.37,52.06,2.86,0.93,1.57,1.29,1.8,38.85,100.8948,0.14
2009-04-09,52.24,52.33,2.96,0.96,1.62,1.34,1.86,36.53,100.7988,0.14
2009-04-10,,,,,,,,,100.7597,0.15
2009-04-11,,,,,,,,,,0.15
2009-04-12,,,,,,,,,,0.15
2009-04-13,50.22,50.73,2.88,0.89,1.55,1.33,1.89,37.81,100.1369,0.13
2009-04-14,49.51,52.06,2.8,0.86,1.52,1.28,1.81,37.67,99.9097,0.16
2009-04-15,49.26,51.31,2.82,0.86,1.55,1.27,1.85,36.17,100.1497,0.16
2009-04-16,49.97,51.83,2.86,0.91,1.59,1.27,1.81,35.79,100.0517,0.15
2009-04-17,50.36,52.02,2.98,0.99,1.7,1.28,1.83,33.94,100.5719,0.13
2009-04-18,,,,,,,,,,0.13
2009-04-19,,,,,,,,,,0.13
2009-04-20,45.82,49.06,2.88,0.93,1.66,1.22,1.83,39.18,101.448,0.14
2009-04-21,46.65,48.69,2.94,0.96,1.69,1.25,1.88,37.14,101.1794,0.15
2009-04-22,47.41,48.5,2.98,1.0,1.65,1.33,2.02,38.1,101.1142,0.15
2009-04-23,48.46,48.29,2.96,0.97,1.52,1.44,2.25,37.15,101.0065,0.17
2009-04-24,50.65,50.29,3.03,0.99,1.53,1.5,2.28,36.82,100.0244,0.16
2009-04-25,,,,,,,,,,0.16
2009-04-26,,,,,,,,,,0.16
2009-04-27,49.29,48.67,2.95,0.9,1.48,1.47,2.2,38.32,100.7258,0.17
2009-04-28,49.01,48.64,3.05,0.95,1.54,1.51,2.21,37.95,101.3145,0.16
2009-04-29,50.19,50.22,3.12,0.94,1.59,1.53,2.19,36.08,100.0009,0.18
2009-04-30,50.35,50.3,3.16,0.91,1.69,1.47,2.12,36.5,100.1042,0.2
2009-05-01,52.18,51.75,3.21,0.92,1.8,1.41,2.03,35.3,100.0057,0.22
2009-05-02,,,,,,,,,,0.22
2009-05-03,,,,,,,,,,0.22
2009-05-04,54.45,53.26,3.19,0.94,1.77,1.42,2.0,34.53,99.134,0.22
2009-05-05,53.81,53.16,3.2,0.98,1.77,1.43,2.0,33.36,98.8529,0.2
2009-05-06,56.29,55.07,3.18,0.96,1.74,1.44,1.95,32.45,98.9044,0.18
2009-05-07,56.67,56.63,3.29,1.0,1.74,1.55,2.05,33.44,98.552,0.18
2009-05-08,58.58,56.02,3.29,1.0,1.77,1.52,2.0,32.05,98.1269,0.17
2009-05-09,,,,,,,,,,0.17
2009-05-10,,,,,,,,,,0.17
2009-05-11,57.79,55.99,3.17,0.92,1.7,1.47,1.94,32.87,97.747,0.17
2009-05-12,58.81,56.52,3.17,0.9,1.69,1.48,1.97,31.8,97.8269,0.16
2009-05-13,58.0,56.84,3.11,0.89,1.67,1.44,1.92,33.65,98.0276,0.16
2009-05-14,58.58,56.25,3.1,0.87,1.68,1.42,1.88,31.37,98.1271,0.16
2009-05-15,56.52,56.33,3.14,0.88,1.66,1.48,1.96,33.12,98.1063,0.17
2009-05-16,,,,,,,,,,0.17
2009-05-17,,,,,,,,,,0.17
2009-05-18,58.99,56.51,3.22,0.93,1.66,1.56,2.09,30.24,97.9412,0.16
2009-05-19,59.52,57.12,3.25,0.91,1.65,1.6,2.11,28.8,97.2827,0.15
2009-05-20,61.45,59.1,3.19,0.87,1.56,1.63,2.17,29.03,96.5707,0.14
2009-05-21,60.49,58.02,3.35,0.89,1.67,1.68,2.23,31.35,96.6039,0.17
2009-05-22,61.15,58.7,3.45,0.92,1.72,1.73,2.27,32.63,95.8788,0.17
2009-05-23,,,,,,,,,,0.17
2009-05-24,,,,,,,,,,0.17
2009-05-25,,,,,,,,,,0.17
2009-05-26,62.48,59.05,3.5,0.96,1.72,1.78,2.31,30.62,95.988,0.18
2009-05-27,63.41,61.28,3.71,0.96,1.83,1.88,2.39,32.36,95.9622,0.17
2009-05-28,65.09,63.47,3.67,0.97,1.87,1.8,2.27,31.67,96.1313,0.17
2009-05-29,66.31,64.98,3.47,0.92,1.67,1.8,2.24,28.92,95.268,0.19
2009-05-30,,,,,,,,,,0.19
2009-05-31,,,,,,,,,,0.19
2009-06-01,68.59,66.6,3.71,0.97,1.8,1.91,2.29,30.04,94.8107,0.21
2009-06-02,68.58,67.67,3.65,0.96,1.69,1.96,2.33,29.63,94.6556,0.2
2009-06-03,66.14,66.15,3.56,0.91,1.68,1.88,2.26,31.02,95.0751,0.21
2009-06-04,68.8,67.68,3.72,0.96,1.83,1.89,2.23,30.18,95.2922,0.2
2009-06-05,68.43,67.77,3.84,1.32,1.88,1.96,2.21,29.62,96.0412,0.21
2009-06-06,,,,,,,,,,0.21
2009-06-07,,,,,,,,,,0.21
2009-06-08,68.05,67.61,3.91,1.42,1.94,1.97,2.23,29.77,96.6548,0.21
2009-06-09,70.02,68.94,3.86,1.33,1.88,1.98,2.21,28.27,95.9537,0.18
2009-06-10,71.38,70.52,3.98,1.38,1.91,2.07,2.29,28.46,96.1277,0.18
2009-06-11,72.69,71.71,3.88,1.35,1.89,1.99,2.2,28.11,95.4993,0.17
2009-06-12,72.13,70.62,3.81,1.3,1.91,1.9,2.13,28.15,95.836,0.17
2009-06-13,,,,,,,,,,0.17
2009-06-14,,,,,,,,,,0.17
2009-06-15,70.54,68.49,3.76,1.26,1.9,1.86,2.12,30.81,96.7519,0.22
2009-06-16,70.47,70.52,3.67,1.23,1.88,1.79,2.05,32.68,96.2616,0.22
2009-06-17,71.07,68.95,3.68,1.19,1.95,1.73,2.03,31.54,96.64,0.24
2009-06-18,71.42,69.96,3.86,1.28,1.98,1.88,2.23,30.03,96.1482,0.25
2009-06-19,69.6,70.48,3.79,1.25,1.91,1.88,2.22,27.99,96.0325,0.25
2009-06-20,,,,,,,,,,0.25
2009-06-21,,,,,,,,,,0.25
2009-06-22,67.09,66.13,3.72,1.17,1.89,1.83,2.22,31.17,96.8818,0.24
2009-06-23,68.81,66.36,3.65,1.14,1.84,1.81,2.19,30.58,96.5196,0.24
2009-06-24,68.14,68.47,3.72,1.19,1.93,1.79,2.24,29.05,96.2369,0.21
2009-06-25,69.7,68.82,3.55,1.12,1.82,1.73,2.13,26.36,96.7072,0.19
2009-06-26,69.16,68.1,3.52,1.1,1.85,1.67,2.13,25.93,96.1935,0.18
2009-06-27,,,,,,,,,,0.18
2009-06-28,,,,,,,,,,0.18
2009-06-29,71.47,69.75,3.51,1.11,1.83,1.68,2.15,25.35,96.242,0.17
2009-06-30,69.82,68.11,3.53,1.11,1.78,1.75,2.16,26.35,96.3761,0.22
2009-07-01,69.32,68.52,3.55,1.05,1.83,1.72,2.09,26.22,95.6581,0.2
2009-07-02,66.68,65.74,3.51,0.98,1.87,1.64,2.01,27.95,96.3216,0.17
2009-07-03,,,,,,,,,,0.16
2009-07-04,,,,,,,,,,0.16
2009-07-05,,,,,,,,,,0.16
2009-07-06,64.06,63.12,3.52,0.96,2.03,1.49,1.76,29.0,96.6174,0.18
2009-07-07,62.88,61.54,3.47,0.98,1.87,1.6,1.98,30.85,96.6321,0.18
2009-07-08,60.15,59.71,3.33,0.91,1.79,1.54,1.96,31.3,97.0204,0.16
2009-07-09,60.36,59.17,3.44,0.94,1.87,1.57,2.04,29.78,96.6219,0.15
2009-07-10,59.93,58.43,3.32,0.91,1.8,1.52,1.98,29.02,97.0819,0.15
2009-07-11,,,,,,,,,,0.15
2009-07-12,,,,,,,,,,0.15
2009-07-13,59.69,58.25,3.38,0.92,1.84,1.54,2.02,26.31,96.9995,0.13
2009-07-14,59.62,60.48,3.5,0.97,1.86,1.64,2.13,25.02,96.6599,0.13
2009-07-15,61.49,61.25,3.63,1.03,1.87,1.76,2.25,25.89,95.8004,0.14
2009-07-16,62.07,62.02,3.59,1.0,1.82,1.77,2.26,25.42,95.7241,0.15
2009-07-17,63.56,63.54,3.67,1.02,1.81,1.86,2.35,24.34,95.6036,0.15
2009-07-18,,,,,,,,,,0.15
2009-07-19,,,,,,,,,,0.15
2009-07-20,63.93,64.64,3.61,0.99,1.73,1.88,2.36,24.4,95.0903,0.15
2009-07-21,64.81,65.93,3.5,0.96,1.71,1.79,2.25,23.87,95.0564,0.14
2009-07-22,64.58,65.36,3.58,0.98,1.75,1.83,2.32,23.47,94.8659,0.14
2009-07-23,66.1,68.06,3.72,1.08,1.8,1.92,2.41,23.43,94.532,0.15
2009-07-24,66.96,68.82,3.7,1.05,1.81,1.89,2.39,23.09,94.7046,0.15
2009-07-25,,,,,,,,,,0.15
2009-07-26,,,,,,,,,,0.15
2009-07-27,68.34,69.78,3.75,1.08,1.85,1.9,2.38,24.28,94.6659,0.16
2009-07-28,67.24,68.53,3.72,1.12,1.86,1.86,2.34,25.01,94.5592,0.15
2009-07-29,63.42,65.79,3.69,1.17,1.84,1.85,2.31,25.61,95.1678,0.17
2009-07-30,66.9,68.82,3.67,1.19,1.78,1.89,2.4,25.4,94.8967,0.17
2009-07-31,69.26,70.08,3.52,1.13,1.71,1.81,2.3,25.92,94.2526,0.18
2009-08-01,,,,,,,,,,0.18
2009-08-02,,,,,,,,,,0.18
2009-08-03,71.59,72.9,3.66,1.18,1.78,1.88,2.38,25.56,93.6331,0.18
2009-08-04,71.4,73.82,3.7,1.2,1.81,1.89,2.36,24.89,93.7281,0.17
2009-08-05,71.97,74.39,3.8,1.23,1.85,1.95,2.46,24.9,93.7848,0.17
2009-08-06,71.96,74.61,3.79,1.22,1.87,1.92,2.45,25.67,93.9358,0.17
2009-08-07,70.97,74.21,3.89,1.32,1.88,2.01,2.54,24.76,94.4692,0.17
2009-08-08,,,,,,,,,,0.17
2009-08-09,,,,,,,,,,0.17
2009-08-10,70.59,73.79,3.8,1.24,1.83,1.97,2.52,24.99,94.6087,0.17
2009-08-11,69.46,71.58,3.71,1.21,1.8,1.91,2.46,25.99,94.8678,0.16
2009-08-12,70.08,74.03,3.72,1.18,1.84,1.88,2.42,25.45,94.5394,0.15
2009-08-13,70.57,73.76,3.59,1.12,1.8,1.79,2.34,24.71,94.2392,0.15
2009-08-14,67.51,71.33,3.55,1.07,1.85,1.7,2.27,24.27,94.475,0.15
2009-08-15,,,,,,,,,,0.15
2009-08-16,,,,,,,,,,0.15
2009-08-17,66.72,68.65,3.48,1.04,1.79,1.69,2.3,27.89,95.1024,0.17
2009-08-18,69.22,68.66,3.51,1.06,1.78,1.73,2.3,26.18,95.1118,0.17
2009-08-19,72.54,72.81,3.45,1.01,1.7,1.75,2.3,26.26,94.4084,0.17
2009-08-20,72.4,73.75,3.42,1.03,1.6,1.82,2.34,25.09,94.3492,0.17
2009-08-21,73.12,73.71,3.56,1.13,1.69,1.87,2.38,25.01,94.0103,0.16
2009-08-22,,,,,,,,,,0.16
2009-08-23,,,,,,,,,,0.16
2009-08-24,73.68,74.34,3.48,1.05,1.67,1.81,2.33,25.14,93.9345,0.16
2009-08-25,71.6,73.1,3.45,1.05,1.72,1.73,2.25,24.92,93.9066,0.15
2009-08-26,71.38,70.74,3.44,1.06,1.72,1.72,2.24,24.95,94.8662,0.15
2009-08-27,72.49,70.68,3.47,1.04,1.75,1.72,2.23,24.68,94.7943,0.14
2009-08-28,72.72,72.8,3.46,1.01,1.76,1.7,2.22,24.76,94.4489,0.14
2009-08-29,,,,,,,,,,0.14
2009-08-30,,,,,,,,,,0.14
2009-08-31,69.97,69.02,3.4,0.97,1.76,1.64,2.16,26.01,94.6202,0.15
2009-09-01,68.11,68.78,3.38,0.92,1.74,1.64,2.17,29.15,95.2201,0.15
2009-09-02,68.03,67.6,3.29,0.89,1.71,1.58,2.09,28.9,95.1575,0.16
2009-09-03,67.9,66.78,3.33,0.91,1.69,1.64,2.13,27.1,94.959,0.15
2009-09-04,67.95,65.84,3.45,0.94,1.7,1.75,2.26,25.26,94.5811,0.15
2009-09-05,,,,,,,,,,0.15
2009-09-06,,,,,,,,,,0.15
2009-09-07,,,,,,,,,,0.15
2009-09-08,71.08,69.2,3.47,0.93,1.66,1.81,2.3,25.62,93.7323,0.15
2009-09-09,71.27,69.76,3.48,0.93,1.66,1.82,2.28,24.32,93.6915,0.15
2009-09-10,71.95,68.96,3.36,0.9,1.59,1.77,2.22,23.55,93.6947,0.16
2009-09-11,69.34,68.76,3.34,0.9,1.59,1.75,2.14,24.15,93.3225,0.15
2009-09-12,,,,,,,,,,0.15
2009-09-13,,,,,,,,,,0.15
2009-09-14,68.86,66.91,3.42,0.94,1.65,1.77,2.13,23.86,93.6196,0.16
2009-09-15,70.81,66.53,3.47,0.96,1.64,1.83,2.21,23.42,93.4427,0.17
2009-09-16,72.5,68.51,3.48,1.01,1.62,1.86,2.2,23.69,92.9072,0.17
2009-09-17,72.48,71.56,3.42,0.98,1.62,1.8,2.14,23.65,92.8287,0.16
2009-09-18,71.95,70.72,3.49,1.03,1.68,1.81,2.17,23.92,93.1233,0.16
2009-09-19,,,,,,,,,,0.16
2009-09-20,,,,,,,,,,0.16
2009-09-21,69.74,68.11,3.49,1.02,1.69,1.8,2.21,24.06,93.3547,0.15
2009-09-22,71.5,69.65,3.46,1.02,1.65,1.81,2.2,23.08,92.8664,0.15
2009-09-23,68.74,67.43,3.44,0.96,1.63,1.81,2.22,23.49,92.979,0.15
2009-09-24,65.74,64.99,3.4,0.93,1.64,1.76,2.16,24.95,93.4708,0.14
2009-09-25,65.91,64.6,3.34,0.98,1.6,1.74,2.12,25.61,93.5535,0.13
2009-09-26,,,,,,,,,,0.13
2009-09-27,,,,,,,,,,0.13
2009-09-28,66.69,65.43,3.31,0.98,1.57,1.74,2.13,24.88,93.4669,0.13
2009-09-29,66.56,64.63,3.31,1.0,1.59,1.72,2.1,25.19,93.7776,0.11
2009-09-30,70.46,65.82,3.31,0.95,1.56,1.75,2.13,25.61,93.1907,0.07
2009-10-01,70.67,67.12,3.21,0.87,1.5,1.71,2.09,28.27,93.5995,0.11
2009-10-02,69.8,66.5,3.24,0.88,1.54,1.7,2.07,28.68,93.6756,0.13
2009-10-03,,,,,,,,,,0.13
2009-10-04,,,,,,,,,,0.13
2009-10-05,70.26,65.26,3.24,0.88,1.51,1.73,2.14,26.84,93.3356,0.13
2009-10-06,70.71,68.51,3.27,0.91,1.53,1.74,2.11,25.7,92.619,0.12
2009-10-07,69.6,67.65,3.21,0.87,1.45,1.76,2.17,24.68,92.794,0.13
2009-10-08,71.69,68.47,3.27,0.9,1.49,1.78,2.17,24.18,92.2074,0.12
2009-10-09,71.75,69.45,3.4,0.98,1.56,1.84,2.22,23.12,92.2984,0.12
2009-10-10,,,,,,,,,,0.12
2009-10-11,,,,,,,,,,0.12
2009-10-12,73.24,70.75,,,,,,23.01,,0.12
2009-10-13,74.1,70.81,3.34,0.91,1.46,1.88,2.29,22.99,91.8273,0.12
2009-10-14,75.2,72.16,3.45,0.96,1.51,1.94,2.37,22.86,91.5047,0.12
2009-10-15,77.55,73.14,3.49,0.97,1.5,1.99,2.42,21.72,91.4367,0.13
2009-10-16,78.54,74.58,3.43,0.97,1.45,1.98,2.39,21.43,91.6541,0.12
2009-10-17,,,,,,,,,,0.12
2009-10-18,,,,,,,,,,0.12
2009-10-19,79.47,75.86,3.41,0.99,1.38,2.03,2.43,21.49,91.4406,0.12
2009-10-20,78.87,76.51,3.35,0.95,1.37,1.98,2.39,20.9,91.801,0.12
2009-10-21,81.03,77.74,3.42,1.0,1.43,1.99,2.43,22.22,91.3805,0.11
2009-10-22,80.82,78.36,3.44,0.97,1.49,1.95,2.39,20.69,91.6075,0.11
2009-10-23,80.11,77.72,3.51,1.04,1.51,2.0,2.44,22.27,91.7331,0.11
2009-10-24,,,,,,,,,,0.11
2009-10-25,,,,,,,,,,0.11
2009-10-26,78.61,76.45,3.59,1.06,1.59,2.0,2.4,24.31,92.0998,0.11
2009-10-27,79.45,76.69,3.49,0.99,1.49,2.0,2.39,24.83,92.5335,0.11
2009-10-28,77.39,75.11,3.44,0.95,1.48,1.96,2.35,27.91,92.8152,0.11
2009-10-29,79.84,77.18,3.53,0.98,1.5,2.03,2.42,24.76,92.4708,0.11
2009-10-30,77.04,74.91,3.41,0.9,1.41,2.0,2.39,30.69,92.6207,0.11
2009-10-31,,,,,,,,,,0.11
2009-11-01,,,,,,,,,,0.11
2009-11-02,78.08,75.56,3.45,0.92,1.41,2.04,2.45,29.78,92.4501,0.12
2009-11-03,79.58,75.68,3.5,0.92,1.45,2.05,2.47,28.81,92.9037,0.12
2009-11-04,80.3,78.21,3.57,0.91,1.45,2.12,2.54,27.72,92.3725,0.13
2009-11-05,79.64,78.02,3.57,0.9,1.41,2.16,2.61,25.43,92.3437,0.13
2009-11-06,77.4,75.51,3.54,0.86,1.37,2.17,2.64,24.19,92.3848,0.12
2009-11-07,,,,,,,,,,0.12
2009-11-08,,,,,,,,,,0.12
2009-11-09,79.44,77.18,3.52,0.87,1.3,2.22,2.65,23.15,91.6861,0.12
2009-11-10,79.01,77.07,3.5,0.85,1.31,2.19,2.6,22.84,91.6659,0.13
2009-11-11,79.16,76.99,,,,,,23.04,,0.13
2009-11-12,77.25,75.18,3.45,0.82,1.33,2.12,2.51,24.24,91.9461,0.12
2009-11-13,76.34,74.81,3.43,0.82,1.31,2.12,2.51,23.36,91.5754,0.12
2009-11-14,,,,,,,,,,0.12
2009-11-15,,,,,,,,,,0.12
2009-11-16,78.91,77.14,3.33,0.78,1.21,2.12,2.51,22.89,91.194,0.12
2009-11-17,79.08,77.36,3.33,0.78,1.2,2.13,2.52,22.41,91.7419,0.12
2009-11-18,79.55,78.64,3.36,0.77,1.21,2.15,2.5,21.63,91.249,0.11
2009-11-19,77.47,76.45,3.35,0.73,1.21,2.14,2.5,22.63,91.7827,0.11
2009-11-20,76.83,75.61,3.36,0.75,1.21,2.15,2.5,22.19,91.9906,0.11
2009-11-21,,,,,,,,,,0.11
2009-11-22,,,,,,,,,,0.11
2009-11-23,76.49,78.14,3.37,0.77,1.2,2.17,2.52,21.16,91.4864,0.12
2009-11-24,74.88,75.35,3.32,0.73,1.21,2.11,2.41,20.47,91.5539,0.12
2009-11-25,77.25,76.57,3.28,0.73,1.16,2.12,2.43,20.48,90.9669,0.11
2009-11-26,,,,,,,,,,0.11
2009-11-27,75.95,76.0,3.21,0.68,1.15,2.06,2.38,24.85,91.5272,0.12
2009-11-28,,,,,,,,,,0.12
2009-11-29,,,,,,,,,,0.12
2009-11-30,77.19,77.77,3.21,0.67,1.13,2.08,2.41,24.51,91.3717,0.13
2009-12-01,78.39,78.68,3.28,0.67,1.14,2.14,2.48,21.92,90.8323,0.13
2009-12-02,76.62,76.96,3.32,0.72,1.18,2.14,2.46,21.12,90.8906,0.13
2009-12-03,76.42,77.76,3.39,0.74,1.24,2.15,2.48,22.46,90.9152,0.13
2009-12-04,75.41,77.74,3.48,0.84,1.34,2.14,2.47,21.25,91.3806,0.12
2009-12-05,,,,,,,,,,0.12
2009-12-06,,,,,,,,,,0.12
2009-12-07,73.89,76.18,3.44,0.78,1.31,2.13,2.45,22.1,91.5414,0.12
2009-12-08,72.59,74.93,3.4,0.73,1.31,2.09,2.43,23.69,91.9513,0.12
2009-12-09,70.67,73.63,3.45,0.76,1.36,2.09,2.47,22.66,92.014,0.12
2009-12-10,70.54,70.91,3.49,0.78,1.4,2.09,2.45,22.32,92.0073,0.12
2009-12-11,69.86,70.07,3.55,0.83,1.41,2.14,2.49,21.59,92.2946,0.12
2009-12-12,,,,,,,,,,0.12
2009-12-13,,,,,,,,,,0.12
2009-12-14,69.48,71.19,3.56,0.87,1.37,2.19,2.54,21.15,92.0305,0.12
2009-12-15,70.62,71.33,3.6,0.88,1.37,2.23,2.56,21.49,92.3635,0.13
2009-12-16,72.64,73.34,3.61,0.85,1.34,2.27,2.61,20.54,92.1496,0.14
2009-12-17,72.58,71.28,3.5,0.77,1.28,2.22,2.56,22.51,93.225,0.13
2009-12-18,73.3,71.87,3.55,0.82,1.31,2.24,2.56,21.68,93.1632,0.12
2009-12-19,,,,,,,,,,0.12
2009-12-20,,,,,,,,,,0.12
2009-12-21,72.71,72.74,3.69,0.89,1.39,2.3,2.62,20.49,,0.12
2009-12-22,73.48,71.64,3.76,0.95,1.43,2.33,2.65,19.54,93.2903,0.12
2009-12-23,76.03,73.87,3.77,0.96,1.46,2.31,2.6,19.71,92.9295,0.11
2009-12-24,76.83,75.15,3.82,1.0,1.5,2.32,2.59,19.47,92.8694,0.11
2009-12-25,,,,,,,,,,0.11
2009-12-26,,,,,,,,,,0.11
2009-12-27,,,,,,,,,,0.11
2009-12-28,78.67,76.59,3.85,1.09,1.5,2.35,2.62,19.93,92.6993,0.12
2009-12-29,78.87,76.65,3.82,1.09,1.46,2.36,2.62,20.01,92.8838,0.12
2009-12-30,79.35,77.62,3.8,1.08,1.44,2.36,2.61,19.96,93.0872,0.11
2009-12-31,79.39,77.91,3.85,1.14,1.48,2.37,2.61,21.68,92.9124,0.05
2010-01-01,,,,,,,,,,0.05
2010-01-02,,,,,,,,,,0.05
2010-01-03,,,,,,,,,,0.05
2010-01-04,81.52,79.05,3.85,1.09,1.47,2.38,2.63,20.04,92.3566,0.12
2010-01-05,81.74,79.27,3.77,1.01,1.43,2.34,2.56,19.35,92.2236,0.12
2010-01-06,83.12,80.14,3.85,1.01,1.48,2.37,2.58,19.16,92.0941,0.12
2010-01-07,82.6,80.57,3.85,1.03,1.44,2.41,2.63,19.06,92.3684,0.1
2010-01-08,82.74,80.06,3.83,0.96,1.41,2.42,2.66,18.13,92.1485,0.11
2010-01-09,,,,,,,,,,0.11
2010-01-10,,,,,,,,,,0.11
2010-01-11,82.54,80.14,3.85,0.95,1.47,2.38,2.64,17.55,91.5997,0.11
2010-01-12,80.79,79.38,3.74,0.92,1.35,2.39,2.63,18.25,91.7005,0.11
2010-01-13,79.66,77.57,3.8,0.97,1.43,2.37,2.61,17.85,91.7272,0.11
2010-01-14,79.35,77.61,3.76,0.94,1.4,2.36,2.6,17.63,91.5864,0.11
2010-01-15,77.96,76.85,3.7,0.89,1.34,2.36,2.62,17.91,91.7668,0.12
2010-01-16,,,,,,,,,,0.12
2010-01-17,,,,,,,,,,0.12
2010-01-18,,,,,,,,,,0.12
2010-01-19,78.98,75.18,3.73,0.93,1.35,2.38,2.67,17.58,91.9611,0.13
2010-01-20,77.42,75.09,3.68,0.92,1.31,2.37,2.65,18.68,92.6766,0.13
2010-01-21,75.84,74.13,3.62,0.87,1.29,2.33,2.68,22.27,92.6627,0.12
2010-01-22,74.25,72.73,3.62,0.84,1.31,2.31,2.67,27.31,92.943,0.11
2010-01-23,,,,,,,,,,0.11
2010-01-24,,,,,,,,,,0.11
2010-01-25,74.9,72.18,3.66,0.86,1.33,2.33,2.69,25.41,92.9099,0.12
2010-01-26,74.67,72.63,3.65,0.87,1.31,2.34,2.71,24.55,93.3298,0.12
2010-01-27,73.64,72.75,3.66,0.9,1.35,2.31,2.66,23.14,93.2835,0.12
2010-01-28,73.62,70.65,3.68,0.87,1.35,2.33,2.72,23.73,93.2635,0.12
2010-01-29,72.85,71.2,3.63,0.82,1.3,2.33,2.75,24.62,93.7638,0.12
2010-01-30,,,,,,,,,,0.12
2010-01-31,,,,,,,,,,0.12
2010-02-01,74.41,71.58,3.68,0.86,1.29,2.39,2.79,22.59,93.7321,0.14
2010-02-02,77.21,73.94,3.67,0.86,1.26,2.41,2.8,21.48,93.4136,0.14
2010-02-03,76.96,75.77,3.73,0.88,1.3,2.43,2.81,21.6,93.6268,0.13
2010-02-04,73.13,71.3,3.62,0.8,1.27,2.35,2.71,26.08,94.1401,0.14
2010-02-05,71.15,70.11,3.59,0.77,1.32,2.27,2.65,26.11,94.6218,0.13
2010-02-06,,,,,,,,,,0.13
2010-02-07,,,,,,,,,,0.13
2010-02-08,71.87,69.62,3.62,0.79,1.35,2.27,2.63,26.51,,0.13
2010-02-09,73.71,70.4,3.67,0.84,1.37,2.3,2.66,26.0,,0.13
2010-02-10,74.48,70.4,3.72,0.91,1.44,2.28,2.59,25.4,,0.12
2010-02-11,75.23,72.35,3.73,0.91,1.47,2.26,2.56,23.96,,0.12
2010-02-12,74.11,71.49,3.69,0.84,1.46,2.23,2.5,22.73,93.9976,0.12
2010-02-13,,,,,,,,,,0.12
2010-02-14,,,,,,,,,,0.12
2010-02-15,,,,,,,,,,0.12
2010-02-16,76.98,74.82,3.66,0.82,1.42,2.24,2.53,22.25,93.482,0.13
2010-02-17,77.27,74.89,3.74,0.87,1.46,2.28,2.55,21.72,93.7171,0.12
2010-02-18,78.97,76.61,3.79,0.9,1.48,2.31,2.6,20.63,93.8752,0.12
2010-02-19,79.77,76.88,3.78,0.95,1.52,2.26,2.55,20.02,93.9569,0.13
2010-02-20,,,,,,,,,,0.13
2010-02-21,,,,,,,,,,0.13
2010-02-22,80.04,76.95,3.8,0.91,1.55,2.25,2.58,19.94,93.7402,0.12
2010-02-23,78.61,76.44,3.69,0.87,1.5,2.19,2.48,21.37,93.9794,0.12
2010-02-24,79.75,77.0,3.7,0.87,1.51,2.19,2.48,20.27,93.9775,0.11
2010-02-25,77.99,74.38,3.64,0.82,1.51,2.13,2.43,20.1,94.3797,0.12
2010-02-26,79.72,76.36,3.61,0.81,1.48,2.13,2.43,19.5,93.6602,0.13
2010-02-27,,,,,,,,,,0.13
2010-02-28,,,,,,,,,,0.13
2010-03-01,78.71,76.07,3.61,0.8,1.46,2.15,2.47,19.26,93.7979,0.14
2010-03-02,79.62,77.5,3.62,0.8,1.46,2.16,2.49,19.06,93.488,0.14
2010-03-03,80.91,78.66,3.63,0.82,1.46,2.17,2.5,18.83,92.9861,0.15
2010-03-04,80.21,77.88,3.61,0.86,1.44,2.17,2.5,18.72,93.4079,0.16
2010-03-05,81.5,79.2,3.69,0.91,1.48,2.21,2.53,17.42,93.2623,0.17
2010-03-06,,,,,,,,,,0.17
2010-03-07,,,,,,,,,,0.17
2010-03-08,81.85,78.94,3.72,0.9,1.49,2.23,2.59,17.79,93.2446,0.15
2010-03-09,81.5,78.77,3.71,0.89,1.48,2.23,2.58,17.92,93.1941,0.14
2010-03-10,82.07,80.29,3.73,0.92,1.49,2.24,2.57,18.57,93.0426,0.14
2010-03-11,82.1,79.44,3.73,0.97,1.49,2.24,2.59,18.06,93.0533,0.15
2010-03-12,81.26,79.38,3.71,0.97,1.45,2.26,2.59,17.58,92.6616,0.17
2010-03-13,,,,,,,,,,0.17
2010-03-14,,,,,,,,,,0.17
2010-03-15,79.79,77.08,3.71,0.96,1.46,2.25,2.57,18.0,92.9642,0.2
2010-03-16,81.75,79.45,3.66,0.93,1.42,2.24,2.56,17.69,92.595,0.2
2010-03-17,82.93,80.28,3.65,0.95,1.4,2.25,2.54,16.91,92.4446,0.18
2010-03-18,82.16,80.09,3.68,0.98,1.45,2.23,2.54,16.62,92.7451,0.18
2010-03-19,80.58,78.37,3.7,1.02,1.5,2.2,2.54,16.97,93.0407,0.18
2010-03-20,,,,,,,,,,0.18
2010-03-21,,,,,,,,,,0.18
2010-03-22,81.26,78.09,3.67,1.01,1.48,2.19,2.56,16.87,93.1333,0.18
2010-03-23,81.68,79.17,3.69,1.02,1.49,2.2,2.6,16.35,93.006,0.17
2010-03-24,80.29,78.03,3.84,1.08,1.6,2.24,2.59,17.55,93.6468,0.17
2010-03-25,80.25,78.64,3.91,1.1,1.65,2.26,2.65,18.4,93.5885,0.17
2010-03-26,79.75,77.98,3.86,1.04,1.62,2.24,2.62,17.77,93.6873,0.17
2010-03-27,,,,,,,,,,0.17
2010-03-28,,,,,,,,,,0.17
2010-03-29,81.92,79.89,3.88,1.04,1.66,2.22,2.59,17.59,93.2959,0.16
2010-03-30,82.14,79.46,3.88,1.06,1.66,2.22,2.61,17.13,93.2627,0.16
2010-03-31,83.45,80.37,3.84,1.02,1.6,2.24,2.65,17.59,92.8987,0.09
2010-04-01,84.53,82.63,3.89,1.05,1.61,2.28,2.71,17.47,92.6661,0.17
2010-04-02,,,3.96,1.11,1.69,2.27,2.68,,92.9057,0.2
2010-04-03,,,,,,,,,,0.2
2010-04-04,,,,,,,,,,0.2
2010-04-05,86.36,84.48,4.01,1.18,1.7,2.31,2.7,17.02,92.6644,0.2
2010-04-06,86.54,85.05,3.98,1.14,1.68,2.3,2.57,16.23,92.7373,0.2
2010-04-07,85.64,84.49,3.89,1.06,1.55,2.34,2.64,16.62,92.7452,0.19
2010-04-08,85.17,82.63,3.91,1.09,1.58,2.33,2.71,16.48,92.7211,0.19
2010-04-09,84.6,82.77,3.9,1.08,1.56,2.34,2.71,16.14,92.4772,0.19
2010-04-10,,,,,,,,,,0.19
2010-04-11,,,,,,,,,,0.19
2010-04-12,84.07,85.21,3.87,1.07,1.52,2.35,2.75,15.58,92.243,0.19
2010-04-13,83.8,83.44,3.84,1.07,1.5,2.34,2.75,16.2,92.2689,0.2
2010-04-14,85.62,85.81,3.88,1.07,1.54,2.34,2.73,15.59,91.9297,0.2
2010-04-15,85.25,86.9,3.86,1.04,1.49,2.37,2.78,15.89,92.2029,0.22
2010-04-16,82.97,84.81,3.79,0.98,1.46,2.33,2.76,18.36,92.5253,0.21
2010-04-17,,,,,,,,,,0.21
2010-04-18,,,,,,,,,,0.21
2010-04-19,81.52,83.09,3.83,1.01,1.49,2.34,2.77,17.34,92.8577,0.2
2010-04-20,82.98,84.73,3.82,1.05,1.47,2.35,2.74,15.73,92.4338,0.2
2010-04-21,82.78,84.55,3.77,1.03,1.42,2.35,2.75,16.32,92.4482,0.2
2010-04-22,82.89,84.58,3.8,1.07,1.46,2.34,2.73,16.47,92.7277,0.2
2010-04-23,84.34,86.09,3.84,1.1,1.47,2.37,2.75,16.62,92.6622,0.2
2010-04-24,,,,,,,,,,0.2
2010-04-25,,,,,,,,,,0.2
2010-04-26,84.2,86.72,3.83,1.09,1.46,2.37,2.74,17.47,92.5187,0.2
2010-04-27,82.43,85.59,3.71,1.03,1.37,2.34,2.68,22.81,93.0956,0.2
2010-04-28,83.22,84.59,3.8,1.03,1.4,2.4,2.8,21.08,93.4856,0.2
2010-04-29,85.17,86.82,3.76,1.01,1.31,2.45,2.84,18.44,92.9013,0.19
2010-04-30,86.07,86.19,3.69,0.97,1.29,2.4,2.79,22.05,92.8423,0.2
2010-05-01,,,,,,,,,,0.2
2010-05-02,,,,,,,,,,0.2
2010-05-03,86.19,88.09,3.72,1.0,1.32,2.4,2.8,20.19,93.235,0.2
2010-05-04,82.73,85.39,3.63,0.96,1.31,2.32,2.7,23.84,93.8137,0.21
2010-05-05,80.0,82.31,3.58,0.88,1.3,2.28,2.67,24.91,94.3968,0.21
2010-05-06,77.18,80.21,3.41,0.75,1.25,2.16,2.53,32.8,95.3032,0.2
2010-05-07,75.1,76.48,3.45,0.83,1.3,2.15,2.55,40.95,95.2952,0.2
2010-05-08,,,,,,,,,,0.2
2010-05-09,,,,,,,,,,0.2
2010-05-10,76.89,78.08,3.57,0.87,1.33,2.24,2.63,28.84,94.3096,0.2
2010-05-11,76.37,79.0,3.56,0.85,1.31,2.25,2.64,28.32,94.4305,0.2
2010-05-12,75.65,78.7,3.56,0.89,1.28,2.28,2.64,25.52,94.5515,0.2
2010-05-13,74.38,79.41,3.55,0.87,1.28,2.27,2.65,26.68,94.5071,0.2
2010-05-14,71.61,76.43,3.44,0.79,1.26,2.18,2.53,31.24,95.3746,0.2
2010-05-15,,,,,,,,,,0.2
2010-05-16,,,,,,,,,,0.2
2010-05-17,70.08,73.87,3.47,0.81,1.31,2.16,2.51,30.84,95.9795,0.21
2010-05-18,69.38,75.12,3.38,0.76,1.25,2.13,2.49,33.55,95.6212,0.21
2010-05-19,69.91,71.86,3.36,0.8,1.32,2.04,2.38,35.32,96.5083,0.2
2010-05-20,68.28,69.56,3.25,0.76,1.36,1.89,2.2,45.79,96.9483,0.2
2010-05-21,68.03,70.45,3.2,0.76,1.33,1.87,2.13,40.1,96.2911,0.2
2010-05-22,,,,,,,,,,0.2
2010-05-23,,,,,,,,,,0.2
2010-05-24,68.23,69.62,3.23,0.77,1.35,1.88,2.14,38.32,96.6433,0.21
2010-05-25,64.78,67.18,3.18,0.81,1.33,1.85,2.13,34.61,97.5487,0.21
2010-05-26,71.52,70.59,3.21,0.82,1.3,1.91,2.2,35.02,97.1879,0.2
2010-05-27,74.56,73.56,3.34,0.87,1.33,2.01,2.3,29.68,96.3611,0.2
2010-05-28,74.0,73.0,3.31,0.76,1.32,1.99,2.29,32.07,96.3062,0.19
2010-05-29,,,,,,,,,,0.19
2010-05-30,,,,,,,,,,0.19
2010-05-31,,,,,,,,,,0.19
2010-06-01,72.7,73.08,3.29,0.78,1.32,1.97,2.26,35.54,96.6123,0.2
2010-06-02,72.88,72.78,3.35,0.82,1.36,1.99,2.27,30.17,96.615,0.2
2010-06-03,74.62,73.12,3.39,0.82,1.34,2.05,2.33,29.46,96.461,0.19
2010-06-04,71.43,71.84,3.2,0.72,1.26,1.94,2.22,35.48,97.1688,0.19
2010-06-05,,,,,,,,,,0.19
2010-06-06,,,,,,,,,,0.19
2010-06-07,71.55,71.09,3.17,0.74,1.25,1.92,2.2,36.57,97.503,0.19
2010-06-08,71.88,71.43,3.18,0.74,1.29,1.89,2.16,33.7,97.3425,0.19
2010-06-09,74.38,73.68,3.2,0.74,1.28,1.92,2.21,33.73,96.8938,0.18
2010-06-10,75.48,74.33,3.33,0.79,1.35,1.98,2.28,30.57,96.4877,0.18
2010-06-11,73.89,73.28,3.24,0.75,1.29,1.95,2.25,28.79,96.5616,0.18
2010-06-12,,,,,,,,,,0.18
2010-06-13,,,,,,,,,,0.18
2010-06-14,74.99,75.11,3.28,0.77,1.31,1.97,2.25,28.58,95.8082,0.18
2010-06-15,76.84,75.29,3.32,0.79,1.32,2.0,2.32,25.87,95.7049,0.19
2010-06-16,77.67,76.12,3.27,0.75,1.28,1.99,2.31,25.92,95.5668,0.19
2010-06-17,76.82,77.52,3.21,0.72,1.22,1.99,2.3,25.05,95.4973,0.19
2010-06-18,77.18,77.05,3.24,0.74,1.25,1.99,2.29,23.95,95.2981,0.18
2010-06-19,,,,,,,,,,0.18
2010-06-20,,,,,,,,,,0.18
2010-06-21,77.84,78.53,3.26,0.74,1.24,2.02,2.33,24.88,94.8505,0.17
2010-06-22,77.15,78.08,3.18,0.71,1.2,1.98,2.28,27.05,95.1165,0.18
2010-06-23,75.9,75.22,3.13,0.66,1.19,1.94,2.24,26.91,95.4853,0.17
2010-06-24,75.96,75.17,3.14,0.67,1.23,1.91,2.22,29.74,95.6194,0.16
2010-06-25,78.45,76.21,3.12,0.65,1.21,1.91,2.21,28.53,95.4582,0.16
2010-06-26,,,,,,,,,,0.16
2010-06-27,,,,,,,,,,0.16
2010-06-28,78.26,76.66,3.05,0.62,1.17,1.88,2.19,29.0,95.2696,0.17
2010-06-29,75.93,74.21,2.97,0.61,1.14,1.83,2.12,34.13,96.0199,0.15
2010-06-30,75.59,74.94,2.97,0.61,1.15,1.82,2.1,34.54,95.9934,0.09
2010-07-01,72.95,71.73,2.96,0.63,1.21,1.75,2.02,32.86,95.8018,0.17
2010-07-02,72.06,71.75,3.0,0.63,1.27,1.73,1.98,30.12,95.6345,0.18
2010-07-03,,,,,,,,,,0.18
2010-07-04,,,,,,,,,,0.18
2010-07-05,,,,,,,,,,0.18
2010-07-06,71.96,73.08,2.95,0.62,1.26,1.69,1.97,29.65,95.1069,0.18
2010-07-07,74.05,72.97,3.0,0.63,1.3,1.7,2.0,26.84,95.1795,0.18
2010-07-08,75.46,74.56,3.04,0.63,1.25,1.79,2.15,25.71,94.7734,0.17
2010-07-09,76.08,75.2,3.07,0.63,1.26,1.81,2.15,24.98,94.683,0.18
2010-07-10,,,,,,,,,,0.18
2010-07-11,,,,,,,,,,0.18
2010-07-12,74.93,74.35,3.08,0.65,1.26,1.82,2.16,24.43,94.9598,0.17
2010-07-13,77.16,76.45,3.15,0.67,1.28,1.87,2.23,24.56,94.3856,0.17
2010-07-14,77.02,76.63,3.07,0.62,1.23,1.84,2.2,24.89,94.3247,0.17
2010-07-15,76.67,75.52,3.0,0.61,1.21,1.79,2.15,25.14,94.1988,0.19
2010-07-16,75.96,75.55,2.96,0.61,1.25,1.71,2.06,26.25,94.5061,0.19
2010-07-17,,,,,,,,,,0.19
2010-07-18,,,,,,,,,,0.19
2010-07-19,76.53,76.29,2.99,0.61,1.29,1.7,2.06,25.97,94.602,0.19
2010-07-20,77.32,76.31,2.98,0.61,1.28,1.7,2.08,23.93,94.542,0.18
2010-07-21,76.27,75.75,2.9,0.58,1.19,1.71,2.08,25.64,94.4496,0.18
2010-07-22,79.01,77.59,2.96,0.6,1.21,1.75,2.13,24.63,94.1135,0.18
2010-07-23,78.68,77.27,3.02,0.6,1.24,1.78,2.17,23.47,94.1431,0.19
2010-07-24,,,,,,,,,,0.19
2010-07-25,,,,,,,,,,0.19
2010-07-26,78.93,77.9,3.03,0.62,1.24,1.79,2.18,22.73,93.7556,0.19
2010-07-27,77.46,75.52,3.08,0.65,1.26,1.82,2.2,23.19,93.7583,0.19
2010-07-28,77.06,76.66,3.03,0.61,1.22,1.81,2.16,24.25,93.7506,0.2
2010-07-29,78.3,78.6,3.03,0.59,1.21,1.82,2.19,24.13,93.6004,0.19
2010-07-30,78.85,77.5,2.94,0.55,1.14,1.8,2.17,23.5,93.2793,0.18
2010-07-31,,,,,,,,,,0.18
2010-08-01,,,,,,,,,,0.18
2010-08-02,81.25,81.93,2.99,0.56,1.13,1.86,2.22,22.01,92.7916,0.19
2010-08-03,82.52,83.6,2.94,0.53,1.07,1.87,2.23,22.63,92.6258,0.19
2010-08-04,82.49,83.76,2.98,0.56,1.12,1.86,2.22,22.21,92.731,0.19
2010-08-05,82.0,82.9,2.94,0.53,1.07,1.87,2.24,22.1,92.6401,0.19
2010-08-06,80.67,81.28,2.86,0.5,1.04,1.82,2.18,21.74,92.5915,0.18
2010-08-07,,,,,,,,,,0.18
2010-08-08,,,,,,,,,,0.18
2010-08-09,81.46,81.54,2.86,0.54,1.04,1.82,2.16,22.14,92.6726,0.18
2010-08-10,80.24,79.89,2.79,0.52,0.95,1.84,2.2,22.37,93.2197,0.18
2010-08-11,78.09,77.83,2.72,0.54,0.95,1.77,2.11,25.39,93.7778,0.17
2010-08-12,75.68,76.63,2.74,0.55,1.05,1.69,2.03,25.73,93.8905,0.18
2010-08-13,75.39,75.14,2.68,0.54,1.0,1.68,2.02,26.24,94.0457,0.19
2010-08-14,,,,,,,,,,0.19
2010-08-15,,,,,,,,,,0.19
2010-08-16,75.17,74.56,2.58,0.51,0.95,1.63,1.97,26.1,93.7902,0.2
2010-08-17,75.76,76.74,2.64,0.52,1.01,1.63,1.98,24.33,93.4239,0.2
2010-08-18,75.39,75.1,2.64,0.51,1.02,1.62,1.96,24.59,93.3719,0.19
2010-08-19,74.45,74.84,2.58,0.49,1.02,1.56,1.9,26.44,93.7141,0.19
2010-08-20,73.45,73.48,2.62,0.49,1.05,1.57,1.9,25.49,94.2087,0.2
2010-08-21,,,,,,,,,,0.2
2010-08-22,,,,,,,,,,0.2
2010-08-23,72.71,73.08,2.6,0.49,1.05,1.55,1.89,25.66,94.3295,0.19
2010-08-24,71.24,70.61,2.5,0.5,1.01,1.49,1.79,27.46,94.4362,0.19
2010-08-25,72.07,70.74,2.54,0.53,1.01,1.53,1.85,26.7,94.7372,0.19
2010-08-26,73.36,74.5,2.5,0.51,0.95,1.55,1.86,27.37,94.3523,0.19
2010-08-27,75.17,75.16,2.66,0.56,1.05,1.61,1.95,24.45,94.3462,0.19
2010-08-28,,,,,,,,,,0.19
2010-08-29,,,,,,,,,,0.19
2010-08-30,74.69,76.05,2.54,0.5,0.99,1.55,1.87,27.21,94.5922,0.19
2010-08-31,71.93,75.51,2.47,0.47,0.95,1.52,1.85,26.05,94.7204,0.21
2010-09-01,73.97,75.53,2.58,0.5,1.02,1.56,1.91,23.89,94.1148,0.19
2010-09-02,74.99,74.93,2.63,0.5,1.05,1.58,1.96,23.19,94.0852,0.19
2010-09-03,74.52,75.03,2.72,0.52,1.1,1.62,1.99,21.31,93.6952,0.19
2010-09-04,,,,,,,,,,0.19
2010-09-05,,,,,,,,,,0.19
2010-09-06,,,,,,,,,,0.19
2010-09-07,73.98,75.78,2.61,0.49,0.98,1.63,2.02,23.8,94.042,0.2
2010-09-08,74.65,77.48,2.66,0.52,1.02,1.64,2.05,23.25,93.7785,0.19
2010-09-09,74.25,77.87,2.77,0.57,1.05,1.72,2.15,22.81,93.7033,0.18
2010-09-10,76.4,77.54,2.81,0.58,1.02,1.79,2.24,21.99,93.6768,0.18
2010-09-11,,,,,,,,,,0.18
2010-09-12,,,,,,,,,,0.18
2010-09-13,77.17,78.52,2.74,0.53,0.94,1.8,2.26,21.21,93.0767,0.18
2010-09-14,76.78,78.89,2.68,0.5,0.93,1.75,2.22,21.56,92.6182,0.19
2010-09-15,75.92,78.46,2.74,0.5,0.97,1.77,2.25,22.1,92.9313,0.21
2010-09-16,74.58,78.89,2.77,0.48,1.0,1.77,2.25,21.72,92.9108,0.21
2010-09-17,73.63,77.43,2.75,0.48,1.0,1.75,2.25,22.01,92.9418,0.21
2010-09-18,,,,,,,,,,0.21
2010-09-19,,,,,,,,,,0.21
2010-09-20,74.81,79.42,2.72,0.47,0.94,1.78,2.32,21.5,92.7496,0.21
2010-09-21,72.96,78.76,2.61,0.43,0.78,1.83,2.37,22.35,92.6684,0.2
2010-09-22,72.98,77.29,2.56,0.44,0.74,1.82,2.32,22.51,92.0647,0.21
2010-09-23,73.4,77.69,2.56,0.45,0.77,1.79,2.29,23.87,92.0233,0.2
2010-09-24,74.63,78.73,2.62,0.45,0.81,1.81,2.31,21.71,91.5996,0.21
2010-09-25,,,,,,,,,,0.21
2010-09-26,,,,,,,,,,0.21
2010-09-27,76.51,77.71,2.54,0.44,0.79,1.75,2.21,22.54,91.4803,0.19
2010-09-28,76.15,79.14,2.48,0.37,0.69,1.79,2.27,22.6,91.3493,0.19
2010-09-29,77.85,78.79,2.52,0.44,0.74,1.78,2.26,23.25,91.1632,0.19
2010-09-30,79.95,80.77,2.53,0.42,0.75,1.78,2.26,23.7,91.3415,0.15
2010-10-01,81.57,82.69,2.54,0.42,0.75,1.79,2.25,22.5,90.836,0.2
2010-10-02,,,,,,,,,,0.2
2010-10-03,,,,,,,,,,0.2
2010-10-04,81.43,83.42,2.5,0.41,0.72,1.78,2.23,23.53,91.0015,0.2
2010-10-05,82.83,83.35,2.5,0.41,0.65,1.85,2.3,21.76,90.5622,0.2
2010-10-06,83.21,85.01,2.41,0.38,0.52,1.89,2.33,21.49,90.1411,0.19
2010-10-07,81.34,83.67,2.41,0.36,0.53,1.88,2.35,21.56,90.286,0.18
2010-10-08,82.66,83.88,2.41,0.35,0.45,1.96,2.44,20.71,90.1133,0.18
2010-10-09,,,,,,,,,,0.18
2010-10-10,,,,,,,,,,0.18
2010-10-11,82.18,83.08,,,,,,18.96,,0.18
2010-10-12,81.67,82.99,2.44,0.37,0.49,1.95,2.42,18.93,90.2203,0.18
2010-10-13,83.03,84.01,2.46,0.37,0.44,2.02,2.47,19.07,89.7779,0.18
2010-10-14,82.71,83.55,2.52,0.38,0.41,2.11,2.55,19.88,89.5228,0.19
2010-10-15,81.23,81.94,2.59,0.37,0.5,2.09,2.6,19.03,89.6815,0.2
2010-10-16,,,,,,,,,,0.2
2010-10-17,,,,,,,,,,0.2
2010-10-18,83.06,82.3,2.52,0.38,0.47,2.05,2.57,19.09,89.8484,0.19
2010-10-19,79.57,81.12,2.5,0.37,0.44,2.06,2.61,20.63,90.5499,0.19
2010-10-20,81.93,81.68,2.51,0.35,0.47,2.04,2.6,19.79,90.1446,0.19
2010-10-21,80.03,81.28,2.57,0.37,0.5,2.07,2.62,19.27,90.138,0.19
2010-10-22,81.15,80.75,2.59,0.35,0.5,2.09,2.62,18.78,90.4063,0.19
2010-10-23,,,,,,,,,,0.19
2010-10-24,,,,,,,,,,0.19
2010-10-25,82.0,81.91,2.59,0.37,0.45,2.14,2.66,19.85,89.9328,0.19
2010-10-26,82.6,82.62,2.67,0.4,0.52,2.15,2.67,20.22,90.2818,0.19
2010-10-27,81.9,81.27,2.75,0.4,0.62,2.13,2.67,20.71,90.8038,0.19
2010-10-28,82.2,82.97,2.69,0.37,0.57,2.12,2.72,20.88,90.2407,0.19
2010-10-29,81.45,82.47,2.63,0.34,0.5,2.13,2.78,21.2,90.0935,0.2
2010-10-30,,,,,,,,,,0.2
2010-10-31,,,,,,,,,,0.2
2010-11-01,82.94,84.06,2.66,0.34,0.49,2.17,2.83,21.83,90.0307,0.2
2010-11-02,83.91,84.71,2.63,0.34,0.49,2.14,2.79,21.57,89.6847,0.2
2010-11-03,84.45,85.33,2.67,0.34,0.5,2.17,2.83,19.56,89.7079,0.2
2010-11-04,86.49,86.83,2.53,0.33,0.44,2.09,2.66,18.52,88.9831,0.19
2010-11-05,86.85,87.05,2.58,0.38,0.48,2.1,2.63,18.26,89.2441,0.18
2010-11-06,,,,,,,,,,0.18
2010-11-07,,,,,,,,,,0.18
2010-11-08,87.07,87.15,2.6,0.41,0.48,2.12,2.66,18.29,89.5711,0.18
2010-11-09,87.04,87.93,2.72,0.46,0.58,2.14,2.7,19.08,89.558,0.17
2010-11-10,87.77,87.92,2.65,0.44,0.56,2.09,2.58,18.47,89.9056,0.17
2010-11-11,87.77,88.08,,,,,,18.64,,0.17
2010-11-12,84.89,86.07,2.76,0.51,0.71,2.05,2.53,20.61,90.1701,0.19
2010-11-13,,,,,,,,,,0.19
2010-11-14,,,,,,,,,,0.19
2010-11-15,84.88,85.49,2.92,0.53,0.87,2.05,2.53,20.2,90.4331,0.21
2010-11-16,82.33,83.98,2.85,0.51,0.87,1.98,2.47,22.58,91.1102,0.21
2010-11-17,80.43,83.36,2.89,0.5,0.84,2.05,2.57,21.76,90.9282,0.2
2010-11-18,81.88,83.7,2.9,0.52,0.83,2.07,2.57,18.75,90.649,0.2
2010-11-19,81.65,83.17,2.88,0.52,0.77,2.11,2.63,18.04,90.6986,0.21
2010-11-20,,,,,,,,,,0.21
2010-11-21,,,,,,,,,,0.21
2010-11-22,81.24,82.34,2.8,0.49,0.7,2.1,2.62,18.37,90.7023,0.19
2010-11-23,80.79,82.37,2.77,0.45,0.69,2.08,2.62,20.63,91.4318,0.2
2010-11-24,83.21,84.53,2.93,0.53,0.8,2.13,2.67,19.56,91.2179,0.2
2010-11-25,,,,,,,,,,0.2
2010-11-26,83.87,84.78,2.87,0.51,0.75,2.12,2.64,22.22,91.8152,0.2
2010-11-27,,,,,,,,,,0.2
2010-11-28,,,,,,,,,,0.2
2010-11-29,85.73,85.9,2.84,0.52,0.73,2.11,2.64,21.53,92.1997,0.2
2010-11-30,84.12,86.02,2.81,0.45,0.74,2.07,2.6,23.54,92.1494,0.2
2010-12-01,86.75,88.56,2.97,0.53,0.83,2.14,2.68,21.36,91.6799,0.2
2010-12-02,87.98,89.37,3.01,0.55,0.84,2.17,2.7,19.39,91.2651,0.19
2010-12-03,89.18,90.65,3.03,0.49,0.86,2.17,2.72,18.01,90.8788,0.18
2010-12-04,,,,,,,,,,0.18
2010-12-05,,,,,,,,,,0.18
2010-12-06,89.33,91.25,2.95,0.42,0.79,2.16,2.72,18.02,91.0167,0.18
2010-12-07,88.69,90.78,3.15,0.54,0.92,2.23,2.79,17.99,90.9732,0.17
2010-12-08,88.3,89.74,3.26,0.63,1.07,2.19,2.7,17.74,91.3376,0.17
2010-12-09,88.35,89.93,3.23,0.64,1.09,2.14,2.63,17.25,91.3923,0.16
2010-12-10,87.81,89.54,3.32,0.64,1.16,2.16,2.67,17.61,91.2831,0.16
2010-12-11,,,,,,,,,,0.16
2010-12-12,,,,,,,,,,0.16
2010-12-13,88.62,90.4,3.29,0.61,1.11,2.18,2.7,17.55,90.8837,0.17
2010-12-14,88.33,90.63,3.49,0.66,1.27,2.22,2.75,17.61,90.764,0.19
2010-12-15,88.66,91.33,3.53,0.68,1.22,2.31,2.85,17.94,91.094,0.2
2010-12-16,87.71,91.09,3.47,0.66,1.15,2.32,2.86,17.39,91.3773,0.2
2010-12-17,88.02,91.11,3.33,0.61,1.05,2.28,2.81,16.11,91.5555,0.2
2010-12-18,,,,,,,,,,0.2
2010-12-19,,,,,,,,,,0.2
2010-12-20,88.68,91.31,3.36,0.62,1.07,2.29,2.83,16.41,91.6398,0.21
2010-12-21,89.3,93.11,3.35,0.63,1.06,2.29,2.81,16.49,91.519,0.2
2010-12-22,89.83,93.55,3.36,0.65,1.03,2.33,2.85,15.45,91.429,0.19
2010-12-23,90.84,93.63,3.41,0.67,1.08,2.33,2.83,16.47,91.3013,0.19
2010-12-24,,,,,,,,,,0.19
2010-12-25,,,,,,,,,,0.19
2010-12-26,,,,,,,,,,0.19
2010-12-27,90.99,93.08,3.36,0.71,1.06,2.3,2.77,17.67,91.1963,0.19
2010-12-28,91.48,93.52,3.5,0.75,1.17,2.33,2.82,17.52,90.9848,0.18
2010-12-29,91.13,93.52,3.35,0.64,1.06,2.29,2.77,17.28,90.7669,0.18
2010-12-30,89.85,92.5,3.38,0.66,1.08,2.3,2.78,17.52,90.5146,0.19
2010-12-31,91.38,93.23,3.3,0.61,1.0,2.3,2.77,17.75,,0.13
2011-01-01,,,,,,,,,,0.13
2011-01-02,,,,,,,,,,0.13
2011-01-03,91.59,95.82,3.36,0.61,1.05,2.31,2.8,17.61,89.9524,0.19
2011-01-04,89.39,93.52,3.36,0.63,1.01,2.35,2.84,17.38,90.3277,0.18
2011-01-05,90.3,95.07,3.5,0.71,1.08,2.42,2.9,17.02,90.5715,0.18
2011-01-06,88.37,94.95,3.44,0.68,1.03,2.41,2.86,17.4,90.9125,0.17
2011-01-07,88.07,94.25,3.34,0.6,0.98,2.36,2.81,17.14,91.0001,0.17
2011-01-08,,,,,,,,,,0.17
2011-01-09,,,,,,,,,,0.17
2011-01-10,89.24,95.05,3.32,0.59,0.96,2.36,2.81,17.54,91.03,0.17
2011-01-11,91.11,96.8,3.37,0.6,0.97,2.4,2.8,16.89,90.8431,0.17
2011-01-12,91.85,97.86,3.4,0.61,0.98,2.42,2.84,16.24,90.4111,0.16
2011-01-13,91.39,97.86,3.34,0.59,0.97,2.37,2.79,16.39,89.9019,0.16
2011-01-14,91.53,97.86,3.35,0.59,1.0,2.35,2.77,15.46,90.0461,0.16
2011-01-15,,,,,,,,,,0.16
2011-01-16,,,,,,,,,,0.16
2011-01-17,,,,,,,,,,0.16
2011-01-18,91.38,97.83,3.39,0.6,0.99,2.4,2.85,15.87,89.821,0.19
2011-01-19,90.85,98.42,3.37,0.6,0.99,2.38,2.82,17.31,89.6948,0.18
2011-01-20,88.56,96.27,3.47,0.65,1.22,2.25,2.6,17.99,90.1316,0.18
2011-01-21,88.22,96.84,3.44,0.63,1.2,2.24,2.56,18.47,89.7204,0.17
2011-01-22,,,,,,,,,,0.17
2011-01-23,,,,,,,,,,0.17
2011-01-24,86.74,96.76,3.43,0.65,1.18,2.25,2.57,17.65,89.5375,0.18
2011-01-25,85.08,96.76,3.35,0.62,1.11,2.24,2.54,17.59,89.7279,0.17
2011-01-26,86.15,96.04,3.45,0.62,1.16,2.29,2.62,16.64,89.5091,0.17
2011-01-27,84.45,96.48,3.42,0.59,1.16,2.26,2.62,16.15,89.5728,0.17
2011-01-28,88.15,97.06,3.36,0.54,1.09,2.27,2.61,20.04,89.8189,0.17
2011-01-29,,,,,,,,,,0.17
2011-01-30,,,,,,,,,,0.17
2011-01-31,90.99,98.97,3.42,0.58,1.08,2.34,2.72,19.53,89.694,0.17
2011-02-01,89.54,100.4,3.48,0.61,1.11,2.37,2.73,17.63,89.1436,0.18
2011-02-02,89.78,101.3,3.52,0.67,1.16,2.36,2.71,17.3,89.0737,0.18
2011-02-03,89.42,101.69,3.58,0.71,1.23,2.35,2.7,16.69,89.2522,0.17
2011-02-04,87.87,99.43,3.68,0.77,1.3,2.38,2.77,15.93,89.391,0.17
2011-02-05,,,,,,,,,,0.17
2011-02-06,,,,,,,,,,0.17
2011-02-07,86.3,99.44,3.68,0.78,1.32,2.36,2.74,16.28,89.3556,0.17
2011-02-08,85.85,99.25,3.75,0.86,1.39,2.36,2.77,15.81,89.1241,0.16
2011-02-09,85.59,100.16,3.65,0.81,1.34,2.31,2.68,15.87,89.4166,0.15
2011-02-10,85.44,100.74,3.7,0.85,1.39,2.31,2.7,16.09,89.6266,0.15
2011-02-11,84.39,99.93,3.64,0.85,1.36,2.28,2.68,15.69,89.8784,0.15
2011-02-12,,,,,,,,,,0.15
2011-02-13,,,,,,,,,,0.15
2011-02-14,83.66,103.12,3.62,0.87,1.34,2.28,2.7,15.95,89.8543,0.15
2011-02-15,83.13,102.48,3.61,0.84,1.33,2.28,2.65,16.37,89.8871,0.16
2011-02-16,83.8,102.78,3.62,0.86,1.37,2.25,2.56,16.72,89.7059,0.15
2011-02-17,85.05,103.45,3.58,0.8,1.31,2.27,2.57,16.59,89.4102,0.15
2011-02-18,85.03,102.2,3.59,0.78,1.25,2.34,2.64,16.43,89.1974,0.15
2011-02-19,,,,,,,,,,0.15
2011-02-20,,,,,,,,,,0.15
2011-02-21,,,,,,,,,,0.15
2011-02-22,92.65,106.82,3.46,0.74,1.12,2.34,2.59,20.8,89.4617,0.15
2011-02-23,96.04,109.77,3.49,0.74,1.1,2.39,2.58,22.13,89.4186,0.15
2011-02-24,95.83,113.91,3.46,0.73,1.05,2.41,2.62,21.32,89.2346,0.15
2011-02-25,96.52,111.47,3.42,0.72,1.02,2.4,2.63,19.22,89.1664,0.15
2011-02-26,,,,,,,,,,0.15
2011-02-27,,,,,,,,,,0.15
2011-02-28,97.1,112.27,3.42,0.69,1.03,2.39,2.63,18.35,88.9391,0.16
2011-03-01,99.63,113.34,3.41,0.66,1.0,2.41,2.65,21.01,88.831,0.15
2011-03-02,102.27,116.89,3.46,0.69,1.01,2.45,2.65,20.7,88.7317,0.16
2011-03-03,101.92,114.42,3.58,0.79,1.09,2.49,2.71,18.6,88.637,0.15
2011-03-04,104.34,115.71,3.49,0.68,1.0,2.49,2.74,19.06,88.4898,0.15
2011-03-05,,,,,,,,,,0.15
2011-03-06,,,,,,,,,,0.15
2011-03-07,105.37,116.58,3.51,0.7,1.0,2.51,2.76,20.66,88.5207,0.14
2011-03-08,105.06,112.32,3.56,0.73,1.01,2.55,2.79,19.82,88.6454,0.14
2011-03-09,104.39,115.19,3.48,0.7,0.98,2.5,2.75,20.22,88.5328,0.14
2011-03-10,102.73,114.07,3.37,0.65,0.91,2.46,2.7,21.88,88.8698,0.14
2011-03-11,101.14,114.07,3.4,0.64,0.96,2.44,2.71,20.08,88.691,0.13
2011-03-12,,,,,,,,,,0.13
2011-03-13,,,,,,,,,,0.13
2011-03-14,101.2,112.95,3.36,0.61,0.93,2.43,2.71,21.13,88.5191,0.14
2011-03-15,97.23,111.11,3.33,0.63,0.93,2.4,2.64,24.32,88.7845,0.14
2011-03-16,97.99,110.96,3.22,0.58,0.85,2.37,2.65,29.4,88.9785,0.14
2011-03-17,101.47,114.18,3.25,0.6,0.82,2.43,2.68,26.37,88.6549,0.14
2011-03-18,101.06,114.13,3.28,0.61,0.85,2.43,2.68,24.44,88.5221,0.15
2011-03-19,,,,,,,,,,0.15
2011-03-20,,,,,,,,,,0.15
2011-03-21,102.36,114.92,3.34,0.67,0.9,2.44,2.68,20.61,88.2032,0.14
2011-03-22,104.53,115.63,3.34,0.68,0.95,2.39,2.59,20.21,88.0665,0.14
2011-03-23,105.21,115.65,3.36,0.69,0.98,2.38,2.6,19.17,88.3328,0.14
2011-03-24,105.04,115.41,3.42,0.72,0.95,2.47,2.72,18.0,88.0592,0.13
2011-03-25,104.89,115.45,3.46,0.79,1.02,2.44,2.69,17.91,88.1716,0.13
2011-03-26,,,,,,,,,,0.13
2011-03-27,,,,,,,,,,0.13
2011-03-28,103.54,115.95,3.47,0.81,1.01,2.46,2.74,19.44,88.3058,0.13
2011-03-29,104.34,115.58,3.5,0.81,1.03,2.47,2.74,18.16,88.3991,0.13
2011-03-30,103.8,115.35,3.47,0.8,1.0,2.47,2.75,17.71,88.2298,0.13
2011-03-31,106.19,116.94,3.47,0.8,0.99,2.48,2.75,17.74,88.0299,0.1
2011-04-01,107.55,118.63,3.46,0.8,0.94,2.52,2.79,17.4,87.7993,0.11
2011-04-02,,,,,,,,,,0.11
2011-04-03,,,,,,,,,,0.11
2011-04-04,108.14,120.07,3.45,0.77,0.91,2.54,2.79,17.5,87.8406,0.09
2011-04-05,107.82,122.87,3.5,0.84,0.94,2.56,2.8,17.25,87.7483,0.09
2011-04-06,108.38,123.01,3.56,0.85,0.99,2.57,2.8,16.9,87.4913,0.1
2011-04-07,109.82,122.9,3.58,0.81,0.99,2.59,2.85,17.11,87.532,0.1
2011-04-08,112.27,126.3,3.59,0.83,0.95,2.64,2.9,17.87,87.1493,0.09
2011-04-09,,,,,,,,,,0.09
2011-04-10,,,,,,,,,,0.09
2011-04-11,109.5,126.46,3.59,0.85,0.96,2.63,2.88,16.59,87.094,0.09
2011-04-12,105.75,121.33,3.52,0.77,0.9,2.62,2.92,17.09,87.2943,0.08
2011-04-13,106.6,122.7,3.49,0.75,0.88,2.61,2.92,16.92,87.2093,0.08
2011-04-14,107.73,122.74,3.51,0.77,0.89,2.62,2.99,16.27,87.0802,0.09
2011-04-15,109.17,124.63,3.43,0.71,0.82,2.61,2.99,15.32,87.005,0.12
2011-04-16,,,,,,,,,,0.12
2011-04-17,,,,,,,,,,0.12
2011-04-18,106.7,121.69,3.4,0.69,0.8,2.6,3.01,16.96,87.5081,0.1
2011-04-19,107.18,121.35,3.39,0.68,0.76,2.63,3.02,15.83,87.0791,0.11
2011-04-20,110.84,124.26,3.43,0.69,0.82,2.61,2.95,15.07,86.5642,0.1
2011-04-21,111.72,123.64,3.42,0.68,0.83,2.59,2.89,14.69,86.2256,0.1
2011-04-22,,,,,,,,,86.3742,0.1
2011-04-23,,,,,,,,,,0.1
2011-04-24,,,,,,,,,,0.1
2011-04-25,111.68,,3.39,0.67,0.79,2.6,2.9,15.77,86.4026,0.1
2011-04-26,111.72,124.55,3.34,0.65,0.76,2.58,2.84,15.62,86.2576,0.09
2011-04-27,112.31,124.94,3.39,0.65,0.81,2.58,2.79,15.35,86.2519,0.09
2011-04-28,112.38,126.59,3.34,0.62,0.78,2.56,2.71,14.62,85.8419,0.09
2011-04-29,113.39,,3.32,0.61,0.75,2.57,2.69,14.75,85.5999,0.09
2011-04-30,,,,,,,,,,0.09
2011-05-01,,,,,,,,,,0.09
2011-05-02,113.03,126.64,3.31,0.61,0.75,2.56,2.68,15.99,85.5199,0.09
2011-05-03,110.6,124.01,3.28,0.61,0.73,2.55,2.68,16.7,85.6352,0.09
2011-05-04,108.79,121.55,3.25,0.6,0.7,2.55,2.69,17.08,85.8917,0.09
2011-05-05,99.89,111.93,3.18,0.58,0.7,2.48,2.68,18.2,86.508,0.09
2011-05-06,96.87,113.69,3.19,0.57,0.71,2.48,2.71,18.4,86.4575,0.09
2011-05-07,,,,,,,,,,0.09
2011-05-08,,,,,,,,,,0.09
2011-05-09,100.32,113.21,3.17,0.57,0.69,2.48,2.67,17.16,86.8346,0.09
2011-05-10,103.39,117.82,3.23,0.59,0.74,2.49,2.67,15.91,86.6518,0.09
2011-05-11,97.88,115.66,3.19,0.56,0.76,2.43,2.66,16.95,86.7195,0.09
2011-05-12,98.53,112.87,3.22,0.57,0.79,2.43,2.66,16.03,87.0767,0.09
2011-05-13,99.21,113.08,3.18,0.57,0.79,2.39,2.63,17.07,87.4176,0.09
2011-05-14,,,,,,,,,,0.09
2011-05-15,,,,,,,,,,0.09
2011-05-16,96.91,113.72,3.15,0.54,0.81,2.34,2.56,18.24,87.3311,0.1
2011-05-17,96.4,109.39,3.12,0.55,0.82,2.3,2.52,17.55,87.6307,0.09
2011-05-18,99.52,112.54,3.18,0.58,0.82,2.36,2.58,16.23,87.295,0.1
2011-05-19,97.99,113.2,3.17,0.55,0.91,2.26,2.42,15.52,87.2638,0.09
2011-05-20,99.15,111.25,3.15,0.55,0.85,2.3,2.53,17.43,87.3044,0.1
2011-05-21,,,,,,,,,,0.1
2011-05-22,,,,,,,,,,0.1
2011-05-23,97.06,110.13,3.13,0.55,0.84,2.29,2.55,18.27,87.8941,0.1
2011-05-24,99.13,112.52,3.12,0.56,0.79,2.33,2.59,17.82,87.662,0.1
2011-05-25,100.78,114.47,3.13,0.54,0.8,2.33,2.58,17.07,87.6136,0.09
2011-05-26,100.18,115.06,3.07,0.48,0.76,2.31,2.56,16.09,87.5588,0.09
2011-05-27,100.58,114.85,3.07,0.48,0.79,2.28,2.53,15.98,86.9525,0.1
2011-05-28,,,,,,,,,,0.1
2011-05-29,,,,,,,,,,0.1
2011-05-30,,,,,,,,,,0.1
2011-05-31,102.7,117.18,3.05,0.45,0.8,2.25,2.5,15.45,86.656,0.1
2011-06-01,100.3,116.15,2.96,0.44,0.74,2.22,2.45,18.3,86.5964,0.1
2011-06-02,100.41,114.3,3.04,0.45,0.78,2.26,2.5,18.09,86.8435,0.1
2011-06-03,100.28,115.09,2.99,0.42,0.75,2.24,2.45,17.95,86.4234,0.11
2011-06-04,,,,,,,,,,0.11
2011-06-05,,,,,,,,,,0.11
2011-06-06,99.07,115.4,3.01,0.43,0.76,2.25,2.47,18.49,86.4669,0.1
2011-06-07,99.18,116.14,3.01,0.39,0.76,2.25,2.46,18.07,86.3627,0.09
2011-06-08,100.77,118.43,2.98,0.39,0.76,2.22,2.43,18.79,86.5714,0.09
2011-06-09,101.95,119.95,3.01,0.43,0.8,2.21,2.39,17.77,86.5913,0.09
2011-06-10,99.3,118.71,2.99,0.41,0.79,2.2,2.41,18.86,87.042,0.09
2011-06-11,,,,,,,,,,0.09
2011-06-12,,,,,,,,,,0.09
2011-06-13,97.2,120.49,3.0,0.4,0.8,2.2,2.41,19.61,87.0579,0.1
2011-06-14,99.37,120.35,3.11,0.45,0.83,2.28,2.52,18.26,86.6771,0.1
2011-06-15,94.83,114.67,2.98,0.38,0.74,2.24,2.49,21.32,87.3342,0.1
2011-06-16,94.95,114.69,2.93,0.38,0.73,2.2,2.45,22.73,87.6917,0.1
2011-06-17,93.02,113.74,2.94,0.38,0.75,2.19,2.48,21.85,87.2179,0.1
2011-06-18,,,,,,,,,,0.1
2011-06-19,,,,,,,,,,0.1
2011-06-20,93.23,112.21,2.97,0.38,0.79,2.18,2.47,19.99,87.1908,0.09
2011-06-21,93.7,112.02,2.99,0.4,0.78,2.21,2.51,18.86,86.857,0.09
2011-06-22,94.96,113.59,3.01,0.39,0.82,2.19,2.48,18.52,86.8067,0.09
2011-06-23,90.7,108.27,2.93,0.35,0.71,2.22,2.63,19.29,87.455,0.08
2011-06-24,90.89,104.79,2.88,0.35,0.64,2.24,2.69,21.1,87.5014,0.08
2011-06-25,,,,,,,,,,0.08
2011-06-26,,,,,,,,,,0.08
2011-06-27,90.65,104.57,2.95,0.41,0.67,2.28,2.76,20.56,87.5225,0.08
2011-06-28,92.9,107.57,3.05,0.48,0.73,2.32,2.76,19.17,87.2178,0.08
2011-06-29,94.85,111.49,3.14,0.47,0.74,2.4,2.8,17.27,86.8014,0.07
2011-06-30,95.3,111.71,3.18,0.45,0.75,2.43,2.83,16.52,86.4786,0.07
2011-07-01,94.81,109.82,3.22,0.5,0.77,2.45,2.85,15.87,86.3613,0.08
2011-07-02,,,,,,,,,,0.08
2011-07-03,,,,,,,,,,0.08
2011-07-04,,,,,,,,,,0.08
2011-07-05,96.92,113.21,3.16,0.44,0.77,2.39,2.75,16.06,86.4253,0.08
2011-07-06,96.67,113.55,3.12,0.43,0.74,2.38,2.73,16.34,86.6825,0.07
2011-07-07,98.7,117.4,3.17,0.49,0.75,2.42,2.74,15.95,86.4825,0.07
2011-07-08,96.2,117.4,3.03,0.4,0.69,2.34,2.67,15.95,86.615,0.07
2011-07-09,,,,,,,,,,0.07
2011-07-10,,,,,,,,,,0.07
2011-07-11,95.16,117.35,2.94,0.37,0.63,2.31,2.61,18.39,87.1013,0.07
2011-07-12,97.41,117.36,2.92,0.37,0.6,2.32,2.63,19.87,87.1701,0.06
2011-07-13,98.04,118.46,2.92,0.37,0.59,2.33,2.67,19.91,86.5697,0.06
2011-07-14,95.75,117.38,2.98,0.38,0.68,2.3,2.62,20.8,86.5234,0.06
2011-07-15,97.24,118.06,2.94,0.37,0.61,2.33,2.68,19.53,86.5169,0.06
2011-07-16,,,,,,,,,,0.06
2011-07-17,,,,,,,,,,0.06
2011-07-18,95.94,117.05,2.94,0.37,0.58,2.36,2.72,20.95,86.9549,0.06
2011-07-19,97.49,118.18,2.91,0.39,0.54,2.37,2.72,19.21,86.4386,0.06
2011-07-20,98.11,118.52,2.96,0.4,0.62,2.34,2.67,19.09,86.2794,0.06
2011-07-21,98.96,118.25,3.03,0.4,0.68,2.35,2.66,17.56,85.8378,0.06
2011-07-22,99.53,118.99,2.99,0.4,0.61,2.38,2.73,17.52,85.8623,0.06
2011-07-23,,,,,,,,,,0.06
2011-07-24,,,,,,,,,,0.06
2011-07-25,98.97,118.27,3.03,0.42,0.58,2.45,2.84,19.35,85.8006,0.06
2011-07-26,99.61,118.14,2.99,0.41,0.57,2.42,2.83,20.23,85.4692,0.06
2011-07-27,97.4,117.99,3.01,0.44,0.56,2.45,2.8,22.98,85.7126,0.07
2011-07-28,97.48,118.16,2.98,0.42,0.52,2.46,2.81,23.74,85.8245,0.08
2011-07-29,95.68,115.93,2.82,0.36,0.38,2.44,2.81,25.25,85.7282,0.11
2011-07-30,,,,,,,,,,0.11
2011-07-31,,,,,,,,,,0.11
2011-08-01,94.98,116.37,2.77,0.38,0.33,2.44,2.81,23.66,86.0391,0.17
2011-08-02,93.78,116.02,2.66,0.33,0.29,2.37,2.75,24.79,86.0533,0.16
2011-08-03,91.87,113.74,2.64,0.33,0.36,2.28,2.69,23.38,86.0706,0.12
2011-08-04,86.75,110.22,2.47,0.27,0.24,2.23,2.67,31.66,86.9299,0.09
2011-08-05,86.89,106.92,2.58,0.28,0.32,2.26,2.7,32.0,87.1084,0.08
2011-08-06,,,,,,,,,,0.08
2011-08-07,,,,,,,,,,0.08
2011-08-08,81.27,103.06,2.4,0.27,0.2,2.2,2.66,48.0,87.1873,0.11
2011-08-09,79.32,103.63,2.2,0.19,0.0,2.2,2.65,35.06,87.3919,0.1
2011-08-10,83.05,103.84,2.17,0.19,-0.13,2.3,2.65,42.99,87.3792,0.1
2011-08-11,85.48,107.82,2.34,0.19,0.06,2.28,2.7,39.0,87.3215,0.09
2011-08-12,85.19,108.17,2.24,0.2,-0.02,2.26,2.68,36.36,87.177,0.1
2011-08-13,,,,,,,,,,0.1
2011-08-14,,,,,,,,,,0.1
2011-08-15,87.88,108.89,2.29,0.19,0.06,2.23,2.66,31.87,86.7515,0.1
2011-08-16,86.65,109.69,2.23,0.2,0.05,2.18,2.62,32.85,86.7115,0.09
2011-08-17,87.58,111.37,2.17,0.19,0.01,2.16,2.59,31.58,86.5518,0.09
2011-08-18,82.38,108.36,2.08,0.2,0.09,1.99,2.36,42.67,87.1271,0.09
2011-08-19,82.33,109.37,2.07,0.2,0.02,2.05,2.4,43.05,86.8286,0.09
2011-08-20,,,,,,,,,,0.09
2011-08-21,,,,,,,,,,0.09
2011-08-22,84.42,108.83,2.1,0.22,0.03,2.07,2.41,42.44,87.0753,0.09
2011-08-23,85.35,110.35,2.15,0.22,0.13,2.02,2.38,36.27,86.9001,0.08
2011-08-24,84.99,111.91,2.29,0.23,0.25,2.04,2.43,35.9,87.1316,0.08
2011-08-25,85.15,111.91,2.23,0.22,0.13,2.1,2.52,39.76,87.2306,0.08
2011-08-26,85.37,112.29,2.19,0.2,0.15,2.04,2.44,35.59,87.0751,0.09
2011-08-27,,,,,,,,,,0.09
2011-08-28,,,,,,,,,,0.09
2011-08-29,87.27,,2.28,0.2,0.22,2.06,2.45,32.28,86.8433,0.09
2011-08-30,88.9,115.59,2.19,0.2,0.14,2.05,2.43,32.89,87.001,0.08
2011-08-31,88.81,116.48,2.23,0.2,0.18,2.05,2.38,31.62,86.7739,0.08
2011-09-01,88.93,116.43,2.15,0.19,0.07,2.08,2.44,31.82,86.8512,0.08
2011-09-02,86.45,115.92,2.02,0.2,0.0,2.02,2.32,33.92,87.1797,0.08
2011-09-03,,,,,,,,,,0.08
2011-09-04,,,,,,,,,,0.08
2011-09-05,,,,,,,,,,0.08
2011-09-06,85.99,113.29,1.98,0.21,0.05,1.93,2.23,37.0,88.1645,0.09
2011-09-07,89.34,117.5,2.05,0.21,0.09,1.96,2.25,33.38,87.9699,0.09
2011-09-08,89.05,117.99,2.0,0.19,0.0,2.0,2.27,34.32,88.1162,0.09
2011-09-09,87.24,115.1,1.93,0.17,-0.03,1.96,2.27,38.52,88.9514,0.09
2011-09-10,,,,,,,,,,0.09
2011-09-11,,,,,,,,,,0.09
2011-09-12,88.19,114.75,1.94,0.21,0.0,1.94,2.25,38.59,89.2192,0.09
2011-09-13,90.21,114.08,2.0,0.21,0.07,1.93,2.25,36.91,89.2653,0.09
2011-09-14,88.91,113.1,2.03,0.19,0.12,1.91,2.24,34.6,89.419,0.08
2011-09-15,89.4,116.71,2.09,0.21,0.13,1.96,2.19,31.97,89.0647,0.09
2011-09-16,87.96,116.26,2.08,0.18,0.13,1.95,2.21,30.98,89.1108,0.09
2011-09-17,,,,,,,,,,0.09
2011-09-18,,,,,,,,,,0.09
2011-09-19,85.7,112.89,1.97,0.16,0.09,1.88,2.15,32.73,89.9336,0.09
2011-09-20,86.92,114.39,1.95,0.18,0.04,1.91,2.15,32.86,89.8777,0.09
2011-09-21,85.77,114.26,1.88,0.21,0.02,1.86,2.06,37.32,90.3453,0.08
2011-09-22,80.29,109.21,1.72,0.2,0.01,1.71,1.93,41.35,92.075,0.08
2011-09-23,79.58,109.17,1.84,0.23,0.1,1.74,2.0,41.25,91.6904,0.08
2011-09-24,,,,,,,,,,0.08
2011-09-25,,,,,,,,,,0.08
2011-09-26,79.97,107.9,1.91,0.25,0.12,1.79,2.1,39.02,91.7724,0.08
2011-09-27,84.18,109.54,2.0,0.25,0.12,1.88,2.19,37.71,90.8985,0.08
2011-09-28,80.94,108.52,2.03,0.27,0.16,1.87,2.17,41.08,91.0227,0.08
2011-09-29,81.87,107.08,1.99,0.27,0.17,1.82,2.1,38.84,91.3033,0.08
2011-09-30,78.93,105.42,1.92,0.25,0.17,1.75,2.0,42.96,91.9998,0.06
2011-10-01,,,,,,,,,,0.06
2011-10-02,,,,,,,,,,0.06
2011-10-03,77.34,103.61,1.8,0.24,0.07,1.73,1.98,45.45,92.5128,0.08
2011-10-04,75.4,101.84,1.81,0.25,0.05,1.76,2.03,40.82,92.9508,0.07
2011-10-05,79.41,103.77,1.92,0.25,0.12,1.8,2.1,37.81,92.3008,0.07
2011-10-06,82.32,104.38,2.01,0.29,0.13,1.88,2.18,36.27,91.9661,0.07
2011-10-07,82.7,106.56,2.1,0.3,0.16,1.94,2.25,36.2,91.2469,0.07
2011-10-08,,,,,,,,,,0.07
2011-10-09,,,,,,,,,,0.07
2011-10-10,85.14,109.49,,,,,,33.02,,0.07
2011-10-11,85.54,109.22,2.18,0.32,0.23,1.95,2.25,32.86,90.9162,0.07
2011-10-12,85.3,112.44,2.24,0.29,0.26,1.98,2.29,31.26,90.3378,0.07
2011-10-13,83.96,112.45,2.19,0.29,0.27,1.92,2.23,30.7,90.6603,0.07
2011-10-14,86.8,114.33,2.26,0.28,0.28,1.98,2.3,28.24,90.2116,0.07
2011-10-15,,,,,,,,,,0.07
2011-10-16,,,,,,,,,,0.07
2011-10-17,86.38,112.92,2.18,0.28,0.24,1.94,2.22,33.39,90.266,0.07
2011-10-18,88.34,112.08,2.19,0.28,0.22,1.97,2.22,31.56,90.5907,0.07
2011-10-19,86.11,111.76,2.18,0.28,0.23,1.95,2.19,34.44,90.3317,0.07
2011-10-20,86.07,109.0,2.2,0.28,0.22,1.98,2.24,34.78,91.1026,0.07
2011-10-21,87.19,111.6,2.23,0.3,0.23,2.0,2.26,31.32,90.279,0.07
2011-10-22,,,,,,,,,,0.07
2011-10-23,,,,,,,,,,0.07
2011-10-24,91.12,111.67,2.25,0.3,0.23,2.02,2.28,29.26,89.8558,0.07
2011-10-25,92.98,112.11,2.14,0.26,0.12,2.02,2.28,32.22,89.9525,0.07
2011-10-26,90.2,110.43,2.23,0.28,0.15,2.08,2.33,29.86,90.0836,0.08
2011-10-27,93.96,112.45,2.42,0.31,0.24,2.18,2.42,25.46,88.7882,0.07
2011-10-28,93.32,110.01,2.34,0.28,0.19,2.15,2.37,24.53,88.6382,0.07
2011-10-29,,,,,,,,,,0.07
2011-10-30,,,,,,,,,,0.07
2011-10-31,93.19,108.43,2.17,0.25,0.08,2.09,2.3,29.96,89.2053,0.09
2011-11-01,92.19,106.97,2.01,0.23,-0.04,2.05,2.28,34.77,90.7296,0.08
2011-11-02,92.51,110.82,2.03,0.23,-0.07,2.1,2.29,32.74,90.244,0.08
2011-11-03,94.07,110.76,2.09,0.24,0.0,2.09,2.27,30.5,90.2961,0.09
2011-11-04,94.26,112.22,2.06,0.22,-0.06,2.12,2.31,30.16,90.3154,0.08
2011-11-05,,,,,,,,,,0.08
2011-11-06,,,,,,,,,,0.08
2011-11-07,95.52,114.75,2.04,0.25,-0.1,2.14,2.34,29.85,90.3832,0.08
2011-11-08,96.8,115.61,2.1,0.25,-0.03,2.13,2.37,27.48,90.172,0.08
2011-11-09,95.74,115.29,2.0,0.24,-0.04,2.04,2.21,36.16,90.6991,0.08
2011-11-10,97.78,113.32,2.04,0.24,-0.04,2.08,2.28,32.81,90.8588,0.08
2011-11-11,98.99,114.43,,,,,,30.04,,0.08
2011-11-12,,,,,,,,,,0.08
2011-11-13,,,,,,,,,,0.08
2011-11-14,98.14,112.57,2.04,0.24,-0.01,2.05,2.26,31.13,90.7215,0.08
2011-11-15,99.37,111.9,2.06,0.26,0.04,2.02,2.28,31.22,91.1081,0.09
2011-11-16,102.59,111.91,2.01,0.26,0.05,1.96,2.24,33.51,91.1237,0.08
2011-11-17,98.82,109.25,1.96,0.27,0.06,1.9,2.21,34.51,91.1822,0.08
2011-11-18,97.67,107.82,2.01,0.29,0.05,1.96,2.28,32.0,91.3676,0.08
2011-11-19,,,,,,,,,,0.08
2011-11-20,,,,,,,,,,0.08
2011-11-21,96.73,105.98,1.97,0.27,0.07,1.9,2.21,32.91,91.9978,0.08
2011-11-22,97.76,107.77,1.94,0.26,0.05,1.89,2.18,31.97,92.0193,0.08
2011-11-23,96.16,106.83,1.89,0.26,-0.01,1.9,2.19,33.98,92.7463,0.09
2011-11-24,,,,,,,,,,0.09
2011-11-25,96.91,106.08,1.97,0.28,0.05,1.92,2.2,34.47,93.1455,0.07
2011-11-26,,,,,,,,,,0.07
2011-11-27,,,,,,,,,,0.07
2011-11-28,98.21,109.38,1.97,0.26,0.02,1.95,2.24,32.13,92.4983,0.08
2011-11-29,99.79,111.25,2.0,0.27,0.01,1.99,2.28,30.64,92.2163,0.08
2011-11-30,100.36,111.22,2.08,0.25,0.03,2.05,2.34,27.8,91.4728,0.1
2011-12-01,100.2,108.83,2.11,0.27,0.06,2.05,2.34,27.41,91.227,0.08
2011-12-02,100.97,109.59,2.05,0.25,0.0,2.05,2.34,27.52,91.3532,0.08
2011-12-03,,,,,,,,,,0.08
2011-12-04,,,,,,,,,,0.08
2011-12-05,100.94,110.18,2.04,0.27,-0.01,2.05,2.33,27.84,91.1087,0.08
2011-12-06,101.25,110.16,2.08,0.25,0.01,2.07,2.31,28.13,91.2817,0.08
2011-12-07,100.45,110.07,2.02,0.24,-0.01,2.03,2.35,28.67,91.2331,0.08
2011-12-08,98.35,108.23,1.99,0.22,0.01,1.98,2.31,30.59,91.668,0.07
2011-12-09,99.4,107.91,2.07,0.22,0.05,2.02,2.4,26.38,91.6122,0.07
2011-12-10,,,,,,,,,,0.07
2011-12-11,,,,,,,,,,0.07
2011-12-12,97.77,107.82,2.03,0.24,-0.01,2.04,2.44,25.67,92.3375,0.07
2011-12-13,100.24,109.25,1.96,0.24,-0.05,2.01,2.37,25.41,92.5456,0.07
2011-12-14,94.92,105.72,1.92,0.25,-0.04,1.96,2.32,26.04,93.2176,0.07
2011-12-15,93.84,104.52,1.92,0.26,-0.01,1.93,2.25,25.11,92.8858,0.07
2011-12-16,93.55,104.0,1.86,0.24,-0.05,1.91,2.24,24.29,92.8252,0.07
2011-12-17,,,,,,,,,,0.07
2011-12-18,,,,,,,,,,0.07
2011-12-19,93.86,104.55,1.82,0.24,-0.12,1.94,2.24,24.92,92.8685,0.07
2011-12-20,97.16,107.8,1.94,0.26,-0.1,2.04,2.36,23.22,92.432,0.07
2011-12-21,98.54,108.0,1.98,0.28,-0.07,2.05,2.4,21.43,92.5262,0.07
2011-12-22,99.42,108.98,1.97,0.28,-0.07,2.04,2.44,21.16,92.3883,0.07
2011-12-23,99.72,109.28,2.03,0.28,-0.04,2.07,2.46,20.73,92.3897,0.08
2011-12-24,,,,,,,,,,0.08
2011-12-25,,,,,,,,,,0.08
2011-12-26,,,,,,,,,,0.08
2011-12-27,101.29,,2.02,0.3,-0.02,2.04,2.43,21.91,92.4137,0.07
2011-12-28,99.44,107.54,1.93,0.28,-0.07,2.0,2.37,23.52,92.8374,0.07
2011-12-29,99.68,106.89,1.91,0.28,-0.05,1.96,2.31,22.65,92.7398,0.07
2011-12-30,98.83,108.09,1.89,0.25,-0.07,1.96,2.33,23.4,92.4262,0.04
2011-12-31,,,,,,,,,,0.04
2012-01-01,,,,,,,,,,0.04
2012-01-02,,,,,,,,,,0.04
2012-01-03,102.96,111.12,1.97,0.27,-0.04,2.01,2.36,22.97,91.7551,0.07
2012-01-04,103.22,113.37,2.0,0.25,-0.08,2.08,2.45,22.22,92.0345,0.07
2012-01-05,101.81,113.59,2.02,0.27,-0.1,2.12,2.5,21.48,92.5773,0.07
2012-01-06,101.56,111.96,1.98,0.25,-0.11,2.09,2.47,20.63,92.7183,0.07
2012-01-07,,,,,,,,,,0.07
2012-01-08,,,,,,,,,,0.07
2012-01-09,101.31,111.07,1.98,0.26,-0.13,2.11,2.49,21.07,92.7418,0.08
2012-01-10,102.24,113.3,2.0,0.24,-0.08,2.08,2.46,20.69,92.2461,0.08
2012-01-11,100.89,111.66,1.93,0.24,-0.1,2.03,2.39,21.05,92.554,0.08
2012-01-12,99.03,112.97,1.94,0.22,-0.1,2.04,2.39,20.47,92.2274,0.08
2012-01-13,98.69,109.88,1.89,0.24,-0.14,2.03,2.37,20.91,92.5385,0.09
2012-01-14,,,,,,,,,,0.09
2012-01-15,,,,,,,,,,0.09
2012-01-16,,,,,,,,,,0.09
2012-01-17,100.7,110.55,1.87,0.21,-0.17,2.04,2.38,22.2,92.0142,0.09
2012-01-18,100.61,109.81,1.92,0.24,-0.15,2.07,2.41,20.89,91.6943,0.09
2012-01-19,100.32,109.54,2.01,0.26,0.0,2.01,2.27,19.87,91.3316,0.1
2012-01-20,98.15,108.5,2.05,0.26,0.01,2.04,2.32,18.28,91.3661,0.09
2012-01-21,,,,,,,,,,0.09
2012-01-22,,,,,,,,,,0.09
2012-01-23,99.47,109.46,2.09,0.26,0.02,2.07,2.37,18.67,90.986,0.09
2012-01-24,98.84,108.38,2.08,0.24,-0.01,2.09,2.37,18.91,91.181,0.09
2012-01-25,99.23,108.48,2.01,0.22,-0.12,2.13,2.43,18.31,91.277,0.08
2012-01-26,99.76,109.08,1.96,0.22,-0.16,2.12,2.38,18.57,90.3962,0.08
2012-01-27,99.47,110.5,1.93,0.22,-0.18,2.11,2.34,18.53,90.2559,0.09
2012-01-28,,,,,,,,,,0.09
2012-01-29,,,,,,,,,,0.09
2012-01-30,98.75,110.24,1.87,0.22,-0.24,2.11,2.35,19.4,90.4762,0.09
2012-01-31,98.46,110.26,1.83,0.22,-0.28,2.11,2.34,19.44,90.5538,0.11
2012-02-01,97.63,111.96,1.87,0.23,-0.28,2.15,2.41,18.55,90.0963,0.11
2012-02-02,96.36,110.96,1.86,0.23,-0.3,2.16,2.43,17.98,89.8765,0.11
2012-02-03,97.8,112.56,1.97,0.23,-0.21,2.18,2.48,17.1,89.8491,0.11
2012-02-04,,,,,,,,,,0.11
2012-02-05,,,,,,,,,,0.11
2012-02-06,96.89,115.47,1.93,0.24,-0.26,2.19,2.47,17.76,89.7907,0.11
2012-02-07,98.55,116.86,2.0,0.25,-0.21,2.21,2.47,17.65,89.5968,0.11
2012-02-08,98.8,117.18,2.01,0.27,-0.21,2.22,2.53,18.16,89.6555,0.11
2012-02-09,99.88,118.4,2.04,0.27,-0.17,2.21,2.51,18.63,89.6246,0.11
2012-02-10,98.68,118.13,1.96,0.27,-0.24,2.2,2.52,20.79,90.1024,0.12
2012-02-11,,,,,,,,,,0.12
2012-02-12,,,,,,,,,,0.12
2012-02-13,100.39,118.73,1.99,0.29,-0.22,2.21,2.45,19.04,89.8895,0.12
2012-02-14,100.82,118.3,1.92,0.29,-0.27,2.19,2.46,19.54,90.1919,0.12
2012-02-15,101.82,120.25,1.93,0.29,-0.26,2.19,2.48,21.14,90.1932,0.12
2012-02-16,102.33,121.0,1.99,0.29,-0.24,2.23,2.53,19.22,90.3109,0.11
2012-02-17,103.27,120.69,2.01,0.29,-0.23,2.24,2.55,17.78,90.23,0.09
2012-02-18,,,,,,,,,,0.09
2012-02-19,,,,,,,,,,0.09
2012-02-20,,,,,,,,,,0.09
2012-02-21,105.88,120.85,2.05,0.31,-0.22,2.27,2.56,18.19,90.0117,0.1
2012-02-22,105.99,123.07,2.01,0.29,-0.27,2.28,2.57,18.19,90.2472,0.08
2012-02-23,107.44,124.53,1.99,0.31,-0.3,2.29,2.54,16.8,90.1108,0.08
2012-02-24,109.39,124.89,1.98,0.31,-0.29,2.27,2.51,17.31,89.9104,0.09
2012-02-25,,,,,,,,,,0.09
2012-02-26,,,,,,,,,,0.09
2012-02-27,108.49,126.46,1.92,0.3,-0.32,2.24,2.46,18.19,89.9635,0.1
2012-02-28,106.59,124.02,1.94,0.3,-0.31,2.25,2.51,17.96,89.8103,0.1
2012-02-29,107.08,122.23,1.98,0.3,-0.28,2.26,2.53,18.43,89.7487,0.1
2012-03-01,108.76,125.76,2.03,0.3,-0.23,2.26,2.53,17.26,89.7817,0.11
2012-03-02,106.68,125.93,1.99,0.28,-0.24,2.23,2.51,17.29,90.135,0.11
2012-03-03,,,,,,,,,,0.11
2012-03-04,,,,,,,,,,0.11
2012-03-05,106.7,126.68,2.0,0.31,-0.2,2.2,2.46,18.05,90.2748,0.11
2012-03-06,104.71,125.03,1.96,0.3,-0.21,2.17,2.42,20.87,90.8237,0.11
2012-03-07,106.16,125.37,1.98,0.3,-0.22,2.2,2.42,19.07,90.6837,0.11
2012-03-08,106.65,127.96,2.03,0.32,-0.21,2.24,2.47,17.95,90.2598,0.11
2012-03-09,107.4,128.08,2.04,0.33,-0.24,2.28,2.49,17.11,90.4341,0.12
2012-03-10,,,,,,,,,,0.12
2012-03-11,,,,,,,,,,0.12
2012-03-12,106.34,127.27,2.04,0.33,-0.24,2.28,2.5,15.64,90.6643,0.12
2012-03-13,106.7,128.14,2.14,0.35,-0.2,2.34,2.55,14.8,90.5363,0.12
2012-03-14,105.49,126.98,2.29,0.4,-0.07,2.36,2.57,15.31,90.9325,0.13
2012-03-15,105.19,123.63,2.29,0.37,-0.08,2.37,2.61,15.42,90.7866,0.14
2012-03-16,107.03,125.09,2.31,0.37,-0.09,2.4,2.68,14.47,90.5245,0.15
2012-03-17,,,,,,,,,,0.15
2012-03-18,,,,,,,,,,0.15
2012-03-19,108.09,125.76,2.39,0.39,-0.03,2.42,2.71,15.04,90.292,0.15
2012-03-20,105.68,124.38,2.38,0.41,-0.04,2.42,2.69,15.58,90.6065,0.15
2012-03-21,106.87,123.89,2.31,0.39,-0.08,2.39,2.67,15.13,90.6761,0.15
2012-03-22,104.98,122.49,2.29,0.37,-0.08,2.37,2.68,15.57,90.8225,0.14
2012-03-23,106.43,125.21,2.25,0.37,-0.11,2.36,2.68,14.82,90.6156,0.14
2012-03-24,,,,,,,,,,0.14
2012-03-25,,,,,,,,,,0.14
2012-03-26,107.07,125.85,2.26,0.36,-0.08,2.34,2.66,14.26,90.3266,0.14
2012-03-27,107.32,125.25,2.2,0.33,-0.13,2.33,2.65,15.59,90.2796,0.14
2012-03-28,105.4,124.41,2.21,0.34,-0.11,2.32,2.61,15.47,90.603,0.13
2012-03-29,102.79,123.23,2.18,0.33,-0.13,2.31,2.63,15.48,90.7285,0.13
2012-03-30,103.03,123.41,2.23,0.33,-0.09,2.32,2.62,15.5,90.4593,0.09
2012-03-31,,,,,,,,,,0.09
2012-04-01,,,,,,,,,,0.09
2012-04-02,105.25,124.44,2.22,0.33,-0.14,2.36,2.68,15.64,90.247,0.15
2012-04-03,104.02,,2.3,0.36,-0.06,2.36,2.68,15.66,90.1921,0.15
2012-04-04,101.53,123.04,2.25,0.35,-0.05,2.3,2.64,16.44,90.8284,0.15
2012-04-05,103.29,123.58,2.19,0.35,-0.08,2.27,2.59,16.7,90.8781,0.15
2012-04-06,,,2.07,0.32,-0.16,2.23,2.61,,90.9375,0.12
2012-04-07,,,,,,,,,,0.12
2012-04-08,,,,,,,,,,0.12
2012-04-09,102.45,,2.06,0.32,-0.17,2.23,2.62,18.81,90.9624,0.16
2012-04-10,101.12,121.89,2.01,0.28,-0.24,2.25,2.63,20.39,91.2728,0.15
2012-04-11,102.66,120.41,2.05,0.3,-0.25,2.3,2.65,20.02,91.1768,0.16
2012-04-12,103.69,120.57,2.08,0.29,-0.22,2.3,2.69,17.2,90.7694,0.15
2012-04-13,102.84,120.62,2.02,0.27,-0.25,2.27,2.63,19.55,91.0558,0.15
2012-04-14,,,,,,,,,,0.15
2012-04-15,,,,,,,,,,0.15
2012-04-16,102.92,118.23,2.0,0.27,-0.26,2.26,2.63,19.55,91.2355,0.15
2012-04-17,104.23,117.41,2.03,0.27,-0.26,2.29,2.67,18.46,90.7661,0.16
2012-04-18,102.65,115.18,2.0,0.27,-0.26,2.26,2.65,18.64,90.9326,0.15
2012-04-19,102.38,117.0,1.98,0.27,-0.21,2.19,2.47,18.36,91.0833,0.13
2012-04-20,103.58,118.08,1.99,0.29,-0.24,2.23,2.5,17.44,90.8066,0.12
2012-04-21,,,,,,,,,,0.12
2012-04-22,,,,,,,,,,0.12
2012-04-23,102.68,116.66,1.96,0.27,-0.26,2.22,2.49,18.97,91.079,0.13
2012-04-24,103.1,117.74,2.0,0.27,-0.25,2.25,2.49,18.1,90.8153,0.14
2012-04-25,103.72,117.45,2.01,0.26,-0.24,2.25,2.48,16.82,90.756,0.15
2012-04-26,104.56,119.33,1.98,0.26,-0.29,2.27,2.5,16.24,90.6428,0.14
2012-04-27,104.86,119.3,1.96,0.26,-0.3,2.26,2.46,16.32,90.3269,0.13
2012-04-28,,,,,,,,,,0.13
2012-04-29,,,,,,,,,,0.13
2012-04-30,104.89,118.66,1.95,0.27,-0.3,2.25,2.44,17.15,90.3634,0.16
2012-05-01,106.17,119.57,1.98,0.27,-0.28,2.26,2.46,16.6,90.3227,0.16
2012-05-02,105.25,117.57,1.96,0.27,-0.28,2.24,2.44,16.88,90.6144,0.15
2012-05-03,102.56,115.91,1.96,0.28,-0.27,2.23,2.45,17.56,90.6839,0.15
2012-05-04,98.49,111.66,1.91,0.27,-0.3,2.21,2.49,19.16,91.0497,0.16
2012-05-05,,,,,,,,,,0.16
2012-05-06,,,,,,,,,,0.16
2012-05-07,97.86,,1.92,0.27,-0.27,2.19,2.44,18.94,91.0747,0.16
2012-05-08,97.13,110.48,1.88,0.27,-0.28,2.16,2.37,19.05,91.4107,0.16
2012-05-09,96.8,111.89,1.87,0.27,-0.27,2.14,2.34,20.08,91.7632,0.15
2012-05-10,97.1,112.24,1.89,0.27,-0.25,2.14,2.32,18.83,91.7077,0.15
2012-05-11,96.03,112.5,1.84,0.27,-0.28,2.12,2.33,19.89,91.7306,0.15
2012-05-12,,,,,,,,,,0.15
2012-05-13,,,,,,,,,,0.15
2012-05-14,94.75,110.79,1.78,0.29,-0.33,2.11,2.31,21.87,92.2491,0.16
2012-05-15,93.97,111.4,1.76,0.29,-0.36,2.12,2.32,21.97,92.5235,0.16
2012-05-16,92.78,109.8,1.76,0.3,-0.33,2.09,2.29,22.27,92.903,0.16
2012-05-17,92.53,109.31,1.7,0.32,-0.35,2.05,2.23,24.49,92.9632,0.16
2012-05-18,91.51,108.03,1.71,0.32,-0.39,2.1,2.35,25.1,93.1395,0.16
2012-05-19,,,,,,,,,,0.16
2012-05-20,,,,,,,,,,0.16
2012-05-21,92.57,109.02,1.75,0.3,-0.41,2.16,2.46,22.01,93.0945,0.16
2012-05-22,91.44,109.76,1.79,0.3,-0.38,2.17,2.47,22.48,93.1113,0.16
2012-05-23,89.4,106.88,1.73,0.28,-0.41,2.14,2.48,22.33,93.8855,0.15
2012-05-24,90.36,107.2,1.77,0.29,-0.37,2.14,2.49,21.54,93.8027,0.15
2012-05-25,90.64,107.86,1.75,0.3,-0.38,2.13,2.48,21.76,93.9488,0.15
2012-05-26,,,,,,,,,,0.15
2012-05-27,,,,,,,,,,0.15
2012-05-28,,,,,,,,,,0.15
2012-05-29,90.75,107.55,1.74,0.3,-0.37,2.11,2.46,21.03,93.875,0.16
2012-05-30,87.79,103.85,1.63,0.27,-0.45,2.08,2.45,24.14,94.302,0.16
2012-05-31,86.52,103.86,1.59,0.27,-0.5,2.09,2.46,24.06,94.6856,0.16
2012-06-01,83.17,98.63,1.47,0.25,-0.59,2.06,2.47,26.66,94.6979,0.16
2012-06-02,,,,,,,,,,0.16
2012-06-03,,,,,,,,,,0.16
2012-06-04,83.95,97.74,1.53,0.25,-0.56,2.09,2.49,26.12,94.5184,0.17
2012-06-05,84.31,98.65,1.57,0.25,-0.56,2.13,2.55,24.68,94.6184,0.17
2012-06-06,85.05,101.14,1.66,0.26,-0.5,2.16,2.59,22.16,94.0362,0.16
2012-06-07,84.78,100.05,1.66,0.27,-0.49,2.15,2.53,21.72,93.774,0.16
2012-06-08,84.08,97.57,1.65,0.28,-0.5,2.15,2.51,21.23,94.2024,0.17
2012-06-09,,,,,,,,,,0.17
2012-06-10,,,,,,,,,,0.17
2012-06-11,82.58,98.6,1.6,0.27,-0.53,2.13,2.47,23.56,94.0369,0.17
2012-06-12,83.35,96.59,1.67,0.3,-0.48,2.15,2.49,22.09,94.0693,0.16
2012-06-13,82.56,97.29,1.61,0.3,-0.51,2.12,2.44,24.27,93.8309,0.17
2012-06-14,83.83,96.46,1.64,0.3,-0.47,2.11,2.43,21.68,93.8152,0.17
2012-06-15,84.03,97.13,1.6,0.29,-0.54,2.14,2.42,21.11,93.5203,0.18
2012-06-16,,,,,,,,,,0.18
2012-06-17,,,,,,,,,,0.18
2012-06-18,83.26,95.21,1.59,0.29,-0.54,2.13,2.41,18.32,93.6431,0.17
2012-06-19,83.99,95.14,1.64,0.3,-0.53,2.17,2.47,18.38,93.0524,0.17
2012-06-20,81.06,93.5,1.65,0.32,-0.51,2.16,2.44,17.24,93.1602,0.16
2012-06-21,77.91,89.22,1.63,0.32,-0.47,2.1,2.43,20.08,93.6378,0.17
2012-06-22,79.33,89.22,1.69,0.31,-0.42,2.11,2.48,18.11,93.9205,0.17
2012-06-23,,,,,,,,,,0.17
2012-06-24,,,,,,,,,,0.17
2012-06-25,78.76,88.69,1.63,0.31,-0.47,2.1,2.5,20.38,94.1757,0.17
2012-06-26,79.34,90.19,1.66,0.31,-0.45,2.11,2.52,19.72,93.9859,0.16
2012-06-27,80.27,92.06,1.65,0.31,-0.45,2.1,2.52,19.45,93.8728,0.15
2012-06-28,77.72,91.02,1.6,0.31,-0.48,2.08,2.52,19.71,94.0203,0.15
2012-06-29,85.04,94.17,1.67,0.33,-0.46,2.13,2.54,17.08,92.9096,0.09
2012-06-30,,,,,,,,,,0.09
2012-07-01,,,,,,,,,,0.09
2012-07-02,83.72,95.28,1.61,0.3,-0.5,2.11,2.51,16.8,92.951,0.18
2012-07-03,87.74,99.89,1.65,0.3,-0.48,2.13,2.49,16.66,92.6508,0.17
2012-07-04,,,,,,,,,,0.17
2012-07-05,87.11,101.54,1.62,0.28,-0.51,2.13,2.46,17.5,93.2211,0.17
2012-07-06,84.37,98.5,1.57,0.27,-0.53,2.1,2.44,17.1,93.7087,0.17
2012-07-07,,,,,,,,,,0.17
2012-07-08,,,,,,,,,,0.17
2012-07-09,85.93,99.94,1.53,0.27,-0.57,2.1,2.43,17.98,93.6974,0.17
2012-07-10,83.92,99.15,1.53,0.27,-0.59,2.12,2.45,18.72,93.5552,0.17
2012-07-11,85.88,99.23,1.54,0.27,-0.57,2.11,2.43,17.95,93.5981,0.17
2012-07-12,86.02,99.18,1.5,0.25,-0.58,2.08,2.4,18.33,93.9298,0.18
2012-07-13,87.15,101.91,1.52,0.25,-0.59,2.11,2.44,16.74,93.5515,0.19
2012-07-14,,,,,,,,,,0.19
2012-07-15,,,,,,,,,,0.19
2012-07-16,88.41,102.1,1.5,0.24,-0.61,2.11,2.44,17.11,93.3746,0.18
2012-07-17,89.07,104.21,1.53,0.25,-0.59,2.12,2.46,16.48,93.3479,0.17
2012-07-18,89.88,105.92,1.52,0.22,-0.6,2.12,2.45,16.16,93.0973,0.16
2012-07-19,92.78,107.79,1.54,0.22,-0.62,2.16,2.5,15.45,93.0438,0.13
2012-07-20,91.56,106.98,1.49,0.22,-0.67,2.16,2.55,16.27,93.3653,0.13
2012-07-21,,,,,,,,,,0.13
2012-07-22,,,,,,,,,,0.13
2012-07-23,87.77,103.91,1.47,0.22,-0.68,2.15,2.55,18.62,93.9297,0.14
2012-07-24,88.28,103.57,1.44,0.22,-0.68,2.12,2.54,20.47,94.2635,0.15
2012-07-25,88.8,102.35,1.43,0.22,-0.67,2.1,2.52,19.34,94.0564,0.15
2012-07-26,89.4,104.77,1.45,0.23,-0.66,2.11,2.51,17.53,93.3595,0.14
2012-07-27,90.13,106.3,1.58,0.25,-0.61,2.19,2.59,16.7,92.9333,0.14
2012-07-28,,,,,,,,,,0.14
2012-07-29,,,,,,,,,,0.14
2012-07-30,89.8,106.54,1.53,0.23,-0.64,2.17,2.56,18.03,93.0524,0.14
2012-07-31,88.08,105.93,1.51,0.23,-0.69,2.2,2.57,18.93,92.8422,0.13
2012-08-01,88.99,106.78,1.56,0.24,-0.67,2.23,2.61,18.96,92.8905,0.14
2012-08-02,87.22,107.55,1.51,0.24,-0.69,2.2,2.57,17.57,93.4269,0.14
2012-08-03,91.4,109.57,1.6,0.24,-0.66,2.26,2.65,15.64,92.6048,0.14
2012-08-04,,,,,,,,,,0.14
2012-08-05,,,,,,,,,,0.14
2012-08-06,92.3,110.01,1.59,0.24,-0.68,2.27,2.65,15.95,92.4339,0.14
2012-08-07,93.68,112.39,1.66,0.27,-0.65,2.31,2.67,15.99,92.5128,0.13
2012-08-08,93.39,113.42,1.68,0.29,-0.61,2.29,2.66,15.32,92.5407,0.13
2012-08-09,93.39,113.52,1.69,0.29,-0.58,2.27,2.62,15.28,92.6057,0.13
2012-08-10,92.94,113.13,1.65,0.27,-0.6,2.25,2.6,14.74,92.5129,0.13
2012-08-11,,,,,,,,,,0.13
2012-08-12,,,,,,,,,,0.13
2012-08-13,92.76,114.48,1.65,0.27,-0.58,2.23,2.56,13.7,92.5955,0.13
2012-08-14,93.4,113.9,1.73,0.27,-0.53,2.26,2.61,14.85,92.6152,0.13
2012-08-15,94.35,115.51,1.8,0.27,-0.45,2.25,2.61,14.63,92.6838,0.13
2012-08-16,95.66,116.12,1.83,0.29,-0.42,2.25,2.6,14.29,92.5737,0.13
2012-08-17,96.0,115.2,1.81,0.29,-0.43,2.24,2.62,13.45,92.711,0.13
2012-08-18,,,,,,,,,,0.13
2012-08-19,,,,,,,,,,0.13
2012-08-20,96.03,115.5,1.82,0.29,-0.43,2.25,2.66,14.02,92.6263,0.13
2012-08-21,96.55,116.03,1.8,0.31,-0.45,2.25,2.64,15.02,92.3053,0.13
2012-08-22,96.89,115.77,1.71,0.26,-0.55,2.26,2.64,15.11,92.4362,0.13
2012-08-23,95.87,117.45,1.68,0.26,-0.62,2.3,2.64,15.96,92.1057,0.13
2012-08-24,95.78,115.76,1.68,0.28,-0.6,2.28,2.62,15.18,92.2785,0.13
2012-08-25,,,,,,,,,,0.13
2012-08-26,,,,,,,,,,0.13
2012-08-27,95.54,113.74,1.65,0.28,-0.64,2.29,2.61,16.35,92.3135,0.13
2012-08-28,96.3,112.62,1.64,0.27,-0.68,2.32,2.66,16.49,92.2033,0.13
2012-08-29,95.5,112.53,1.66,0.27,-0.64,2.3,2.65,17.06,92.3823,0.13
2012-08-30,94.61,112.28,1.63,0.27,-0.63,2.26,2.6,17.83,92.6239,0.14
2012-08-31,96.47,113.93,1.57,0.22,-0.68,2.25,2.55,17.47,92.1677,0.13
2012-09-01,,,,,,,,,,0.13
2012-09-02,,,,,,,,,,0.13
2012-09-03,,,,,,,,,,0.13
2012-09-04,95.34,114.98,1.59,0.23,-0.68,2.27,2.57,17.98,92.1582,0.14
2012-09-05,95.37,113.32,1.6,0.25,-0.69,2.29,2.6,17.74,92.1262,0.16
2012-09-06,95.58,114.5,1.68,0.27,-0.63,2.31,2.61,15.6,91.8973,0.16
2012-09-07,96.41,113.64,1.67,0.25,-0.68,2.35,2.67,14.38,91.3469,0.15
2012-09-08,,,,,,,,,,0.15
2012-09-09,,,,,,,,,,0.15
2012-09-10,96.52,113.84,1.68,0.25,-0.68,2.36,2.64,16.28,91.3102,0.15
2012-09-11,97.03,114.86,1.7,0.25,-0.68,2.38,2.65,16.41,91.0575,0.15
2012-09-12,97.02,114.86,1.77,0.25,-0.61,2.38,2.64,15.8,91.0477,0.15
2012-09-13,98.3,116.0,1.75,0.24,-0.72,2.47,2.71,14.05,90.9632,0.15
2012-09-14,98.94,117.48,1.88,0.27,-0.76,2.64,2.89,14.51,90.1436,0.16
2012-09-15,,,,,,,,,,0.16
2012-09-16,,,,,,,,,,0.16
2012-09-17,96.51,116.7,1.85,0.25,-0.74,2.59,2.87,14.59,90.2837,0.16
2012-09-18,95.25,113.29,1.82,0.25,-0.73,2.55,2.87,14.18,90.5029,0.16
2012-09-19,91.97,108.49,1.79,0.27,-0.75,2.54,2.89,13.88,90.4646,0.15
2012-09-20,92.14,109.41,1.8,0.27,-0.7,2.5,2.79,14.07,90.7631,0.16
2012-09-21,92.64,111.27,1.77,0.27,-0.71,2.48,2.78,13.98,90.5342,0.15
2012-09-22,,,,,,,,,,0.15
2012-09-23,,,,,,,,,,0.15
2012-09-24,91.68,109.2,1.74,0.27,-0.73,2.47,2.79,14.15,90.8263,0.16
2012-09-25,91.07,110.77,1.7,0.27,-0.74,2.44,2.73,15.43,90.6074,0.15
2012-09-26,89.92,108.99,1.64,0.26,-0.77,2.41,2.73,16.81,91.0028,0.15
2012-09-27,91.89,111.45,1.66,0.25,-0.78,2.44,2.77,14.84,90.7538,0.14
2012-09-28,92.18,111.36,1.65,0.23,-0.77,2.42,2.73,15.73,90.8342,0.09
2012-09-29,,,,,,,,,,0.09
2012-09-30,,,,,,,,,,0.09
2012-10-01,92.44,112.58,1.64,0.25,-0.78,2.42,2.73,16.32,90.7011,0.15
2012-10-02,91.88,112.49,1.64,0.23,-0.83,2.47,2.82,15.71,90.644,0.16
2012-10-03,88.19,109.32,1.64,0.23,-0.83,2.47,2.76,15.43,90.8726,0.16
2012-10-04,91.69,110.48,1.7,0.23,-0.86,2.56,2.87,14.55,90.4932,0.15
2012-10-05,89.87,112.17,1.75,0.27,-0.82,2.57,2.86,14.33,90.2851,0.15
2012-10-06,,,,,,,,,,0.15
2012-10-07,,,,,,,,,,0.15
2012-10-08,89.43,112.6,,,,,,15.11,,0.15
2012-10-09,92.42,114.32,1.74,0.25,-0.81,2.55,2.83,16.37,90.8703,0.16
2012-10-10,91.24,116.11,1.72,0.27,-0.8,2.52,2.81,16.29,90.883,0.16
2012-10-11,92.19,116.18,1.7,0.28,-0.77,2.47,2.75,15.59,90.7437,0.16
2012-10-12,91.83,115.17,1.69,0.27,-0.78,2.47,2.79,16.14,90.6833,0.16
2012-10-13,,,,,,,,,,0.16
2012-10-14,,,,,,,,,,0.16
2012-10-15,91.84,115.0,1.7,0.27,-0.78,2.48,2.77,15.27,90.6409,0.16
2012-10-16,92.07,115.0,1.75,0.27,-0.71,2.46,2.74,15.22,90.5583,0.16
2012-10-17,92.04,113.49,1.83,0.3,-0.65,2.48,2.74,15.07,90.2309,0.15
2012-10-18,92.0,112.58,1.86,0.29,-0.66,2.52,2.82,15.03,90.3804,0.15
2012-10-19,90.0,111.89,1.79,0.3,-0.71,2.5,2.81,17.06,90.8107,0.16
2012-10-20,,,,,,,,,,0.16
2012-10-21,,,,,,,,,,0.16
2012-10-22,88.3,109.62,1.83,0.32,-0.7,2.53,2.88,16.62,90.7911,0.15
2012-10-23,86.65,107.53,1.79,0.29,-0.71,2.5,2.85,18.83,91.0945,0.15
2012-10-24,85.39,107.66,1.8,0.29,-0.69,2.49,2.85,18.33,91.1275,0.17
2012-10-25,85.59,107.64,1.86,0.31,-0.63,2.49,2.85,18.12,91.02,0.16
2012-10-26,85.84,108.9,1.78,0.3,-0.69,2.47,2.86,17.81,91.1411,0.16
2012-10-27,,,,,,,,,,0.16
2012-10-28,,,,,,,,,,0.16
2012-10-29,85.52,109.33,1.74,0.3,-0.73,2.47,2.85,,,0.17
2012-10-30,85.65,109.4,,,,,,,,0.17
2012-10-31,86.23,109.89,1.72,0.3,-0.78,2.5,2.88,18.6,91.1609,0.18
2012-11-01,87.05,108.84,1.75,0.3,-0.77,2.52,2.91,16.69,91.1217,0.17
2012-11-02,84.9,106.79,1.75,0.28,-0.73,2.48,2.84,17.59,91.281,0.16
2012-11-03,,,,,,,,,,0.16
2012-11-04,,,,,,,,,,0.16
2012-11-05,85.64,105.59,1.72,0.28,-0.75,2.47,2.87,18.42,91.4778,0.17
2012-11-06,88.62,109.27,1.78,0.3,-0.72,2.5,2.88,17.58,91.2908,0.16
2012-11-07,84.5,108.21,1.68,0.27,-0.8,2.48,2.88,19.08,91.4514,0.16
2012-11-08,85.07,107.23,1.62,0.27,-0.85,2.47,2.87,18.49,91.5375,0.16
2012-11-09,86.08,108.61,1.61,0.27,-0.83,2.44,2.83,18.61,91.6871,0.16
2012-11-10,,,,,,,,,,0.16
2012-11-11,,,,,,,,,,0.16
2012-11-12,85.56,110.23,,,,,,16.68,,0.16
2012-11-13,85.38,108.82,1.59,0.27,-0.84,2.43,2.82,16.65,91.7356,0.16
2012-11-14,86.32,109.66,1.59,0.25,-0.81,2.4,2.78,17.92,91.7942,0.16
2012-11-15,85.45,110.07,1.58,0.24,-0.8,2.38,2.76,17.99,91.8837,0.16
2012-11-16,86.62,106.81,1.58,0.24,-0.81,2.39,2.77,16.41,92.0095,0.16
2012-11-17,,,,,,,,,,0.16
2012-11-18,,,,,,,,,,0.16
2012-11-19,89.05,110.06,1.61,0.25,-0.78,2.39,2.75,15.24,91.5653,0.16
2012-11-20,86.46,110.01,1.66,0.27,-0.74,2.4,2.75,15.08,91.556,0.16
2012-11-21,87.08,110.81,1.69,0.27,-0.71,2.4,2.75,15.31,91.6645,0.16
2012-11-22,,,,,,,,,,0.16
2012-11-23,87.01,110.14,1.7,0.29,-0.72,2.42,2.78,15.14,91.2616,0.16
2012-11-24,,,,,,,,,,0.16
2012-11-25,,,,,,,,,,0.16
2012-11-26,87.28,110.18,1.66,0.27,-0.73,2.39,2.74,15.5,91.2789,0.16
2012-11-27,86.81,109.33,1.64,0.27,-0.74,2.38,2.74,15.92,91.2608,0.16
2012-11-28,86.1,108.26,1.63,0.27,-0.75,2.38,2.77,15.51,91.33,0.16
2012-11-29,87.64,110.47,1.62,0.25,-0.78,2.4,2.8,15.06,91.2104,0.16
2012-11-30,88.54,110.84,1.62,0.25,-0.79,2.41,2.81,15.87,91.1038,0.16
2012-12-01,,,,,,,,,,0.16
2012-12-02,,,,,,,,,,0.16
2012-12-03,88.69,111.27,1.63,0.25,-0.81,2.44,2.84,16.64,91.0084,0.16
2012-12-04,88.04,109.99,1.62,0.25,-0.83,2.45,2.86,17.12,90.9748,0.17
2012-12-05,87.36,108.96,1.6,0.25,-0.85,2.45,2.84,16.46,90.9423,0.16
2012-12-06,85.47,108.01,1.59,0.25,-0.87,2.46,2.86,16.58,91.0629,0.16
2012-12-07,85.45,107.16,1.64,0.25,-0.86,2.5,2.9,15.9,91.0437,0.16
2012-12-08,,,,,,,,,,0.16
2012-12-09,,,,,,,,,,0.16
2012-12-10,85.14,108.25,1.63,0.24,-0.87,2.5,2.95,16.05,90.9631,0.16
2012-12-11,85.36,107.6,1.66,0.24,-0.84,2.5,2.93,15.57,90.8403,0.17
2012-12-12,86.35,110.17,1.72,0.25,-0.79,2.51,2.9,15.95,90.7708,0.17
2012-12-13,85.39,110.18,1.74,0.27,-0.73,2.47,2.82,16.56,90.776,0.16
2012-12-14,86.32,109.28,1.72,0.24,-0.74,2.46,2.81,17.0,90.7156,0.17
2012-12-15,,,,,,,,,,0.17
2012-12-16,,,,,,,,,,0.17
2012-12-17,86.71,109.35,1.78,0.25,-0.7,2.48,2.85,16.34,90.6193,0.16
2012-12-18,87.46,109.96,1.84,0.28,-0.67,2.51,2.88,15.57,90.5161,0.17
2012-12-19,89.09,109.95,1.82,0.28,-0.66,2.48,2.83,17.36,90.4896,0.17
2012-12-20,89.76,110.57,1.81,0.28,-0.69,2.5,2.84,17.67,90.6002,0.17
2012-12-21,88.2,109.13,1.77,0.26,-0.71,2.48,2.86,17.84,90.9597,0.17
2012-12-22,,,,,,,,,,0.17
2012-12-23,,,,,,,,,,0.17
2012-12-24,88.29,108.44,1.79,0.26,-0.69,2.48,2.83,17.84,91.0354,0.18
2012-12-25,,,,,,,,,,0.18
2012-12-26,90.71,110.72,1.77,0.26,-0.71,2.48,2.85,19.48,91.0606,0.17
2012-12-27,90.91,110.04,1.74,0.26,-0.73,2.47,2.83,19.47,91.1037,0.17
2012-12-28,90.66,110.05,1.73,0.27,-0.73,2.46,2.86,22.72,91.0419,0.17
2012-12-29,,,,,,,,,,0.17
2012-12-30,,,,,,,,,,0.17
2012-12-31,91.83,110.8,1.78,0.25,-0.67,2.45,2.81,18.02,91.0834,0.09
2013-01-01,,,,,,,,,,0.09
2013-01-02,93.14,112.98,1.86,0.27,-0.62,2.48,2.84,14.68,90.6941,0.17
2013-01-03,92.97,113.03,1.92,0.27,-0.54,2.46,2.81,14.56,90.8097,0.17
2013-01-04,93.12,112.58,1.93,0.27,-0.55,2.48,2.83,13.83,91.1025,0.16
2013-01-05,,,,,,,,,,0.16
2013-01-06,,,,,,,,,,0.16
2013-01-07,93.2,112.49,1.92,0.27,-0.6,2.52,2.88,13.79,90.9852,0.16
2013-01-08,93.21,113.03,1.89,0.25,-0.6,2.49,2.83,13.62,91.057,0.15
2013-01-09,93.08,113.07,1.88,0.24,-0.64,2.52,2.86,13.81,91.0088,0.14
2013-01-10,93.81,112.97,1.91,0.26,-0.62,2.53,2.86,13.49,90.6425,0.14
2013-01-11,93.6,110.3,1.89,0.26,-0.63,2.52,2.86,13.36,90.5352,0.14
2013-01-12,,,,,,,,,,0.14
2013-01-13,,,,,,,,,,0.14
2013-01-14,94.27,111.32,1.89,0.26,-0.66,2.55,2.98,13.52,90.4935,0.14
2013-01-15,93.26,111.72,1.86,0.26,-0.66,2.52,2.84,13.55,90.5191,0.15
2013-01-16,94.28,110.97,1.84,0.26,-0.65,2.49,2.8,13.42,90.596,0.14
2013-01-17,95.49,111.01,1.89,0.28,-0.64,2.53,2.87,13.57,90.5401,0.14
2013-01-18,95.61,111.71,1.87,0.26,-0.66,2.53,2.86,12.46,90.8697,0.14
2013-01-19,,,,,,,,,,0.14
2013-01-20,,,,,,,,,,0.14
2013-01-21,,,,,,,,,,0.14
2013-01-22,96.09,112.72,1.86,0.26,-0.68,2.54,2.93,12.43,90.7892,0.14
2013-01-23,95.06,113.68,1.86,0.26,-0.66,2.52,2.83,12.46,90.8376,0.13
2013-01-24,95.35,114.59,1.88,0.23,-0.62,2.5,2.78,12.69,90.9112,0.15
2013-01-25,95.15,113.88,1.98,0.28,-0.56,2.54,2.87,12.89,91.0868,0.14
2013-01-26,,,,,,,,,,0.14
2013-01-27,,,,,,,,,,0.14
2013-01-28,95.95,113.92,2.0,0.29,-0.55,2.55,2.86,13.57,91.2354,0.14
2013-01-29,97.62,115.22,2.03,0.3,-0.53,2.56,2.85,13.31,90.9406,0.12
2013-01-30,97.98,115.42,2.03,0.27,-0.54,2.57,2.88,14.32,90.8836,0.12
2013-01-31,97.65,115.55,2.02,0.27,-0.57,2.59,2.85,14.28,90.798,0.15
2013-02-01,97.46,115.55,2.04,0.27,-0.55,2.59,2.84,12.9,90.6923,0.14
2013-02-02,,,,,,,,,,0.14
2013-02-03,,,,,,,,,,0.14
2013-02-04,96.21,116.06,2.0,0.25,-0.59,2.59,2.86,14.67,90.9774,0.13
2013-02-05,96.68,117.03,2.04,0.27,-0.55,2.59,2.86,13.72,90.881,0.13
2013-02-06,96.44,116.61,2.0,0.27,-0.58,2.58,2.84,13.41,91.0176,0.13
2013-02-07,95.84,117.17,1.99,0.25,-0.58,2.57,2.85,13.5,91.2912,0.13
2013-02-08,95.71,118.9,1.99,0.25,-0.57,2.56,2.91,13.02,91.3056,0.14
2013-02-09,,,,,,,,,,0.14
2013-02-10,,,,,,,,,,0.14
2013-02-11,97.01,118.29,1.99,0.27,-0.58,2.57,2.88,12.94,91.4451,0.14
2013-02-12,97.48,117.89,2.02,0.29,-0.57,2.59,2.98,12.64,91.2779,0.13
2013-02-13,97.03,118.43,2.05,0.29,-0.54,2.59,2.92,12.98,91.2709,0.14
2013-02-14,97.3,118.48,2.0,0.27,-0.56,2.56,2.9,12.66,91.366,0.14
2013-02-15,95.95,117.4,2.01,0.29,-0.53,2.54,2.89,12.46,91.4551,0.16
2013-02-16,,,,,,,,,,0.16
2013-02-17,,,,,,,,,,0.16
2013-02-18,,,,,,,,,,0.16
2013-02-19,96.69,117.04,2.03,0.29,-0.52,2.55,2.9,12.31,91.5073,0.15
2013-02-20,94.92,116.23,2.02,0.27,-0.52,2.54,2.89,14.68,91.6689,0.15
2013-02-21,92.79,114.19,1.99,0.26,-0.54,2.53,2.87,15.22,92.0394,0.16
2013-02-22,93.12,113.74,1.97,0.27,-0.57,2.54,2.88,14.17,92.1197,0.16
2013-02-23,,,,,,,,,,0.16
2013-02-24,,,,,,,,,,0.16
2013-02-25,92.74,114.55,1.88,0.25,-0.62,2.5,2.81,18.99,92.1975,0.15
2013-02-26,92.63,112.96,1.88,0.25,-0.62,2.5,2.82,16.87,92.4247,0.14
2013-02-27,92.84,112.24,1.91,0.27,-0.61,2.52,2.86,14.73,92.234,0.14
2013-02-28,92.03,112.2,1.89,0.25,-0.64,2.53,2.88,15.51,92.295,0.14
2013-03-01,90.71,110.14,1.86,0.25,-0.67,2.53,2.86,15.36,92.6177,0.14
2013-03-02,,,,,,,,,,0.14
2013-03-03,,,,,,,,,,0.14
2013-03-04,90.13,109.9,1.88,0.24,-0.65,2.53,2.84,14.01,92.6316,0.16
2013-03-05,90.88,110.42,1.9,0.25,-0.65,2.55,2.84,13.48,92.4965,0.15
2013-03-06,90.47,110.27,1.95,0.25,-0.61,2.56,2.85,13.53,,0.15
2013-03-07,91.53,110.42,2.0,0.25,-0.56,2.56,2.9,13.06,92.5462,0.16
2013-03-08,92.01,108.91,2.06,0.27,-0.5,2.56,2.94,12.59,92.6252,0.15
2013-03-09,,,,,,,,,,0.15
2013-03-10,,,,,,,,,,0.15
2013-03-11,92.07,108.64,2.07,0.27,-0.5,2.57,2.86,11.56,92.5351,0.16
2013-03-12,92.44,108.48,2.03,0.27,-0.52,2.55,2.83,12.27,92.3853,0.15
2013-03-13,92.47,107.51,2.04,0.27,-0.52,2.56,2.83,11.83,92.4709,0.14
2013-03-14,93.03,108.1,2.04,0.27,-0.53,2.57,2.83,11.3,92.4695,0.15
2013-03-15,93.49,109.32,2.01,0.25,-0.55,2.56,2.82,11.3,92.128,0.16
2013-03-16,,,,,,,,,,0.16
2013-03-17,,,,,,,,,,0.16
2013-03-18,93.71,108.54,1.96,0.26,-0.6,2.56,2.86,13.36,92.3377,0.16
2013-03-19,92.44,106.91,1.92,0.24,-0.61,2.53,2.81,14.39,92.526,0.15
2013-03-20,93.21,108.27,1.96,0.26,-0.57,2.53,2.81,12.67,92.4141,0.15
2013-03-21,92.46,106.41,1.95,0.27,-0.57,2.52,2.82,13.99,92.3322,0.16
2013-03-22,93.41,106.51,1.93,0.26,-0.6,2.53,2.83,13.57,92.2051,0.15
2013-03-23,,,,,,,,,,0.15
2013-03-24,,,,,,,,,,0.15
2013-03-25,94.55,106.66,1.93,0.24,-0.6,2.53,2.82,13.74,92.3081,0.15
2013-03-26,95.99,107.1,1.92,0.25,-0.61,2.53,2.85,12.77,92.232,0.14
2013-03-27,96.53,108.51,1.87,0.25,-0.64,2.51,2.8,13.15,92.446,0.12
2013-03-28,97.24,108.46,1.87,0.25,-0.64,2.51,2.78,12.7,92.2544,0.13
2013-03-29,,,,,,,,,92.302,0.09
2013-03-30,,,,,,,,,,0.09
2013-03-31,,,,,,,,,,0.09
2013-04-01,97.1,108.76,1.86,0.23,-0.65,2.51,2.79,13.58,92.1687,0.16
2013-04-02,97.23,109.66,1.88,0.25,-0.63,2.51,2.8,12.78,92.1432,0.15
2013-04-03,95.02,107.82,1.83,0.24,-0.65,2.48,2.78,14.21,92.104,0.14
2013-04-04,93.26,105.09,1.78,0.22,-0.7,2.48,2.83,13.89,92.3896,0.14
2013-04-05,92.76,103.98,1.72,0.24,-0.74,2.46,2.82,13.92,92.1043,0.15
2013-04-06,,,,,,,,,,0.15
2013-04-07,,,,,,,,,,0.15
2013-04-08,93.36,103.16,1.76,0.24,-0.69,2.45,2.76,13.19,92.2317,0.15
2013-04-09,94.18,104.08,1.78,0.24,-0.67,2.45,2.84,12.84,91.9669,0.15
2013-04-10,94.59,104.8,1.84,0.24,-0.6,2.44,2.78,12.36,91.9598,0.15
2013-04-11,93.44,103.62,1.82,0.24,-0.65,2.47,2.82,12.24,91.6972,0.15
2013-04-12,91.23,100.58,1.75,0.22,-0.68,2.43,2.75,12.06,91.7967,0.15
2013-04-13,,,,,,,,,,0.15
2013-04-14,,,,,,,,,,0.15
2013-04-15,88.75,99.32,1.72,0.22,-0.69,2.41,2.8,17.27,91.9457,0.15
2013-04-16,88.73,97.88,1.75,0.24,-0.65,2.4,2.78,13.96,91.8451,0.15
2013-04-17,86.65,96.84,1.73,0.24,-0.64,2.37,2.76,16.51,92.1372,0.15
2013-04-18,87.83,97.48,1.72,0.24,-0.55,2.27,2.54,17.56,92.176,0.15
2013-04-19,88.04,98.94,1.73,0.24,-0.59,2.32,2.6,14.97,92.2166,0.15
2013-04-20,,,,,,,,,,0.15
2013-04-21,,,,,,,,,,0.15
2013-04-22,88.81,99.07,1.72,0.24,-0.63,2.35,2.66,14.39,92.3591,0.15
2013-04-23,89.21,99.25,1.74,0.23,-0.64,2.38,2.72,13.48,92.3836,0.14
2013-04-24,91.07,100.71,1.73,0.23,-0.65,2.38,2.69,13.61,92.4581,0.13
2013-04-25,93.27,101.62,1.74,0.23,-0.66,2.4,2.68,13.62,92.0394,0.13
2013-04-26,92.63,102.39,1.7,0.22,-0.68,2.38,2.65,13.61,91.9012,0.13
2013-04-27,,,,,,,,,,0.13
2013-04-28,,,,,,,,,,0.13
2013-04-29,94.09,102.88,1.7,0.2,-0.67,2.37,2.64,13.71,91.6539,0.13
2013-04-30,93.22,101.53,1.7,0.22,-0.64,2.34,2.62,13.52,91.3741,0.14
2013-05-01,90.74,98.34,1.66,0.2,-0.64,2.3,2.62,14.49,91.4331,0.14
2013-05-02,93.7,100.32,1.66,0.2,-0.62,2.28,2.57,13.59,91.6174,0.15
2013-05-03,95.25,104.6,1.78,0.22,-0.53,2.31,2.59,12.85,91.5087,0.14
2013-05-04,,,,,,,,,,0.14
2013-05-05,,,,,,,,,,0.14
2013-05-06,95.8,105.0,1.8,0.22,-0.51,2.31,2.57,12.66,91.6387,0.14
2013-05-07,95.28,105.18,1.82,0.22,-0.5,2.32,2.59,12.83,91.5201,0.12
2013-05-08,96.24,103.79,1.81,0.22,-0.48,2.29,2.55,12.66,91.1848,0.12
2013-05-09,96.09,103.59,1.81,0.22,-0.5,2.31,2.6,13.13,91.3036,0.12
2013-05-10,95.81,101.31,1.9,0.26,-0.45,2.35,2.65,12.59,92.2527,0.12
2013-05-11,,,,,,,,,,0.12
2013-05-12,,,,,,,,,,0.12
2013-05-13,94.76,102.17,1.92,0.24,-0.41,2.33,2.64,12.55,92.2711,0.12
2013-05-14,93.96,102.7,1.96,0.26,-0.37,2.33,2.63,12.77,92.3697,0.11
2013-05-15,93.95,101.57,1.94,0.26,-0.36,2.3,2.59,12.81,92.7691,0.12
2013-05-16,94.85,104.27,1.87,0.23,-0.4,2.27,2.57,13.07,92.6602,0.11
2013-05-17,95.72,103.83,1.95,0.26,-0.31,2.26,2.54,12.45,93.1617,0.1
2013-05-18,,,,,,,,,,0.1
2013-05-19,,,,,,,,,,0.1
2013-05-20,96.29,104.55,1.97,0.26,-0.31,2.28,2.56,13.02,93.0359,0.1
2013-05-21,95.55,103.1,1.94,0.26,-0.34,2.28,2.57,13.37,92.9662,0.09
2013-05-22,93.98,102.14,2.03,0.26,-0.24,2.27,2.57,13.82,93.3104,0.08
2013-05-23,94.12,100.46,2.02,0.26,-0.24,2.26,2.59,14.07,93.2113,0.08
2013-05-24,93.84,101.24,2.01,0.26,-0.26,2.27,2.61,13.99,93.2768,0.09
2013-05-25,,,,,,,,,,0.09
2013-05-26,,,,,,,,,,0.09
2013-05-27,,,,,,,,,,0.09
2013-05-28,94.65,103.77,2.15,0.29,-0.14,2.29,2.62,14.48,93.5853,0.09
2013-05-29,93.13,102.14,2.13,0.3,-0.1,2.23,2.55,14.83,93.531,0.08
2013-05-30,93.57,101.79,2.13,0.31,-0.05,2.18,2.53,14.53,93.4219,0.08
2013-05-31,91.93,100.43,2.16,0.3,-0.05,2.21,2.55,16.3,93.6076,0.09
2013-06-01,,,,,,,,,,0.09
2013-06-02,,,,,,,,,,0.09
2013-06-03,93.41,101.63,2.13,0.3,-0.07,2.2,2.51,16.28,93.163,0.1
2013-06-04,93.36,102.04,2.14,0.32,-0.05,2.19,2.46,16.27,93.3067,0.11
2013-06-05,93.66,103.51,2.1,0.3,-0.06,2.16,2.44,17.5,93.275,0.09
2013-06-06,94.71,103.37,2.08,0.3,-0.05,2.13,2.39,16.63,92.809,0.1
2013-06-07,96.11,104.07,2.17,0.32,0.03,2.14,2.39,15.14,92.6056,0.09
2013-06-08,,,,,,,,,,0.09
2013-06-09,,,,,,,,,,0.09
2013-06-10,95.82,103.87,2.22,0.32,0.11,2.11,2.37,15.44,92.973,0.09
2013-06-11,95.5,101.5,2.2,0.34,0.13,2.07,2.31,17.07,92.7996,0.09
2013-06-12,95.98,103.11,2.25,0.34,0.21,2.04,2.27,18.59,92.4775,0.08
2013-06-13,96.66,103.38,2.19,0.32,0.15,2.04,2.28,16.41,92.3449,0.09
2013-06-14,97.83,105.1,2.14,0.29,0.09,2.05,2.28,17.15,92.1886,0.1
2013-06-15,,,,,,,,,,0.1
2013-06-16,,,,,,,,,,0.1
2013-06-17,97.86,105.8,2.19,0.27,0.15,2.04,2.28,16.8,92.3332,0.11
2013-06-18,98.46,105.21,2.2,0.27,0.14,2.06,2.28,16.61,92.5432,0.12
2013-06-19,98.24,105.56,2.33,0.31,0.29,2.04,2.25,16.64,92.4755,0.1
2013-06-20,94.89,102.72,2.41,0.33,0.46,1.95,2.16,20.49,94.125,0.1
2013-06-21,93.81,100.36,2.52,0.38,0.59,1.93,2.2,18.9,94.4243,0.1
2013-06-22,,,,,,,,,,0.1
2013-06-23,,,,,,,,,,0.1
2013-06-24,95.07,99.8,2.57,0.42,0.64,1.93,2.24,20.11,94.5714,0.1
2013-06-25,95.25,101.51,2.6,0.43,0.64,1.96,2.27,18.47,94.3285,0.09
2013-06-26,95.47,100.62,2.55,0.39,0.6,1.95,2.23,17.21,94.3807,0.09
2013-06-27,97.0,102.74,2.49,0.36,0.5,1.99,2.25,16.86,94.2429,0.09
2013-06-28,96.36,102.49,2.52,0.36,0.53,1.99,2.22,16.86,94.3047,0.07
2013-06-29,,,,,,,,,,0.07
2013-06-30,,,,,,,,,,0.07
2013-07-01,97.94,103.19,2.5,0.34,0.48,2.02,2.24,16.37,94.0998,0.1
2013-07-02,99.65,103.96,2.48,0.34,0.44,2.04,2.26,16.44,94.4051,0.1
2013-07-03,101.92,106.12,2.52,0.36,0.48,2.04,2.25,16.2,94.4767,0.1
2013-07-04,,,,,,,,,,0.1
2013-07-05,103.09,107.46,2.73,0.4,0.66,2.07,2.27,14.89,95.0639,0.1
2013-07-06,,,,,,,,,,0.1
2013-07-07,,,,,,,,,,0.1
2013-07-08,103.03,107.75,2.65,0.37,0.58,2.07,2.27,14.78,94.9954,0.1
2013-07-09,103.46,107.9,2.65,0.37,0.59,2.06,2.26,14.35,94.9467,0.1
2013-07-10,106.41,108.43,2.7,0.38,0.64,2.06,2.25,14.21,94.7595,0.09
2013-07-11,104.77,108.18,2.6,0.34,0.56,2.04,2.26,14.01,93.949,0.09
2013-07-12,105.85,109.03,2.61,0.37,0.55,2.06,2.28,13.84,94.0029,0.09
2013-07-13,,,,,,,,,,0.09
2013-07-14,,,,,,,,,,0.09
2013-07-15,106.2,109.05,2.57,0.34,0.47,2.1,2.34,13.79,93.9729,0.09
2013-07-16,105.88,109.29,2.55,0.34,0.41,2.14,2.39,14.42,93.5232,0.09
2013-07-17,106.39,109.67,2.52,0.32,0.38,2.14,2.38,13.78,93.5498,0.09
2013-07-18,107.94,109.71,2.56,0.32,0.38,2.18,2.47,13.77,93.681,0.09
2013-07-19,108.0,109.34,2.5,0.32,0.29,2.21,2.51,12.54,93.4759,0.09
2013-07-20,,,,,,,,,,0.09
2013-07-21,,,,,,,,,,0.09
2013-07-22,106.61,108.82,2.5,0.32,0.28,2.22,2.53,12.29,93.2253,0.09
2013-07-23,107.13,109.27,2.53,0.33,0.33,2.2,2.5,12.66,93.1631,0.09
2013-07-24,105.41,108.23,2.61,0.34,0.44,2.17,2.47,13.18,93.3124,0.09
2013-07-25,105.47,108.1,2.61,0.32,0.44,2.17,2.51,12.97,93.2862,0.09
2013-07-26,104.76,107.57,2.58,0.31,0.43,2.15,2.47,12.72,93.1695,0.09
2013-07-27,,,,,,,,,,0.09
2013-07-28,,,,,,,,,,0.09
2013-07-29,104.61,108.1,2.61,0.33,0.45,2.16,2.51,13.39,93.1663,0.08
2013-07-30,103.14,107.47,2.63,0.33,0.46,2.17,2.52,13.39,93.3976,0.09
2013-07-31,105.1,107.89,2.6,0.31,0.38,2.22,2.57,13.45,93.5703,0.09
2013-08-01,107.93,109.94,2.74,0.35,0.48,2.26,2.58,12.94,93.7972,0.08
2013-08-02,106.94,109.63,2.63,0.3,0.42,2.21,2.51,11.98,93.5789,0.09
2013-08-03,,,,,,,,,,0.09
2013-08-04,,,,,,,,,,0.09
2013-08-05,106.61,109.81,2.67,0.32,0.42,2.25,2.58,11.84,93.507,0.08
2013-08-06,105.32,108.77,2.67,0.32,0.39,2.28,2.62,12.72,93.3199,0.09
2013-08-07,104.41,108.39,2.61,0.32,0.35,2.26,2.59,12.98,93.2652,0.09
2013-08-08,103.45,107.32,2.58,0.3,0.34,2.24,2.58,12.73,92.8483,0.09
2013-08-09,106.04,108.49,2.57,0.32,0.33,2.24,2.57,13.41,92.8394,0.08
2013-08-10,,,,,,,,,,0.08
2013-08-11,,,,,,,,,,0.08
2013-08-12,106.19,109.28,2.61,0.32,0.37,2.24,2.57,12.81,92.9178,0.08
2013-08-13,106.78,110.69,2.71,0.34,0.48,2.23,2.54,12.31,93.476,0.08
2013-08-14,106.89,110.26,2.71,0.34,0.5,2.21,2.56,13.04,93.382,0.09
2013-08-15,107.43,111.58,2.77,0.36,0.6,2.17,2.51,14.73,93.5059,0.08
2013-08-16,107.58,111.82,2.84,0.36,0.68,2.16,2.53,14.37,93.4255,0.09
2013-08-17,,,,,,,,,,0.09
2013-08-18,,,,,,,,,,0.09
2013-08-19,107.14,111.41,2.88,0.36,0.75,2.13,2.5,15.1,93.6623,0.09
2013-08-20,104.9,110.74,2.82,0.36,0.67,2.15,2.52,14.91,93.5536,0.09
2013-08-21,103.93,110.82,2.87,0.38,0.73,2.14,2.51,15.94,94.0362,0.08
2013-08-22,104.93,110.51,2.9,0.42,0.79,2.11,2.45,14.76,94.2804,0.09
2013-08-23,106.48,112.12,2.82,0.4,0.69,2.13,2.44,13.98,93.9466,0.08
2013-08-24,,,,,,,,,,0.08
2013-08-25,,,,,,,,,,0.08
2013-08-26,105.88,112.23,2.79,0.41,0.64,2.15,2.48,14.99,94.1853,0.08
2013-08-27,109.11,115.21,2.72,0.38,0.57,2.15,2.44,16.77,94.3934,0.07
2013-08-28,110.17,116.27,2.78,0.4,0.63,2.15,2.45,16.49,94.4127,0.07
2013-08-29,108.51,116.91,2.75,0.39,0.65,2.1,2.4,16.81,94.6398,0.08
2013-08-30,107.98,115.97,2.78,0.39,0.68,2.1,2.42,17.01,94.7541,0.07
2013-08-31,,,,,,,,,,0.07
2013-09-01,,,,,,,,,,0.07
2013-09-02,,,,,,,,,,0.07
2013-09-03,108.67,115.49,2.86,0.43,0.76,2.1,2.44,16.61,94.9574,0.09
2013-09-04,107.29,115.65,2.9,0.46,0.83,2.07,2.4,15.88,94.5739,0.08
2013-09-05,108.5,115.81,2.98,0.52,0.92,2.06,2.41,15.77,94.8891,0.08
2013-09-06,110.62,117.15,2.94,0.46,0.87,2.07,2.43,15.85,94.2487,0.08
2013-09-07,,,,,,,,,,0.08
2013-09-08,,,,,,,,,,0.08
2013-09-09,109.62,115.2,2.9,0.45,0.84,2.06,2.43,15.63,94.0009,0.08
2013-09-10,107.48,112.1,2.96,0.5,0.86,2.1,2.46,14.53,93.938,0.08
2013-09-11,107.65,112.37,2.93,0.47,0.8,2.13,2.5,13.82,93.7112,0.08
2013-09-12,108.72,113.11,2.92,0.45,0.81,2.11,2.47,14.29,93.5903,0.08
2013-09-13,108.31,113.31,2.9,0.45,0.8,2.1,2.45,14.16,93.6666,0.08
2013-09-14,,,,,,,,,,0.08
2013-09-15,,,,,,,,,,0.08
2013-09-16,106.54,110.86,2.88,0.41,0.76,2.12,2.48,14.38,93.2875,0.08
2013-09-17,105.36,109.05,2.86,0.39,0.7,2.16,2.53,14.53,93.2231,0.08
2013-09-18,108.23,109.09,2.69,0.34,0.49,2.2,2.56,13.59,93.2569,0.08
2013-09-19,106.26,110.66,2.76,0.34,0.55,2.21,2.59,13.16,92.4082,0.09
2013-09-20,104.7,110.22,2.75,0.34,0.52,2.23,2.61,13.12,92.6049,0.08
2013-09-21,,,,,,,,,,0.08
2013-09-22,,,,,,,,,,0.08
2013-09-23,103.62,108.56,2.72,0.35,0.46,2.26,2.68,14.31,92.613,0.09
2013-09-24,103.22,107.68,2.67,0.35,0.48,2.19,2.61,14.08,92.7691,0.09
2013-09-25,102.68,109.46,2.63,0.36,0.45,2.18,2.57,14.01,92.7675,0.08
2013-09-26,103.1,108.86,2.66,0.34,0.47,2.19,2.61,14.06,93.0096,0.08
2013-09-27,102.86,109.45,2.64,0.34,0.46,2.18,2.6,15.46,92.9747,0.08
2013-09-28,,,,,,,,,,0.08
2013-09-29,,,,,,,,,,0.08
2013-09-30,102.36,107.85,2.64,0.33,0.45,2.19,2.64,16.6,92.9207,0.06
2013-10-01,102.09,107.32,2.66,0.33,0.46,2.2,2.63,15.54,92.9515,0.08
2013-10-02,104.15,109.09,2.63,0.31,0.43,2.2,2.6,16.6,92.772,0.07
2013-10-03,103.29,109.49,2.62,0.33,0.43,2.19,2.61,17.67,92.7461,0.08
2013-10-04,103.83,109.42,2.66,0.33,0.46,2.2,2.61,16.74,92.6469,0.08
2013-10-05,,,,,,,,,,0.08
2013-10-06,,,,,,,,,,0.08
2013-10-07,103.07,109.66,2.65,0.37,0.45,2.2,2.61,19.41,92.6725,0.08
2013-10-08,103.54,110.56,2.66,0.4,0.48,2.18,2.6,20.34,92.7558,0.08
2013-10-09,101.63,109.02,2.68,0.37,0.47,2.21,2.64,19.6,93.0829,0.09
2013-10-10,103.08,111.63,2.71,0.35,0.5,2.21,2.61,16.48,92.8579,0.09
2013-10-11,102.17,110.65,2.7,0.35,0.5,2.2,2.61,15.72,92.854,0.1
2013-10-12,,,,,,,,,,0.1
2013-10-13,,,,,,,,,,0.1
2013-10-14,102.46,110.13,,,,,,16.07,,0.1
2013-10-15,101.15,110.67,2.75,0.37,0.54,2.21,2.63,18.66,92.7642,0.1
2013-10-16,102.34,110.79,2.69,0.34,0.5,2.19,2.59,14.71,92.6819,0.11
2013-10-17,100.72,109.55,2.61,0.33,0.45,2.16,2.55,13.48,92.0246,0.1
2013-10-18,100.87,109.4,2.6,0.33,0.42,2.18,2.58,13.04,91.9989,0.1
2013-10-19,,,,,,,,,,0.1
2013-10-20,,,,,,,,,,0.1
2013-10-21,99.28,109.47,2.63,0.33,0.44,2.19,2.59,13.16,92.2498,0.09
2013-10-22,97.63,109.57,2.54,0.31,0.37,2.17,2.58,13.33,91.9563,0.08
2013-10-23,96.9,107.74,2.51,0.31,0.36,2.15,2.54,13.42,92.0947,0.08
2013-10-24,96.65,106.63,2.53,0.33,0.36,2.17,2.57,13.2,92.1867,0.08
2013-10-25,97.4,105.7,2.53,0.32,0.34,2.19,2.61,13.09,92.1623,0.08
2013-10-26,,,,,,,,,,0.08
2013-10-27,,,,,,,,,,0.08
2013-10-28,98.74,108.29,2.54,0.32,0.35,2.19,2.59,13.31,92.1872,0.08
2013-10-29,98.29,108.04,2.53,0.31,0.35,2.18,2.6,13.41,92.301,0.08
2013-10-30,96.81,108.41,2.55,0.33,0.37,2.18,2.59,13.65,92.3057,0.08
2013-10-31,96.29,107.53,2.57,0.31,0.4,2.17,2.6,13.75,92.731,0.07
2013-11-01,94.56,105.78,2.65,0.33,0.5,2.15,2.6,13.28,93.155,0.08
2013-11-02,,,,,,,,,,0.08
2013-11-03,,,,,,,,,,0.08
2013-11-04,94.58,104.85,2.63,0.32,0.5,2.13,2.55,12.93,92.9359,0.08
2013-11-05,93.4,105.01,2.69,0.32,0.55,2.14,2.56,13.27,93.2112,0.08
2013-11-06,94.74,105.46,2.67,0.3,0.48,2.19,2.61,12.67,93.0943,0.08
2013-11-07,94.25,103.08,2.63,0.29,0.46,2.17,2.58,13.91,93.4003,0.08
2013-11-08,94.56,104.29,2.77,0.32,0.59,2.18,2.59,12.9,93.6619,0.08
2013-11-09,,,,,,,,,,0.08
2013-11-10,,,,,,,,,,0.08
2013-11-11,95.13,105.76,,,,,,12.53,,0.08
2013-11-12,93.12,106.29,2.8,0.34,0.62,2.18,2.57,12.82,93.7651,0.08
2013-11-13,93.91,106.9,2.75,0.32,0.58,2.17,2.55,12.52,93.4848,0.08
2013-11-14,93.76,108.29,2.69,0.29,0.51,2.18,2.56,12.37,93.4328,0.09
2013-11-15,93.8,108.25,2.71,0.31,0.53,2.18,2.56,12.19,93.2854,0.09
2013-11-16,,,,,,,,,,0.09
2013-11-17,,,,,,,,,,0.09
2013-11-18,93.03,108.8,2.67,0.31,0.48,2.19,2.58,13.1,92.9824,0.09
2013-11-19,93.35,108.29,2.71,0.29,0.53,2.18,2.59,13.39,93.0649,0.09
2013-11-20,93.34,108.27,2.8,0.28,0.64,2.16,2.57,13.4,93.2501,0.09
2013-11-21,95.35,109.9,2.79,0.29,0.6,2.19,2.62,12.66,93.5638,0.09
2013-11-22,94.53,111.36,2.75,0.31,0.56,2.19,2.62,12.26,93.4198,0.09
2013-11-23,,,,,,,,,,0.09
2013-11-24,,,,,,,,,,0.09
2013-11-25,93.86,110.83,2.74,0.3,0.56,2.18,2.61,12.79,93.5539,0.09
2013-11-26,93.41,112.04,2.71,0.29,0.54,2.17,2.63,12.81,93.5226,0.09
2013-11-27,92.05,111.32,2.74,0.28,0.58,2.16,2.61,12.98,93.6864,0.09
2013-11-28,,,,,,,,,,0.09
2013-11-29,92.55,111.07,2.75,0.28,0.6,2.15,2.61,13.7,93.6291,0.07
2013-11-30,,,,,,,,,,0.07
2013-12-01,,,,,,,,,,0.07
2013-12-02,93.61,111.49,2.81,0.3,0.66,2.15,2.6,14.23,93.8856,0.09
2013-12-03,95.83,113.06,2.79,0.28,0.64,2.15,2.61,14.55,93.8251,0.09
2013-12-04,96.97,113.27,2.84,0.3,0.73,2.11,2.58,14.7,93.8997,0.09
2013-12-05,97.14,112.07,2.88,0.3,0.76,2.12,2.58,15.08,93.4954,0.09
2013-12-06,97.48,111.5,2.88,0.3,0.77,2.11,2.57,13.79,93.4045,0.09
2013-12-07,,,,,,,,,,0.09
2013-12-08,,,,,,,,,,0.09
2013-12-09,97.1,110.07,2.86,0.3,0.74,2.12,2.61,13.49,93.1444,0.09
2013-12-10,98.32,108.91,2.81,0.3,0.69,2.12,2.6,13.91,,0.09
2013-12-11,97.25,109.47,2.86,0.31,0.71,2.15,2.65,15.42,93.0842,0.08
2013-12-12,97.21,108.99,2.89,0.34,0.75,2.14,2.63,15.54,93.4292,0.09
2013-12-13,96.27,108.08,2.88,0.34,0.72,2.16,2.66,15.76,93.3568,0.08
2013-12-14,,,,,,,,,,0.08
2013-12-15,,,,,,,,,,0.08
2013-12-16,97.18,110.3,2.89,0.34,0.71,2.18,2.68,16.03,93.2175,0.09
2013-12-17,96.99,108.91,2.85,0.34,0.67,2.18,2.67,16.21,93.302,0.09
2013-12-18,97.59,109.56,2.89,0.32,0.72,2.17,2.67,13.8,93.4207,0.09
2013-12-19,98.4,110.78,2.94,0.35,0.79,2.15,2.55,14.15,93.7368,0.09
2013-12-20,99.11,112.15,2.89,0.37,0.73,2.16,2.68,13.79,93.7211,0.09
2013-12-21,,,,,,,,,,0.09
2013-12-22,,,,,,,,,,0.09
2013-12-23,98.62,111.58,2.94,0.38,0.76,2.18,2.69,13.04,93.572,0.09
2013-12-24,98.87,111.57,2.99,0.38,0.8,2.19,2.7,12.48,93.6734,0.08
2013-12-25,,,,,,,,,,0.08
2013-12-26,99.18,111.65,3.0,0.42,0.8,2.2,2.7,12.33,93.766,0.08
2013-12-27,99.94,112.06,3.02,0.4,0.8,2.22,2.76,12.46,93.7018,0.08
2013-12-28,,,,,,,,,,0.08
2013-12-29,,,,,,,,,,0.08
2013-12-30,98.9,110.47,2.99,0.39,0.76,2.23,2.82,13.56,93.4866,0.08
2013-12-31,98.17,109.95,3.04,0.38,0.8,2.24,2.79,13.72,93.5576,0.07
2014-01-01,,,,,,,,,,0.07
2014-01-02,95.14,107.94,3.0,0.39,0.74,2.26,2.81,14.23,93.8192,0.08
2014-01-03,93.66,106.57,3.01,0.41,0.75,2.26,2.83,13.76,93.853,0.08
2014-01-04,,,,,,,,,,0.08
2014-01-05,,,,,,,,,,0.08
2014-01-06,93.12,106.71,2.98,0.4,0.72,2.26,2.77,13.55,93.9109,0.08
2014-01-07,93.31,107.01,2.96,0.4,0.7,2.26,2.69,12.92,94.0398,0.07
2014-01-08,91.9,107.42,3.01,0.43,0.72,2.29,2.82,12.87,94.2181,0.07
2014-01-09,91.36,107.49,2.97,0.44,0.66,2.31,2.79,12.89,94.3299,0.07
2014-01-10,92.39,106.44,2.88,0.39,0.59,2.29,2.83,12.14,94.0045,0.07
2014-01-11,,,,,,,,,,0.07
2014-01-12,,,,,,,,,,0.07
2014-01-13,91.45,108.02,2.84,0.39,0.57,2.27,2.83,13.28,93.899,0.07
2014-01-14,92.15,107.12,2.88,0.39,0.62,2.26,2.76,12.28,94.0303,0.07
2014-01-15,93.78,108.09,2.9,0.41,0.62,2.28,2.84,12.28,94.341,0.07
2014-01-16,93.54,107.46,2.86,0.41,0.61,2.25,2.76,12.53,94.5507,0.07
2014-01-17,93.96,108.45,2.84,0.4,0.58,2.26,2.8,12.44,94.5846,0.07
2014-01-18,,,,,,,,,,0.07
2014-01-19,,,,,,,,,,0.07
2014-01-20,,108.01,,,,,,,,0.07
2014-01-21,94.51,109.17,2.85,0.4,0.59,2.26,2.81,12.87,94.679,0.07
2014-01-22,96.35,109.69,2.87,0.44,0.62,2.25,2.71,12.84,94.8479,0.07
2014-01-23,97.23,109.69,2.79,0.39,0.66,2.13,2.54,13.77,94.8415,0.07
2014-01-24,96.66,109.14,2.75,0.37,0.61,2.14,2.6,18.14,94.8555,0.07
2014-01-25,,,,,,,,,,0.07
2014-01-26,,,,,,,,,,0.07
2014-01-27,95.82,108.72,2.78,0.37,0.64,2.14,2.56,17.42,94.9059,0.07
2014-01-28,97.49,109.1,2.77,0.38,0.62,2.15,2.59,15.8,94.88,0.07
2014-01-29,97.34,108.83,2.69,0.36,0.55,2.14,2.56,17.35,94.8621,0.07
2014-01-30,98.25,109.36,2.72,0.36,0.57,2.15,2.54,17.29,95.1294,0.07
2014-01-31,97.55,108.16,2.67,0.34,0.53,2.14,2.56,18.41,95.1774,0.07
2014-02-01,,,,,,,,,,0.07
2014-02-02,,,,,,,,,,0.07
2014-02-03,96.44,106.55,2.61,0.3,0.47,2.14,2.58,21.44,95.2469,0.07
2014-02-04,97.24,107.04,2.64,0.31,0.51,2.13,2.49,19.11,95.0438,0.07
2014-02-05,97.4,106.81,2.7,0.32,0.56,2.14,2.5,19.95,95.0285,0.07
2014-02-06,97.84,108.15,2.73,0.33,0.57,2.16,2.5,17.23,94.7177,0.07
2014-02-07,99.98,110.12,2.71,0.3,0.53,2.18,2.59,15.29,94.7457,0.06
2014-02-08,,,,,,,,,,0.06
2014-02-09,,,,,,,,,,0.06
2014-02-10,100.12,110.18,2.7,0.32,0.51,2.19,2.59,15.26,94.7189,0.07
2014-02-11,99.96,109.21,2.75,0.35,0.56,2.19,2.58,14.51,94.6377,0.06
2014-02-12,100.38,108.62,2.8,0.35,0.59,2.21,2.59,14.3,94.6209,0.07
2014-02-13,100.27,108.98,2.73,0.32,0.56,2.17,2.57,14.14,,0.06
2014-02-14,100.31,108.63,2.75,0.32,0.59,2.16,2.65,13.57,94.2711,0.06
2014-02-15,,,,,,,,,,0.06
2014-02-16,,,,,,,,,,0.06
2014-02-17,,,,,,,,,,0.06
2014-02-18,102.54,110.14,2.71,0.31,0.57,2.14,2.49,13.87,94.1934,0.07
2014-02-19,103.46,110.37,2.73,0.33,0.6,2.13,2.48,15.5,94.38,0.07
2014-02-20,103.2,109.42,2.76,0.34,0.63,2.13,2.48,14.79,94.6571,0.07
2014-02-21,102.53,109.03,2.73,0.33,0.61,2.12,2.5,14.68,,0.07
2014-02-22,,,,,,,,,,0.07
2014-02-23,,,,,,,,,,0.07
2014-02-24,103.17,109.76,2.75,0.35,0.59,2.16,2.54,14.23,94.4042,0.07
2014-02-25,102.2,109.19,2.7,0.34,0.55,2.15,2.52,13.67,94.4735,0.07
2014-02-26,102.93,109.39,2.67,0.33,0.51,2.16,2.56,14.35,94.7754,0.07
2014-02-27,102.68,108.54,2.65,0.33,0.49,2.16,2.51,14.04,94.6722,0.07
2014-02-28,102.88,108.98,2.66,0.33,0.49,2.17,2.55,14.0,94.3879,0.06
2014-03-01,,,,,,,,,,0.06
2014-03-02,,,,,,,,,,0.06
2014-03-03,105.34,111.26,2.6,0.32,0.44,2.16,2.54,16.0,,0.07
2014-03-04,103.64,109.17,2.7,0.33,0.52,2.18,2.57,14.1,94.6568,0.07
2014-03-05,101.75,108.15,2.7,0.33,0.52,2.18,2.56,13.89,94.4679,0.08
2014-03-06,101.82,107.99,2.74,0.37,0.53,2.21,2.58,14.21,93.9858,0.08
2014-03-07,102.82,109.14,2.8,0.38,0.57,2.23,2.63,14.11,94.2532,0.08
2014-03-08,,,,,,,,,,0.08
2014-03-09,,,,,,,,,,0.08
2014-03-10,101.39,108.27,2.79,0.37,0.57,2.22,2.56,14.2,94.3731,0.08
2014-03-11,100.29,108.35,2.77,0.37,0.57,2.2,2.54,14.8,94.387,0.08
2014-03-12,98.29,107.88,2.73,0.37,0.54,2.19,2.56,14.47,94.462,0.08
2014-03-13,98.57,107.48,2.66,0.34,0.49,2.17,2.59,16.22,94.1872,0.08
2014-03-14,99.23,108.08,2.65,0.36,0.48,2.17,2.6,17.82,94.243,0.08
2014-03-15,,,,,,,,,,0.08
2014-03-16,,,,,,,,,,0.08
2014-03-17,98.43,106.99,2.7,0.38,0.52,2.18,2.56,15.64,,0.08
2014-03-18,100.08,106.79,2.68,0.36,0.5,2.18,2.59,14.52,94.2631,0.08
2014-03-19,100.71,105.95,2.78,0.47,0.62,2.16,2.59,15.12,94.3752,0.08
2014-03-20,99.68,105.73,2.79,0.45,0.66,2.13,2.51,14.52,94.9986,0.08
2014-03-21,99.97,107.2,2.75,0.45,0.61,2.14,2.49,15.0,94.8547,0.08
2014-03-22,,,,,,,,,,0.08
2014-03-23,,,,,,,,,,0.08
2014-03-24,100.05,106.59,2.74,0.47,0.59,2.15,2.51,15.09,94.759,0.09
2014-03-25,99.66,107.01,2.75,0.47,0.61,2.14,2.58,14.02,94.6379,0.09
2014-03-26,100.61,105.9,2.71,0.45,0.57,2.14,2.53,14.93,94.5281,0.08
2014-03-27,101.25,106.58,2.69,0.45,0.56,2.13,2.53,14.62,94.3315,0.08
2014-03-28,101.73,106.64,2.73,0.45,0.6,2.13,2.54,14.41,94.3683,0.08
2014-03-29,,,,,,,,,,0.08
2014-03-30,,,,,,,,,,0.08
2014-03-31,101.57,105.95,2.73,0.44,0.6,2.13,2.56,13.88,94.2432,0.06
2014-04-01,99.69,105.7,2.77,0.44,0.63,2.14,2.57,13.1,94.1244,0.08
2014-04-02,99.6,103.37,2.82,0.47,0.68,2.14,2.56,13.09,94.3103,0.09
2014-04-03,100.29,104.88,2.8,0.46,0.66,2.14,2.6,13.37,94.512,0.08
2014-04-04,101.16,106.41,2.74,0.43,0.61,2.13,2.55,13.96,94.2191,0.08
2014-04-05,,,,,,,,,,0.08
2014-04-06,,,,,,,,,,0.08
2014-04-07,100.43,104.89,2.71,0.41,0.59,2.12,2.63,15.57,94.0881,0.09
2014-04-08,102.57,105.83,2.69,0.4,0.58,2.11,2.51,14.89,93.6579,0.08
2014-04-09,103.55,107.39,2.71,0.37,0.57,2.14,2.58,13.82,93.6716,0.08
2014-04-10,103.37,107.1,2.65,0.37,0.51,2.14,2.59,15.89,93.5123,0.08
2014-04-11,103.68,107.34,2.63,0.37,0.5,2.13,2.62,17.03,93.6395,0.09
2014-04-12,,,,,,,,,,0.09
2014-04-13,,,,,,,,,,0.09
2014-04-14,104.05,107.68,2.65,0.37,0.52,2.13,2.55,16.11,93.8046,0.09
2014-04-15,103.7,109.1,2.64,0.39,0.5,2.14,2.6,15.61,93.9486,0.1
2014-04-16,103.71,109.71,2.65,0.39,0.48,2.17,2.61,14.18,93.9461,0.09
2014-04-17,104.33,109.79,2.73,0.43,0.52,2.21,2.47,13.36,93.8936,0.09
2014-04-18,,,,,,,,,93.9629,0.1
2014-04-19,,,,,,,,,,0.1
2014-04-20,,,,,,,,,,0.1
2014-04-21,104.35,109.69,2.73,0.42,0.53,2.2,2.43,13.25,94.0337,0.1
2014-04-22,101.69,108.54,2.73,0.45,0.52,2.21,2.44,13.19,94.0802,0.1
2014-04-23,101.47,108.48,2.7,0.43,0.49,2.21,2.44,13.27,94.149,0.1
2014-04-24,102.2,109.79,2.7,0.43,0.49,2.21,2.43,13.32,94.1294,0.1
2014-04-25,100.85,109.53,2.68,0.43,0.48,2.2,2.44,14.06,94.1623,0.09
2014-04-26,,,,,,,,,,0.09
2014-04-27,,,,,,,,,,0.09
2014-04-28,101.13,109.12,2.7,0.44,0.52,2.18,2.41,13.97,94.1374,0.09
2014-04-29,101.56,109.89,2.71,0.44,0.53,2.18,2.41,13.71,94.0295,0.1
2014-04-30,100.07,108.63,2.67,0.42,0.49,2.18,2.4,13.41,93.8896,0.09
2014-05-01,99.69,108.63,2.63,0.41,0.43,2.2,2.44,13.25,93.8707,0.09
2014-05-02,100.09,109.48,2.6,0.42,0.41,2.19,2.43,12.91,93.8182,0.09
2014-05-03,,,,,,,,,,0.09
2014-05-04,,,,,,,,,,0.09
2014-05-05,99.74,109.48,2.63,0.43,0.45,2.18,2.44,13.29,93.7334,0.09
2014-05-06,99.81,108.3,2.61,0.43,0.45,2.16,2.41,13.8,93.4324,0.09
2014-05-07,101.06,108.17,2.62,0.41,0.42,2.2,2.48,13.4,93.4337,0.08
2014-05-08,100.52,108.19,2.61,0.4,0.42,2.19,2.45,13.43,93.3686,0.08
2014-05-09,100.32,108.26,2.62,0.4,0.44,2.18,2.44,12.92,93.6614,0.08
2014-05-10,,,,,,,,,,0.08
2014-05-11,,,,,,,,,,0.08
2014-05-12,100.89,108.37,2.66,0.41,0.48,2.18,2.45,12.23,93.6537,0.08
2014-05-13,102.01,108.78,2.61,0.39,0.45,2.16,2.43,12.13,93.6755,0.09
2014-05-14,102.63,109.87,2.54,0.39,0.37,2.17,2.42,12.17,93.5968,0.08
2014-05-15,101.74,109.74,2.5,0.38,0.31,2.19,2.42,13.17,93.7065,0.09
2014-05-16,102.31,110.9,2.52,0.38,0.34,2.18,2.42,12.44,93.6073,0.09
2014-05-17,,,,,,,,,,0.09
2014-05-18,,,,,,,,,,0.09
2014-05-19,102.95,110.84,2.54,0.36,0.37,2.17,2.41,12.42,93.502,0.09
2014-05-20,102.8,110.35,2.52,0.35,0.35,2.17,2.42,12.96,93.6699,0.09
2014-05-21,104.31,111.32,2.54,0.37,0.36,2.18,2.41,11.91,93.7629,0.09
2014-05-22,104.03,110.89,2.56,0.37,0.35,2.21,2.45,12.03,93.6944,0.09
2014-05-23,105.01,110.19,2.54,0.37,0.32,2.22,2.47,11.36,93.7042,0.09
2014-05-24,,,,,,,,,,0.09
2014-05-25,,,,,,,,,,0.09
2014-05-26,,110.01,,,,,,,,0.09
2014-05-27,104.78,109.81,2.52,0.39,0.31,2.21,2.47,11.51,93.8418,0.09
2014-05-28,103.37,109.09,2.44,0.37,0.22,2.22,2.5,11.68,93.8793,0.09
2014-05-29,104.26,109.98,2.45,0.37,0.22,2.23,2.5,11.57,93.6973,0.09
2014-05-30,103.4,109.21,2.48,0.37,0.26,2.22,2.51,11.4,93.7606,0.08
2014-05-31,,,,,,,,,,0.08
2014-06-01,,,,,,,,,,0.08
2014-06-02,103.07,109.34,2.54,0.39,0.32,2.22,2.51,11.58,94.0006,0.09
2014-06-03,103.34,108.87,2.6,0.41,0.41,2.19,2.46,11.87,94.0536,0.1
2014-06-04,103.27,109.07,2.61,0.41,0.44,2.17,2.44,12.08,94.1239,0.09
2014-06-05,103.17,108.43,2.59,0.4,0.41,2.18,2.44,11.68,93.9732,0.09
2014-06-06,103.32,109.21,2.6,0.41,0.4,2.2,2.47,10.73,93.9069,0.09
2014-06-07,,,,,,,,,,0.09
2014-06-08,,,,,,,,,,0.09
2014-06-09,105.09,110.55,2.62,0.43,0.41,2.21,2.47,11.15,93.9628,0.09
2014-06-10,105.02,109.18,2.64,0.45,0.43,2.21,2.48,10.99,94.0638,0.09
2014-06-11,105.04,109.83,2.65,0.44,0.43,2.22,2.5,11.6,93.9744,0.09
2014-06-12,107.2,112.18,2.58,0.42,0.39,2.19,2.43,12.56,93.8155,0.09
2014-06-13,107.49,113.15,2.6,0.45,0.41,2.19,2.45,12.18,93.9168,0.1
2014-06-14,,,,,,,,,,0.1
2014-06-15,,,,,,,,,,0.1
2014-06-16,107.52,113.42,2.61,0.49,0.41,2.2,2.48,12.65,93.8639,0.1
2014-06-17,106.95,114.02,2.66,0.51,0.43,2.23,2.49,12.06,94.0829,0.1
2014-06-18,106.64,114.25,2.61,0.48,0.38,2.23,2.48,10.61,94.0525,0.1
2014-06-19,107.08,115.19,2.64,0.48,0.39,2.25,2.48,10.62,93.752,0.1
2014-06-20,107.95,114.55,2.63,0.5,0.35,2.28,2.54,10.85,93.7591,0.1
2014-06-21,,,,,,,,,,0.1
2014-06-22,,,,,,,,,,0.1
2014-06-23,106.83,113.62,2.63,0.48,0.35,2.28,2.53,10.98,93.628,0.1
2014-06-24,106.64,113.74,2.59,0.49,0.31,2.28,2.51,12.13,93.7093,0.1
2014-06-25,107.04,112.84,2.57,0.48,0.29,2.28,2.53,11.59,93.5851,0.1
2014-06-26,106.49,112.61,2.53,0.46,0.26,2.27,2.52,11.63,93.5471,0.1
2014-06-27,106.46,112.62,2.54,0.45,0.27,2.27,2.51,11.26,93.3983,0.1
2014-06-28,,,,,,,,,,0.1
2014-06-29,,,,,,,,,,0.1
2014-06-30,106.07,111.03,2.53,0.47,0.27,2.26,2.52,11.57,93.2058,0.09
2014-07-01,106.06,110.84,2.58,0.47,0.32,2.26,2.52,11.15,93.1365,0.1
2014-07-02,105.18,110.18,2.64,0.49,0.38,2.26,2.51,10.82,93.2478,0.1
2014-07-03,104.76,108.98,2.65,0.52,0.37,2.28,2.53,10.32,93.3149,0.09
2014-07-04,,,,,,,,,,0.09
2014-07-05,,,,,,,,,,0.09
2014-07-06,,,,,,,,,,0.09
2014-07-07,104.19,108.7,2.63,0.52,0.36,2.27,2.53,11.33,93.3803,0.1
2014-07-08,104.06,107.65,2.58,0.51,0.31,2.27,2.55,11.98,93.323,0.09
2014-07-09,102.93,106.84,2.57,0.51,0.28,2.29,2.6,11.65,93.228,0.09
2014-07-10,103.61,106.2,2.55,0.46,0.27,2.28,2.56,12.59,93.3152,0.09
2014-07-11,101.48,105.77,2.53,0.48,0.25,2.28,2.57,12.08,93.4171,0.09
2014-07-12,,,,,,,,,,0.09
2014-07-13,,,,,,,,,,0.09
2014-07-14,101.73,104.73,2.55,0.48,0.28,2.27,2.55,11.82,93.4101,0.09
2014-07-15,100.56,104.73,2.56,0.49,0.31,2.25,2.54,11.96,93.5796,0.09
2014-07-16,101.88,105.41,2.55,0.5,0.32,2.23,2.51,11.0,93.5991,0.09
2014-07-17,103.84,106.04,2.47,0.47,0.24,2.23,2.49,14.54,93.6586,0.09
2014-07-18,103.83,106.03,2.5,0.51,0.26,2.24,2.52,12.06,93.6608,0.09
2014-07-19,,,,,,,,,,0.09
2014-07-20,,,,,,,,,,0.09
2014-07-21,105.34,105.71,2.49,0.51,0.25,2.24,2.51,12.81,93.6069,0.1
2014-07-22,104.59,106.48,2.48,0.49,0.25,2.23,2.53,12.24,93.6306,0.09
2014-07-23,103.81,106.85,2.48,0.5,0.25,2.23,2.54,11.52,93.5951,0.09
2014-07-24,102.76,105.78,2.52,0.53,0.25,2.27,2.61,11.84,93.6836,0.09
2014-07-25,105.23,106.89,2.48,0.53,0.2,2.28,2.61,12.69,93.8294,0.09
2014-07-26,,,,,,,,,,0.09
2014-07-27,,,,,,,,,,0.09
2014-07-28,105.68,106.7,2.5,0.54,0.22,2.28,2.61,12.56,93.83,0.09
2014-07-29,104.91,106.98,2.47,0.54,0.2,2.27,2.6,13.28,94.0443,0.09
2014-07-30,104.29,106.47,2.57,0.56,0.29,2.28,2.6,13.33,94.3473,0.09
2014-07-31,98.23,104.94,2.58,0.53,0.29,2.29,2.61,16.95,94.4467,0.08
2014-08-01,97.86,103.45,2.52,0.47,0.25,2.27,2.62,17.03,94.4754,0.09
2014-08-02,,,,,,,,,,0.09
2014-08-03,,,,,,,,,,0.09
2014-08-04,98.26,103.63,2.51,0.47,0.26,2.25,2.6,15.12,94.448,0.09
2014-08-05,97.34,102.82,2.49,0.47,0.25,2.24,2.58,16.87,94.6754,0.09
2014-08-06,96.93,104.17,2.49,0.48,0.24,2.25,2.6,16.37,94.6092,0.09
2014-08-07,97.34,104.02,2.43,0.44,0.19,2.24,2.59,16.66,94.6364,0.09
2014-08-08,97.61,103.36,2.44,0.45,0.19,2.25,2.64,15.77,94.6027,0.09
2014-08-09,,,,,,,,,,0.09
2014-08-10,,,,,,,,,,0.09
2014-08-11,98.09,103.47,2.44,0.47,0.19,2.25,2.64,14.23,94.4767,0.09
2014-08-12,97.36,101.68,2.46,0.45,0.22,2.24,2.61,14.13,94.5211,0.09
2014-08-13,97.57,102.27,2.43,0.43,0.2,2.23,2.58,12.9,94.4681,0.09
2014-08-14,95.54,101.15,2.4,0.42,0.19,2.21,2.58,12.42,94.3508,0.09
2014-08-15,97.3,101.13,2.34,0.42,0.16,2.18,2.53,13.15,94.2941,0.09
2014-08-16,,,,,,,,,,0.09
2014-08-17,,,,,,,,,,0.09
2014-08-18,96.44,99.37,2.39,0.44,0.21,2.18,2.51,12.32,94.2519,0.09
2014-08-19,94.35,99.74,2.4,0.46,0.23,2.17,2.53,12.21,94.4356,0.09
2014-08-20,96.4,99.92,2.43,0.49,0.26,2.17,2.51,11.78,94.5937,0.09
2014-08-21,93.97,100.28,2.41,0.49,0.24,2.17,2.54,11.76,94.673,0.09
2014-08-22,93.61,100.09,2.4,0.53,0.26,2.14,2.49,11.47,94.8012,0.09
2014-08-23,,,,,,,,,,0.09
2014-08-24,,,,,,,,,,0.09
2014-08-25,95.39,100.49,2.39,0.53,0.24,2.15,2.52,11.7,94.9159,0.09
2014-08-26,95.78,100.5,2.39,0.52,0.25,2.14,2.45,11.63,94.8617,0.09
2014-08-27,95.82,100.4,2.37,0.51,0.23,2.14,2.48,11.78,94.6863,0.09
2014-08-28,96.44,100.71,2.34,0.5,0.21,2.13,2.49,12.05,94.6947,0.09
2014-08-29,97.86,101.12,2.35,0.48,0.23,2.12,2.48,11.98,94.7251,0.07
2014-08-30,,,,,,,,,,0.07
2014-08-31,,,,,,,,,,0.07
2014-09-01,,,,,,,,,,0.07
2014-09-02,92.92,100.21,2.42,0.53,0.27,2.15,2.54,12.25,95.063,0.09
2014-09-03,95.5,100.88,2.41,0.52,0.24,2.17,2.57,12.36,94.8709,0.09
2014-09-04,94.51,101.21,2.45,0.54,0.28,2.17,2.58,12.64,95.2641,0.09
2014-09-05,93.32,99.51,2.46,0.52,0.31,2.15,2.53,12.09,95.2203,0.09
2014-09-06,,,,,,,,,,0.09
2014-09-07,,,,,,,,,,0.09
2014-09-08,92.64,99.53,2.48,0.54,0.35,2.13,2.52,12.66,95.4167,0.09
2014-09-09,92.73,98.08,2.5,0.56,0.39,2.11,2.51,13.5,95.8811,0.09
2014-09-10,91.71,96.26,2.54,0.58,0.44,2.1,2.51,12.88,95.8641,0.09
2014-09-11,92.89,96.42,2.54,0.58,0.42,2.12,2.48,12.8,95.9184,0.09
2014-09-12,92.18,96.31,2.62,0.58,0.49,2.13,2.51,13.31,96.0748,0.09
2014-09-13,,,,,,,,,,0.09
2014-09-14,,,,,,,,,,0.09
2014-09-15,92.86,96.43,2.6,0.58,0.47,2.13,2.53,14.12,96.1195,0.09
2014-09-16,94.91,97.39,2.6,0.55,0.48,2.12,2.49,12.73,95.8483,0.09
2014-09-17,94.33,97.7,2.62,0.59,0.56,2.06,2.49,12.65,95.9106,0.09
2014-09-18,93.07,96.82,2.63,0.59,0.61,2.02,2.48,12.03,96.1284,0.09
2014-09-19,92.43,96.75,2.59,0.59,0.56,2.03,2.5,12.11,96.3417,0.09
2014-09-20,,,,,,,,,,0.09
2014-09-21,,,,,,,,,,0.09
2014-09-22,91.46,95.37,2.57,0.58,0.58,1.99,2.38,13.69,96.4625,0.09
2014-09-23,91.55,94.87,2.54,0.57,0.52,2.02,2.41,14.93,96.5112,0.09
2014-09-24,93.6,94.53,2.57,0.59,0.54,2.03,2.4,13.27,96.6574,0.09
2014-09-25,93.59,95.2,2.52,0.56,0.5,2.02,2.42,15.64,96.8988,0.09
2014-09-26,95.55,95.08,2.54,0.59,0.57,1.97,2.35,14.85,97.208,0.09
2014-09-27,,,,,,,,,,0.09
2014-09-28,,,,,,,,,,0.09
2014-09-29,94.53,95.7,2.5,0.58,0.55,1.95,2.29,15.98,97.3523,0.08
2014-09-30,91.17,94.67,2.52,0.58,0.55,1.97,2.38,16.31,97.5261,0.07
2014-10-01,90.74,94.57,2.42,0.53,0.46,1.96,2.32,16.71,97.5387,0.09
2014-10-02,91.02,91.29,2.44,0.53,0.49,1.95,2.33,16.16,97.3062,0.09
2014-10-03,89.76,90.8,2.45,0.57,0.52,1.93,2.3,14.55,97.9846,0.09
2014-10-04,,,,,,,,,,0.09
2014-10-05,,,,,,,,,,0.09
2014-10-06,90.33,90.65,2.43,0.54,0.5,1.93,2.31,15.46,97.5513,0.09
2014-10-07,88.89,90.9,2.36,0.52,0.44,1.92,2.32,17.2,97.4459,0.09
2014-10-08,87.29,90.25,2.35,0.46,0.39,1.96,2.38,15.11,97.4945,0.09
2014-10-09,85.76,90.47,2.34,0.46,0.37,1.97,2.42,18.76,97.1711,0.08
2014-10-10,85.87,88.66,2.31,0.45,0.35,1.96,2.4,21.24,97.4144,0.09
2014-10-11,,,,,,,,,,0.09
2014-10-12,,,,,,,,,,0.09
2014-10-13,85.73,87.82,,,,,,24.64,,0.09
2014-10-14,81.72,86.36,2.21,0.39,0.29,1.92,2.43,22.79,97.3943,0.09
2014-10-15,81.82,84.02,2.15,0.34,0.29,1.86,2.35,26.25,97.3532,0.09
2014-10-16,82.33,84.02,2.17,0.35,0.28,1.89,2.41,25.2,97.2869,0.09
2014-10-17,82.8,85.27,2.22,0.39,0.3,1.92,2.41,21.99,97.3067,0.09
2014-10-18,,,,,,,,,,0.09
2014-10-19,,,,,,,,,,0.09
2014-10-20,82.76,84.42,2.2,0.37,0.29,1.91,2.37,18.57,97.2874,0.09
2014-10-21,83.25,85.17,2.23,0.38,0.33,1.9,2.38,16.08,97.2488,0.09
2014-10-22,80.52,86.38,2.25,0.41,0.34,1.91,2.35,17.87,97.459,0.09
2014-10-23,82.81,85.94,2.29,0.41,0.38,1.91,2.39,16.53,97.6047,0.09
2014-10-24,81.27,86.0,2.29,0.41,0.39,1.9,2.34,16.11,97.4772,0.09
2014-10-25,,,,,,,,,,0.09
2014-10-26,,,,,,,,,,0.09
2014-10-27,81.26,85.64,2.27,0.41,0.38,1.89,2.34,16.04,97.5423,0.09
2014-10-28,81.36,85.57,2.3,0.42,0.39,1.91,2.35,14.39,97.2173,0.09
2014-10-29,82.25,86.91,2.34,0.48,0.42,1.92,2.37,15.15,97.0145,0.09
2014-10-30,81.06,85.5,2.32,0.48,0.42,1.9,2.31,14.52,97.456,0.09
2014-10-31,80.53,84.17,2.35,0.5,0.43,1.92,2.31,14.03,98.1163,0.07
2014-11-01,,,,,,,,,,0.07
2014-11-02,,,,,,,,,,0.07
2014-11-03,78.77,84.9,2.36,0.52,0.43,1.93,2.31,14.73,98.5336,0.09
2014-11-04,77.15,82.12,2.35,0.52,0.43,1.92,2.35,14.89,98.5576,0.1
2014-11-05,78.71,82.88,2.36,0.52,0.43,1.93,2.32,14.17,98.8086,0.09
2014-11-06,77.87,82.08,2.39,0.54,0.45,1.94,2.3,13.67,99.1325,0.09
2014-11-07,78.71,83.2,2.32,0.51,0.38,1.94,2.29,13.12,99.0236,0.09
2014-11-08,,,,,,,,,,0.09
2014-11-09,,,,,,,,,,0.09
2014-11-10,77.43,82.9,2.38,0.55,0.44,1.94,2.3,12.67,98.9305,0.09
2014-11-11,77.85,80.94,,,,,,12.92,,0.09
2014-11-12,77.16,80.42,2.37,0.55,0.46,1.91,2.29,13.02,98.8897,0.09
2014-11-13,74.13,77.74,2.35,0.53,0.47,1.88,2.28,13.79,99.1045,0.09
2014-11-14,75.91,77.51,2.32,0.54,0.43,1.89,2.33,13.31,99.0917,0.09
2014-11-15,,,,,,,,,,0.09
2014-11-16,,,,,,,,,,0.09
2014-11-17,75.64,76.86,2.34,0.54,0.48,1.86,2.3,13.99,99.2188,0.1
2014-11-18,74.55,77.23,2.32,0.53,0.48,1.84,2.26,13.86,99.0185,0.11
2014-11-19,74.55,77.21,2.36,0.54,0.53,1.83,2.27,13.96,99.2424,0.1
2014-11-20,75.63,77.61,2.34,0.53,0.49,1.85,2.29,13.58,99.2554,0.1
2014-11-21,76.52,79.2,2.31,0.53,0.45,1.86,2.28,12.9,99.2894,0.1
2014-11-22,,,,,,,,,,0.1
2014-11-23,,,,,,,,,,0.1
2014-11-24,75.74,79.62,2.3,0.53,0.44,1.86,2.29,12.62,99.4227,0.1
2014-11-25,74.04,77.62,2.27,0.51,0.42,1.85,2.23,12.25,99.2837,0.1
2014-11-26,73.7,77.39,2.24,0.53,0.42,1.82,2.2,12.07,99.1893,0.1
2014-11-27,,,,,,,,,,0.1
2014-11-28,65.94,71.89,2.18,0.47,0.39,1.79,2.19,13.33,100.0719,0.08
2014-11-29,,,,,,,,,,0.08
2014-11-30,,,,,,,,,,0.08
2014-12-01,68.98,70.87,2.22,0.49,0.43,1.79,2.19,14.29,99.8964,0.13
2014-12-02,66.99,71.13,2.28,0.55,0.51,1.77,2.18,12.85,100.4478,0.12
2014-12-03,67.3,70.13,2.29,0.57,0.5,1.79,2.2,12.47,100.5696,0.12
2014-12-04,66.73,68.48,2.25,0.55,0.48,1.77,2.18,12.38,100.3931,0.12
2014-12-05,65.89,68.0,2.31,0.65,0.56,1.75,2.15,11.82,101.0989,0.12
2014-12-06,,,,,,,,,,0.12
2014-12-07,,,,,,,,,,0.12
2014-12-08,63.13,65.64,2.26,0.64,0.55,1.71,2.18,14.21,101.31,0.12
2014-12-09,63.74,66.11,2.22,0.64,0.49,1.73,2.12,14.89,100.8095,0.12
2014-12-10,60.99,63.32,2.18,0.59,0.47,1.71,2.15,18.53,101.0212,0.12
2014-12-11,60.01,63.65,2.19,0.62,0.49,1.7,2.13,20.08,101.4448,0.12
2014-12-12,57.81,61.67,2.1,0.56,0.46,1.64,2.08,21.08,101.3735,0.12
2014-12-13,,,,,,,,,,0.12
2014-12-14,,,,,,,,,,0.12
2014-12-15,55.96,61.09,2.12,0.6,0.5,1.62,2.07,20.42,101.674,0.11
2014-12-16,55.97,60.26,2.07,0.58,0.42,1.65,2.09,23.57,101.526,0.12
2014-12-17,56.43,59.84,2.14,0.62,0.49,1.65,2.08,19.44,101.5527,0.13
2014-12-18,54.18,58.81,2.22,0.67,0.57,1.65,2.1,16.81,101.7531,0.13
2014-12-19,56.91,58.87,2.17,0.67,0.49,1.68,2.09,16.49,102.0483,0.13
2014-12-20,,,,,,,,,,0.13
2014-12-21,,,,,,,,,,0.13
2014-12-22,55.25,58.31,2.17,0.71,0.47,1.7,2.11,15.25,101.9942,0.13
2014-12-23,56.78,59.07,2.26,0.73,0.56,1.7,2.1,14.8,102.348,0.13
2014-12-24,55.7,58.67,2.27,0.73,0.59,1.68,2.1,14.37,102.3028,0.13
2014-12-25,,,,,,,,,,0.13
2014-12-26,54.59,58.72,2.25,0.73,0.58,1.67,2.08,14.5,,0.13
2014-12-27,,,,,,,,,,0.13
2014-12-28,,,,,,,,,,0.13
2014-12-29,53.46,57.86,2.22,0.72,0.57,1.65,2.08,15.06,102.3767,0.13
2014-12-30,54.14,55.6,2.2,0.69,0.56,1.64,2.07,15.92,102.1019,0.13
2014-12-31,53.45,55.27,2.17,0.67,0.49,1.68,2.09,19.2,102.2843,0.06
2015-01-01,,,,,,,,,,0.06
2015-01-02,52.72,55.38,2.12,0.66,0.41,1.71,2.12,17.79,102.9027,0.12
2015-01-03,,,,,,,,,,0.12
2015-01-04,,,,,,,,,,0.12
2015-01-05,50.05,51.08,2.04,0.68,0.4,1.64,2.03,19.92,103.4976,0.12
2015-01-06,47.98,50.12,1.97,0.65,0.41,1.56,1.96,21.12,103.2938,0.12
2015-01-07,48.69,49.06,1.96,0.62,0.39,1.57,1.98,19.31,103.6316,0.12
2015-01-08,48.8,49.43,2.03,0.62,0.41,1.62,2.03,17.01,103.2799,0.12
2015-01-09,48.35,47.64,1.98,0.59,0.36,1.62,2.04,17.55,103.1213,0.12
2015-01-10,,,,,,,,,,0.12
2015-01-11,,,,,,,,,,0.12
2015-01-12,46.06,46.9,1.92,0.56,0.35,1.57,1.98,19.6,103.2372,0.12
2015-01-13,45.92,45.13,1.91,0.54,0.37,1.54,2.03,20.56,103.27,0.12
2015-01-14,48.49,45.82,1.86,0.51,0.29,1.57,1.96,21.48,103.0903,0.12
2015-01-15,46.37,47.66,1.77,0.44,0.19,1.58,1.98,22.39,103.0829,0.12
2015-01-16,48.49,47.38,1.83,0.49,0.23,1.6,2.01,20.95,103.2189,0.13
2015-01-17,,,,,,,,,,0.13
2015-01-18,,,,,,,,,,0.13
2015-01-19,,,,,,,,,,0.13
2015-01-20,46.79,46.49,1.82,0.53,0.23,1.59,1.99,19.89,103.5233,0.12
2015-01-21,47.85,46.5,1.87,0.53,0.26,1.61,2.05,18.85,103.7858,0.12
2015-01-22,45.93,46.09,1.9,0.53,0.29,1.61,2.03,16.4,103.9271,0.12
2015-01-23,45.26,46.69,1.81,0.52,0.21,1.6,1.99,16.66,104.3676,0.12
2015-01-24,,,,,,,,,,0.12
2015-01-25,,,,,,,,,,0.12
2015-01-26,44.8,46.07,1.83,0.54,0.22,1.61,1.98,15.52,104.4818,0.12
2015-01-27,45.84,46.55,1.83,0.54,0.17,1.66,2.03,17.22,104.1646,0.11
2015-01-28,44.08,47.07,1.73,0.5,0.12,1.61,1.98,20.44,104.4737,0.12
2015-01-29,44.12,46.61,1.77,0.51,0.15,1.62,1.93,18.76,105.2763,0.11
2015-01-30,47.79,47.52,1.68,0.47,0.03,1.65,2.01,20.97,105.5884,0.06
2015-01-31,,,,,,,,,,0.06
2015-02-01,,,,,,,,,,0.06
2015-02-02,49.25,51.74,1.68,0.49,0.03,1.65,1.98,19.43,105.2058,0.12
2015-02-03,53.04,54.41,1.79,0.52,0.09,1.7,2.0,17.33,104.6063,0.12
2015-02-04,48.45,55.07,1.81,0.52,0.1,1.71,2.07,18.33,104.785,0.11
2015-02-05,50.48,55.98,1.83,0.52,0.13,1.7,2.02,16.85,104.4915,0.12
2015-02-06,51.66,55.88,1.95,0.65,0.24,1.71,2.06,17.29,105.1283,0.11
2015-02-07,,,,,,,,,,0.11
2015-02-08,,,,,,,,,,0.11
2015-02-09,52.99,57.0,1.96,0.65,0.25,1.71,2.06,18.55,104.9889,0.12
2015-02-10,50.06,55.79,2.01,0.67,0.31,1.7,2.08,17.23,105.2897,0.12
2015-02-11,48.8,53.48,2.0,0.67,0.32,1.68,2.04,16.96,105.7901,0.12
2015-02-12,51.17,56.23,1.99,0.61,0.33,1.66,1.95,15.34,104.9385,0.12
2015-02-13,52.66,60.33,2.02,0.66,0.34,1.68,2.04,14.69,104.8452,0.12
2015-02-14,,,,,,,,,,0.12
2015-02-15,,,,,,,,,,0.12
2015-02-16,,61.57,,,,,,,,0.12
2015-02-17,53.56,60.78,2.14,0.7,0.43,1.71,2.09,15.8,,0.12
2015-02-18,52.13,60.72,2.07,0.62,0.36,1.71,2.1,15.45,105.2514,0.12
2015-02-19,51.12,58.78,2.11,0.67,0.37,1.74,2.13,15.29,105.1407,0.12
2015-02-20,49.95,60.99,2.13,0.67,0.38,1.75,2.13,14.3,105.3387,0.12
2015-02-21,,,,,,,,,,0.12
2015-02-22,,,,,,,,,,0.12
2015-02-23,49.56,59.78,2.06,0.64,0.34,1.72,2.1,14.56,105.5359,0.11
2015-02-24,48.48,60.33,1.99,0.6,0.27,1.72,2.11,13.69,105.5472,0.11
2015-02-25,50.25,59.77,1.96,0.61,0.24,1.72,2.08,13.84,105.0503,0.11
2015-02-26,47.65,61.39,2.03,0.66,0.24,1.79,2.09,13.91,105.5021,0.11
2015-02-27,49.84,61.89,2.0,0.63,0.17,1.83,2.17,13.34,105.5981,0.06
2015-02-28,,,,,,,,,,0.06
2015-03-01,,,,,,,,,,0.06
2015-03-02,49.59,60.75,2.08,0.66,0.25,1.83,2.12,13.04,105.8151,0.12
2015-03-03,50.43,61.18,2.12,0.68,0.26,1.86,2.15,13.86,105.5562,0.12
2015-03-04,51.53,59.18,2.12,0.66,0.25,1.87,2.13,14.23,106.1333,0.11
2015-03-05,50.76,60.33,2.11,0.65,0.27,1.84,2.15,14.04,,0.11
2015-03-06,49.61,59.15,2.24,0.73,0.41,1.83,2.11,15.2,107.4337,0.12
2015-03-07,,,,,,,,,,0.12
2015-03-08,,,,,,,,,,0.12
2015-03-09,49.95,58.67,2.2,0.7,0.44,1.76,2.05,15.06,107.5199,0.12
2015-03-10,48.42,55.95,2.14,0.7,0.41,1.73,2.1,16.69,108.1165,0.12
2015-03-11,48.06,56.46,2.11,0.7,0.39,1.72,1.99,16.87,108.5235,0.11
2015-03-12,47.12,56.66,2.1,0.67,0.39,1.71,2.01,15.42,108.1741,0.11
2015-03-13,44.88,54.8,2.13,0.68,0.44,1.69,1.98,16.0,108.9174,0.11
2015-03-14,,,,,,,,,,0.11
2015-03-15,,,,,,,,,,0.11
2015-03-16,43.93,52.0,2.1,0.66,0.45,1.65,2.03,15.61,108.6422,0.12
2015-03-17,43.39,52.17,2.06,0.7,0.42,1.64,1.94,15.66,108.5805,0.12
2015-03-18,44.63,52.59,1.93,0.57,0.23,1.7,2.07,13.97,108.408,0.11
2015-03-19,44.02,52.96,1.98,0.63,0.19,1.79,2.09,14.07,108.1826,0.12
2015-03-20,46.0,53.88,1.93,0.6,0.17,1.76,2.02,13.02,107.1671,0.12
2015-03-21,,,,,,,,,,0.12
2015-03-22,,,,,,,,,,0.12
2015-03-23,47.4,53.82,1.92,0.6,0.17,1.75,2.02,13.41,106.5022,0.12
2015-03-24,47.03,53.61,1.88,0.58,0.11,1.77,2.01,13.62,106.4401,0.11
2015-03-25,48.75,54.18,1.93,0.59,0.12,1.81,2.06,15.44,106.2636,0.12
2015-03-26,51.41,57.02,2.01,0.61,0.21,1.8,2.03,15.8,106.5582,0.11
2015-03-27,48.83,56.44,1.95,0.58,0.19,1.76,1.98,15.07,106.8916,0.12
2015-03-28,,,,,,,,,,0.12
2015-03-29,,,,,,,,,,0.12
2015-03-30,48.66,53.99,1.96,0.58,0.23,1.73,1.97,14.51,107.3941,0.12
2015-03-31,47.72,53.69,1.94,0.56,0.18,1.76,2.01,15.29,107.4396,0.06
2015-04-01,50.12,55.73,1.87,0.55,0.07,1.8,2.02,15.11,107.06,0.12
2015-04-02,49.13,55.73,1.92,0.55,0.11,1.81,2.06,14.67,106.6738,0.12
2015-04-03,,,1.85,0.49,0.02,1.83,2.08,,105.8861,0.12
2015-04-04,,,,,,,,,,0.12
2015-04-05,,,,,,,,,,0.12
2015-04-06,52.08,55.73,1.92,0.51,0.07,1.85,2.1,14.74,105.7876,0.13
2015-04-07,53.95,57.55,1.89,0.52,0.04,1.85,2.1,14.78,106.4488,0.12
2015-04-08,50.44,56.42,1.92,0.54,0.08,1.84,2.1,13.98,106.4231,0.12
2015-04-09,50.79,56.04,1.97,0.56,0.13,1.84,2.09,13.09,107.0335,0.12
2015-04-10,51.63,56.82,1.96,0.57,0.14,1.82,2.08,12.58,107.4526,0.12
2015-04-11,,,,,,,,,,0.12
2015-04-12,,,,,,,,,,0.12
2015-04-13,51.95,57.14,1.94,0.54,0.14,1.8,2.05,13.94,107.7508,0.13
2015-04-14,53.3,57.69,1.9,0.53,0.1,1.8,2.05,13.67,107.0547,0.13
2015-04-15,56.25,59.32,1.91,0.51,0.07,1.84,2.09,12.84,107.1855,0.13
2015-04-16,56.69,60.13,1.9,0.5,0.05,1.85,2.12,12.6,106.2761,0.13
2015-04-17,55.71,61.31,1.87,0.51,-0.02,1.89,2.13,13.89,106.329,0.13
2015-04-18,,,,,,,,,,0.13
2015-04-19,,,,,,,,,,0.13
2015-04-20,56.37,61.2,1.9,0.55,0.01,1.89,2.18,13.3,106.4902,0.13
2015-04-21,55.58,60.12,1.92,0.55,0.06,1.86,2.13,13.25,106.5582,0.13
2015-04-22,56.17,60.12,1.99,0.57,0.12,1.87,2.14,12.71,106.5815,0.13
2015-04-23,56.59,62.66,1.96,0.55,0.07,1.89,2.08,12.48,106.1658,0.13
2015-04-24,55.98,62.96,1.93,0.54,0.04,1.89,2.07,12.29,105.905,0.13
2015-04-25,,,,,,,,,,0.13
2015-04-26,,,,,,,,,,0.13
2015-04-27,55.56,62.86,1.94,0.54,0.03,1.91,2.11,13.12,105.6891,0.13
2015-04-28,57.05,62.61,2.0,0.56,0.11,1.89,2.09,12.41,105.1234,0.13
2015-04-29,58.55,63.97,2.06,0.56,0.14,1.92,2.14,13.39,104.5634,0.13
2015-04-30,59.62,63.9,2.05,0.58,0.11,1.94,2.16,14.55,105.312,0.08
2015-05-01,59.1,64.13,2.12,0.6,0.18,1.94,2.16,12.7,105.6382,0.13
2015-05-02,,,,,,,,,,0.13
2015-05-03,,,,,,,,,,0.13
2015-05-04,58.92,64.62,2.16,0.6,0.24,1.92,2.15,12.85,105.6679,0.13
2015-05-05,60.38,65.44,2.19,0.62,0.25,1.94,2.16,14.31,105.2396,0.13
2015-05-06,60.93,66.22,2.25,0.65,0.34,1.91,2.13,15.15,104.6935,0.13
2015-05-07,58.99,64.93,2.18,0.63,0.3,1.88,2.1,15.13,105.1941,0.13
2015-05-08,59.41,63.82,2.16,0.59,0.28,1.88,2.1,12.86,104.8424,0.13
2015-05-09,,,,,,,,,,0.13
2015-05-10,,,,,,,,,,0.13
2015-05-11,59.23,62.82,2.28,0.62,0.4,1.88,2.12,13.85,105.3075,0.13
2015-05-12,60.72,65.09,2.28,0.61,0.4,1.88,2.11,13.86,104.8924,0.13
2015-05-13,60.5,66.33,2.27,0.59,0.41,1.86,2.05,13.76,104.3608,0.13
2015-05-14,59.89,65.58,2.23,0.56,0.36,1.87,2.09,12.74,104.2359,0.13
2015-05-15,59.73,64.69,2.14,0.55,0.31,1.83,2.04,12.38,104.0202,0.13
2015-05-16,,,,,,,,,,0.13
2015-05-17,,,,,,,,,,0.13
2015-05-18,59.44,65.15,2.23,0.58,0.37,1.86,2.08,12.73,104.6068,0.13
2015-05-19,57.3,63.48,2.27,0.63,0.42,1.85,2.08,12.85,105.3448,0.12
2015-05-20,58.96,63.52,2.26,0.6,0.38,1.88,2.11,12.88,105.5605,0.12
2015-05-21,60.18,64.7,2.19,0.6,0.35,1.84,2.05,12.11,105.3808,0.12
2015-05-22,58.88,64.7,2.21,0.64,0.34,1.87,2.09,12.13,105.8487,0.13
2015-05-23,,,,,,,,,,0.13
2015-05-24,,,,,,,,,,0.13
2015-05-25,,,,,,,,,,0.13
2015-05-26,57.29,61.65,2.14,0.64,0.32,1.82,2.05,14.06,106.7294,0.12
2015-05-27,57.51,61.35,2.14,0.64,0.34,1.8,2.06,13.27,106.908,0.12
2015-05-28,57.69,60.12,2.13,0.62,0.33,1.8,2.07,13.31,106.92,0.12
2015-05-29,60.25,63.16,2.12,0.61,0.32,1.8,2.03,13.84,106.7388,0.08
2015-05-30,,,,,,,,,,0.08
2015-05-31,,,,,,,,,,0.08
2015-06-01,60.24,62.87,2.19,0.64,0.39,1.8,2.05,13.97,107.2238,0.12
2015-06-02,61.3,63.14,2.27,0.64,0.44,1.83,2.07,14.24,106.4507,0.12
2015-06-03,59.67,62.78,2.38,0.69,0.55,1.83,2.07,13.66,106.1443,0.13
2015-06-04,58.0,60.34,2.31,0.66,0.5,1.81,2.03,14.71,106.4725,0.13
2015-06-05,59.11,60.36,2.41,0.73,0.55,1.86,2.08,14.21,107.1336,0.13
2015-06-06,,,,,,,,,,0.13
2015-06-07,,,,,,,,,,0.13
2015-06-08,58.15,61.33,2.39,0.7,0.54,1.85,2.07,15.29,106.7693,0.13
2015-06-09,60.15,63.23,2.42,0.72,0.56,1.86,2.07,14.47,106.2238,0.13
2015-06-10,61.36,64.68,2.5,0.75,0.63,1.87,2.08,13.22,105.8037,0.13
2015-06-11,60.74,63.76,2.39,0.73,0.56,1.83,2.03,12.85,106.0934,0.13
2015-06-12,59.96,63.19,2.39,0.74,0.55,1.84,2.04,13.78,105.9015,0.13
2015-06-13,,,,,,,,,,0.13
2015-06-14,,,,,,,,,,0.13
2015-06-15,59.53,60.99,2.36,0.72,0.51,1.85,2.06,15.39,105.9989,0.13
2015-06-16,60.01,60.75,2.32,0.71,0.44,1.88,2.09,14.81,106.0473,0.14
2015-06-17,59.89,60.75,2.32,0.67,0.42,1.9,2.11,14.5,106.058,0.14
2015-06-18,60.41,61.37,2.35,0.66,0.46,1.89,2.11,13.19,105.102,0.14
2015-06-19,59.62,59.41,2.26,0.65,0.4,1.86,2.09,13.96,105.4496,0.13
2015-06-20,,,,,,,,,,0.13
2015-06-21,,,,,,,,,,0.13
2015-06-22,60.01,60.54,2.37,0.68,0.47,1.9,2.15,12.74,105.3846,0.13
2015-06-23,61.05,61.67,2.42,0.7,0.5,1.92,2.17,12.11,105.9678,0.13
2015-06-24,60.01,61.63,2.38,0.68,0.48,1.9,2.16,13.26,106.2522,0.13
2015-06-25,59.59,60.24,2.4,0.68,0.49,1.91,2.19,14.01,106.1515,0.13
2015-06-26,59.41,60.14,2.49,0.72,0.57,1.92,2.18,14.02,106.4116,0.13
2015-06-27,,,,,,,,,,0.13
2015-06-28,,,,,,,,,,0.13
2015-06-29,58.34,59.03,2.33,0.64,0.46,1.87,2.15,18.85,106.3785,0.14
2015-06-30,59.48,60.31,2.35,0.64,0.48,1.87,2.13,18.23,106.5191,0.08
2015-07-01,56.94,61.65,2.43,0.69,0.54,1.89,2.18,16.09,107.0101,0.13
2015-07-02,56.93,61.73,2.4,0.64,0.49,1.91,2.2,16.79,106.9106,0.13
2015-07-03,,59.06,,,,,,,,0.13
2015-07-04,,,,,,,,,,0.13
2015-07-05,,,,,,,,,,0.13
2015-07-06,52.48,57.19,2.3,0.6,0.43,1.87,2.17,17.01,107.1343,0.13
2015-07-07,52.33,54.72,2.27,0.58,0.4,1.87,2.17,16.09,107.785,0.13
2015-07-08,51.61,55.7,2.22,0.55,0.39,1.83,2.12,19.66,107.4734,0.13
2015-07-09,52.76,57.83,2.32,0.6,0.47,1.85,2.14,19.97,107.5595,0.13
2015-07-10,52.74,57.72,2.42,0.65,0.55,1.87,2.16,16.83,107.213,0.13
2015-07-11,,,,,,,,,,0.13
2015-07-12,,,,,,,,,,0.13
2015-07-13,52.19,57.63,2.44,0.69,0.58,1.86,2.16,13.9,107.5849,0.13
2015-07-14,53.05,57.2,2.41,0.66,0.56,1.85,2.15,13.37,107.4843,0.13
2015-07-15,51.4,57.34,2.36,0.64,0.52,1.84,2.15,13.23,108.0149,0.13
2015-07-16,50.9,57.31,2.36,0.67,0.52,1.84,2.16,12.11,108.1726,0.14
2015-07-17,50.88,56.38,2.34,0.68,0.51,1.83,2.16,11.95,108.5374,0.13
2015-07-18,,,,,,,,,,0.13
2015-07-19,,,,,,,,,,0.13
2015-07-20,50.11,56.42,2.38,0.71,0.56,1.82,2.15,12.25,108.6944,0.14
2015-07-21,50.59,55.94,2.35,0.71,0.53,1.82,2.15,12.22,108.3893,0.13
2015-07-22,49.27,56.36,2.33,0.75,0.53,1.8,2.12,12.12,108.7817,0.13
2015-07-23,48.11,55.76,2.28,0.71,0.49,1.79,2.13,12.64,108.7565,0.13
2015-07-24,47.98,54.29,2.27,0.7,0.51,1.76,2.12,13.74,109.0174,0.13
2015-07-25,,,,,,,,,,0.13
2015-07-26,,,,,,,,,,0.13
2015-07-27,47.17,54.07,2.23,0.68,0.5,1.73,2.11,15.6,108.6924,0.14
2015-07-28,47.97,54.3,2.26,0.69,0.51,1.75,2.12,13.44,108.6881,0.14
2015-07-29,48.77,54.73,2.29,0.7,0.52,1.77,2.14,12.5,108.604,0.14
2015-07-30,48.53,54.29,2.28,0.72,0.51,1.77,2.14,12.13,109.4328,0.14
2015-07-31,47.11,53.29,2.2,0.67,0.46,1.74,2.12,12.12,108.7819,0.08
2015-08-01,,,,,,,,,,0.08
2015-08-02,,,,,,,,,,0.08
2015-08-03,45.25,49.49,2.16,0.68,0.46,1.7,2.09,12.56,109.214,0.14
2015-08-04,45.75,49.08,2.23,0.74,0.52,1.71,2.11,13.0,109.2244,0.14
2015-08-05,45.13,49.04,2.28,0.73,0.58,1.7,2.09,12.51,109.842,0.14
2015-08-06,44.69,47.8,2.23,0.71,0.56,1.67,2.03,13.77,109.722,0.14
2015-08-07,43.87,47.54,2.18,0.73,0.52,1.66,2.04,13.39,109.4376,0.14
2015-08-08,,,,,,,,,,0.14
2015-08-09,,,,,,,,,,0.14
2015-08-10,44.94,48.3,2.24,0.73,0.55,1.69,2.08,12.23,109.1931,0.14
2015-08-11,43.11,47.33,2.15,0.68,0.49,1.66,2.05,13.71,109.9464,0.15
2015-08-12,43.22,48.29,2.14,0.67,0.52,1.62,1.97,13.61,109.4655,0.15
2015-08-13,42.27,48.01,2.19,0.72,0.57,1.62,2.0,13.49,109.9025,0.15
2015-08-14,42.45,47.79,2.2,0.73,0.58,1.62,1.99,12.83,109.9174,0.14
2015-08-15,,,,,,,,,,0.14
2015-08-16,,,,,,,,,,0.14
2015-08-17,41.93,47.77,2.16,0.72,0.58,1.58,1.94,13.02,110.1435,0.15
2015-08-18,42.58,47.0,2.2,0.74,0.62,1.58,1.95,13.79,110.2504,0.15
2015-08-19,40.75,45.75,2.12,0.67,0.55,1.57,1.97,15.25,110.4333,0.15
2015-08-20,41.0,45.63,2.09,0.69,0.53,1.56,1.95,19.14,110.1077,0.15
2015-08-21,40.45,43.84,2.05,0.64,0.52,1.53,1.93,28.03,110.1443,0.15
2015-08-22,,,,,,,,,,0.15
2015-08-23,,,,,,,,,,0.15
2015-08-24,38.22,41.59,2.01,0.59,0.52,1.49,1.87,40.74,109.9306,0.15
2015-08-25,39.15,41.86,2.12,0.67,0.59,1.53,1.91,36.02,110.3394,0.15
2015-08-26,38.5,41.76,2.18,0.67,0.65,1.53,1.93,30.32,110.5807,0.14
2015-08-27,42.47,44.46,2.18,0.68,0.6,1.58,1.96,26.1,110.4834,0.14
2015-08-28,45.29,47.97,2.19,0.72,0.58,1.61,2.0,26.05,110.6714,0.14
2015-08-29,,,,,,,,,,0.14
2015-08-30,,,,,,,,,,0.14
2015-08-31,49.2,,2.21,0.74,0.58,1.63,2.0,28.43,110.5621,0.08
2015-09-01,45.38,48.8,2.17,0.7,0.6,1.57,1.96,31.4,110.4506,0.14
2015-09-02,46.3,47.67,2.2,0.72,0.64,1.56,1.93,26.09,110.7979,0.14
2015-09-03,46.75,50.41,2.18,0.71,0.64,1.54,1.92,25.61,110.8566,0.14
2015-09-04,46.02,48.59,2.13,0.71,0.62,1.51,1.88,27.8,111.1018,0.14
2015-09-05,,,,,,,,,,0.14
2015-09-06,,,,,,,,,,0.14
2015-09-07,,46.42,,,,,,,,0.14
2015-09-08,45.92,48.88,2.2,0.74,0.67,1.53,1.91,24.9,110.7942,0.14
2015-09-09,44.13,48.04,2.21,0.75,0.65,1.56,1.97,26.23,110.9225,0.14
2015-09-10,45.85,47.77,2.23,0.75,0.64,1.59,1.97,24.37,110.6331,0.14
2015-09-11,44.75,46.87,2.2,0.71,0.61,1.59,1.97,23.2,110.6109,0.14
2015-09-12,,,,,,,,,,0.14
2015-09-13,,,,,,,,,,0.14
2015-09-14,44.07,45.87,2.18,0.73,0.62,1.56,1.93,24.25,110.5005,0.14
2015-09-15,44.58,45.91,2.28,0.82,0.72,1.56,1.92,22.54,110.6394,0.14
2015-09-16,47.12,49.35,2.3,0.82,0.73,1.57,1.93,21.35,110.1021,0.14
2015-09-17,46.93,48.27,2.21,0.7,0.63,1.58,1.92,21.14,110.1212,0.14
2015-09-18,44.71,47.28,2.13,0.69,0.58,1.55,1.91,22.28,109.8165,0.14
2015-09-19,,,,,,,,,,0.14
2015-09-20,,,,,,,,,,0.14
2015-09-21,46.67,47.64,2.2,0.72,0.66,1.54,1.89,20.14,110.6414,0.14
2015-09-22,46.17,46.69,2.14,0.69,0.63,1.51,1.87,22.44,111.1967,0.14
2015-09-23,44.53,48.0,2.16,0.7,0.64,1.52,1.88,22.13,111.6287,0.14
2015-09-24,44.94,47.06,2.13,0.67,0.64,1.49,1.87,23.47,111.4454,0.14
2015-09-25,45.55,47.28,2.17,0.7,0.71,1.46,1.81,23.62,111.3725,0.13
2015-09-26,,,,,,,,,,0.13
2015-09-27,,,,,,,,,,0.13
2015-09-28,44.4,46.04,2.1,0.67,0.71,1.39,1.76,27.63,111.3914,0.13
2015-09-29,45.24,47.58,2.05,0.64,0.66,1.39,1.75,26.83,111.5219,0.13
2015-09-30,45.06,47.29,2.06,0.64,0.65,1.41,1.75,24.5,111.3311,0.07
2015-10-01,44.75,47.48,2.05,0.64,0.59,1.46,1.79,22.55,111.0439,0.13
2015-10-02,45.54,46.55,1.99,0.58,0.51,1.48,1.81,20.94,110.7006,0.13
2015-10-03,,,,,,,,,,0.13
2015-10-04,,,,,,,,,,0.13
2015-10-05,46.28,49.45,2.07,0.61,0.56,1.51,1.84,19.54,110.4445,0.13
2015-10-06,48.53,51.34,2.05,0.61,0.53,1.52,1.82,19.4,110.1371,0.13
2015-10-07,47.86,51.66,2.08,0.65,0.53,1.55,1.88,18.4,109.8162,0.13
2015-10-08,49.46,52.13,2.12,0.65,0.54,1.58,1.9,17.42,109.6452,0.13
2015-10-09,49.67,52.08,2.12,0.65,0.58,1.54,1.86,17.08,109.0782,0.13
2015-10-10,,,,,,,,,,0.13
2015-10-11,,,,,,,,,,0.13
2015-10-12,47.09,50.95,,,,,,16.17,,0.13
2015-10-13,46.7,48.94,2.06,0.64,0.54,1.52,1.86,17.67,109.4119,0.13
2015-10-14,46.63,48.25,1.99,0.57,0.5,1.49,1.83,18.03,109.1244,0.13
2015-10-15,46.38,47.87,2.04,0.61,0.54,1.5,1.82,16.05,108.6671,0.13
2015-10-16,47.3,48.96,2.04,0.61,0.56,1.48,1.78,15.05,108.9956,0.13
2015-10-17,,,,,,,,,,0.13
2015-10-18,,,,,,,,,,0.13
2015-10-19,45.91,47.51,2.04,0.61,0.59,1.45,1.77,14.98,109.3858,0.13
2015-10-20,45.84,46.93,2.08,0.66,0.6,1.48,1.8,15.75,109.3368,0.13
2015-10-21,45.22,46.72,2.04,0.64,0.59,1.45,1.77,16.7,109.7746,0.13
2015-10-22,44.9,46.59,2.04,0.61,0.57,1.47,1.8,14.45,110.0342,0.12
2015-10-23,43.91,46.3,2.09,0.66,0.58,1.51,1.83,14.46,110.4329,0.12
2015-10-24,,,,,,,,,,0.12
2015-10-25,,,,,,,,,,0.12
2015-10-26,43.19,46.57,2.07,0.66,0.59,1.48,1.8,15.29,110.2089,0.12
2015-10-27,43.21,45.54,2.05,0.65,0.57,1.48,1.81,15.43,110.4875,0.12
2015-10-28,45.93,47.6,2.1,0.73,0.63,1.47,1.8,14.33,110.2334,0.12
2015-10-29,46.02,48.04,2.19,0.75,0.67,1.52,1.85,14.61,110.8083,0.12
2015-10-30,46.6,48.0,2.16,0.75,0.63,1.53,1.86,15.07,110.2079,0.07
2015-10-31,,,,,,,,,,0.07
2015-11-01,,,,,,,,,,0.07
2015-11-02,46.12,47.91,2.2,0.77,0.65,1.55,1.87,14.15,110.2188,0.12
2015-11-03,47.88,48.0,2.23,0.8,0.65,1.58,1.89,14.54,110.244,0.12
2015-11-04,46.32,46.96,2.25,0.84,0.68,1.57,1.88,15.51,110.7139,0.12
2015-11-05,45.27,47.19,2.26,0.85,0.71,1.55,1.87,15.05,110.8302,0.12
2015-11-06,44.32,46.09,2.34,0.9,0.75,1.59,1.93,14.33,111.7603,0.12
2015-11-07,,,,,,,,,,0.12
2015-11-08,,,,,,,,,,0.12
2015-11-09,43.87,45.38,2.36,0.89,0.76,1.6,1.92,16.52,111.9112,0.12
2015-11-10,44.23,46.44,2.32,0.87,0.77,1.55,1.85,15.29,111.9919,0.12
2015-11-11,42.95,44.98,,,,,,16.06,,0.12
2015-11-12,41.74,44.98,2.32,0.89,0.78,1.54,1.84,18.37,111.7965,0.12
2015-11-13,40.69,41.98,2.28,0.86,0.76,1.52,1.83,20.08,112.0264,0.12
2015-11-14,,,,,,,,,,0.12
2015-11-15,,,,,,,,,,0.12
2015-11-16,41.68,40.28,2.27,0.88,0.76,1.51,1.82,18.16,112.2199,0.13
2015-11-17,40.73,41.28,2.25,0.86,0.72,1.53,1.83,18.84,112.3141,0.13
2015-11-18,40.75,41.45,2.27,0.9,0.71,1.56,1.87,16.85,112.3663,0.12
2015-11-19,40.55,42.22,2.24,0.91,0.68,1.56,1.85,16.99,111.5749,0.12
2015-11-20,39.39,42.49,2.26,0.93,0.66,1.6,1.89,15.47,111.7799,0.12
2015-11-21,,,,,,,,,,0.12
2015-11-22,,,,,,,,,,0.12
2015-11-23,39.27,43.7,2.25,0.94,0.64,1.61,1.89,15.62,112.1125,0.12
2015-11-24,40.89,44.38,2.24,0.93,0.62,1.62,1.91,15.93,111.7638,0.12
2015-11-25,41.22,43.56,2.23,0.93,0.62,1.61,1.91,15.19,111.8936,0.12
2015-11-26,,43.55,,,,,,,,0.12
2015-11-27,40.57,43.07,2.22,0.92,0.62,1.6,1.89,15.12,112.2824,0.12
2015-11-28,,,,,,,,,,0.12
2015-11-29,,,,,,,,,,0.12
2015-11-30,40.43,43.73,2.21,0.94,0.62,1.59,1.88,16.13,112.34,0.08
2015-12-01,40.58,42.97,2.15,0.91,0.58,1.57,1.85,14.67,112.1134,0.13
2015-12-02,39.93,41.92,2.18,0.94,0.62,1.56,1.85,15.91,112.3715,0.13
2015-12-03,41.08,42.0,2.33,0.96,0.72,1.61,1.89,18.11,111.6407,0.13
2015-12-04,40.0,41.44,2.28,0.96,0.68,1.6,1.9,14.81,111.5463,0.13
2015-12-05,,,,,,,,,,0.13
2015-12-06,,,,,,,,,,0.13
2015-12-07,37.64,39.69,2.23,0.94,0.67,1.56,1.87,15.84,112.3056,0.13
2015-12-08,37.46,39.44,2.24,0.94,0.68,1.56,1.87,17.6,112.5485,0.13
2015-12-09,37.16,39.04,2.22,0.93,0.69,1.53,1.85,19.61,112.1918,0.14
2015-12-10,36.76,38.65,2.24,0.95,0.73,1.51,1.82,19.34,112.2672,0.14
2015-12-11,35.65,36.99,2.13,0.88,0.67,1.46,1.75,24.39,112.7147,0.14
2015-12-12,,,,,,,,,,0.14
2015-12-13,,,,,,,,,,0.14
2015-12-14,36.31,36.51,2.23,0.97,0.78,1.45,1.73,22.73,112.7521,0.15
2015-12-15,37.32,37.66,2.28,0.98,0.8,1.48,1.74,20.95,112.8609,0.15
2015-12-16,35.55,36.96,2.3,1.02,0.84,1.46,1.72,17.86,112.9864,0.15
2015-12-17,34.98,36.29,2.24,1.0,0.77,1.47,1.73,18.94,113.8177,0.37
2015-12-18,34.72,36.76,2.19,0.97,0.73,1.46,1.71,20.7,113.2837,0.37
2015-12-19,,,,,,,,,,0.37
2015-12-20,,,,,,,,,,0.37
2015-12-21,34.55,35.34,2.2,0.96,0.75,1.45,1.71,18.7,113.4144,0.36
2015-12-22,36.12,35.26,2.24,0.99,0.78,1.46,1.73,16.6,113.211,0.36
2015-12-23,36.76,35.79,2.27,1.01,0.76,1.51,1.77,15.57,113.1847,0.36
2015-12-24,37.62,37.22,2.25,1.03,0.73,1.52,1.81,15.74,113.0496,0.36
2015-12-25,,,,,,,,,,0.36
2015-12-26,,,,,,,,,,0.36
2015-12-27,,,,,,,,,,0.36
2015-12-28,36.36,37.08,2.24,1.05,0.74,1.5,1.76,16.91,113.0461,0.36
2015-12-29,37.88,36.85,2.32,1.09,0.79,1.53,1.78,16.08,113.1664,0.36
2015-12-30,36.59,35.65,2.31,1.08,0.77,1.54,1.8,17.29,113.4707,0.35
2015-12-31,37.13,36.61,2.27,1.06,0.73,1.54,1.77,18.21,113.3429,0.2
2016-01-01,,,,,,,,,,0.2
2016-01-02,,,,,,,,,,0.2
2016-01-03,,,,,,,,,,0.2
2016-01-04,36.81,36.28,2.24,1.02,0.69,1.55,1.79,20.7,114.1595,0.36
2016-01-05,35.97,35.56,2.25,1.04,0.69,1.56,1.81,19.34,114.2649,0.36
2016-01-06,33.97,33.89,2.18,0.99,0.65,1.53,1.8,20.59,114.6177,0.36
2016-01-07,33.29,33.57,2.16,0.96,0.66,1.5,1.75,24.99,114.6516,0.36
2016-01-08,33.2,31.67,2.13,0.94,0.65,1.48,1.73,27.01,115.0095,0.36
2016-01-09,,,,,,,,,,0.36
2016-01-10,,,,,,,,,,0.36
2016-01-11,31.42,30.14,2.17,0.94,0.72,1.45,1.71,24.3,115.0139,0.36
2016-01-12,30.42,29.14,2.12,0.93,0.69,1.43,1.67,22.47,115.3128,0.36
2016-01-13,30.42,28.58,2.08,0.91,0.65,1.43,1.68,25.22,115.1425,0.36
2016-01-14,31.22,28.84,2.1,0.9,0.67,1.43,1.66,23.95,115.3846,0.36
2016-01-15,29.45,28.8,2.03,0.85,0.67,1.36,1.6,27.02,115.7404,0.36
2016-01-16,,,,,,,,,,0.36
2016-01-17,,,,,,,,,,0.36
2016-01-18,,27.36,,,,,,,,0.36
2016-01-19,28.47,27.36,2.06,0.88,0.68,1.38,1.6,26.05,115.8155,0.36
2016-01-20,26.68,26.01,2.01,0.85,0.69,1.32,1.54,27.59,116.3498,0.37
2016-01-21,29.55,27.59,2.02,0.84,0.74,1.28,1.48,26.69,115.9833,0.37
2016-01-22,32.07,30.46,2.07,0.88,0.72,1.35,1.55,22.34,,0.38
2016-01-23,,,,,,,,,,0.38
2016-01-24,,,,,,,,,,0.38
2016-01-25,30.31,29.82,2.03,0.88,0.69,1.34,1.53,24.15,,0.38
2016-01-26,29.54,30.94,2.01,0.85,0.65,1.36,1.55,22.5,,0.38
2016-01-27,32.32,31.83,2.02,0.84,0.62,1.4,1.62,23.11,115.5087,0.38
2016-01-28,33.21,33.01,2.0,0.83,0.58,1.42,1.64,22.42,115.2224,0.38
2016-01-29,33.66,33.14,1.94,0.76,0.53,1.41,1.63,20.2,115.5731,0.29
2016-01-30,,,,,,,,,,0.29
2016-01-31,,,,,,,,,,0.29
2016-02-01,31.62,32.45,1.97,0.81,0.57,1.4,1.6,19.98,115.3331,0.38
2016-02-02,29.9,30.98,1.87,0.75,0.51,1.36,1.58,21.98,115.553,0.38
2016-02-03,32.29,32.38,1.88,0.72,0.5,1.38,1.6,21.65,114.6144,0.38
2016-02-04,31.63,32.76,1.87,0.7,0.51,1.36,1.59,21.84,113.6012,0.38
2016-02-05,30.86,32.35,1.86,0.74,0.53,1.33,1.59,23.38,114.2935,0.38
2016-02-06,,,,,,,,,,0.38
2016-02-07,,,,,,,,,,0.38
2016-02-08,29.71,31.64,1.75,0.66,0.52,1.23,1.49,26.0,114.4351,0.38
2016-02-09,27.96,30.15,1.74,0.69,0.53,1.21,1.49,26.54,114.127,0.38
2016-02-10,27.54,29.64,1.71,0.71,0.5,1.21,1.47,26.29,114.2877,0.38
2016-02-11,26.19,28.82,1.63,0.64,0.45,1.18,1.42,28.14,114.1845,0.38
2016-02-12,29.32,31.8,1.74,0.71,0.49,1.25,1.47,25.4,114.2992,0.38
2016-02-13,,,,,,,,,,0.38
2016-02-14,,,,,,,,,,0.38
2016-02-15,,,,,,,,,,0.38
2016-02-16,29.05,31.09,1.78,0.74,0.53,1.25,1.47,24.11,114.4905,0.38
2016-02-17,30.68,33.21,1.81,0.74,0.53,1.28,1.52,22.31,113.8634,0.37
2016-02-18,30.77,33.2,1.75,0.71,0.51,1.24,1.46,21.64,113.8897,0.38
2016-02-19,29.59,31.66,1.76,0.76,0.5,1.26,1.46,20.53,113.9558,0.38
2016-02-20,,,,,,,,,,0.38
2016-02-21,,,,,,,,,,0.38
2016-02-22,31.37,33.59,1.77,0.78,0.46,1.31,1.51,19.38,113.8232,0.38
2016-02-23,31.84,31.9,1.74,0.76,0.42,1.32,1.51,20.98,114.177,0.38
2016-02-24,30.35,31.5,1.75,0.75,0.39,1.36,1.57,20.72,114.1716,0.38
2016-02-25,31.4,32.83,1.71,0.72,0.32,1.39,1.6,19.11,113.9222,0.37
2016-02-26,31.65,35.76,1.76,0.8,0.35,1.41,1.62,19.81,114.3708,0.37
2016-02-27,,,,,,,,,,0.37
2016-02-28,,,,,,,,,,0.37
2016-02-29,32.74,35.92,1.74,0.78,0.32,1.42,1.61,20.55,114.2418,0.29
2016-03-01,34.39,35.73,1.83,0.85,0.35,1.48,1.67,17.7,113.9265,0.36
2016-03-02,34.57,36.38,1.84,0.85,0.33,1.51,1.68,17.09,113.7965,0.37
2016-03-03,34.56,35.75,1.83,0.85,0.3,1.53,1.7,16.7,113.2482,0.37
2016-03-04,35.91,37.61,1.88,0.88,0.37,1.51,1.66,16.86,112.6387,0.36
2016-03-05,,,,,,,,,,0.36
2016-03-06,,,,,,,,,,0.36
2016-03-07,37.9,39.02,1.91,0.91,0.43,1.48,1.6,17.35,112.6219,0.36
2016-03-08,36.67,39.16,1.83,0.88,0.37,1.46,1.59,18.67,112.8465,0.36
2016-03-09,37.62,40.26,1.9,0.9,0.39,1.51,1.65,18.34,112.4268,0.36
2016-03-10,37.77,38.63,1.93,0.93,0.45,1.48,1.61,18.05,112.4191,0.36
2016-03-11,38.51,39.41,1.98,0.97,0.44,1.54,1.67,16.5,111.741,0.36
2016-03-12,,,,,,,,,,0.36
2016-03-13,,,,,,,,,,0.36
2016-03-14,37.2,38.06,1.97,0.97,0.45,1.52,1.66,16.92,112.1688,0.36
2016-03-15,36.32,37.49,1.97,0.98,0.47,1.5,1.65,16.84,112.5545,0.37
2016-03-16,38.43,38.38,1.94,0.87,0.36,1.58,1.71,14.99,112.7759,0.37
2016-03-17,40.17,39.29,1.91,0.87,0.34,1.57,1.68,14.44,110.445,0.37
2016-03-18,39.47,39.26,1.88,0.84,0.27,1.61,1.75,14.02,110.4002,0.37
2016-03-19,,,,,,,,,,0.37
2016-03-20,,,,,,,,,,0.37
2016-03-21,39.91,39.91,1.92,0.87,0.28,1.64,1.78,13.79,110.737,0.37
2016-03-22,41.45,40.54,1.94,0.91,0.31,1.63,1.78,14.17,110.7877,0.37
2016-03-23,38.28,38.84,1.88,0.87,0.3,1.58,1.72,14.94,111.5473,0.37
2016-03-24,38.14,38.33,1.91,0.89,0.34,1.57,1.72,14.74,111.816,0.37
2016-03-25,,,,,,,,,111.7698,0.37
2016-03-26,,,,,,,,,,0.37
2016-03-27,,,,,,,,,,0.37
2016-03-28,37.99,38.33,1.89,0.89,0.33,1.56,1.72,15.24,111.3578,0.37
2016-03-29,36.91,36.75,1.81,0.78,0.2,1.61,1.75,13.82,111.3736,0.37
2016-03-30,36.91,36.75,1.83,0.76,0.18,1.65,1.78,13.56,110.2301,0.37
2016-03-31,36.94,36.75,1.78,0.73,0.16,1.62,1.75,13.95,109.9191,0.25
2016-04-01,35.36,36.42,1.79,0.76,0.17,1.62,1.75,13.1,110.2977,0.37
2016-04-02,,,,,,,,,,0.37
2016-04-03,,,,,,,,,,0.37
2016-04-04,34.3,36.05,1.78,0.75,0.14,1.64,1.8,14.12,110.3987,0.37
2016-04-05,34.52,35.88,1.73,0.72,0.14,1.59,1.75,15.42,110.9478,0.37
2016-04-06,37.74,37.77,1.76,0.73,0.17,1.59,1.75,14.09,110.5347,0.37
2016-04-07,37.3,37.15,1.7,0.7,0.12,1.58,1.75,16.16,110.8876,0.37
2016-04-08,39.74,40.71,1.72,0.7,0.14,1.58,1.73,15.36,110.4213,0.37
2016-04-09,,,,,,,,,,0.37
2016-04-10,,,,,,,,,,0.37
2016-04-11,40.46,41.58,1.73,0.7,0.17,1.56,1.71,16.26,109.9758,0.37
2016-04-12,42.12,43.02,1.79,0.74,0.22,1.57,1.75,14.85,109.816,0.37
2016-04-13,41.7,42.81,1.77,0.75,0.21,1.56,1.69,13.84,110.1436,0.37
2016-04-14,41.45,43.02,1.8,0.77,0.24,1.56,1.7,13.72,110.1691,0.37
2016-04-15,40.4,41.32,1.76,0.74,0.2,1.56,1.7,13.62,110.1933,0.37
2016-04-16,,,,,,,,,,0.37
2016-04-17,,,,,,,,,,0.37
2016-04-18,39.74,41.64,1.78,0.75,0.21,1.57,1.73,13.35,109.9892,0.37
2016-04-19,40.88,43.02,1.79,0.77,0.19,1.6,1.74,13.24,109.2782,0.37
2016-04-20,42.72,43.09,1.85,0.8,0.23,1.62,1.75,13.28,109.3926,0.37
2016-04-21,43.18,43.48,1.88,0.82,0.24,1.64,1.72,13.95,109.8533,0.37
2016-04-22,42.76,43.97,1.89,0.84,0.25,1.64,1.72,13.22,110.2331,0.37
2016-04-23,,,,,,,,,,0.37
2016-04-24,,,,,,,,,,0.37
2016-04-25,41.67,42.97,1.91,0.85,0.26,1.65,1.74,14.08,110.1865,0.37
2016-04-26,42.52,43.94,1.94,0.86,0.27,1.67,1.78,13.96,109.7496,0.37
2016-04-27,45.29,44.17,1.87,0.83,0.19,1.68,1.79,13.77,109.8483,0.37
2016-04-28,46.03,45.6,1.84,0.78,0.12,1.72,1.83,15.22,109.2148,0.37
2016-04-29,45.98,45.64,1.83,0.77,0.12,1.71,1.82,15.7,108.8274,0.3
2016-04-30,,,,,,,,,,0.3
2016-05-01,,,,,,,,,,0.3
2016-05-02,44.75,45.82,1.88,0.8,0.2,1.68,1.78,14.68,108.671,0.37
2016-05-03,43.65,43.09,1.81,0.75,0.17,1.64,1.74,15.6,109.3613,0.37
2016-05-04,43.77,43.08,1.79,0.75,0.16,1.63,1.74,16.05,109.9952,0.37
2016-05-05,44.33,44.39,1.76,0.72,0.13,1.63,1.74,15.91,110.2417,0.37
2016-05-06,44.58,44.6,1.79,0.74,0.18,1.61,1.71,14.72,110.3801,0.37
2016-05-07,,,,,,,,,,0.37
2016-05-08,,,,,,,,,,0.37
2016-05-09,43.45,42.43,1.77,0.72,0.18,1.59,1.68,14.57,110.9466,0.37
2016-05-10,44.68,44.01,1.77,0.72,0.15,1.62,1.71,13.63,110.8225,0.37
2016-05-11,46.21,46.08,1.73,0.74,0.14,1.59,1.65,14.69,110.2806,0.37
2016-05-12,46.64,46.43,1.75,0.76,0.15,1.6,1.67,14.41,110.6935,0.37
2016-05-13,46.22,47.05,1.71,0.76,0.13,1.58,1.64,15.04,111.2521,0.37
2016-05-14,,,,,,,,,,0.37
2016-05-15,,,,,,,,,,0.37
2016-05-16,47.72,48.49,1.75,0.79,0.15,1.6,1.67,14.68,111.1217,0.37
2016-05-17,48.29,48.71,1.76,0.82,0.15,1.61,1.66,15.57,111.0867,0.37
2016-05-18,48.12,48.93,1.87,0.9,0.26,1.61,1.68,15.95,111.4995,0.37
2016-05-19,48.16,47.01,1.85,0.89,0.29,1.56,1.61,16.33,112.2331,0.37
2016-05-20,47.67,48.54,1.85,0.89,0.29,1.56,1.61,15.2,112.1822,0.37
2016-05-21,,,,,,,,,,0.37
2016-05-22,,,,,,,,,,0.37
2016-05-23,48.12,47.77,1.84,0.91,0.3,1.54,1.59,15.82,112.284,0.37
2016-05-24,48.04,48.42,1.86,0.92,0.31,1.55,1.59,14.42,112.2912,0.37
2016-05-25,49.1,48.87,1.87,0.92,0.29,1.58,1.65,13.9,112.2001,0.37
2016-05-26,49.0,49.52,1.83,0.87,0.25,1.58,1.65,13.43,111.8979,0.37
2016-05-27,49.36,49.09,1.85,0.9,0.27,1.58,1.65,13.12,112.0822,0.37
2016-05-28,,,,,,,,,,0.37
2016-05-29,,,,,,,,,,0.37
2016-05-30,,,,,,,,,,0.37
2016-05-31,49.1,49.26,1.84,0.87,0.3,1.54,1.61,14.19,112.4276,0.29
2016-06-01,49.07,48.81,1.85,0.91,0.31,1.54,1.61,14.2,112.462,0.37
2016-06-02,49.14,49.05,1.81,0.89,0.27,1.54,1.6,13.63,112.4564,0.37
2016-06-03,48.69,48.5,1.71,0.78,0.19,1.52,1.59,13.47,111.4451,0.37
2016-06-04,,,,,,,,,,0.37
2016-06-05,,,,,,,,,,0.37
2016-06-06,49.71,48.94,1.73,0.8,0.19,1.54,1.59,13.65,111.2295,0.37
2016-06-07,50.37,49.76,1.72,0.78,0.15,1.57,1.63,14.05,110.8378,0.37
2016-06-08,51.23,50.73,1.71,0.78,0.12,1.59,1.64,14.08,110.1916,0.37
2016-06-09,50.52,50.59,1.68,0.77,0.12,1.56,1.59,14.64,110.6168,0.37
2016-06-10,49.09,49.7,1.64,0.73,0.12,1.52,1.55,17.03,111.1027,0.37
2016-06-11,,,,,,,,,,0.37
2016-06-12,,,,,,,,,,0.37
2016-06-13,48.89,49.36,1.62,0.73,0.15,1.47,1.49,20.97,111.5036,0.37
2016-06-14,48.49,47.88,1.62,0.74,0.17,1.45,1.45,20.5,111.9826,0.37
2016-06-15,47.92,47.47,1.6,0.69,0.13,1.47,1.47,20.14,111.7671,0.37
2016-06-16,46.14,45.66,1.57,0.7,0.15,1.42,1.42,19.37,112.2347,0.38
2016-06-17,48.0,46.57,1.62,0.7,0.2,1.42,1.41,19.41,111.5332,0.38
2016-06-18,,,,,,,,,,0.38
2016-06-19,,,,,,,,,,0.38
2016-06-20,49.4,48.68,1.67,0.74,0.24,1.43,1.43,18.37,110.8693,0.38
2016-06-21,48.95,48.18,1.71,0.76,0.28,1.43,1.45,18.48,111.0077,0.38
2016-06-22,49.16,48.43,1.69,0.75,0.25,1.44,1.47,21.17,110.7681,0.38
2016-06-23,49.34,48.63,1.74,0.78,0.24,1.5,1.53,17.25,110.262,0.39
2016-06-24,46.7,46.69,1.57,0.64,0.15,1.42,1.48,25.76,112.1355,0.4
2016-06-25,,,,,,,,,,0.4
2016-06-26,,,,,,,,,,0.4
2016-06-27,45.8,45.07,1.46,0.61,0.12,1.34,1.41,23.85,113.1301,0.41
2016-06-28,47.93,46.29,1.46,0.61,0.09,1.37,1.42,18.75,112.7545,0.41
2016-06-29,49.85,48.4,1.5,0.62,0.1,1.4,1.44,16.64,111.8597,0.41
2016-06-30,48.27,48.05,1.49,0.58,0.09,1.4,1.42,15.63,112.1618,0.3
2016-07-01,49.02,47.65,1.46,0.59,0.03,1.43,1.43,14.77,111.6509,0.41
2016-07-02,,,,,,,,,,0.41
2016-07-03,,,,,,,,,,0.41
2016-07-04,,48.02,,,,,,,,0.41
2016-07-05,46.73,45.64,1.37,0.56,-0.03,1.4,1.41,15.58,112.4231,0.4
2016-07-06,47.37,45.7,1.38,0.58,-0.05,1.43,1.45,14.96,112.5438,0.4
2016-07-07,45.22,45.93,1.4,0.58,-0.03,1.43,1.45,14.76,112.5775,0.4
2016-07-08,45.37,44.53,1.37,0.61,-0.06,1.43,1.47,13.2,112.3963,0.4
2016-07-09,,,,,,,,,,0.4
2016-07-10,,,,,,,,,,0.4
2016-07-11,44.73,44.04,1.43,0.66,0.01,1.42,1.43,13.54,112.5254,0.4
2016-07-12,46.82,46.72,1.53,0.69,0.07,1.46,1.46,13.55,112.1102,0.4
2016-07-13,44.87,44.67,1.48,0.68,0.03,1.45,1.47,13.04,112.0266,0.4
2016-07-14,45.64,46.01,1.53,0.68,0.08,1.45,1.46,12.82,111.7692,0.4
2016-07-15,45.93,46.25,1.6,0.71,0.11,1.49,1.54,12.67,112.2833,0.4
2016-07-16,,,,,,,,,,0.4
2016-07-17,,,,,,,,,,0.4
2016-07-18,45.23,45.35,1.59,0.68,0.1,1.49,1.57,12.44,112.2463,0.4
2016-07-19,44.64,45.7,1.56,0.7,0.12,1.44,1.49,11.97,112.638,0.4
2016-07-20,44.96,45.82,1.59,0.73,0.13,1.46,1.52,11.77,112.6743,0.4
2016-07-21,43.96,44.99,1.57,0.7,0.05,1.52,1.66,12.74,112.6239,0.4
2016-07-22,43.41,44.24,1.57,0.71,0.06,1.51,1.66,12.02,112.989,0.4
2016-07-23,,,,,,,,,,0.4
2016-07-24,,,,,,,,,,0.4
2016-07-25,42.4,43.76,1.58,0.72,0.08,1.5,1.66,12.87,113.1784,0.4
2016-07-26,42.16,43.56,1.57,0.75,0.07,1.5,1.67,13.05,113.0593,0.4
2016-07-27,41.9,42.78,1.52,0.73,0.03,1.49,1.67,12.83,113.217,0.4
2016-07-28,41.13,41.87,1.52,0.72,0.0,1.52,1.71,12.72,112.7393,0.4
2016-07-29,41.54,40.76,1.46,0.67,-0.03,1.49,1.67,11.87,111.874,0.3
2016-07-30,,,,,,,,,,0.3
2016-07-31,,,,,,,,,,0.3
2016-08-01,40.05,40.17,1.51,0.67,0.05,1.46,1.65,12.44,111.9757,0.4
2016-08-02,39.5,40.0,1.55,0.67,0.11,1.44,1.63,13.37,111.7124,0.4
2016-08-03,40.8,40.45,1.55,0.67,0.09,1.46,1.64,12.86,111.9419,0.4
2016-08-04,41.92,41.33,1.51,0.64,0.04,1.47,1.64,12.42,111.9149,0.4
2016-08-05,41.83,42.47,1.59,0.72,0.09,1.5,1.67,11.39,112.3589,0.4
2016-08-06,,,,,,,,,,0.4
2016-08-07,,,,,,,,,,0.4
2016-08-08,43.06,43.24,1.59,0.74,0.08,1.51,1.68,11.5,112.1456,0.4
2016-08-09,42.78,43.37,1.55,0.71,0.06,1.49,1.68,11.66,111.722,0.4
2016-08-10,41.75,42.19,1.5,0.69,0.06,1.44,1.61,12.05,111.3238,0.4
2016-08-11,43.51,44.23,1.57,0.76,0.1,1.47,1.62,11.68,111.1954,0.4
2016-08-12,44.47,45.12,1.51,0.71,0.07,1.44,1.59,11.55,111.1787,0.4
2016-08-13,,,,,,,,,,0.4
2016-08-14,,,,,,,,,,0.4
2016-08-15,45.72,47.31,1.55,0.72,0.1,1.45,1.6,11.81,110.9212,0.4
2016-08-16,46.57,48.27,1.57,0.76,0.13,1.44,1.6,12.64,110.4295,0.4
2016-08-17,46.81,48.58,1.56,0.74,0.09,1.47,1.63,12.19,110.9459,0.4
2016-08-18,48.2,49.46,1.53,0.71,0.06,1.47,1.62,11.43,110.3134,0.4
2016-08-19,48.48,49.39,1.58,0.76,0.1,1.48,1.62,11.34,110.8163,0.4
2016-08-20,,,,,,,,,,0.4
2016-08-21,,,,,,,,,,0.4
2016-08-22,46.8,48.1,1.55,0.76,0.08,1.47,1.6,12.27,110.9997,0.4
2016-08-23,47.54,48.7,1.55,0.74,0.07,1.48,1.62,12.38,110.9414,0.4
2016-08-24,46.29,47.56,1.56,0.76,0.08,1.48,1.64,13.45,111.2958,0.4
2016-08-25,46.97,49.25,1.58,0.78,0.09,1.49,1.65,13.63,111.1726,0.4
2016-08-26,47.64,49.66,1.62,0.84,0.15,1.47,1.63,13.65,111.2035,0.4
2016-08-27,,,,,,,,,,0.4
2016-08-28,,,,,,,,,,0.4
2016-08-29,46.97,49.66,1.57,0.81,0.11,1.46,1.63,12.94,111.8775,0.4
2016-08-30,46.32,47.94,1.57,0.8,0.11,1.46,1.64,13.12,112.2928,0.4
2016-08-31,44.68,47.94,1.58,0.8,0.11,1.47,1.67,13.42,112.4036,0.3
2016-09-01,43.17,45.05,1.57,0.78,0.12,1.45,1.66,13.48,112.1733,0.4
2016-09-02,44.39,45.96,1.6,0.8,0.13,1.47,1.66,11.98,112.0009,0.4
2016-09-03,,,,,,,,,,0.4
2016-09-04,,,,,,,,,,0.4
2016-09-05,,46.72,,,,,,,,0.4
2016-09-06,44.85,46.21,1.55,0.74,0.06,1.49,1.69,12.02,110.9613,0.4
2016-09-07,45.47,47.0,1.54,0.74,0.03,1.51,1.72,11.94,110.9717,0.4
2016-09-08,47.63,49.23,1.61,0.78,0.09,1.52,1.7,12.51,111.2609,0.4
2016-09-09,45.88,48.37,1.67,0.79,0.17,1.5,1.68,17.5,111.9879,0.4
2016-09-10,,,,,,,,,,0.4
2016-09-11,,,,,,,,,,0.4
2016-09-12,46.28,47.82,1.68,0.79,0.17,1.51,1.69,15.16,112.1516,0.4
2016-09-13,44.91,46.48,1.73,0.8,0.24,1.49,1.67,17.85,112.5207,0.4
2016-09-14,43.62,45.65,1.7,0.77,0.21,1.49,1.68,18.14,112.4678,0.4
2016-09-15,43.85,45.83,1.71,0.74,0.22,1.49,1.67,16.3,112.4753,0.4
2016-09-16,43.04,45.26,1.7,0.77,0.19,1.51,1.68,15.37,113.1765,0.4
2016-09-17,,,,,,,,,,0.4
2016-09-18,,,,,,,,,,0.4
2016-09-19,43.34,46.04,1.7,0.79,0.2,1.5,1.65,15.53,112.903,0.4
2016-09-20,43.85,45.24,1.69,0.79,0.2,1.49,1.65,15.92,113.1848,0.4
2016-09-21,45.33,45.99,1.66,0.79,0.15,1.51,1.65,13.3,112.9842,0.4
2016-09-22,46.1,47.21,1.63,0.79,0.08,1.55,1.7,12.02,112.2592,0.4
2016-09-23,44.36,46.71,1.62,0.77,0.05,1.57,1.72,12.29,112.7166,0.4
2016-09-24,,,,,,,,,,0.4
2016-09-25,,,,,,,,,,0.4
2016-09-26,45.6,46.61,1.59,0.76,0.05,1.54,1.68,14.5,112.7112,0.4
2016-09-27,44.65,44.95,1.56,0.75,0.04,1.52,1.66,13.1,112.5515,0.4
2016-09-28,47.07,45.49,1.57,0.75,0.01,1.56,1.68,12.39,112.6283,0.4
2016-09-29,47.72,48.43,1.56,0.73,0.02,1.54,1.64,14.02,112.2879,0.4
2016-09-30,47.72,48.24,1.6,0.77,0.0,1.6,1.75,13.29,112.2795,0.29
2016-10-01,,,,,,,,,,0.29
2016-10-02,,,,,,,,,,0.29
2016-10-03,48.8,48.61,1.63,0.8,0.0,1.63,1.79,13.57,112.5077,0.4
2016-10-04,48.67,48.81,1.69,0.82,0.07,1.62,1.79,13.63,112.6579,0.4
2016-10-05,49.75,49.57,1.72,0.85,0.1,1.62,1.76,12.99,112.7946,0.4
2016-10-06,50.44,50.14,1.75,0.86,0.11,1.64,1.79,12.84,113.0066,0.4
2016-10-07,49.76,50.49,1.73,0.83,0.1,1.63,1.76,13.48,113.2915,0.4
2016-10-08,,,,,,,,,,0.4
2016-10-09,,,,,,,,,,0.4
2016-10-10,49.76,51.54,,,,,,13.38,,0.4
2016-10-11,50.72,50.48,1.77,0.87,0.13,1.64,1.77,15.36,113.4461,0.41
2016-10-12,50.14,49.53,1.79,0.87,0.15,1.64,1.77,15.91,113.7442,0.41
2016-10-13,50.47,49.29,1.75,0.85,0.12,1.63,1.76,16.69,113.6238,0.41
2016-10-14,50.35,48.87,1.8,0.84,0.13,1.67,1.81,16.12,113.7119,0.41
2016-10-15,,,,,,,,,,0.41
2016-10-16,,,,,,,,,,0.41
2016-10-17,49.97,49.31,1.77,0.81,0.09,1.68,1.81,16.21,113.5488,0.41
2016-10-18,50.3,49.81,1.75,0.82,0.09,1.66,1.78,15.28,113.1393,0.41
2016-10-19,51.59,51.85,1.76,0.81,0.08,1.68,1.8,14.41,113.0547,0.41
2016-10-20,50.31,50.42,1.76,0.84,0.08,1.68,1.8,13.75,113.4033,0.41
2016-10-21,50.61,50.28,1.74,0.84,0.07,1.67,1.78,13.34,113.9015,0.41
2016-10-22,,,,,,,,,,0.41
2016-10-23,,,,,,,,,,0.41
2016-10-24,50.18,49.8,1.77,0.84,0.11,1.66,1.79,13.02,113.8571,0.41
2016-10-25,49.45,49.08,1.77,0.86,0.07,1.7,1.83,13.46,113.6801,0.41
2016-10-26,48.75,48.98,1.79,0.86,0.08,1.71,1.84,14.24,113.8131,0.41
2016-10-27,49.71,49.13,1.85,0.87,0.13,1.72,1.87,15.36,114.1998,0.41
2016-10-28,48.72,47.78,1.86,0.86,0.13,1.73,1.86,16.19,114.0931,0.41
2016-10-29,,,,,,,,,,0.41
2016-10-30,,,,,,,,,,0.41
2016-10-31,46.83,46.2,1.84,0.86,0.11,1.73,1.87,17.06,114.0188,0.31
2016-11-01,46.66,45.77,1.83,0.83,0.11,1.72,1.85,18.56,113.9915,0.41
2016-11-02,45.32,44.26,1.81,0.81,0.11,1.7,1.85,19.32,113.9206,0.41
2016-11-03,44.66,43.84,1.82,0.81,0.14,1.68,1.84,22.08,113.7664,0.41
2016-11-04,44.07,43.06,1.79,0.8,0.11,1.68,1.84,22.51,113.5828,0.41
2016-11-05,,,,,,,,,,0.41
2016-11-06,,,,,,,,,,0.41
2016-11-07,44.88,42.83,1.83,0.82,0.12,1.71,1.86,18.71,113.5443,0.41
2016-11-08,44.96,43.47,1.88,0.87,0.15,1.73,1.89,18.74,113.3017,0.41
2016-11-09,45.2,43.88,2.07,0.9,0.25,1.82,1.97,14.38,114.6956,0.41
2016-11-10,44.62,43.67,2.15,0.92,0.27,1.88,2.06,14.74,115.9375,0.41
2016-11-11,43.39,41.61,,,,,,14.17,,0.41
2016-11-12,,,,,,,,,,0.41
2016-11-13,,,,,,,,,,0.41
2016-11-14,43.29,41.83,2.23,1.0,0.4,1.83,2.01,14.48,117.2245,0.41
2016-11-15,45.86,44.15,2.23,1.02,0.41,1.82,1.97,13.37,116.7724,0.41
2016-11-16,45.56,45.07,2.22,1.0,0.39,1.83,2.0,13.72,116.8062,0.41
2016-11-17,45.37,44.57,2.29,1.04,0.42,1.87,2.03,13.35,116.8952,0.41
2016-11-18,45.69,44.41,2.34,1.07,0.44,1.9,2.06,12.85,117.5936,0.41
2016-11-19,,,,,,,,,,0.41
2016-11-20,,,,,,,,,,0.41
2016-11-21,47.48,45.96,2.33,1.08,0.42,1.91,2.08,12.42,117.4762,0.41
2016-11-22,48.07,46.1,2.31,1.07,0.41,1.9,2.05,12.41,117.4508,0.41
2016-11-23,46.72,46.54,2.36,1.12,0.44,1.92,2.1,12.43,118.0356,0.41
2016-11-24,,47.54,,,,,,,,0.41
2016-11-25,46.72,46.32,2.36,1.12,0.47,1.89,2.04,12.34,118.02,0.41
2016-11-26,,,,,,,,,,0.41
2016-11-27,,,,,,,,,,0.41
2016-11-28,45.66,46.64,2.32,1.11,0.47,1.85,2.01,13.15,117.7278,0.41
2016-11-29,45.29,44.68,2.3,1.09,0.44,1.86,2.03,12.9,117.644,0.41
2016-11-30,49.41,47.95,2.37,1.11,0.43,1.94,2.11,13.33,117.7636,0.31
2016-12-01,51.08,52.28,2.45,1.14,0.48,1.97,2.13,14.07,117.6642,0.41
2016-12-02,51.7,52.35,2.4,1.11,0.49,1.91,2.06,14.12,117.3116,0.41
2016-12-03,,,,,,,,,,0.41
2016-12-04,,,,,,,,,,0.41
2016-12-05,51.72,53.3,2.39,1.13,0.45,1.94,2.09,12.14,117.1008,0.41
2016-12-06,50.95,52.31,2.39,1.12,0.44,1.95,2.1,11.79,116.9225,0.41
2016-12-07,49.85,51.9,2.34,1.1,0.42,1.92,2.06,12.22,116.672,0.41
2016-12-08,50.84,51.6,2.4,1.12,0.45,1.95,2.07,12.64,117.0327,0.41
2016-12-09,51.51,52.19,2.47,1.15,0.51,1.96,2.09,11.75,117.2834,0.41
2016-12-10,,,,,,,,,,0.41
2016-12-11,,,,,,,,,,0.41
2016-12-12,52.74,53.99,2.49,1.15,0.51,1.98,2.1,12.64,116.9161,0.41
2016-12-13,52.99,53.28,2.48,1.17,0.53,1.95,2.04,12.72,116.8029,0.41
2016-12-14,51.01,53.15,2.54,1.27,0.6,1.94,2.06,13.19,116.7332,0.41
2016-12-15,50.9,51.72,2.6,1.29,0.7,1.9,2.02,12.79,118.8072,0.66
2016-12-16,51.93,54.15,2.6,1.28,0.74,1.86,1.97,12.2,118.3584,0.66
2016-12-17,,,,,,,,,,0.66
2016-12-18,,,,,,,,,,0.66
2016-12-19,52.13,53.53,2.54,1.24,0.68,1.86,1.98,11.71,118.3875,0.66
2016-12-20,52.22,54.56,2.57,1.25,0.67,1.9,2.0,11.45,118.63,0.66
2016-12-21,51.44,53.01,2.55,1.21,0.64,1.91,2.08,11.27,118.581,0.66
2016-12-22,51.98,54.04,2.55,1.22,0.6,1.95,2.04,11.43,118.8209,0.66
2016-12-23,52.01,53.93,2.55,1.22,0.58,1.97,2.1,11.44,118.7856,0.66
2016-12-24,,,,,,,,,,0.66
2016-12-25,,,,,,,,,,0.66
2016-12-26,,,,,,,,,,0.66
2016-12-27,52.82,,2.57,1.28,0.58,1.99,2.1,11.99,118.9506,0.66
2016-12-28,54.01,54.95,2.51,1.26,0.56,1.95,2.05,12.95,119.2305,0.66
2016-12-29,53.8,54.97,2.49,1.22,0.55,1.94,2.07,13.37,118.6637,0.66
2016-12-30,53.75,54.96,2.45,1.2,0.5,1.95,2.06,14.04,118.3466,0.55
2016-12-31,,,,,,,,,,0.55
2017-01-01,,,,,,,,,,0.55
2017-01-02,,,,,,,,,,0.55
2017-01-03,52.36,55.05,2.45,1.22,0.47,1.98,2.1,12.85,119.0903,0.66
2017-01-04,53.26,54.57,2.46,1.24,0.47,1.99,2.12,11.85,118.8803,0.66
2017-01-05,53.77,54.99,2.37,1.17,0.42,1.95,2.07,11.67,117.9999,0.66
2017-01-06,53.98,55.9,2.42,1.22,0.46,1.96,2.08,11.32,118.3495,0.66
2017-01-07,,,,,,,,,,0.66
2017-01-08,,,,,,,,,,0.66
2017-01-09,51.95,54.39,2.38,1.21,0.43,1.95,2.05,11.56,118.4111,0.66
2017-01-10,50.82,53.2,2.38,1.19,0.43,1.95,2.06,11.49,118.5386,0.66
2017-01-11,52.19,53.61,2.38,1.2,0.39,1.99,2.13,11.26,119.0219,0.66
2017-01-12,53.01,54.51,2.36,1.18,0.38,1.98,2.09,11.54,117.8001,0.66
2017-01-13,52.36,54.37,2.4,1.21,0.41,1.99,2.13,11.23,117.9884,0.66
2017-01-14,,,,,,,,,,0.66
2017-01-15,,,,,,,,,,0.66
2017-01-16,,54.3,,,,,,,,0.66
2017-01-17,52.45,54.68,2.33,1.17,0.36,1.97,2.1,11.87,117.2656,0.66
2017-01-18,51.12,53.77,2.42,1.23,0.42,2.0,2.14,12.48,117.7242,0.66
2017-01-19,51.39,53.18,2.47,1.25,0.43,2.04,2.18,12.78,118.3182,0.66
2017-01-20,52.33,55.04,2.48,1.2,0.44,2.04,2.16,11.54,,0.66
2017-01-21,,,,,,,,,,0.66
2017-01-22,,,,,,,,,,0.66
2017-01-23,52.77,54.8,2.41,1.16,0.39,2.02,2.18,11.77,117.2479,0.66
2017-01-24,52.38,54.7,2.47,1.21,0.41,2.06,2.19,11.07,117.0516,0.66
2017-01-25,52.14,54.34,2.53,1.23,0.45,2.08,2.2,10.81,116.9355,0.66
2017-01-26,53.24,55.89,2.51,1.21,0.43,2.08,2.22,10.63,117.2766,0.66
2017-01-27,53.18,54.8,2.49,1.22,0.41,2.08,2.2,10.58,117.0735,0.66
2017-01-28,,,,,,,,,,0.66
2017-01-29,,,,,,,,,,0.66
2017-01-30,52.63,54.77,2.49,1.22,0.42,2.07,2.19,11.88,116.7325,0.66
2017-01-31,52.75,55.25,2.45,1.19,0.4,2.05,2.16,11.99,116.2241,0.56
2017-02-01,53.9,55.79,2.48,1.22,0.43,2.05,2.18,11.81,116.3914,0.66
2017-02-02,53.55,55.94,2.48,1.21,0.43,2.05,2.17,11.93,115.903,0.66
2017-02-03,53.81,55.92,2.49,1.21,0.44,2.05,2.19,10.97,115.6259,0.66
2017-02-04,,,,,,,,,,0.66
2017-02-05,,,,,,,,,,0.66
2017-02-06,53.01,55.02,2.42,1.16,0.4,2.02,2.13,11.37,116.0504,0.66
2017-02-07,52.19,53.79,2.4,1.16,0.4,2.0,2.13,11.29,116.4082,0.66
2017-02-08,52.37,54.42,2.34,1.15,0.38,1.96,2.1,11.45,116.1382,0.66
2017-02-09,52.99,53.98,2.4,1.2,0.41,1.99,2.12,10.88,116.306,0.66
2017-02-10,53.84,55.2,2.41,1.2,0.4,2.01,2.15,10.85,116.148,0.66
2017-02-11,,,,,,,,,,0.66
2017-02-12,,,,,,,,,,0.66
2017-02-13,52.96,54.15,2.43,1.2,0.43,2.0,2.13,11.07,116.3427,0.66
2017-02-14,53.21,54.96,2.47,1.25,0.46,2.01,2.15,10.74,116.3949,0.66
2017-02-15,53.11,54.57,2.51,1.27,0.45,2.06,2.19,11.97,116.2162,0.66
2017-02-16,53.41,54.16,2.45,1.22,0.43,2.02,2.14,11.76,116.0067,0.66
2017-02-17,53.41,54.48,2.42,1.21,0.41,2.01,2.17,11.49,116.4035,0.66
2017-02-18,,,,,,,,,,0.66
2017-02-19,,,,,,,,,,0.66
2017-02-20,,55.25,,,,,,,,0.66
2017-02-21,54.02,56.34,2.43,1.22,0.4,2.03,2.19,11.57,116.5921,0.66
2017-02-22,53.61,54.9,2.42,1.22,0.38,2.04,2.16,11.74,116.2136,0.66
2017-02-23,54.48,55.82,2.38,1.18,0.35,2.03,2.16,11.71,115.6527,0.66
2017-02-24,53.99,54.69,2.31,1.12,0.31,2.0,2.1,11.47,115.8143,0.66
2017-02-25,,,,,,,,,,0.66
2017-02-26,,,,,,,,,,0.66
2017-02-27,54.04,54.65,2.36,1.2,0.35,2.01,2.16,12.09,115.6764,0.66
2017-02-28,54.0,53.36,2.36,1.22,0.34,2.02,2.15,12.92,116.0032,0.57
2017-03-01,53.82,55.72,2.46,1.29,0.43,2.03,2.22,12.54,116.438,0.66
2017-03-02,52.63,54.16,2.49,1.32,0.48,2.01,2.18,11.81,116.8429,0.66
2017-03-03,53.33,54.12,2.49,1.32,0.45,2.04,2.16,10.96,116.6438,0.66
2017-03-04,,,,,,,,,,0.66
2017-03-05,,,,,,,,,,0.66
2017-03-06,53.19,54.73,2.49,1.31,0.48,2.01,2.12,11.24,116.4313,0.66
2017-03-07,52.68,54.61,2.52,1.32,0.49,2.03,2.14,11.45,116.4303,0.66
2017-03-08,49.83,53.3,2.57,1.36,0.56,2.01,2.12,11.86,116.875,0.66
2017-03-09,48.75,50.65,2.6,1.37,0.6,2.0,2.11,12.3,116.9959,0.66
2017-03-10,48.05,50.63,2.58,1.36,0.57,2.01,2.12,11.66,116.616,0.66
2017-03-11,,,,,,,,,,0.66
2017-03-12,,,,,,,,,,0.66
2017-03-13,47.95,50.1,2.62,1.4,0.61,2.01,2.16,11.35,116.4004,0.66
2017-03-14,47.24,49.6,2.6,1.4,0.61,1.99,2.1,12.3,116.5646,0.66
2017-03-15,48.34,50.63,2.51,1.33,0.5,2.01,2.18,11.63,116.3584,0.66
2017-03-16,48.3,50.56,2.53,1.35,0.51,2.02,2.17,11.21,115.4456,0.91
2017-03-17,48.34,50.58,2.5,1.33,0.49,2.01,2.13,11.28,115.2783,0.91
2017-03-18,,,,,,,,,,0.91
2017-03-19,,,,,,,,,,0.91
2017-03-20,47.79,50.67,2.47,1.3,0.47,2.0,2.14,11.34,115.0426,0.91
2017-03-21,47.02,50.14,2.43,1.27,0.45,1.98,2.16,12.47,114.8119,0.91
2017-03-22,47.29,49.56,2.4,1.27,0.43,1.97,2.15,12.81,114.7937,0.91
2017-03-23,47.0,50.17,2.41,1.26,0.46,1.95,2.15,13.12,114.7899,0.91
2017-03-24,47.3,49.97,2.4,1.26,0.42,1.98,2.23,12.96,114.6372,0.91
2017-03-25,,,,,,,,,,0.91
2017-03-26,,,,,,,,,,0.91
2017-03-27,47.02,50.12,2.38,1.27,0.41,1.97,2.19,12.5,114.2347,0.91
2017-03-28,48.36,50.72,2.42,1.3,0.45,1.97,2.21,11.53,114.419,0.91
2017-03-29,49.47,51.36,2.39,1.26,0.41,1.98,2.16,11.42,114.7167,0.91
2017-03-30,50.3,52.25,2.42,1.28,0.46,1.96,2.11,11.54,114.5245,0.91
2017-03-31,50.54,52.2,2.4,1.27,0.43,1.97,2.17,12.37,114.7938,0.82
2017-04-01,,,,,,,,,,0.82
2017-04-02,,,,,,,,,,0.82
2017-04-03,50.25,52.04,2.35,1.24,0.39,1.96,2.19,12.38,114.8734,0.91
2017-04-04,50.99,53.08,2.36,1.25,0.4,1.96,2.15,11.79,115.0038,0.91
2017-04-05,51.14,53.41,2.34,1.24,0.37,1.97,2.17,12.89,114.9494,0.91
2017-04-06,51.69,53.62,2.34,1.24,0.39,1.95,2.19,12.39,115.0181,0.91
2017-04-07,52.25,54.24,2.38,1.29,0.44,1.94,2.18,12.87,115.0547,0.91
2017-04-08,,,,,,,,,,0.91
2017-04-09,,,,,,,,,,0.91
2017-04-10,53.06,54.79,2.37,1.29,0.44,1.93,2.17,14.05,115.11,0.91
2017-04-11,53.38,54.73,2.32,1.24,0.41,1.91,2.12,15.07,115.009,0.91
2017-04-12,53.12,54.75,2.28,1.24,0.38,1.9,2.11,15.77,114.9162,0.91
2017-04-13,53.19,55.05,2.24,1.21,0.32,1.92,2.1,15.96,114.5059,0.91
2017-04-14,,,,,,,,,114.5368,0.91
2017-04-15,,,,,,,,,,0.91
2017-04-16,,,,,,,,,,0.91
2017-04-17,52.62,54.79,2.26,1.21,0.38,1.88,2.07,14.66,114.3283,0.91
2017-04-18,52.46,52.6,2.18,1.18,0.33,1.85,2.05,14.42,114.2575,0.91
2017-04-19,50.49,52.43,2.21,1.19,0.36,1.85,2.04,14.93,114.7923,0.91
2017-04-20,50.26,50.66,2.24,1.21,0.39,1.85,1.88,14.15,114.6205,0.91
2017-04-21,49.64,49.93,2.24,1.2,0.4,1.84,1.89,14.63,114.8128,0.91
2017-04-22,,,,,,,,,,0.91
2017-04-23,,,,,,,,,,0.91
2017-04-24,48.9,49.45,2.28,1.25,0.41,1.87,1.93,10.84,114.3659,0.91
2017-04-25,49.22,49.37,2.35,1.29,0.44,1.91,1.97,10.76,114.5111,0.91
2017-04-26,49.22,49.99,2.32,1.28,0.42,1.9,1.97,10.85,114.9479,0.91
2017-04-27,48.96,49.46,2.3,1.25,0.39,1.91,2.01,10.36,114.9946,0.91
2017-04-28,49.31,49.46,2.29,1.28,0.37,1.92,2.03,10.82,114.7877,0.83
2017-04-29,,,,,,,,,,0.83
2017-04-30,,,,,,,,,,0.83
2017-05-01,48.83,50.41,2.33,1.28,0.41,1.92,2.04,10.11,114.5921,0.91
2017-05-02,47.65,49.31,2.29,1.27,0.41,1.88,1.99,10.59,114.6792,0.91
2017-05-03,47.79,48.82,2.33,1.3,0.46,1.87,1.98,10.68,114.6637,0.91
2017-05-04,45.55,47.53,2.36,1.32,0.5,1.86,2.0,10.46,114.9076,0.91
2017-05-05,46.23,47.45,2.36,1.32,0.5,1.86,1.97,10.57,114.7725,0.91
2017-05-06,,,,,,,,,,0.91
2017-05-07,,,,,,,,,,0.91
2017-05-08,46.46,46.61,2.39,1.33,0.53,1.86,1.97,9.77,115.0895,0.91
2017-05-09,45.84,47.06,2.42,1.37,0.56,1.86,1.98,9.96,115.3933,0.91
2017-05-10,47.28,48.09,2.41,1.35,0.56,1.85,1.92,10.21,115.1145,0.91
2017-05-11,47.81,49.18,2.39,1.35,0.51,1.88,1.94,10.6,115.0669,0.91
2017-05-12,47.83,49.08,2.33,1.29,0.49,1.84,1.93,10.4,114.7479,0.91
2017-05-13,,,,,,,,,,0.91
2017-05-14,,,,,,,,,,0.91
2017-05-15,48.86,51.29,2.34,1.31,0.52,1.82,1.9,10.42,114.3504,0.91
2017-05-16,48.64,51.21,2.33,1.29,0.51,1.82,1.9,10.65,113.9923,0.91
2017-05-17,49.04,51.76,2.22,1.26,0.44,1.78,1.86,15.59,113.7506,0.91
2017-05-18,49.36,51.71,2.23,1.27,0.43,1.8,1.88,14.66,114.2683,0.91
2017-05-19,50.32,52.78,2.23,1.28,0.41,1.82,1.89,12.04,113.7001,0.91
2017-05-20,,,,,,,,,,0.91
2017-05-21,,,,,,,,,,0.91
2017-05-22,50.81,53.35,2.25,1.29,0.43,1.82,1.89,10.93,113.5442,0.91
2017-05-23,51.12,53.19,2.29,1.31,0.46,1.83,1.89,10.72,113.6862,0.91
2017-05-24,50.99,53.29,2.26,1.29,0.45,1.81,1.89,10.02,113.675,0.91
2017-05-25,48.57,52.25,2.25,1.3,0.45,1.8,1.9,9.99,113.3719,0.91
2017-05-26,49.58,50.84,2.25,1.3,0.44,1.81,1.89,9.81,113.4839,0.91
2017-05-27,,,,,,,,,,0.91
2017-05-28,,,,,,,,,,0.91
2017-05-29,,52.25,,,,,,,,0.91
2017-05-30,49.63,50.65,2.21,1.28,0.4,1.81,1.89,10.38,113.5552,0.91
2017-05-31,48.29,49.4,2.21,1.28,0.4,1.81,1.9,10.41,113.2956,0.83
2017-06-01,48.32,50.41,2.21,1.28,0.4,1.81,1.89,9.89,113.3017,0.91
2017-06-02,47.68,48.46,2.15,1.28,0.36,1.79,1.86,9.75,113.1908,0.91
2017-06-03,,,,,,,,,,0.91
2017-06-04,,,,,,,,,,0.91
2017-06-05,47.4,48.25,2.18,1.32,0.39,1.79,1.86,10.07,112.9755,0.91
2017-06-06,48.13,48.11,2.14,1.3,0.37,1.77,1.83,10.45,112.7095,0.91
2017-06-07,45.8,47.08,2.18,1.32,0.4,1.78,1.87,10.39,112.8191,0.91
2017-06-08,45.68,46.3,2.19,1.33,0.41,1.78,1.87,10.16,112.8351,0.91
2017-06-09,45.82,46.64,2.21,1.35,0.43,1.78,1.88,10.7,112.9562,0.91
2017-06-10,,,,,,,,,,0.91
2017-06-11,,,,,,,,,,0.91
2017-06-12,46.1,47.18,2.21,1.35,0.46,1.75,1.83,11.46,112.9837,0.91
2017-06-13,46.41,46.95,2.21,1.38,0.46,1.75,1.83,10.42,112.6271,0.91
2017-06-14,44.79,45.47,2.15,1.35,0.44,1.71,1.83,10.64,112.0734,0.91
2017-06-15,44.47,45.61,2.16,1.35,0.49,1.67,1.78,10.9,112.8708,1.16
2017-06-16,44.73,45.7,2.16,1.32,0.49,1.67,1.78,10.38,112.6155,1.16
2017-06-17,,,,,,,,,,1.16
2017-06-18,,,,,,,,,,1.16
2017-06-19,44.24,45.93,2.19,1.36,0.52,1.67,1.78,10.37,112.7576,1.16
2017-06-20,43.34,43.98,2.16,1.36,0.5,1.66,1.78,10.86,113.2698,1.16
2017-06-21,42.48,44.62,2.16,1.36,0.5,1.66,1.78,10.75,113.3327,1.16
2017-06-22,42.53,44.46,2.15,1.34,0.46,1.69,1.81,10.48,113.1654,1.16
2017-06-23,42.86,44.14,2.15,1.34,0.45,1.7,1.81,10.02,112.8665,1.16
2017-06-24,,,,,,,,,,1.16
2017-06-25,,,,,,,,,,1.16
2017-06-26,43.24,44.09,2.14,1.36,0.43,1.71,1.81,9.9,112.7633,1.16
2017-06-27,44.25,46.17,2.21,1.38,0.5,1.71,1.8,11.06,112.55,1.16
2017-06-28,44.74,46.45,2.22,1.34,0.49,1.73,1.81,10.03,112.0747,1.16
2017-06-29,44.88,47.02,2.27,1.38,0.55,1.72,1.82,11.44,111.998,1.16
2017-06-30,46.02,47.08,2.31,1.38,0.58,1.73,1.83,11.18,111.9896,1.06
2017-07-01,,,,,,,,,,1.06
2017-07-02,,,,,,,,,,1.06
2017-07-03,,49.13,2.35,1.41,0.6,1.75,1.84,11.22,112.4268,1.16
2017-07-04,,49.15,,,,,,,,1.16
2017-07-05,45.11,47.58,2.33,1.41,0.58,1.75,1.85,11.07,112.6534,1.16
2017-07-06,45.52,48.53,2.37,1.4,0.61,1.76,1.86,12.54,112.4199,1.16
2017-07-07,44.25,46.47,2.39,1.4,0.66,1.73,1.83,11.19,112.3137,1.16
2017-07-08,,,,,,,,,,1.16
2017-07-09,,,,,,,,,,1.16
2017-07-10,44.4,46.57,2.38,1.4,0.66,1.72,1.84,11.11,112.1587,1.16
2017-07-11,45.06,46.68,2.37,1.37,0.62,1.75,1.89,10.89,112.1434,1.16
2017-07-12,45.48,46.73,2.33,1.35,0.57,1.76,1.89,10.3,111.5904,1.16
2017-07-13,46.06,47.65,2.35,1.37,0.58,1.77,1.9,9.9,111.5365,1.16
2017-07-14,46.53,47.89,2.33,1.35,0.57,1.76,1.9,9.51,110.9075,1.16
2017-07-15,,,,,,,,,,1.16
2017-07-16,,,,,,,,,,1.16
2017-07-17,46.02,47.66,2.31,1.36,0.54,1.77,1.9,9.82,110.9304,1.16
2017-07-18,46.4,47.92,2.27,1.36,0.51,1.76,1.9,9.89,110.4356,1.16
2017-07-19,47.1,48.34,2.27,1.37,0.51,1.76,1.87,9.79,110.4339,1.16
2017-07-20,46.73,48.54,2.27,1.37,0.5,1.77,1.92,9.58,110.2512,1.16
2017-07-21,45.78,47.47,2.24,1.36,0.48,1.76,1.9,9.36,110.191,1.16
2017-07-22,,,,,,,,,,1.16
2017-07-23,,,,,,,,,,1.16
2017-07-24,46.21,47.81,2.26,1.37,0.48,1.78,1.94,9.43,110.2004,1.16
2017-07-25,47.77,49.19,2.33,1.4,0.52,1.81,1.95,9.43,110.2835,1.16
2017-07-26,48.58,50.08,2.29,1.36,0.49,1.8,1.94,9.6,110.3811,1.16
2017-07-27,49.05,50.67,2.32,1.36,0.49,1.83,1.98,10.11,110.216,1.16
2017-07-28,49.72,52.0,2.3,1.34,0.47,1.83,1.98,10.29,109.92,1.16
2017-07-29,,,,,,,,,,1.16
2017-07-30,,,,,,,,,,1.16
2017-07-31,50.21,51.99,2.3,1.34,0.48,1.82,1.97,10.26,109.8177,1.07
2017-08-01,49.19,50.77,2.26,1.34,0.47,1.79,1.96,10.09,109.8495,1.16
2017-08-02,49.6,52.09,2.27,1.36,0.48,1.79,1.95,10.28,109.7503,1.16
2017-08-03,49.03,52.88,2.24,1.34,0.46,1.78,1.94,10.44,109.8332,1.16
2017-08-04,49.57,52.48,2.27,1.36,0.47,1.8,1.95,10.03,110.2808,1.16
2017-08-05,,,,,,,,,,1.16
2017-08-06,,,,,,,,,,1.16
2017-08-07,49.37,51.42,2.26,1.36,0.46,1.8,1.95,9.93,110.373,1.16
2017-08-08,49.07,52.18,2.29,1.36,0.46,1.83,1.97,10.96,110.396,1.16
2017-08-09,49.59,52.16,2.24,1.33,0.42,1.82,1.94,11.11,110.3671,1.16
2017-08-10,48.54,52.59,2.2,1.33,0.4,1.8,1.92,16.04,110.1886,1.16
2017-08-11,48.81,51.47,2.19,1.3,0.4,1.79,1.94,15.51,110.0422,1.16
2017-08-12,,,,,,,,,,1.16
2017-08-13,,,,,,,,,,1.16
2017-08-14,47.59,51.29,2.22,1.33,0.45,1.77,1.95,12.33,110.095,1.16
2017-08-15,47.57,49.9,2.27,1.35,0.49,1.78,1.93,12.04,110.4846,1.16
2017-08-16,46.8,50.39,2.23,1.33,0.45,1.78,1.94,11.74,110.4394,1.16
2017-08-17,47.07,50.37,2.19,1.32,0.42,1.77,1.93,15.55,110.1673,1.16
2017-08-18,48.59,50.96,2.19,1.33,0.43,1.76,1.91,14.26,110.041,1.16
2017-08-19,,,,,,,,,,1.16
2017-08-20,,,,,,,,,,1.16
2017-08-21,47.39,51.94,2.18,1.32,0.43,1.75,1.91,13.19,109.7349,1.16
2017-08-22,47.65,52.29,2.22,1.33,0.45,1.77,1.93,11.35,109.8386,1.16
2017-08-23,48.45,52.31,2.17,1.32,0.42,1.75,1.92,12.25,109.8095,1.16
2017-08-24,47.24,51.73,2.19,1.33,0.44,1.75,1.9,12.23,109.7524,1.16
2017-08-25,47.65,51.87,2.17,1.35,0.42,1.75,1.93,11.28,109.3415,1.16
2017-08-26,,,,,,,,,,1.16
2017-08-27,,,,,,,,,,1.16
2017-08-28,46.4,51.87,2.16,1.33,0.41,1.75,1.94,11.32,109.1815,1.16
2017-08-29,46.46,51.64,2.13,1.33,0.39,1.74,1.94,11.7,109.0946,1.16
2017-08-30,45.96,51.91,2.15,1.33,0.39,1.76,1.95,11.22,109.4052,1.16
2017-08-31,47.26,52.69,2.12,1.33,0.36,1.76,1.94,10.59,109.3686,1.07
2017-09-01,47.32,53.15,2.16,1.35,0.37,1.79,1.95,10.13,109.0504,1.16
2017-09-02,,,,,,,,,,1.16
2017-09-03,,,,,,,,,,1.16
2017-09-04,,52.6,,,,,,,,1.16
2017-09-05,48.63,53.63,2.07,1.3,0.3,1.77,1.96,12.23,108.8664,1.16
2017-09-06,49.13,54.48,2.1,1.3,0.32,1.78,1.96,11.63,108.4897,1.16
2017-09-07,49.1,54.16,2.05,1.27,0.26,1.79,1.97,11.55,107.9224,1.16
2017-09-08,47.44,54.55,2.06,1.27,0.25,1.81,1.99,12.12,107.808,1.16
2017-09-09,,,,,,,,,,1.16
2017-09-10,,,,,,,,,,1.16
2017-09-11,48.06,54.2,2.14,1.32,0.31,1.83,2.03,10.73,108.153,1.16
2017-09-12,48.21,55.06,2.17,1.33,0.33,1.84,2.01,10.58,108.3239,1.16
2017-09-13,49.3,55.52,2.2,1.35,0.35,1.85,2.02,10.5,108.6628,1.16
2017-09-14,49.86,56.76,2.2,1.37,0.35,1.85,2.0,10.44,108.618,1.16
2017-09-15,49.9,56.18,2.2,1.39,0.35,1.85,1.98,10.17,108.3147,1.16
2017-09-16,,,,,,,,,,1.16
2017-09-17,,,,,,,,,,1.16
2017-09-18,49.88,55.5,2.23,1.4,0.36,1.87,2.0,10.15,108.6401,1.16
2017-09-19,49.54,56.58,2.24,1.4,0.37,1.87,2.0,10.18,108.6142,1.16
2017-09-20,50.29,57.2,2.28,1.45,0.43,1.85,1.99,9.78,108.4329,1.16
2017-09-21,50.58,57.73,2.27,1.45,0.44,1.83,1.96,9.67,108.9267,1.16
2017-09-22,50.33,58.16,2.26,1.46,0.42,1.84,1.97,9.59,108.7542,1.16
2017-09-23,,,,,,,,,,1.16
2017-09-24,,,,,,,,,,1.16
2017-09-25,51.85,59.42,2.22,1.44,0.38,1.84,1.96,10.21,109.3302,1.16
2017-09-26,51.59,59.77,2.24,1.45,0.4,1.84,1.96,10.17,109.7769,1.16
2017-09-27,52.14,58.74,2.31,1.47,0.44,1.87,2.0,9.87,110.0722,1.16
2017-09-28,51.62,58.8,2.31,1.45,0.44,1.87,2.01,9.55,110.2415,1.16
2017-09-29,51.67,57.02,2.33,1.47,0.49,1.84,2.0,9.51,110.0867,1.06
2017-09-30,,,,,,,,,,1.06
2017-10-01,,,,,,,,,,1.06
2017-10-02,50.59,55.67,2.34,1.49,0.51,1.83,1.93,9.45,110.3686,1.16
2017-10-03,50.44,56.12,2.33,1.47,0.49,1.84,2.0,9.51,110.3281,1.16
2017-10-04,50.0,56.0,2.33,1.47,0.48,1.85,1.97,9.63,110.2425,1.16
2017-10-05,50.79,57.09,2.35,1.49,0.49,1.86,1.98,9.19,110.5823,1.16
2017-10-06,49.34,55.5,2.37,1.54,0.5,1.87,1.96,9.65,110.7841,1.16
2017-10-07,,,,,,,,,,1.16
2017-10-08,,,,,,,,,,1.16
2017-10-09,49.58,55.29,,,,,,10.33,,1.16
2017-10-10,50.93,56.62,2.35,1.51,0.47,1.88,2.01,10.08,110.3034,1.16
2017-10-11,51.3,56.13,2.35,1.51,0.46,1.89,2.03,9.85,110.3037,1.16
2017-10-12,50.61,56.13,2.33,1.51,0.44,1.89,1.99,9.91,110.3152,1.16
2017-10-13,51.43,56.86,2.28,1.51,0.43,1.85,1.99,9.61,110.2669,1.16
2017-10-14,,,,,,,,,,1.16
2017-10-15,,,,,,,,,,1.16
2017-10-16,51.86,57.49,2.3,1.54,0.46,1.84,2.02,9.91,110.5432,1.16
2017-10-17,51.87,57.63,2.3,1.54,0.48,1.82,1.95,10.31,110.9141,1.16
2017-10-18,52.05,58.05,2.34,1.59,0.5,1.84,1.99,10.07,110.7214,1.16
2017-10-19,51.29,57.82,2.33,1.58,0.49,1.84,2.02,10.05,110.4577,1.16
2017-10-20,51.63,57.89,2.39,1.6,0.52,1.87,1.98,9.97,111.0375,1.16
2017-10-21,,,,,,,,,,1.16
2017-10-22,,,,,,,,,,1.16
2017-10-23,51.91,57.69,2.38,1.58,0.52,1.86,2.03,11.07,111.2134,1.16
2017-10-24,52.32,57.84,2.42,1.6,0.55,1.87,2.01,11.16,111.4027,1.16
2017-10-25,51.97,58.45,2.44,1.61,0.56,1.88,2.02,11.23,111.3904,1.16
2017-10-26,52.41,58.75,2.46,1.63,0.57,1.89,2.02,11.3,111.6418,1.16
2017-10-27,53.92,60.15,2.42,1.59,0.54,1.88,2.0,9.8,112.1495,1.16
2017-10-28,,,,,,,,,,1.16
2017-10-29,,,,,,,,,,1.16
2017-10-30,54.11,60.65,2.37,1.58,0.5,1.87,1.97,10.5,111.901,1.16
2017-10-31,54.36,61.35,2.38,1.6,0.5,1.88,1.97,10.18,111.8052,1.07
2017-11-01,54.32,60.98,2.37,1.61,0.49,1.88,2.05,10.2,111.7942,1.16
2017-11-02,54.55,60.79,2.35,1.61,0.48,1.87,1.95,9.93,111.5474,1.16
2017-11-03,55.63,61.42,2.34,1.63,0.48,1.86,1.98,9.14,111.9383,1.16
2017-11-04,,,,,,,,,,1.16
2017-11-05,,,,,,,,,,1.16
2017-11-06,57.34,64.27,2.32,1.61,0.46,1.86,1.95,9.4,111.7197,1.16
2017-11-07,57.19,64.36,2.32,1.63,0.44,1.88,1.96,9.89,111.9446,1.16
2017-11-08,56.82,63.96,2.32,1.65,0.45,1.87,1.97,9.78,111.6935,1.16
2017-11-09,57.16,64.49,2.33,1.63,0.46,1.87,1.94,10.5,111.5626,1.16
2017-11-10,56.75,64.35,2.4,1.67,0.52,1.88,1.98,11.29,,1.16
2017-11-11,,,,,,,,,,1.16
2017-11-12,,,,,,,,,,1.16
2017-11-13,56.77,62.94,2.4,1.7,0.52,1.88,1.97,11.5,111.7833,1.16
2017-11-14,55.67,60.91,2.38,1.68,0.51,1.87,1.95,11.59,111.5097,1.16
2017-11-15,55.28,61.25,2.33,1.68,0.48,1.85,1.92,13.13,111.4809,1.16
2017-11-16,55.14,61.18,2.37,1.72,0.53,1.84,1.89,11.76,111.2568,1.16
2017-11-17,56.21,61.34,2.35,1.73,0.49,1.86,1.97,11.43,111.0016,1.16
2017-11-18,,,,,,,,,,1.16
2017-11-19,,,,,,,,,,1.16
2017-11-20,56.21,61.34,2.37,1.77,0.52,1.85,1.96,10.65,111.2599,1.16
2017-11-21,56.84,62.28,2.36,1.77,0.52,1.84,1.93,9.73,110.9828,1.16
2017-11-22,57.88,62.92,2.32,1.74,0.48,1.84,1.93,9.88,110.5632,1.16
2017-11-23,,63.27,,,,,,,,1.16
2017-11-24,58.94,63.58,2.34,1.75,0.5,1.84,1.97,9.67,110.0253,1.16
2017-11-25,,,,,,,,,,1.16
2017-11-26,,,,,,,,,,1.16
2017-11-27,58.1,63.25,2.32,1.74,0.49,1.83,1.97,9.87,110.1136,1.16
2017-11-28,57.96,63.56,2.34,1.75,0.5,1.84,1.99,10.03,110.3018,1.16
2017-11-29,57.25,63.74,2.37,1.78,0.53,1.84,1.99,10.7,110.3265,1.16
2017-11-30,57.4,63.53,2.42,1.78,0.56,1.86,1.99,11.28,110.4648,1.07
2017-12-01,58.35,64.57,2.37,1.78,0.51,1.86,2.0,11.43,110.1413,1.16
2017-12-02,,,,,,,,,,1.16
2017-12-03,,,,,,,,,,1.16
2017-12-04,57.48,63.45,2.37,1.8,0.5,1.87,1.98,11.68,110.397,1.16
2017-12-05,57.66,63.45,2.36,1.83,0.5,1.86,2.03,11.33,110.4905,1.16
2017-12-06,55.79,62.25,2.33,1.78,0.47,1.86,1.98,11.02,110.8711,1.16
2017-12-07,56.5,62.37,2.37,1.8,0.5,1.87,2.0,10.16,111.0178,1.16
2017-12-08,57.15,63.86,2.38,1.8,0.5,1.88,2.05,9.58,111.2273,1.16
2017-12-09,,,,,,,,,,1.16
2017-12-10,,,,,,,,,,1.16
2017-12-11,57.84,65.62,2.39,1.82,0.51,1.88,2.0,9.34,111.0827,1.16
2017-12-12,57.12,64.96,2.4,1.83,0.51,1.89,2.0,9.92,111.5214,1.17
2017-12-13,56.59,63.66,2.36,1.79,0.48,1.88,2.02,10.18,111.2759,1.17
2017-12-14,57.0,63.72,2.35,1.82,0.48,1.87,1.98,10.49,111.0893,1.41
2017-12-15,57.29,63.81,2.35,1.84,0.47,1.88,1.99,9.42,111.1286,1.41
2017-12-16,,,,,,,,,,1.41
2017-12-17,,,,,,,,,,1.41
2017-12-18,57.17,64.45,2.39,1.84,0.5,1.89,2.07,9.53,110.9086,1.42
2017-12-19,57.49,63.69,2.46,1.87,0.55,1.91,2.08,10.03,111.1255,1.42
2017-12-20,58.09,64.43,2.49,1.87,0.57,1.92,2.1,9.72,110.8361,1.42
2017-12-21,58.34,64.64,2.48,1.89,0.55,1.93,2.02,9.62,110.8786,1.42
2017-12-22,58.25,64.61,2.48,1.91,0.54,1.94,2.06,9.9,111.0997,1.42
2017-12-23,,,,,,,,,,1.42
2017-12-24,,,,,,,,,,1.42
2017-12-25,,,,,,,,,,1.42
2017-12-26,59.55,,2.47,1.92,0.53,1.94,2.12,10.25,110.9758,1.42
2017-12-27,59.67,66.03,2.42,1.89,0.48,1.94,2.06,10.47,110.8553,1.42
2017-12-28,59.84,66.8,2.43,1.91,0.47,1.96,2.06,10.18,110.5154,1.42
2017-12-29,60.46,66.73,2.4,1.89,0.44,1.96,2.06,11.04,110.0783,1.33
2017-12-30,,,,,,,,,,1.33
2017-12-31,,,,,,,,,,1.33
2018-01-01,,,,,,,,,,1.33
2018-01-02,60.37,66.65,2.46,1.92,0.46,2.0,2.1,9.77,109.6445,1.42
2018-01-03,61.61,67.85,2.44,1.94,0.46,1.98,2.09,9.15,109.6751,1.42
2018-01-04,61.98,68.73,2.46,1.96,0.45,2.01,2.1,9.22,109.4777,1.42
2018-01-05,61.49,68.01,2.47,1.96,0.46,2.01,2.07,9.22,109.3496,1.42
2018-01-06,,,,,,,,,,1.42
2018-01-07,,,,,,,,,,1.42
2018-01-08,61.73,68.48,2.49,1.96,0.47,2.02,2.13,9.52,109.5681,1.42
2018-01-09,62.92,69.08,2.55,1.98,0.52,2.03,2.11,10.08,109.9025,1.42
2018-01-10,63.6,69.79,2.55,1.98,0.52,2.03,2.12,9.82,109.628,1.42
2018-01-11,63.81,70.36,2.54,1.98,0.54,2.0,2.11,9.88,109.4888,1.42
2018-01-12,64.22,69.64,2.55,1.99,0.54,2.01,2.1,10.16,108.901,1.42
2018-01-13,,,,,,,,,,1.42
2018-01-14,,,,,,,,,,1.42
2018-01-15,,70.31,,,,,,,,1.42
2018-01-16,63.82,69.4,2.54,2.03,0.51,2.03,2.12,11.66,108.3218,1.42
2018-01-17,63.92,69.19,2.57,2.05,0.53,2.04,2.18,11.91,108.1526,1.42
2018-01-18,63.96,69.48,2.62,2.05,0.57,2.05,2.11,12.22,108.0655,1.42
2018-01-19,63.38,68.56,2.64,2.06,0.58,2.06,2.12,11.27,107.9455,1.42
2018-01-20,,,,,,,,,,1.42
2018-01-21,,,,,,,,,,1.42
2018-01-22,63.66,69.32,2.66,2.08,0.6,2.06,2.12,11.03,108.107,1.42
2018-01-23,64.45,69.81,2.63,2.06,0.57,2.06,2.2,11.1,107.9979,1.42
2018-01-24,65.69,69.91,2.65,2.08,0.58,2.07,2.18,11.47,107.0802,1.42
2018-01-25,65.62,71.08,2.63,2.08,0.56,2.07,2.23,11.58,106.5052,1.42
2018-01-26,66.27,70.08,2.66,2.13,0.57,2.09,2.25,11.08,106.6911,1.42
2018-01-27,,,,,,,,,,1.42
2018-01-28,,,,,,,,,,1.42
2018-01-29,65.71,68.41,2.7,2.11,0.61,2.09,2.26,13.84,107.1142,1.42
2018-01-30,64.64,67.78,2.73,2.13,0.63,2.1,2.23,14.79,107.1064,1.42
2018-01-31,64.82,67.78,2.72,2.14,0.61,2.11,2.24,13.54,106.7696,1.34
2018-02-01,65.92,68.6,2.78,2.16,0.67,2.11,2.29,13.47,106.4877,1.42
2018-02-02,65.5,67.45,2.84,2.15,0.7,2.14,2.35,17.31,107.1151,1.42
2018-02-03,,,,,,,,,,1.42
2018-02-04,,,,,,,,,,1.42
2018-02-05,64.18,67.69,2.77,2.08,0.67,2.1,2.25,37.32,107.33,1.42
2018-02-06,63.48,66.75,2.79,2.1,0.69,2.1,2.32,29.98,107.5204,1.42
2018-02-07,61.91,65.74,2.84,2.15,0.74,2.1,2.3,27.73,107.7175,1.42
2018-02-08,61.3,64.26,2.85,2.13,0.76,2.09,2.29,33.46,108.3025,1.42
2018-02-09,59.2,63.04,2.83,2.05,0.78,2.05,2.27,29.06,108.2582,1.42
2018-02-10,,,,,,,,,,1.42
2018-02-11,,,,,,,,,,1.42
2018-02-12,59.41,62.2,2.86,2.09,0.79,2.07,2.3,25.61,108.0332,1.42
2018-02-13,59.33,61.94,2.83,2.1,0.78,2.05,2.22,24.97,107.7574,1.42
2018-02-14,60.7,62.29,2.91,2.17,0.82,2.09,2.27,19.26,107.4691,1.42
2018-02-15,61.48,62.86,2.9,2.19,0.79,2.11,2.22,19.13,106.9867,1.42
2018-02-16,61.89,64.3,2.87,2.21,0.78,2.09,2.18,19.46,107.0359,1.42
2018-02-17,,,,,,,,,,1.42
2018-02-18,,,,,,,,,,1.42
2018-02-19,,64.95,,,,,,,,1.42
2018-02-20,61.91,64.68,2.88,2.25,0.78,2.1,2.16,20.6,107.6249,1.42
2018-02-21,61.73,64.81,2.94,2.26,0.82,2.12,2.18,20.02,107.8679,1.42
2018-02-22,62.72,66.12,2.92,2.25,0.81,2.11,2.16,18.72,107.8668,1.42
2018-02-23,63.52,67.04,2.88,2.25,0.76,2.12,2.2,16.49,107.6804,1.42
2018-02-24,,,,,,,,,,1.42
2018-02-25,,,,,,,,,,1.42
2018-02-26,63.81,67.96,2.86,2.22,0.73,2.13,2.19,15.8,107.7347,1.42
2018-02-27,62.94,67.59,2.9,2.27,0.77,2.13,2.17,18.59,108.1731,1.42
2018-02-28,61.43,66.08,2.87,2.25,0.75,2.12,2.2,19.85,108.3903,1.35
2018-03-01,60.98,64.23,2.81,2.22,0.71,2.1,2.17,22.47,108.5358,1.42
2018-03-02,61.19,64.26,2.86,2.25,0.74,2.12,2.21,19.59,,1.42
2018-03-03,,,,,,,,,,1.42
2018-03-04,,,,,,,,,,1.42
2018-03-05,62.49,65.78,2.88,2.24,0.75,2.13,2.21,18.73,108.3614,1.42
2018-03-06,62.54,65.67,2.88,2.25,0.76,2.12,2.14,18.36,107.7969,1.42
2018-03-07,61.09,65.09,2.89,2.25,0.76,2.13,2.16,17.76,108.0911,1.42
2018-03-08,60.13,63.87,2.86,2.25,0.75,2.11,2.14,16.54,108.2671,1.42
2018-03-09,62.02,65.19,2.9,2.27,0.78,2.12,2.28,14.64,107.923,1.42
2018-03-10,,,,,,,,,,1.42
2018-03-11,,,,,,,,,,1.42
2018-03-12,61.35,64.53,2.87,2.27,0.77,2.1,2.18,15.78,107.9438,1.42
2018-03-13,60.69,64.2,2.84,2.26,0.75,2.09,2.13,16.35,107.7384,1.42
2018-03-14,60.89,63.61,2.81,2.26,0.74,2.07,2.1,17.23,107.8623,1.42
2018-03-15,61.16,63.67,2.82,2.29,0.74,2.08,2.09,16.59,108.2032,1.43
2018-03-16,62.29,64.68,2.85,2.31,0.77,2.08,2.11,15.8,108.4332,1.43
2018-03-17,,,,,,,,,,1.43
2018-03-18,,,,,,,,,,1.43
2018-03-19,62.01,64.82,2.85,2.31,0.77,2.08,2.12,19.02,108.3145,1.43
2018-03-20,63.37,66.0,2.89,2.34,0.81,2.08,2.11,18.2,108.4953,1.44
2018-03-21,65.1,68.15,2.89,2.31,0.8,2.09,2.22,17.86,,1.44
2018-03-22,64.25,68.98,2.83,2.29,0.75,2.08,2.13,23.34,107.9935,1.68
2018-03-23,65.8,69.03,2.82,2.28,0.75,2.07,2.13,24.87,107.7495,1.68
2018-03-24,,,,,,,,,,1.68
2018-03-25,,,,,,,,,,1.68
2018-03-26,65.49,68.81,2.85,2.33,0.77,2.08,2.15,21.03,107.1819,1.68
2018-03-27,65.21,68.63,2.78,2.26,0.71,2.07,2.2,22.5,107.3359,1.68
2018-03-28,64.3,68.13,2.77,2.28,0.72,2.05,2.19,22.87,107.5733,1.68
2018-03-29,64.87,69.02,2.74,2.27,0.69,2.05,2.18,19.97,107.665,1.68
2018-03-30,,,,,,,,,107.4784,1.67
2018-03-31,,,,,,,,,,1.67
2018-04-01,,,,,,,,,,1.67
2018-04-02,63.05,,2.73,2.25,0.68,2.05,2.11,23.62,107.7033,1.68
2018-04-03,63.41,69.02,2.79,2.28,0.71,2.08,2.17,21.1,107.5624,1.69
2018-04-04,63.35,66.04,2.79,2.28,0.71,2.08,2.12,20.06,107.6361,1.69
2018-04-05,63.53,66.54,2.83,2.3,0.75,2.08,2.23,18.94,107.7281,1.69
2018-04-06,62.03,66.51,2.77,2.27,0.7,2.07,2.13,21.49,107.7886,1.69
2018-04-07,,,,,,,,,,1.69
2018-04-08,,,,,,,,,,1.69
2018-04-09,63.4,68.19,2.78,2.29,0.71,2.07,2.12,21.77,107.5316,1.69
2018-04-10,65.48,70.67,2.8,2.32,0.72,2.08,2.16,20.47,107.3659,1.69
2018-04-11,66.81,72.74,2.79,2.32,0.68,2.11,2.16,20.24,107.1224,1.69
2018-04-12,67.07,71.44,2.83,2.34,0.7,2.13,2.21,18.49,107.2905,1.69
2018-04-13,67.35,73.18,2.82,2.37,0.69,2.13,2.25,17.41,107.2368,1.69
2018-04-14,,,,,,,,,,1.69
2018-04-15,,,,,,,,,,1.69
2018-04-16,66.23,72.05,2.83,2.39,0.71,2.12,2.16,16.56,107.0595,1.69
2018-04-17,66.5,71.71,2.82,2.41,0.68,2.14,2.27,15.25,107.0344,1.69
2018-04-18,68.44,73.73,2.87,2.42,0.71,2.16,2.28,15.6,107.1096,1.69
2018-04-19,68.3,74.85,2.92,2.44,0.75,2.17,2.22,15.96,107.5197,1.69
2018-04-20,68.26,74.62,2.96,2.46,0.79,2.17,2.24,16.88,108.1787,1.7
2018-04-21,,,,,,,,,,1.7
2018-04-22,,,,,,,,,,1.7
2018-04-23,67.61,74.54,2.98,2.49,0.8,2.18,2.25,16.34,108.9332,1.7
2018-04-24,67.66,75.86,3.0,2.48,0.83,2.17,2.24,18.02,108.7906,1.7
2018-04-25,68.0,73.79,3.03,2.49,0.86,2.17,2.25,17.84,109.3447,1.7
2018-04-26,68.18,75.39,3.0,2.49,0.82,2.18,2.26,16.24,109.3646,1.7
2018-04-27,68.11,75.33,2.96,2.49,0.79,2.17,2.25,15.41,109.1735,1.7
2018-04-28,,,,,,,,,,1.7
2018-04-29,,,,,,,,,,1.7
2018-04-30,68.56,75.92,2.95,2.49,0.78,2.17,2.24,15.93,109.3363,1.69
2018-05-01,67.28,74.85,2.97,2.5,0.81,2.16,2.23,15.49,109.7445,1.7
2018-05-02,67.91,73.14,2.97,2.49,0.8,2.17,2.25,15.97,110.1625,1.7
2018-05-03,68.45,73.45,2.94,2.49,0.78,2.16,2.23,15.9,110.1803,1.7
2018-05-04,69.71,74.75,2.95,2.51,0.79,2.16,2.23,14.77,110.25,1.7
2018-05-05,,,,,,,,,,1.7
2018-05-06,,,,,,,,,,1.7
2018-05-07,70.74,,2.95,2.49,0.78,2.17,2.23,14.75,110.5721,1.7
2018-05-08,68.83,74.16,2.97,2.51,0.81,2.16,2.22,14.71,111.063,1.7
2018-05-09,71.16,77.6,3.0,2.54,0.82,2.18,2.23,13.42,110.8818,1.7
2018-05-10,71.36,77.59,2.97,2.54,0.8,2.17,2.22,13.23,110.405,1.7
2018-05-11,70.69,77.37,2.97,2.54,0.82,2.15,2.17,12.65,110.2847,1.7
2018-05-12,,,,,,,,,,1.7
2018-05-13,,,,,,,,,,1.7
2018-05-14,71.01,78.17,3.0,2.55,0.85,2.15,2.18,12.93,110.408,1.7
2018-05-15,71.34,78.94,3.08,2.58,0.9,2.18,2.21,14.63,111.2292,1.7
2018-05-16,71.43,78.19,3.09,2.58,0.92,2.17,2.18,13.42,111.3068,1.7
2018-05-17,71.47,80.09,3.11,2.57,0.95,2.16,2.16,13.43,111.3547,1.7
2018-05-18,71.23,78.38,3.06,2.55,0.91,2.15,2.16,13.42,111.7171,1.7
2018-05-19,,,,,,,,,,1.7
2018-05-20,,,,,,,,,,1.7
2018-05-21,72.26,78.34,3.06,2.58,0.9,2.16,2.17,13.08,111.6394,1.7
2018-05-22,72.09,80.42,3.06,2.59,0.91,2.15,2.17,13.22,111.1945,1.7
2018-05-23,71.85,78.69,3.01,2.53,0.87,2.14,2.16,12.58,111.6933,1.7
2018-05-24,70.77,78.9,2.98,2.5,0.86,2.12,2.13,12.53,111.4885,1.7
2018-05-25,67.92,76.6,2.93,2.48,0.84,2.09,2.14,13.22,111.5843,1.7
2018-05-26,,,,,,,,,,1.7
2018-05-27,,,,,,,,,,1.7
2018-05-28,,,,,,,,,,1.7
2018-05-29,66.8,74.51,2.77,2.32,0.73,2.04,2.1,17.02,112.2127,1.7
2018-05-30,68.24,75.89,2.84,2.42,0.78,2.06,2.12,14.94,111.6731,1.7
2018-05-31,66.98,76.45,2.83,2.4,0.76,2.07,2.11,15.43,111.9894,1.7
2018-06-01,65.81,74.54,2.89,2.47,0.8,2.09,2.12,13.46,111.8265,1.7
2018-06-02,,,,,,,,,,1.7
2018-06-03,,,,,,,,,,1.7
2018-06-04,64.76,73.41,2.94,2.52,0.82,2.12,2.18,12.74,111.8247,1.7
2018-06-05,65.51,72.91,2.92,2.49,0.79,2.13,2.21,12.4,112.264,1.7
2018-06-06,64.75,73.23,2.97,2.52,0.83,2.14,2.22,11.64,111.7525,1.7
2018-06-07,65.96,75.23,2.93,2.5,0.8,2.13,2.18,12.13,112.0725,1.7
2018-06-08,65.77,75.11,2.93,2.5,0.82,2.11,2.16,12.18,112.1066,1.7
2018-06-09,,,,,,,,,,1.7
2018-06-10,,,,,,,,,,1.7
2018-06-11,66.1,74.58,2.96,2.52,0.83,2.13,2.18,12.35,112.1106,1.7
2018-06-12,66.38,74.86,2.96,2.54,0.83,2.13,2.19,12.34,112.2138,1.7
2018-06-13,66.63,75.07,2.98,2.59,0.86,2.12,2.15,12.94,112.2577,1.7
2018-06-14,66.91,74.77,2.94,2.59,0.82,2.12,2.17,12.12,112.8593,1.9
2018-06-15,65.01,72.02,2.93,2.55,0.81,2.12,2.16,11.98,113.3379,1.9
2018-06-16,,,,,,,,,,1.9
2018-06-17,,,,,,,,,,1.9
2018-06-18,65.91,74.87,2.92,2.56,0.8,2.12,2.16,12.31,113.4899,1.9
2018-06-19,65.09,74.92,2.89,2.54,0.77,2.12,2.17,13.35,113.639,1.91
2018-06-20,65.92,74.25,2.93,2.56,0.81,2.12,2.18,12.79,113.4784,1.92
2018-06-21,65.68,72.87,2.9,2.56,0.79,2.11,2.17,14.64,113.6109,1.92
2018-06-22,69.02,73.67,2.9,2.56,0.78,2.12,2.17,13.77,113.3047,1.92
2018-06-23,,,,,,,,,,1.92
2018-06-24,,,,,,,,,,1.92
2018-06-25,69.91,72.82,2.87,2.54,0.77,2.1,2.14,17.33,113.286,1.92
2018-06-26,75.23,73.58,2.88,2.53,0.76,2.12,2.17,15.92,113.3016,1.92
2018-06-27,77.41,76.09,2.83,2.52,0.72,2.11,2.15,17.91,113.8971,1.91
2018-06-28,73.45,76.26,2.84,2.52,0.74,2.1,2.13,16.85,113.8405,1.91
2018-06-29,74.13,77.44,2.85,2.52,0.74,2.11,2.16,16.09,113.2586,1.91
2018-06-30,,,,,,,,,,1.91
2018-07-01,,,,,,,,,,1.91
2018-07-02,73.89,76.71,2.87,2.57,0.73,2.14,2.21,15.6,114.1673,1.91
2018-07-03,74.19,75.87,2.83,2.53,0.71,2.12,2.16,16.14,113.3222,1.91
2018-07-04,,76.99,,,,,,,,1.91
2018-07-05,73.05,77.09,2.84,2.55,0.71,2.13,2.16,14.97,112.9759,1.91
2018-07-06,73.78,74.98,2.82,2.53,0.7,2.12,2.16,13.37,112.6428,1.91
2018-07-07,,,,,,,,,,1.91
2018-07-08,,,,,,,,,,1.91
2018-07-09,73.93,77.08,2.86,2.57,0.73,2.13,2.16,12.69,112.6425,1.91
2018-07-10,74.11,77.8,2.87,2.59,0.74,2.13,2.17,12.64,112.5794,1.91
2018-07-11,70.47,75.35,2.85,2.58,0.74,2.11,2.15,13.63,112.8582,1.91
2018-07-12,70.28,72.11,2.85,2.6,0.75,2.1,2.14,12.58,112.779,1.91
2018-07-13,71.03,74.11,2.83,2.59,0.72,2.11,2.15,12.18,113.0705,1.91
2018-07-14,,,,,,,,,,1.91
2018-07-15,,,,,,,,,,1.91
2018-07-16,68.22,71.03,2.85,2.59,0.75,2.1,2.15,12.83,112.8437,1.91
2018-07-17,68.03,70.87,2.86,2.62,0.77,2.09,2.15,12.06,113.1504,1.91
2018-07-18,68.78,70.52,2.88,2.6,0.79,2.09,2.15,12.1,113.3348,1.91
2018-07-19,69.42,71.94,2.84,2.6,0.75,2.09,2.17,12.87,113.9463,1.91
2018-07-20,70.31,71.99,2.89,2.6,0.78,2.11,2.2,12.86,113.3213,1.91
2018-07-21,,,,,,,,,,1.91
2018-07-22,,,,,,,,,,1.91
2018-07-23,67.9,73.45,2.96,2.64,0.85,2.11,2.21,12.62,113.4246,1.91
2018-07-24,70.77,73.53,2.95,2.63,0.84,2.11,2.22,12.41,113.2045,1.91
2018-07-25,71.13,73.67,2.94,2.66,0.81,2.13,2.25,12.29,112.9221,1.91
2018-07-26,71.59,74.51,2.98,2.69,0.87,2.11,2.22,12.14,112.9179,1.91
2018-07-27,68.66,74.84,2.96,2.67,0.84,2.12,2.24,13.03,112.8125,1.91
2018-07-28,,,,,,,,,,1.91
2018-07-29,,,,,,,,,,1.91
2018-07-30,71.19,74.99,2.98,2.66,0.85,2.13,2.25,14.26,112.6044,1.91
2018-07-31,69.88,74.16,2.96,2.67,0.84,2.12,2.24,12.83,112.7299,1.91
2018-08-01,68.8,72.28,3.0,2.67,0.87,2.13,2.26,13.15,112.8899,1.91
2018-08-02,68.95,72.95,2.98,2.66,0.86,2.12,2.25,12.19,113.1679,1.91
2018-08-03,68.49,72.48,2.95,2.63,0.83,2.12,2.24,11.64,113.012,1.91
2018-08-04,,,,,,,,,,1.91
2018-08-05,,,,,,,,,,1.91
2018-08-06,69.01,72.51,2.94,2.64,0.83,2.11,2.24,11.27,113.229,1.91
2018-08-07,69.17,72.31,2.98,2.68,0.85,2.13,2.26,10.93,112.9759,1.91
2018-08-08,66.92,70.71,2.96,2.68,0.85,2.11,2.24,10.85,113.1411,1.91
2018-08-09,66.81,70.55,2.93,2.64,0.82,2.11,2.25,11.27,113.3806,1.91
2018-08-10,67.61,71.0,2.87,2.61,0.78,2.09,2.2,13.16,114.3005,1.91
2018-08-11,,,,,,,,,,1.91
2018-08-12,,,,,,,,,,1.91
2018-08-13,67.25,70.62,2.88,2.61,0.78,2.1,2.21,14.78,114.851,1.91
2018-08-14,67.04,70.77,2.89,2.63,0.8,2.09,2.19,13.31,114.658,1.91
2018-08-15,65.07,68.38,2.86,2.61,0.78,2.08,2.19,14.64,115.1526,1.91
2018-08-16,65.44,69.21,2.87,2.63,0.79,2.08,2.19,13.45,114.6416,1.92
2018-08-17,65.93,70.14,2.87,2.61,0.79,2.08,2.2,12.64,114.5339,1.92
2018-08-18,,,,,,,,,,1.92
2018-08-19,,,,,,,,,,1.92
2018-08-20,66.5,71.11,2.82,2.6,0.75,2.07,2.19,12.49,114.3504,1.92
2018-08-21,67.32,71.65,2.85,2.61,0.77,2.08,2.19,12.86,113.8604,1.92
2018-08-22,67.85,72.96,2.82,2.6,0.74,2.08,2.2,12.25,113.663,1.92
2018-08-23,69.13,73.73,2.82,2.61,0.73,2.09,2.19,12.41,114.0932,1.92
2018-08-24,69.71,74.41,2.82,2.63,0.73,2.09,2.19,11.99,113.5985,1.92
2018-08-25,,,,,,,,,,1.92
2018-08-26,,,,,,,,,,1.92
2018-08-27,69.97,74.41,2.85,2.67,0.74,2.11,2.22,12.16,113.2721,1.92
2018-08-28,68.54,75.91,2.88,2.67,0.77,2.11,2.23,12.5,113.3444,1.92
2018-08-29,69.68,76.07,2.89,2.67,0.77,2.12,2.24,12.25,113.6461,1.92
2018-08-30,70.25,77.05,2.86,2.64,0.76,2.1,2.21,13.53,114.0899,1.92
2018-08-31,69.84,76.94,2.86,2.62,0.78,2.08,2.18,12.86,114.2755,1.91
2018-09-01,,,,,,,,,,1.91
2018-09-02,,,,,,,,,,1.91
2018-09-03,,77.81,,,,,,,,1.91
2018-09-04,69.82,77.51,2.9,2.66,0.8,2.1,2.21,13.16,114.8584,1.92
2018-09-05,68.69,76.68,2.9,2.66,0.81,2.09,2.2,13.91,114.7477,1.92
2018-09-06,67.81,75.67,2.88,2.64,0.8,2.08,2.19,14.65,114.6479,1.92
2018-09-07,67.73,75.55,2.94,2.71,0.84,2.1,2.22,14.88,114.5816,1.92
2018-09-08,,,,,,,,,,1.92
2018-09-09,,,,,,,,,,1.92
2018-09-10,67.55,76.77,2.94,2.73,0.84,2.1,2.22,14.16,114.6802,1.92
2018-09-11,69.29,78.22,2.98,2.76,0.86,2.12,2.23,13.22,114.7051,1.92
2018-09-12,70.37,80.02,2.97,2.74,0.85,2.12,2.22,13.14,114.2192,1.92
2018-09-13,68.6,77.66,2.97,2.76,0.87,2.1,2.22,12.37,113.9268,1.92
2018-09-14,68.98,77.87,2.99,2.78,0.89,2.1,2.2,12.07,114.0657,1.92
2018-09-15,,,,,,,,,,1.92
2018-09-16,,,,,,,,,,1.92
2018-09-17,68.86,78.22,2.99,2.78,0.89,2.1,2.21,13.68,113.9158,1.92
2018-09-18,69.87,79.25,3.05,2.81,0.92,2.13,2.25,12.79,113.7739,1.92
2018-09-19,71.08,79.43,3.08,2.81,0.93,2.15,2.28,11.75,113.6532,1.92
2018-09-20,70.77,79.03,3.07,2.81,0.92,2.15,2.28,11.8,113.4989,1.92
2018-09-21,70.8,78.9,3.07,2.81,0.92,2.15,2.28,11.68,113.5099,1.92
2018-09-22,,,,,,,,,,1.92
2018-09-23,,,,,,,,,,1.92
2018-09-24,73.23,80.89,3.08,2.83,0.92,2.16,2.29,12.2,113.5301,1.93
2018-09-25,73.4,82.21,3.1,2.83,0.94,2.16,2.27,12.42,113.7202,1.93
2018-09-26,72.22,81.87,3.06,2.83,0.92,2.14,2.24,12.89,113.6739,1.93
2018-09-27,72.18,81.54,3.06,2.83,0.91,2.15,2.26,12.41,113.9784,2.18
2018-09-28,73.16,82.72,3.05,2.81,0.91,2.14,2.25,12.12,113.8077,2.18
2018-09-29,,,,,,,,,,2.18
2018-09-30,,,,,,,,,,2.18
2018-10-01,75.37,84.94,3.09,2.82,0.95,2.14,2.24,12.0,113.8235,2.18
2018-10-02,75.16,85.63,3.05,2.82,0.93,2.12,2.21,12.05,113.8954,2.18
2018-10-03,76.4,85.45,3.15,2.85,0.99,2.16,2.25,11.61,114.1569,2.18
2018-10-04,74.44,86.07,3.19,2.87,1.03,2.16,2.26,14.22,114.6867,2.18
2018-10-05,74.26,85.12,3.23,2.88,1.07,2.16,2.27,14.82,114.561,2.18
2018-10-06,,,,,,,,,,2.18
2018-10-07,,,,,,,,,,2.18
2018-10-08,74.27,84.22,,,,,,15.69,,2.18
2018-10-09,74.95,85.16,3.21,2.88,1.04,2.17,2.29,15.95,114.6583,2.18
2018-10-10,73.18,83.82,3.22,2.88,1.06,2.16,2.28,22.96,114.6072,2.18
2018-10-11,70.97,81.35,3.14,2.85,1.02,2.12,2.25,24.98,114.4074,2.18
2018-10-12,71.41,80.71,3.15,2.85,1.03,2.12,2.25,21.31,114.3691,2.18
2018-10-13,,,,,,,,,,2.18
2018-10-14,,,,,,,,,,2.18
2018-10-15,71.84,80.91,3.16,2.85,1.03,2.13,2.26,21.3,114.045,2.18
2018-10-16,71.93,80.53,3.16,2.87,1.03,2.13,2.25,17.62,113.8963,2.18
2018-10-17,69.63,79.91,3.19,2.89,1.06,2.13,2.26,17.4,114.1755,2.19
2018-10-18,68.63,80.3,3.17,2.87,1.07,2.1,2.21,20.06,114.8164,2.19
2018-10-19,69.16,80.38,3.2,2.92,1.09,2.11,2.24,19.89,114.8567,2.19
2018-10-20,,,,,,,,,,2.19
2018-10-21,,,,,,,,,,2.19
2018-10-22,69.25,80.45,3.2,2.92,1.09,2.11,2.24,19.64,115.1782,2.19
2018-10-23,66.49,78.67,3.17,2.89,1.08,2.09,2.24,20.71,115.1651,2.2
2018-10-24,66.56,77.34,3.1,2.84,1.03,2.07,2.21,25.23,115.3755,2.2
2018-10-25,67.25,77.3,3.14,2.86,1.09,2.05,2.19,24.22,115.4831,2.2
2018-10-26,67.58,77.4,3.08,2.81,1.02,2.06,2.19,24.16,115.473,2.2
2018-10-27,,,,,,,,,,2.2
2018-10-28,,,,,,,,,,2.2
2018-10-29,67.0,77.56,3.08,2.81,1.02,2.06,2.2,24.7,115.8936,2.2
2018-10-30,66.18,75.68,3.12,2.84,1.07,2.05,2.19,23.35,116.2357,2.2
2018-10-31,65.31,74.84,3.15,2.87,1.1,2.05,2.2,21.23,116.5281,2.2
2018-11-01,63.67,71.25,3.14,2.84,1.12,2.02,2.16,19.34,115.8657,2.2
2018-11-02,63.12,71.11,3.22,2.91,1.16,2.06,2.21,19.51,115.643,2.19
2018-11-03,,,,,,,,,,2.19
2018-11-04,,,,,,,,,,2.19
2018-11-05,63.12,72.68,3.2,2.91,1.14,2.06,2.21,19.96,115.703,2.2
2018-11-06,62.16,70.64,3.22,2.93,1.15,2.07,2.22,19.91,115.5622,2.2
2018-11-07,61.69,70.1,3.22,2.96,1.15,2.07,2.21,16.36,115.2519,2.2
2018-11-08,60.71,69.29,3.24,2.98,1.17,2.07,2.22,16.72,115.6478,2.2
2018-11-09,60.19,69.01,3.19,2.94,1.15,2.04,2.18,17.36,116.4778,2.19
2018-11-10,,,,,,,,,,2.19
2018-11-11,,,,,,,,,,2.19
2018-11-12,59.85,69.81,,,,,,20.45,,2.19
2018-11-13,55.63,65.45,3.14,2.89,1.12,2.02,2.16,20.02,116.6694,2.2
2018-11-14,56.16,64.88,3.12,2.86,1.12,2.0,2.15,21.25,116.498,2.2
2018-11-15,56.45,65.61,3.11,2.86,1.11,2.0,2.15,19.98,116.3861,2.2
2018-11-16,56.49,65.29,3.08,2.81,1.06,2.02,2.16,18.14,115.9258,2.2
2018-11-17,,,,,,,,,,2.2
2018-11-18,,,,,,,,,,2.2
2018-11-19,57.16,64.14,3.06,2.79,1.07,1.99,2.13,20.1,115.9859,2.2
2018-11-20,53.39,61.5,3.06,2.79,1.09,1.97,2.12,22.48,116.2367,2.2
2018-11-21,54.41,61.65,3.06,2.81,1.09,1.97,2.13,20.8,116.092,2.2
2018-11-22,,61.11,,,,,,,,2.2
2018-11-23,,57.69,3.05,2.81,1.09,1.96,2.15,21.52,116.4713,2.2
2018-11-24,,,,,,,,,,2.2
2018-11-25,,,,,,,,,,2.2
2018-11-26,51.46,59.7,3.07,2.84,1.11,1.96,2.14,18.9,116.6208,2.2
2018-11-27,51.31,59.58,3.06,2.83,1.15,1.91,2.09,19.02,116.9001,2.2
2018-11-28,50.06,57.97,3.06,2.81,1.12,1.94,2.14,18.49,116.8343,2.2
2018-11-29,51.46,58.29,3.03,2.81,1.05,1.98,2.17,18.79,116.1961,2.2
2018-11-30,50.78,57.71,3.01,2.8,1.04,1.97,2.17,18.07,116.413,2.2
2018-12-01,,,,,,,,,,2.2
2018-12-02,,,,,,,,,,2.2
2018-12-03,52.98,60.17,2.98,2.83,1.02,1.96,2.16,16.44,115.9057,2.19
2018-12-04,53.21,61.22,2.91,2.8,0.97,1.94,2.14,20.74,116.0028,2.2
2018-12-05,52.64,61.4,,,,,,,,2.2
2018-12-06,51.54,57.83,2.87,2.75,0.97,1.9,2.11,21.19,116.3991,2.2
2018-12-07,52.76,61.71,2.85,2.72,0.96,1.89,2.1,23.23,116.0847,2.19
2018-12-08,,,,,,,,,,2.19
2018-12-09,,,,,,,,,,2.19
2018-12-10,51.07,60.29,2.85,2.72,0.99,1.86,2.07,22.64,116.6746,2.2
2018-12-11,51.65,59.73,2.89,2.78,1.06,1.83,2.04,21.76,116.7564,2.19
2018-12-12,51.04,59.94,2.91,2.77,1.08,1.83,2.04,21.46,116.2214,2.19
2018-12-13,52.69,59.03,2.91,2.75,1.08,1.83,2.04,20.65,116.3974,2.19
2018-12-14,51.26,58.56,2.89,2.73,1.07,1.82,2.04,21.63,116.79,2.19
2018-12-15,,,,,,,,,,2.19
2018-12-16,,,,,,,,,,2.19
2018-12-17,49.8,57.59,2.86,2.7,1.05,1.81,2.04,24.52,116.4532,2.2
2018-12-18,46.12,55.26,2.82,2.65,1.01,1.81,2.04,25.58,116.4127,2.2
2018-12-19,47.96,55.6,2.77,2.63,0.97,1.8,2.04,25.58,116.0676,2.2
2018-12-20,45.64,52.84,2.79,2.67,1.03,1.76,1.99,28.38,116.0183,2.4
2018-12-21,45.38,51.93,2.79,2.63,1.02,1.77,1.99,30.11,116.2227,2.4
2018-12-22,,,,,,,,,,2.4
2018-12-23,,,,,,,,,,2.4
2018-12-24,,,2.74,2.55,0.99,1.75,1.98,36.07,116.2182,2.4
2018-12-25,,,,,,,,,,2.4
2018-12-26,46.04,,2.81,2.61,1.04,1.77,1.97,30.41,116.1162,2.4
2018-12-27,44.48,51.49,2.77,2.56,1.03,1.74,1.95,29.96,115.9927,2.4
2018-12-28,45.15,50.57,2.72,2.52,0.99,1.73,1.94,28.34,115.7232,2.4
2018-12-29,,,,,,,,,,2.4
2018-12-30,,,,,,,,,,2.4
2018-12-31,,,2.69,2.48,0.98,1.71,1.91,25.42,115.5674,2.4
2019-01-01,,,,,,,,,,2.4
2019-01-02,46.31,54.06,2.66,2.5,0.96,1.7,1.91,23.22,115.7689,2.4
2019-01-03,46.92,53.23,2.56,2.39,0.88,1.68,1.87,25.45,115.4622,2.4
2019-01-04,47.76,55.64,2.67,2.5,0.91,1.76,1.94,21.38,114.9821,2.4
2019-01-05,,,,,,,,,,2.4
2019-01-06,,,,,,,,,,2.4
2019-01-07,48.27,57.1,2.7,2.53,0.92,1.78,1.95,21.4,114.5628,2.4
2019-01-08,49.58,56.91,2.73,2.58,0.91,1.82,1.98,20.47,114.7281,2.4
2019-01-09,52.19,59.46,2.74,2.56,0.91,1.83,1.98,19.98,114.1406,2.4
2019-01-10,52.42,60.47,2.74,2.56,0.93,1.81,1.97,19.5,114.0496,2.4
2019-01-11,51.44,59.24,2.71,2.55,0.88,1.83,2.0,18.19,114.0404,2.4
2019-01-12,,,,,,,,,,2.4
2019-01-13,,,,,,,,,,2.4
2019-01-14,50.31,58.8,2.71,2.53,0.9,1.81,1.98,19.07,,2.4
2019-01-15,51.8,58.65,2.72,2.53,0.91,1.81,1.99,18.6,114.3402,2.4
2019-01-16,52.08,59.81,2.73,2.55,0.91,1.82,2.0,19.04,114.137,2.4
2019-01-17,51.83,59.85,2.75,2.56,0.96,1.79,1.94,18.06,114.4115,2.4
2019-01-18,53.6,62.04,2.79,2.62,0.96,1.83,1.99,17.8,114.558,2.4
2019-01-19,,,,,,,,,,2.4
2019-01-20,,,,,,,,,,2.4
2019-01-21,,62.18,,,,,,,,2.4
2019-01-22,52.59,60.9,2.74,2.58,0.95,1.79,1.95,20.8,114.7541,2.4
2019-01-23,52.44,61.05,2.76,2.58,0.96,1.8,1.96,19.52,114.5759,2.4
2019-01-24,52.94,61.09,2.72,2.56,0.95,1.77,1.92,18.89,114.617,2.4
2019-01-25,53.53,61.49,2.76,2.6,0.97,1.79,1.94,17.42,114.0197,2.4
2019-01-26,,,,,,,,,,2.4
2019-01-27,,,,,,,,,,2.4
2019-01-28,51.79,59.71,2.75,2.6,0.97,1.78,1.94,18.87,114.0522,2.4
2019-01-29,53.07,60.98,2.72,2.56,0.94,1.78,1.94,19.13,114.026,2.4
2019-01-30,54.18,61.89,2.7,2.52,0.86,1.84,2.0,17.66,114.0731,2.4
2019-01-31,53.84,62.46,2.63,2.45,0.78,1.85,2.0,16.57,113.5504,2.4
2019-02-01,55.29,61.86,2.7,2.52,0.82,1.88,2.04,16.14,113.7548,2.4
2019-02-02,,,,,,,,,,2.4
2019-02-03,,,,,,,,,,2.4
2019-02-04,54.57,62.26,2.73,2.53,0.86,1.87,2.02,15.73,113.8766,2.4
2019-02-05,53.69,61.67,2.71,2.53,0.84,1.87,2.02,15.57,114.0431,2.4
2019-02-06,53.94,62.22,2.7,2.52,0.84,1.86,2.01,15.38,114.2305,2.4
2019-02-07,52.68,61.01,2.65,2.48,0.81,1.84,1.99,16.37,114.4339,2.4
2019-02-08,52.75,61.37,2.63,2.45,0.81,1.82,1.95,15.72,114.5003,2.4
2019-02-09,,,,,,,,,,2.4
2019-02-10,,,,,,,,,,2.4
2019-02-11,52.43,61.3,2.65,2.48,0.83,1.82,1.95,15.97,115.031,2.4
2019-02-12,53.14,62.58,2.68,2.5,0.85,1.83,1.95,15.43,114.7297,2.4
2019-02-13,53.84,63.27,2.71,2.53,0.85,1.86,1.96,15.65,114.9407,2.4
2019-02-14,54.4,64.0,2.66,2.5,0.81,1.85,1.96,16.22,115.1007,2.4
2019-02-15,55.58,65.65,2.66,2.52,0.8,1.86,1.97,14.91,114.9923,2.4
2019-02-16,,,,,,,,,,2.4
2019-02-17,,,,,,,,,,2.4
2019-02-18,,66.41,,,,,,,,2.4
2019-02-19,56.12,65.86,2.65,2.5,0.78,1.87,1.98,14.88,114.57,2.4
2019-02-20,56.9,66.82,2.65,2.5,0.76,1.89,1.99,14.02,,2.4
2019-02-21,56.95,66.91,2.69,2.53,0.78,1.91,2.02,14.46,114.5091,2.4
2019-02-22,57.01,66.91,2.65,2.48,0.74,1.91,2.0,13.51,114.2716,2.4
2019-02-23,,,,,,,,,,2.4
2019-02-24,,,,,,,,,,2.4
2019-02-25,55.32,64.02,2.67,2.51,0.75,1.92,2.02,14.85,114.1457,2.4
2019-02-26,55.4,64.51,2.64,2.48,0.72,1.92,2.02,15.17,114.0687,2.4
2019-02-27,56.92,65.55,2.69,2.5,0.76,1.93,2.02,14.7,114.0363,2.4
2019-02-28,57.21,65.03,2.73,2.52,0.78,1.95,2.06,14.78,114.1991,2.4
2019-03-01,55.76,63.71,2.76,2.55,0.8,1.96,2.07,13.57,114.537,2.4
2019-03-02,,,,,,,,,,2.4
2019-03-03,,,,,,,,,,2.4
2019-03-04,56.6,64.44,2.72,2.55,0.78,1.94,2.04,14.63,114.6925,2.4
2019-03-05,56.55,64.24,2.72,2.55,0.79,1.93,2.03,14.74,114.804,2.4
2019-03-06,56.22,64.51,2.69,2.52,0.78,1.91,2.01,15.74,114.9714,2.4
2019-03-07,56.6,64.82,2.64,2.47,0.74,1.9,2.0,16.59,115.4919,2.4
2019-03-08,55.77,65.66,2.62,2.45,0.72,1.9,2.0,16.05,115.3599,2.4
2019-03-09,,,,,,,,,,2.4
2019-03-10,,,,,,,,,,2.4
2019-03-11,56.79,65.06,2.64,2.47,0.73,1.91,2.0,14.33,115.2967,2.4
2019-03-12,56.89,65.33,2.61,2.45,0.71,1.9,1.99,13.77,114.939,2.4
2019-03-13,58.27,65.89,2.61,2.45,0.69,1.92,2.0,13.41,114.7372,2.4
2019-03-14,58.59,66.18,2.63,2.46,0.69,1.94,2.03,13.5,114.79,2.4
2019-03-15,58.51,66.11,2.59,2.43,0.65,1.94,2.02,12.88,114.5815,2.4
2019-03-16,,,,,,,,,,2.4
2019-03-17,,,,,,,,,,2.4
2019-03-18,59.09,66.65,2.6,2.45,0.64,1.96,2.04,13.1,114.4375,2.4
2019-03-19,59.12,67.13,2.61,2.46,0.66,1.95,2.05,13.56,114.2324,2.4
2019-03-20,60.12,68.35,2.54,2.4,0.58,1.96,2.04,13.91,114.1509,2.41
2019-03-21,59.98,68.3,2.54,2.41,0.58,1.96,2.06,13.63,114.1684,2.41
2019-03-22,58.87,66.29,2.44,2.31,0.54,1.9,2.0,16.48,114.6856,2.41
2019-03-23,,,,,,,,,,2.41
2019-03-24,,,,,,,,,,2.41
2019-03-25,58.71,67.37,2.43,2.26,0.55,1.88,1.99,16.33,114.4171,2.4
2019-03-26,59.87,67.51,2.41,2.24,0.55,1.86,1.97,14.68,114.6414,2.4
2019-03-27,59.39,67.35,2.39,2.22,0.55,1.84,1.94,15.15,115.1243,2.41
2019-03-28,59.29,66.08,2.39,2.23,0.56,1.83,1.94,14.43,115.2581,2.41
2019-03-29,60.19,67.93,2.41,2.27,0.53,1.88,1.98,13.71,115.1371,2.43
2019-03-30,,,,,,,,,,2.43
2019-03-31,,,,,,,,,,2.43
2019-04-01,61.59,69.08,2.49,2.33,0.59,1.9,1.98,13.4,114.9362,2.41
2019-04-02,62.53,69.68,2.48,2.3,0.58,1.9,1.99,13.36,115.1173,2.41
2019-04-03,62.46,69.21,2.52,2.33,0.61,1.91,2.01,13.74,114.7211,2.41
2019-04-04,62.12,69.8,2.51,2.33,0.61,1.9,1.99,13.58,114.9697,2.41
2019-04-05,63.1,69.93,2.5,2.35,0.6,1.9,2.01,12.82,114.9726,2.41
2019-04-06,,,,,,,,,,2.41
2019-04-07,,,,,,,,,,2.41
2019-04-08,64.37,71.12,2.52,2.36,0.61,1.91,2.01,13.18,114.6893,2.41
2019-04-09,64.05,71.02,2.51,2.35,0.6,1.91,2.02,14.28,114.5321,2.41
2019-04-10,64.62,71.63,2.48,2.31,0.54,1.94,2.05,13.3,114.4269,2.41
2019-04-11,63.61,71.3,2.51,2.35,0.57,1.94,2.06,13.02,114.6303,2.41
2019-04-12,63.86,71.57,2.56,2.4,0.61,1.95,2.04,12.01,114.3531,2.41
2019-04-13,,,,,,,,,,2.41
2019-04-14,,,,,,,,,,2.41
2019-04-15,63.43,70.9,2.55,2.4,0.61,1.94,2.03,12.32,114.495,2.41
2019-04-16,64.01,70.74,2.6,2.41,0.64,1.96,2.06,12.18,114.6756,2.41
2019-04-17,63.74,71.14,2.59,2.4,0.65,1.94,2.04,12.6,114.5141,2.42
2019-04-18,64.02,70.71,2.57,2.38,0.62,1.95,2.04,12.09,114.7073,2.43
2019-04-19,,,,,,,,,114.6977,2.44
2019-04-20,,,,,,,,,,2.44
2019-04-21,,,,,,,,,,2.44
2019-04-22,65.66,70.71,2.59,2.38,0.64,1.95,2.03,12.42,114.7694,2.44
2019-04-23,66.24,74.39,2.57,2.36,0.62,1.95,2.03,12.28,115.1578,2.44
2019-04-24,65.96,73.59,2.53,2.32,0.57,1.96,2.05,13.14,115.4187,2.44
2019-04-25,65.23,74.94,2.54,2.33,0.56,1.98,2.1,13.25,115.7709,2.44
2019-04-26,63.29,71.03,2.51,2.28,0.54,1.97,2.08,12.73,115.4767,2.44
2019-04-27,,,,,,,,,,2.44
2019-04-28,,,,,,,,,,2.44
2019-04-29,63.39,71.22,2.54,2.3,0.58,1.96,2.06,13.11,115.5227,2.45
2019-04-30,63.83,72.19,2.51,2.27,0.56,1.95,2.05,13.12,115.3281,2.45
2019-05-01,63.55,72.01,2.52,2.31,0.59,1.93,2.03,14.8,115.0022,2.45
2019-05-02,61.75,70.56,2.55,2.35,0.66,1.89,2.0,14.42,115.5617,2.41
2019-05-03,61.98,71.95,2.54,2.33,0.63,1.91,2.02,12.87,115.2646,2.4
2019-05-04,,,,,,,,,,2.4
2019-05-05,,,,,,,,,,2.4
2019-05-06,62.3,71.95,2.51,2.31,0.6,1.91,2.01,15.44,115.3811,2.4
2019-05-07,61.41,70.98,2.45,2.28,0.58,1.87,1.98,19.32,115.6116,2.4
2019-05-08,62.13,71.09,2.49,2.3,0.62,1.87,1.99,19.4,115.5171,2.39
2019-05-09,61.58,70.61,2.45,2.26,0.6,1.85,1.97,19.1,115.8421,2.38
2019-05-10,61.65,71.63,2.47,2.26,0.59,1.88,2.01,16.04,115.5334,2.38
2019-05-11,,,,,,,,,,2.38
2019-05-12,,,,,,,,,,2.38
2019-05-13,60.97,72.35,2.4,2.18,0.55,1.85,1.97,20.55,115.915,2.38
2019-05-14,61.82,72.53,2.42,2.2,0.56,1.86,1.97,18.06,115.9425,2.38
2019-05-15,62.03,73.09,2.37,2.16,0.54,1.83,1.92,16.44,115.8565,2.4
2019-05-16,62.93,74.7,2.4,2.2,0.56,1.84,1.93,15.29,116.0346,2.39
2019-05-17,62.77,73.94,2.39,2.2,0.58,1.81,1.91,15.96,116.448,2.39
2019-05-18,,,,,,,,,,2.39
2019-05-19,,,,,,,,,,2.39
2019-05-20,63.12,73.21,2.41,2.21,0.6,1.81,1.91,16.31,116.3119,2.39
2019-05-21,63.02,72.94,2.43,2.26,0.6,1.83,1.94,14.95,116.2844,2.39
2019-05-22,61.42,71.94,2.39,2.23,0.6,1.79,1.9,14.75,116.2412,2.38
2019-05-23,57.65,68.37,2.31,2.12,0.58,1.73,1.84,16.92,116.2368,2.38
2019-05-24,58.4,67.98,2.32,2.16,0.56,1.76,1.9,15.85,116.0806,2.38
2019-05-25,,,,,,,,,,2.38
2019-05-26,,,,,,,,,,2.38
2019-05-27,,,,,,,,,,2.38
2019-05-28,58.91,70.19,2.26,2.12,0.53,1.73,1.88,17.5,116.3174,2.39
2019-05-29,58.84,70.64,2.25,2.09,0.5,1.75,1.91,17.9,116.5535,2.39
2019-05-30,56.47,69.55,2.22,2.06,0.48,1.74,1.89,17.3,116.3989,2.39
2019-05-31,53.49,66.78,2.14,1.95,0.4,1.74,1.9,18.71,116.7273,2.4
2019-06-01,,,,,,,,,,2.4
2019-06-02,,,,,,,,,,2.4
2019-06-03,53.25,63.16,2.07,1.82,0.34,1.73,1.9,18.86,116.4764,2.38
2019-06-04,53.5,63.56,2.12,1.88,0.38,1.74,1.89,16.97,116.091,2.38
2019-06-05,51.57,62.14,2.12,1.83,0.37,1.75,1.91,16.09,116.03,2.38
2019-06-06,52.59,62.77,2.12,1.88,0.39,1.73,1.88,15.93,115.9771,2.37
2019-06-07,53.95,64.1,2.09,1.85,0.35,1.74,1.87,16.3,115.7368,2.37
2019-06-08,,,,,,,,,,2.37
2019-06-09,,,,,,,,,,2.37
2019-06-10,53.33,64.31,2.15,1.9,0.42,1.73,1.86,15.94,115.5001,2.37
2019-06-11,53.3,63.56,2.15,1.93,0.43,1.72,1.87,15.99,115.3794,2.37
2019-06-12,51.13,61.66,2.13,1.88,0.42,1.71,1.89,15.91,115.438,2.37
2019-06-13,52.38,63.28,2.1,1.83,0.42,1.68,1.85,15.82,115.6275,2.37
2019-06-14,52.47,63.13,2.09,1.84,0.46,1.63,1.78,15.28,115.9057,2.36
2019-06-15,,,,,,,,,,2.36
2019-06-16,,,,,,,,,,2.36
2019-06-17,51.94,62.56,2.09,1.86,0.48,1.61,1.77,15.35,115.9684,2.38
2019-06-18,53.86,63.35,2.06,1.86,0.42,1.64,1.79,15.15,115.8797,2.37
2019-06-19,53.74,62.85,2.03,1.74,0.36,1.67,1.81,14.33,115.7889,2.37
2019-06-20,56.88,65.44,2.01,1.72,0.27,1.74,1.9,14.75,114.8046,2.37
2019-06-21,57.35,65.99,2.07,1.77,0.34,1.73,1.86,15.4,114.8377,2.38
2019-06-22,,,,,,,,,,2.38
2019-06-23,,,,,,,,,,2.38
2019-06-24,57.73,65.16,2.02,1.72,0.31,1.71,1.85,15.26,114.6559,2.38
2019-06-25,57.63,66.24,2.0,1.71,0.33,1.67,1.82,16.28,114.6363,2.38
2019-06-26,59.17,66.85,2.05,1.77,0.35,1.7,1.84,16.21,114.5608,2.38
2019-06-27,59.18,66.78,2.01,1.74,0.33,1.68,1.83,15.82,114.665,2.38
2019-06-28,58.2,67.52,2.0,1.75,0.31,1.69,1.85,15.08,114.5821,2.4
2019-06-29,,,,,,,,,,2.4
2019-06-30,,,,,,,,,,2.4
2019-07-01,58.91,65.1,2.03,1.78,0.34,1.69,1.85,14.06,114.7239,2.39
2019-07-02,56.0,62.72,1.98,1.77,0.33,1.65,1.8,12.93,114.8258,2.4
2019-07-03,57.06,63.53,1.96,1.77,0.31,1.65,1.79,12.57,114.8135,2.41
2019-07-04,,63.62,,,,,,,,2.41
2019-07-05,,64.23,2.04,1.87,0.35,1.69,1.83,13.28,115.1132,2.42
2019-07-06,,,,,,,,,,2.42
2019-07-07,,,,,,,,,,2.42
2019-07-08,57.35,64.89,2.05,1.88,0.35,1.7,1.85,13.96,115.0254,2.41
2019-07-09,57.57,64.3,2.07,1.92,0.36,1.71,1.86,14.09,115.1017,2.41
2019-07-10,60.28,66.41,2.07,1.82,0.33,1.74,1.89,13.03,115.0879,2.41
2019-07-11,59.93,67.64,2.13,1.85,0.36,1.77,1.91,12.93,114.8361,2.4
2019-07-12,59.99,66.65,2.12,1.84,0.35,1.77,1.92,12.39,114.7685,2.38
2019-07-13,,,,,,,,,,2.38
2019-07-14,,,,,,,,,,2.38
2019-07-15,59.3,66.86,2.09,1.83,0.32,1.77,1.93,12.68,114.6819,2.4
2019-07-16,57.44,65.87,2.13,1.87,0.33,1.8,1.97,12.86,115.0111,2.41
2019-07-17,56.5,63.67,2.06,1.83,0.31,1.75,1.9,13.97,114.8819,2.41
2019-07-18,55.08,60.7,2.04,1.77,0.25,1.79,1.98,13.53,114.8744,2.41
2019-07-19,55.42,61.04,2.05,1.8,0.25,1.8,2.0,14.45,114.8695,2.41
2019-07-20,,,,,,,,,,2.41
2019-07-21,,,,,,,,,,2.41
2019-07-22,55.87,61.96,2.05,1.8,0.26,1.79,1.99,13.53,115.0018,2.4
2019-07-23,56.58,62.28,2.08,1.83,0.27,1.81,2.01,12.61,115.2995,2.4
2019-07-24,55.9,63.83,2.05,1.83,0.26,1.79,1.99,12.07,115.2436,2.4
2019-07-25,55.88,63.47,2.08,1.86,0.28,1.8,2.0,12.74,115.2982,2.4
2019-07-26,56.04,62.46,2.08,1.86,0.3,1.78,1.99,12.16,115.5449,2.4
2019-07-27,,,,,,,,,,2.4
2019-07-28,,,,,,,,,,2.4
2019-07-29,56.85,62.29,2.06,1.85,0.29,1.77,1.97,12.83,115.5885,2.4
2019-07-30,58.04,62.55,2.06,1.85,0.28,1.78,1.98,13.94,115.6211,2.39
2019-07-31,58.53,64.07,2.02,1.89,0.26,1.76,1.96,16.12,115.4946,2.4
2019-08-01,53.64,62.9,1.9,1.73,0.2,1.7,1.93,17.87,116.0499,2.14
2019-08-02,55.67,61.12,1.86,1.72,0.2,1.66,1.87,17.61,116.1864,2.14
2019-08-03,,,,,,,,,,2.14
2019-08-04,,,,,,,,,,2.14
2019-08-05,54.63,59.32,1.75,1.59,0.15,1.6,1.81,24.59,116.5851,2.13
2019-08-06,53.6,58.63,1.73,1.6,0.11,1.62,1.84,20.17,116.6904,2.13
2019-08-07,51.14,55.03,1.71,1.59,0.09,1.62,1.86,19.49,116.7987,2.12
2019-08-08,52.6,56.29,1.72,1.62,0.07,1.65,1.87,16.91,116.474,2.12
2019-08-09,54.41,57.37,1.74,1.63,0.08,1.66,1.88,17.97,116.4419,2.12
2019-08-10,,,,,,,,,,2.12
2019-08-11,,,,,,,,,,2.12
2019-08-12,54.98,57.13,1.65,1.58,0.04,1.61,1.83,21.09,116.7548,2.12
2019-08-13,57.05,59.9,1.68,1.66,0.05,1.63,1.82,17.52,116.7267,2.12
2019-08-14,55.16,57.86,1.59,1.58,0.02,1.57,1.78,22.1,117.0913,2.12
2019-08-15,54.51,57.37,1.52,1.48,-0.02,1.54,1.74,21.18,117.2239,2.13
2019-08-16,54.83,59.0,1.55,1.48,0.01,1.54,1.74,18.47,117.0786,2.13
2019-08-17,,,,,,,,,,2.13
2019-08-18,,,,,,,,,,2.13
2019-08-19,56.24,59.79,1.6,1.53,0.04,1.56,1.76,16.88,117.3886,2.13
2019-08-20,56.18,59.03,1.55,1.5,0.02,1.53,1.72,17.5,117.3726,2.13
2019-08-21,55.65,60.6,1.59,1.56,0.05,1.54,1.74,15.8,117.1764,2.12
2019-08-22,55.33,59.81,1.62,1.61,0.07,1.55,1.75,16.68,117.3558,2.12
2019-08-23,54.08,58.64,1.52,1.51,-0.02,1.54,1.73,19.87,117.3009,2.12
2019-08-24,,,,,,,,,,2.12
2019-08-25,,,,,,,,,,2.12
2019-08-26,53.54,58.64,1.54,1.54,0.0,1.54,1.74,19.32,117.6658,2.12
2019-08-27,54.99,58.44,1.49,1.53,-0.06,1.55,1.74,20.31,117.75,2.12
2019-08-28,55.76,60.42,1.47,1.5,-0.08,1.55,1.74,19.35,117.8767,2.12
2019-08-29,56.67,60.59,1.5,1.53,-0.09,1.59,1.79,17.88,118.0625,2.12
2019-08-30,55.07,61.04,1.5,1.5,-0.05,1.55,1.75,18.98,118.1575,2.13
2019-08-31,,,,,,,,,,2.13
2019-09-01,,,,,,,,,,2.13
2019-09-02,,58.55,,,,,,,,2.13
2019-09-03,53.91,57.93,1.47,1.47,-0.03,1.5,1.71,19.66,118.3113,2.13
2019-09-04,56.22,60.68,1.47,1.43,-0.04,1.51,1.71,17.33,117.6729,2.13
2019-09-05,56.33,62.7,1.57,1.55,0.01,1.56,1.77,16.27,117.4776,2.13
2019-09-06,56.45,61.28,1.55,1.53,0.01,1.54,1.73,15.0,117.1292,2.12
2019-09-07,,,,,,,,,,2.12
2019-09-08,,,,,,,,,,2.12
2019-09-09,57.88,63.99,1.63,1.58,0.06,1.57,1.76,15.27,117.0601,2.13
2019-09-10,57.37,64.67,1.72,1.67,0.12,1.6,1.8,15.2,117.0887,2.13
2019-09-11,55.66,63.02,1.75,1.68,0.15,1.6,1.8,14.61,117.3125,2.13
2019-09-12,55.13,60.76,1.79,1.72,0.16,1.63,1.83,14.22,116.8375,2.13
2019-09-13,54.76,61.25,1.9,1.79,0.23,1.67,1.88,13.74,116.7677,2.14
2019-09-14,,,,,,,,,,2.14
2019-09-15,,,,,,,,,,2.14
2019-09-16,63.1,68.42,1.84,1.74,0.17,1.67,1.86,14.67,117.0251,2.25
2019-09-17,59.26,65.59,1.81,1.72,0.15,1.66,1.86,14.44,116.9826,2.3
2019-09-18,58.19,64.29,1.8,1.77,0.21,1.59,1.78,13.95,116.9766,2.25
2019-09-19,58.19,64.25,1.79,1.74,0.18,1.61,1.81,14.05,117.0861,1.9
2019-09-20,57.92,65.23,1.74,1.69,0.13,1.61,1.8,15.32,117.1819,1.9
2019-09-21,,,,,,,,,,1.9
2019-09-22,,,,,,,,,,1.9
2019-09-23,58.69,64.66,1.72,1.68,0.11,1.61,1.8,14.91,117.2986,1.9
2019-09-24,57.22,64.13,1.64,1.6,0.06,1.58,1.77,17.05,117.2227,1.9
2019-09-25,56.38,62.41,1.73,1.68,0.13,1.6,1.79,15.96,117.6527,1.9
2019-09-26,56.24,62.08,1.7,1.66,0.13,1.57,1.74,16.07,117.7267,1.85
2019-09-27,55.95,62.48,1.69,1.63,0.16,1.53,1.7,17.22,117.7218,1.83
2019-09-28,,,,,,,,,,1.83
2019-09-29,,,,,,,,,,1.83
2019-09-30,54.09,60.99,1.68,1.63,0.15,1.53,1.71,16.24,117.9461,1.9
2019-10-01,53.6,60.06,1.65,1.56,0.13,1.52,1.71,18.56,117.9595,1.88
2019-10-02,52.67,57.92,1.6,1.48,0.1,1.5,1.71,20.56,117.9671,1.85
2019-10-03,52.41,58.01,1.54,1.39,0.06,1.48,1.71,19.12,117.6608,1.83
2019-10-04,52.84,59.13,1.52,1.4,0.02,1.5,1.73,17.04,117.5288,1.82
2019-10-05,,,,,,,,,,1.82
2019-10-06,,,,,,,,,,1.82
2019-10-07,52.76,59.46,1.56,1.46,0.05,1.51,1.75,17.86,117.5533,1.82
2019-10-08,52.64,58.14,1.54,1.42,0.06,1.48,1.71,20.28,117.7407,1.82
2019-10-09,52.63,59.7,1.59,1.47,0.1,1.49,1.74,18.64,117.6835,1.82
2019-10-10,53.57,59.08,1.67,1.53,0.15,1.52,1.75,17.57,117.2801,1.82
2019-10-11,54.76,60.59,1.76,1.63,0.2,1.56,1.78,15.58,116.8239,1.82
2019-10-12,,,,,,,,,,1.82
2019-10-13,,,,,,,,,,1.82
2019-10-14,53.57,58.81,,,,,,14.57,,1.82
2019-10-15,52.81,59.19,1.77,1.61,0.21,1.56,1.79,13.54,116.8111,1.9
2019-10-16,53.42,59.3,1.75,1.58,0.18,1.57,1.79,13.68,116.6425,1.9
2019-10-17,53.89,59.35,1.76,1.6,0.17,1.59,1.66,13.79,116.2615,1.85
2019-10-18,53.75,59.96,1.76,1.58,0.16,1.6,1.68,14.25,116.1344,1.85
2019-10-19,,,,,,,,,,1.85
2019-10-20,,,,,,,,,,1.85
2019-10-21,53.28,58.95,1.8,1.62,0.19,1.61,1.69,14.0,116.0436,1.85
2019-10-22,54.21,60.5,1.78,1.6,0.17,1.61,1.69,14.46,115.9851,1.85
2019-10-23,55.9,60.52,1.77,1.58,0.16,1.61,1.7,14.01,116.0586,1.85
2019-10-24,56.11,61.71,1.77,1.58,0.15,1.62,1.72,13.71,116.1278,1.85
2019-10-25,56.52,62.06,1.8,1.63,0.15,1.65,1.75,12.65,116.0774,1.83
2019-10-26,,,,,,,,,,1.83
2019-10-27,,,,,,,,,,1.83
2019-10-28,55.6,60.39,1.85,1.64,0.21,1.64,1.75,13.11,116.0222,1.83
2019-10-29,55.34,61.05,1.84,1.64,0.23,1.61,1.71,13.2,115.9797,1.82
2019-10-30,54.85,60.22,1.78,1.61,0.21,1.57,1.67,12.33,116.1636,1.82
2019-10-31,54.02,59.3,1.69,1.52,0.15,1.54,1.64,13.22,115.9125,1.58
2019-11-01,56.04,60.17,1.73,1.56,0.14,1.59,1.68,12.3,115.7312,1.57
2019-11-02,,,,,,,,,,1.57
2019-11-03,,,,,,,,,,1.57
2019-11-04,56.33,62.52,1.79,1.6,0.15,1.64,1.72,12.83,115.8624,1.56
2019-11-05,57.04,62.72,1.86,1.63,0.18,1.68,1.78,13.1,116.1138,1.56
2019-11-06,56.15,62.11,1.81,1.61,0.15,1.66,1.75,12.62,116.1004,1.55
2019-11-07,56.91,62.6,1.92,1.68,0.23,1.69,1.77,12.73,116.1172,1.55
2019-11-08,57.02,62.0,1.94,1.68,0.23,1.71,1.79,12.07,116.3436,1.55
2019-11-09,,,,,,,,,,1.55
2019-11-10,,,,,,,,,,1.55
2019-11-11,,62.58,,,,,,12.69,,1.55
2019-11-12,56.67,62.19,1.92,1.66,0.22,1.7,1.8,12.68,116.5837,1.55
2019-11-13,56.88,62.27,1.88,1.63,0.22,1.66,1.74,13.0,116.8397,1.55
2019-11-14,56.57,62.46,1.82,1.58,0.2,1.62,1.7,13.05,116.8022,1.55
2019-11-15,57.54,63.32,1.84,1.61,0.21,1.63,1.74,12.05,116.4401,1.55
2019-11-16,,,,,,,,,,1.55
2019-11-17,,,,,,,,,,1.55
2019-11-18,56.82,62.82,1.81,1.6,0.18,1.63,1.72,12.46,116.3625,1.55
2019-11-19,54.93,62.37,1.79,1.6,0.16,1.63,1.73,12.86,116.5391,1.55
2019-11-20,56.71,63.8,1.73,1.56,0.13,1.6,1.69,12.78,116.828,1.55
2019-11-21,58.36,64.99,1.77,1.6,0.14,1.63,1.73,13.13,116.7435,1.55
2019-11-22,57.68,64.83,1.77,1.61,0.15,1.62,1.71,12.34,116.9137,1.55
2019-11-23,,,,,,,,,,1.55
2019-11-24,,,,,,,,,,1.55
2019-11-25,57.79,64.67,1.76,1.61,0.14,1.62,1.71,11.87,117.0098,1.55
2019-11-26,58.25,64.82,1.74,1.58,0.12,1.62,1.72,11.54,117.0513,1.55
2019-11-27,58.12,65.03,1.77,1.63,0.14,1.63,1.72,11.75,117.1273,1.55
2019-11-28,,64.68,,,,,,,,1.55
2019-11-29,58.12,64.5,1.78,1.61,0.17,1.61,1.72,12.62,117.1204,1.56
2019-11-30,,,,,,,,,,1.56
2019-12-01,,,,,,,,,,1.56
2019-12-02,55.97,63.2,1.83,1.61,0.18,1.65,1.76,14.91,116.9647,1.56
2019-12-03,56.15,62.95,1.72,1.53,0.09,1.63,1.75,15.96,116.8898,1.55
2019-12-04,58.46,65.25,1.77,1.58,0.11,1.66,1.78,14.8,116.692,1.55
2019-12-05,58.42,65.67,1.8,1.58,0.13,1.67,1.79,14.52,116.3838,1.55
2019-12-06,59.2,66.5,1.84,1.61,0.15,1.69,1.79,13.62,116.5381,1.55
2019-12-07,,,,,,,,,,1.55
2019-12-08,,,,,,,,,,1.55
2019-12-09,58.99,66.44,1.83,1.63,0.14,1.69,1.79,15.86,116.3283,1.55
2019-12-10,59.22,66.57,1.85,1.65,0.14,1.71,1.83,15.68,116.2542,1.55
2019-12-11,58.74,65.37,1.79,1.61,0.1,1.69,1.78,14.99,116.1478,1.55
2019-12-12,59.18,66.67,1.9,1.66,0.18,1.72,1.82,13.94,115.8741,1.55
2019-12-13,60.11,67.44,1.82,1.61,0.12,1.7,1.78,12.63,115.6967,1.55
2019-12-14,,,,,,,,,,1.55
2019-12-15,,,,,,,,,,1.55
2019-12-16,60.21,68.04,1.89,1.65,0.16,1.73,1.82,12.14,115.555,1.56
2019-12-17,60.88,68.99,1.89,1.63,0.14,1.75,1.85,12.29,115.5553,1.55
2019-12-18,60.93,69.12,1.92,1.63,0.16,1.76,1.84,12.58,115.6618,1.55
2019-12-19,61.3,69.7,1.92,1.62,0.15,1.77,1.86,12.5,115.5988,1.55
2019-12-20,60.43,68.66,1.92,1.63,0.15,1.77,1.87,12.51,115.7598,1.55
2019-12-21,,,,,,,,,,1.55
2019-12-22,,,,,,,,,,1.55
2019-12-23,60.51,67.49,1.93,1.64,0.18,1.75,1.83,12.61,115.8059,1.55
2019-12-24,61.17,69.26,1.9,1.62,0.15,1.75,1.83,12.67,,1.55
2019-12-25,,,,,,,,,,1.55
2019-12-26,61.72,69.26,1.9,1.64,0.16,1.74,1.82,12.65,115.634,1.55
2019-12-27,61.76,68.91,1.88,1.59,0.15,1.73,1.82,13.43,115.22,1.55
2019-12-28,,,,,,,,,,1.55
2019-12-29,,,,,,,,,,1.55
2019-12-30,61.66,68.3,1.9,1.58,0.15,1.75,1.84,14.82,114.9631,1.55
2019-12-31,61.14,67.77,1.92,1.58,0.15,1.77,1.86,13.78,114.669,1.55
2020-01-01,,,,,,,,,,1.55
2020-01-02,61.17,67.05,1.88,1.58,0.08,1.8,1.88,12.47,114.9745,1.55
2020-01-03,63.0,69.08,1.8,1.53,0.03,1.77,1.85,14.02,114.9867,1.55
2020-01-04,,,,,,,,,,1.55
2020-01-05,,,,,,,,,,1.55
2020-01-06,63.27,70.25,1.81,1.54,0.06,1.75,1.81,13.85,114.9557,1.55
2020-01-07,62.7,68.74,1.83,1.54,0.09,1.74,1.81,13.79,115.1477,1.55
2020-01-08,59.65,67.31,1.87,1.58,0.12,1.75,1.82,13.45,115.1328,1.55
2020-01-09,59.56,66.58,1.85,1.58,0.11,1.74,1.81,12.54,115.2331,1.55
2020-01-10,59.02,66.77,1.83,1.56,0.07,1.76,1.85,12.56,115.0677,1.54
2020-01-11,,,,,,,,,,1.54
2020-01-12,,,,,,,,,,1.54
2020-01-13,58.17,64.14,1.85,1.58,0.08,1.77,1.84,12.32,115.0342,1.54
2020-01-14,58.34,64.45,1.82,1.58,0.05,1.77,1.84,12.39,115.0239,1.54
2020-01-15,57.86,63.29,1.79,1.56,0.04,1.75,1.83,12.42,114.9528,1.54
2020-01-16,58.52,64.63,1.81,1.58,0.07,1.74,1.8,12.32,115.0006,1.54
2020-01-17,58.55,64.05,1.84,1.58,0.09,1.75,1.82,12.1,115.0656,1.55
2020-01-18,,,,,,,,,,1.55
2020-01-19,,,,,,,,,,1.55
2020-01-20,,64.63,,,,,,,,1.55
2020-01-21,58.25,63.66,1.78,1.53,0.04,1.74,1.82,12.85,115.1876,1.55
2020-01-22,56.76,62.11,1.77,1.53,0.05,1.72,1.8,12.91,115.2273,1.55
2020-01-23,55.51,61.26,1.74,1.51,0.04,1.7,1.76,12.98,115.5545,1.55
2020-01-24,54.09,59.34,1.7,1.49,0.02,1.68,1.74,14.56,115.5556,1.55
2020-01-25,,,,,,,,,,1.55
2020-01-26,,,,,,,,,,1.55
2020-01-27,53.09,58.54,1.61,1.44,-0.02,1.63,1.7,18.23,115.8004,1.55
2020-01-28,53.33,59.37,1.65,1.45,0.0,1.65,1.71,16.28,115.7239,1.55
2020-01-29,53.29,59.46,1.6,1.42,-0.04,1.64,1.7,16.39,115.7003,1.55
2020-01-30,52.19,57.72,1.57,1.41,-0.07,1.64,1.69,15.49,115.8077,1.6
2020-01-31,51.58,57.77,1.51,1.33,-0.14,1.65,1.7,18.84,115.7345,1.59
2020-02-01,,,,,,,,,,1.59
2020-02-02,,,,,,,,,,1.59
2020-02-03,50.06,54.0,1.54,1.36,-0.09,1.63,1.7,17.97,116.1172,1.59
2020-02-04,49.59,53.9,1.61,1.41,-0.03,1.64,1.7,16.05,115.9291,1.59
2020-02-05,50.87,55.36,1.66,1.44,0.0,1.66,1.71,15.15,116.009,1.59
2020-02-06,50.94,55.18,1.65,1.44,-0.02,1.67,1.73,14.96,116.1518,1.59
2020-02-07,50.34,54.53,1.59,1.41,-0.07,1.66,1.71,15.47,116.5086,1.58
2020-02-08,,,,,,,,,,1.58
2020-02-09,,,,,,,,,,1.58
2020-02-10,49.59,53.39,1.56,1.37,-0.1,1.66,1.7,15.04,116.5711,1.58
2020-02-11,50.0,54.0,1.59,1.41,-0.06,1.65,1.7,15.18,116.3585,1.58
2020-02-12,51.13,55.54,1.62,1.44,-0.04,1.66,1.68,13.74,116.2794,1.58
2020-02-13,51.41,56.34,1.61,1.44,-0.06,1.67,1.69,14.15,116.3999,1.58
2020-02-14,52.03,57.37,1.59,1.42,-0.07,1.66,1.68,13.68,116.4223,1.58
2020-02-15,,,,,,,,,,1.58
2020-02-16,,,,,,,,,,1.58
2020-02-17,,57.83,,,,,,,,1.58
2020-02-18,52.1,57.35,1.55,1.41,-0.1,1.65,1.66,14.83,116.6039,1.59
2020-02-19,53.31,59.72,1.56,1.42,-0.09,1.65,1.65,14.38,116.7829,1.59
2020-02-20,53.77,59.57,1.52,1.39,-0.11,1.63,1.63,15.56,117.2454,1.59
2020-02-21,53.36,58.6,1.46,1.34,-0.15,1.61,1.62,17.08,117.0473,1.58
2020-02-22,,,,,,,,,,1.58
2020-02-23,,,,,,,,,,1.58
2020-02-24,51.36,56.71,1.38,1.26,-0.21,1.59,1.61,25.03,117.4018,1.58
2020-02-25,49.78,55.29,1.33,1.2,-0.2,1.53,1.54,27.85,117.2425,1.58
2020-02-26,48.67,54.96,1.33,1.16,-0.21,1.54,1.58,27.56,117.405,1.58
2020-02-27,47.17,52.19,1.3,1.11,-0.23,1.53,1.58,39.16,117.3678,1.58
2020-02-28,44.83,51.31,1.13,0.86,-0.28,1.41,1.49,40.11,117.6568,1.58
2020-02-29,,,,,,,,,,1.58
2020-03-01,,,,,,,,,,1.58
2020-03-02,46.78,52.52,1.1,0.84,-0.31,1.41,1.5,33.42,116.8144,1.59
2020-03-03,47.27,52.24,1.02,0.71,-0.43,1.45,1.56,36.82,116.4958,1.59
2020-03-04,46.78,51.86,1.02,0.67,-0.44,1.46,1.58,31.99,116.7802,1.09
2020-03-05,45.9,51.29,0.92,0.59,-0.48,1.4,1.52,39.62,116.7901,1.09
2020-03-06,41.14,45.6,0.74,0.49,-0.57,1.31,1.48,41.94,116.7106,1.09
2020-03-07,,,,,,,,,,1.09
2020-03-08,,,,,,,,,,1.09
2020-03-09,31.05,35.33,0.54,0.38,-0.45,0.99,1.18,54.46,117.1871,1.09
2020-03-10,34.47,35.57,0.76,0.5,-0.24,1.0,1.23,47.3,117.9027,1.09
2020-03-11,33.13,34.45,0.82,0.5,-0.14,0.96,1.23,53.9,118.2505,1.09
2020-03-12,31.56,31.02,0.88,0.5,-0.04,0.92,1.21,75.47,120.4883,1.1
2020-03-13,31.72,32.25,0.94,0.49,0.04,0.9,1.27,57.83,120.4388,1.1
2020-03-14,,,,,,,,,,1.1
2020-03-15,,,,,,,,,,1.1
2020-03-16,28.96,27.98,0.73,0.36,0.0,0.73,1.16,82.69,120.9352,0.25
2020-03-17,26.96,27.97,1.02,0.47,0.39,0.63,1.1,75.91,122.4816,0.25
2020-03-18,20.48,22.79,1.18,0.54,0.55,0.63,1.1,76.45,124.1623,0.25
2020-03-19,25.09,23.98,1.12,0.44,0.62,0.5,0.86,72.0,125.0587,0.2
2020-03-20,19.48,25.55,0.92,0.37,0.17,0.75,1.19,66.04,124.9362,0.15
2020-03-21,,,,,,,,,,0.15
2020-03-22,,,,,,,,,,0.15
2020-03-23,23.33,23.75,0.76,0.28,-0.04,0.8,1.23,61.59,126.1262,0.15
2020-03-24,21.03,24.5,0.84,0.38,-0.13,0.97,1.39,61.67,125.5001,0.12
2020-03-25,20.75,25.62,0.88,0.34,-0.19,1.07,1.45,63.95,124.7916,0.1
2020-03-26,16.6,23.55,0.83,0.3,-0.24,1.07,1.42,61.0,122.4308,0.1
2020-03-27,15.48,22.39,0.72,0.25,-0.22,0.94,1.34,65.54,122.4007,0.1
2020-03-28,,,,,,,,,,0.1
2020-03-29,,,,,,,,,,0.1
2020-03-30,14.1,19.19,0.7,0.23,-0.25,0.95,1.33,57.08,123.2883,0.09
2020-03-31,20.51,14.85,0.7,0.23,-0.17,0.87,1.25,53.54,122.5301,0.08
2020-04-01,20.28,14.97,0.62,0.23,-0.29,0.91,1.26,57.06,123.7933,0.06
2020-04-02,25.18,20.24,0.63,0.23,-0.4,1.03,1.33,50.91,123.5916,0.05
2020-04-03,28.36,24.33,0.62,0.23,-0.46,1.08,1.38,46.8,124.4152,0.05
2020-04-04,,,,,,,,,,0.05
2020-04-05,,,,,,,,,,0.05
2020-04-06,26.21,22.58,0.67,0.27,-0.47,1.14,1.43,45.24,124.16,0.05
2020-04-07,23.54,22.1,0.75,0.28,-0.42,1.17,1.48,46.7,123.0956,0.05
2020-04-08,24.97,25.22,0.77,0.27,-0.42,1.19,1.51,43.35,123.2216,0.05
2020-04-09,22.9,20.23,0.73,0.23,-0.5,1.23,1.56,41.67,122.476,0.05
2020-04-10,,,,,,,,,122.1592,0.05
2020-04-11,,,,,,,,,,0.05
2020-04-12,,,,,,,,,,0.05
2020-04-13,22.36,,0.76,0.25,-0.5,1.26,1.58,41.17,122.5203,0.05
2020-04-14,20.15,21.74,0.76,0.23,-0.53,1.29,1.64,37.76,122.1121,0.05
2020-04-15,19.96,19.8,0.63,0.2,-0.56,1.19,1.51,40.84,123.0752,0.05
2020-04-16,19.82,18.69,0.61,0.2,-0.42,1.03,1.36,40.11,123.4615,0.05
2020-04-17,18.31,19.75,0.65,0.2,-0.36,1.01,1.35,38.15,122.871,0.05
2020-04-18,,,,,,,,,,0.05
2020-04-19,,,,,,,,,,0.05
2020-04-20,-36.98,17.36,0.63,0.2,-0.31,0.94,1.32,43.83,123.1033,0.05
2020-04-21,8.91,9.12,0.58,0.2,-0.38,0.96,1.34,45.41,123.9116,0.05
2020-04-22,13.64,13.77,0.63,0.22,-0.43,1.06,1.43,41.98,123.9256,0.05
2020-04-23,15.06,15.06,0.61,0.22,-0.44,1.05,1.43,41.38,123.7542,0.04
2020-04-24,15.99,15.87,0.6,0.22,-0.51,1.11,1.5,35.93,124.1615,0.05
2020-04-25,,,,,,,,,,0.05
2020-04-26,,,,,,,,,,0.05
2020-04-27,12.17,15.17,0.67,0.24,-0.5,1.17,1.56,33.29,123.8843,0.04
2020-04-28,12.4,15.6,0.62,0.2,-0.52,1.14,1.52,33.57,123.3693,0.04
2020-04-29,15.04,17.86,0.63,0.2,-0.51,1.14,1.5,31.23,122.7782,0.04
2020-04-30,19.23,18.11,0.64,0.2,-0.43,1.07,1.42,34.15,122.327,0.05
2020-05-01,19.72,18.49,0.64,0.2,-0.42,1.06,1.44,37.19,123.1492,0.05
2020-05-02,,,,,,,,,,0.05
2020-05-03,,,,,,,,,,0.05
2020-05-04,20.47,20.4,0.64,0.19,-0.43,1.07,1.45,35.97,123.2117,0.05
2020-05-05,24.56,25.46,0.66,0.19,-0.44,1.1,1.49,33.61,122.803,0.05
2020-05-06,23.88,24.2,0.72,0.17,-0.38,1.1,1.49,34.12,123.609,0.05
2020-05-07,23.68,24.23,0.63,0.13,-0.45,1.08,1.46,31.44,123.1249,0.05
2020-05-08,24.73,,0.69,0.16,-0.43,1.12,1.5,27.98,122.5379,0.05
2020-05-09,,,,,,,,,,0.05
2020-05-10,,,,,,,,,,0.05
2020-05-11,24.02,25.53,0.73,0.17,-0.4,1.13,1.51,27.57,123.2333,0.05
2020-05-12,25.76,26.67,0.69,0.17,-0.4,1.09,1.46,33.04,123.0592,0.05
2020-05-13,25.37,27.89,0.64,0.16,-0.43,1.07,1.43,35.28,123.5408,0.05
2020-05-14,27.4,29.87,0.63,0.16,-0.43,1.06,1.41,32.61,123.6429,0.05
2020-05-15,29.44,30.95,0.64,0.16,-0.45,1.09,1.43,31.89,123.5991,0.05
2020-05-16,,,,,,,,,,0.05
2020-05-17,,,,,,,,,,0.05
2020-05-18,31.83,33.3,0.73,0.18,-0.44,1.17,1.5,29.3,122.7968,0.05
2020-05-19,32.3,33.06,0.7,0.17,-0.45,1.15,1.48,30.53,122.5655,0.05
2020-05-20,33.56,34.76,0.68,0.16,-0.48,1.16,1.49,27.99,122.1007,0.05
2020-05-21,34.3,34.78,0.68,0.17,-0.46,1.14,1.47,29.53,122.0914,0.05
2020-05-22,33.49,33.8,0.66,0.17,-0.46,1.12,1.44,28.16,122.3211,0.05
2020-05-23,,,,,,,,,,0.05
2020-05-24,,,,,,,,,,0.05
2020-05-25,,,,,,,,,,0.05
2020-05-26,34.7,33.95,0.69,0.18,-0.44,1.13,1.44,28.01,121.3864,0.05
2020-05-27,32.8,32.73,0.68,0.19,-0.46,1.14,1.46,27.62,121.5677,0.05
2020-05-28,33.67,33.98,0.7,0.17,-0.48,1.18,1.5,28.59,121.0138,0.05
2020-05-29,35.57,34.15,0.65,0.16,-0.5,1.15,1.47,27.51,120.9458,0.05
2020-05-30,,,,,,,,,,0.05
2020-05-31,,,,,,,,,,0.05
2020-06-01,35.49,36.74,0.66,0.14,-0.52,1.18,1.52,28.23,120.2686,0.05
2020-06-02,36.88,37.72,0.68,0.17,-0.5,1.18,1.52,26.84,119.6854,0.06
2020-06-03,37.33,37.98,0.77,0.19,-0.44,1.21,1.54,25.66,119.2556,0.06
2020-06-04,37.42,38.41,0.82,0.19,-0.4,1.22,1.56,25.81,119.3014,0.06
2020-06-05,39.49,41.0,0.91,0.22,-0.36,1.27,1.59,24.52,118.8138,0.07
2020-06-06,,,,,,,,,,0.07
2020-06-07,,,,,,,,,,0.07
2020-06-08,38.17,39.66,0.88,0.22,-0.4,1.28,1.58,25.81,118.6621,0.07
2020-06-09,38.98,40.45,0.84,0.2,-0.42,1.26,1.54,27.57,118.5893,0.07
2020-06-10,39.54,41.18,0.75,0.17,-0.52,1.27,1.54,27.57,118.5231,0.08
2020-06-11,36.43,37.76,0.66,0.19,-0.55,1.21,1.47,40.79,119.2347,0.08
2020-06-12,36.24,38.54,0.71,0.19,-0.5,1.21,1.47,36.09,119.6645,0.08
2020-06-13,,,,,,,,,,0.08
2020-06-14,,,,,,,,,,0.08
2020-06-15,37.07,39.44,0.71,0.19,-0.52,1.23,1.48,34.4,119.9539,0.09
2020-06-16,38.26,40.75,0.75,0.21,-0.52,1.27,1.52,33.67,119.567,0.09
2020-06-17,37.91,40.47,0.74,0.19,-0.52,1.26,1.51,33.47,119.9105,0.09
2020-06-18,38.79,41.75,0.71,0.19,-0.57,1.28,1.44,32.94,120.2173,0.09
2020-06-19,39.72,42.33,0.7,0.19,-0.6,1.3,1.54,35.12,120.2186,0.09
2020-06-20,,,,,,,,,,0.09
2020-06-21,,,,,,,,,,0.09
2020-06-22,40.6,43.2,0.71,0.19,-0.63,1.34,1.57,31.77,119.7532,0.08
2020-06-23,40.4,42.72,0.72,0.18,-0.66,1.38,1.62,31.37,119.3285,0.08
2020-06-24,37.91,40.4,0.69,0.19,-0.64,1.33,1.56,33.84,119.9744,0.08
2020-06-25,38.66,41.18,0.68,0.17,-0.65,1.33,1.55,32.22,120.2997,0.08
2020-06-26,38.53,40.97,0.64,0.17,-0.68,1.32,1.53,34.73,120.533,0.08
2020-06-27,,,,,,,,,,0.08
2020-06-28,,,,,,,,,,0.08
2020-06-29,39.67,41.58,0.64,0.16,-0.7,1.34,1.54,31.78,120.6658,0.08
2020-06-30,39.27,41.64,0.66,0.16,-0.68,1.34,1.52,30.43,120.4649,0.08
2020-07-01,39.88,42.18,0.69,0.17,-0.68,1.37,1.57,28.62,120.0808,0.08
2020-07-02,40.57,43.19,0.68,0.16,-0.73,1.41,1.61,27.68,119.8555,0.09
2020-07-03,,42.92,,,,,,,,0.09
2020-07-04,,,,,,,,,,0.09
2020-07-05,,,,,,,,,,0.09
2020-07-06,40.51,42.73,0.69,0.16,-0.76,1.45,1.62,27.94,119.2852,0.09
2020-07-07,40.59,43.28,0.65,0.16,-0.78,1.43,1.6,29.43,119.5717,0.09
2020-07-08,40.91,43.67,0.67,0.16,-0.75,1.42,1.59,28.08,119.5525,0.09
2020-07-09,39.64,42.35,0.62,0.16,-0.77,1.39,1.56,29.26,119.5129,0.09
2020-07-10,40.56,43.27,0.65,0.16,-0.76,1.41,1.57,27.29,119.3509,0.09
2020-07-11,,,,,,,,,,0.09
2020-07-12,,,,,,,,,,0.09
2020-07-13,40.06,42.85,0.64,0.16,-0.78,1.42,1.57,32.19,119.1891,0.09
2020-07-14,40.3,42.97,0.63,0.14,-0.78,1.41,1.55,29.52,119.3901,0.09
2020-07-15,41.2,43.96,0.64,0.16,-0.77,1.41,1.54,27.76,119.0331,0.1
2020-07-16,40.74,43.71,0.62,0.16,-0.79,1.41,1.52,28.0,118.9275,0.1
2020-07-17,40.55,43.53,0.64,0.14,-0.82,1.46,1.57,25.68,119.124,0.09
2020-07-18,,,,,,,,,,0.09
2020-07-19,,,,,,,,,,0.09
2020-07-20,40.83,43.3,0.62,0.16,-0.84,1.46,1.55,24.46,119.0483,0.1
2020-07-21,41.76,44.31,0.61,0.14,-0.87,1.48,1.56,24.84,118.4042,0.1
2020-07-22,41.88,43.98,0.6,0.14,-0.88,1.48,1.56,24.32,118.1337,0.09
2020-07-23,40.99,42.96,0.59,0.16,-0.9,1.49,1.61,26.08,118.0613,0.09
2020-07-24,41.23,43.29,0.59,0.14,-0.92,1.51,1.67,25.84,118.1329,0.09
2020-07-25,,,,,,,,,,0.09
2020-07-26,,,,,,,,,,0.09
2020-07-27,41.46,43.39,0.62,0.15,-0.9,1.52,1.66,24.74,117.3869,0.1
2020-07-28,40.89,43.11,0.59,0.14,-0.92,1.51,1.66,25.44,117.3189,0.1
2020-07-29,41.13,43.51,0.58,0.12,-0.95,1.53,1.68,24.1,117.2126,0.1
2020-07-30,39.85,42.98,0.55,0.11,-0.97,1.52,1.67,24.76,117.4008,0.1
2020-07-31,40.1,43.13,0.55,0.11,-1.0,1.55,1.7,24.46,117.2082,0.1
2020-08-01,,,,,,,,,,0.1
2020-08-02,,,,,,,,,,0.1
2020-08-03,40.83,43.76,0.56,0.11,-1.02,1.58,1.7,24.28,117.8074,0.1
2020-08-04,41.67,43.99,0.52,0.11,-1.05,1.57,1.69,23.76,117.7833,0.1
2020-08-05,42.25,44.92,0.55,0.11,-1.06,1.61,1.7,22.99,116.8736,0.1
2020-08-06,41.93,45.04,0.55,0.11,-1.08,1.63,1.73,22.65,117.0422,0.1
2020-08-07,41.16,44.07,0.57,0.13,-1.04,1.61,1.72,22.21,117.6239,0.1
2020-08-08,,,,,,,,,,0.1
2020-08-09,,,,,,,,,,0.1
2020-08-10,41.94,44.19,0.59,0.14,-1.02,1.61,1.73,22.13,117.5821,0.1
2020-08-11,41.53,43.68,0.64,0.16,-0.99,1.63,1.76,24.03,117.3781,0.1
2020-08-12,42.6,45.09,0.69,0.16,-0.98,1.67,1.78,22.28,117.2559,0.1
2020-08-13,42.26,44.87,0.71,0.16,-0.96,1.67,1.78,22.13,117.1193,0.1
2020-08-14,42.05,44.86,0.71,0.14,-0.94,1.65,1.77,22.05,116.9395,0.1
2020-08-15,,,,,,,,,,0.1
2020-08-16,,,,,,,,,,0.1
2020-08-17,42.89,44.91,0.69,0.14,-0.97,1.66,1.78,21.35,116.749,0.1
2020-08-18,42.89,45.34,0.67,0.14,-1.01,1.68,1.81,21.51,116.5593,0.09
2020-08-19,42.91,45.21,0.68,0.14,-0.99,1.67,1.79,22.54,116.567,0.09
2020-08-20,42.62,44.56,0.65,0.13,-0.97,1.62,1.76,22.72,116.8126,0.09
2020-08-21,42.32,43.94,0.64,0.16,-1.0,1.64,1.76,22.54,117.0572,0.09
2020-08-22,,,,,,,,,,0.09
2020-08-23,,,,,,,,,,0.09
2020-08-24,42.44,44.43,0.65,0.14,-1.02,1.67,1.77,22.37,116.912,0.09
2020-08-25,43.17,46.01,0.69,0.15,-1.01,1.7,1.8,22.03,116.8206,0.09
2020-08-26,43.21,45.79,0.69,0.16,-1.03,1.72,1.81,23.27,116.6243,0.09
2020-08-27,42.88,44.84,0.74,0.16,-0.99,1.73,1.81,24.47,116.649,0.08
2020-08-28,42.96,45.22,0.74,0.14,-1.03,1.77,1.86,22.96,115.9374,0.09
2020-08-29,,,,,,,,,,0.09
2020-08-30,,,,,,,,,,0.09
2020-08-31,42.61,,0.72,0.14,-1.08,1.8,1.91,26.41,115.7586,0.09
2020-09-01,42.76,45.72,0.68,0.13,-1.08,1.76,1.87,26.12,115.5687,0.09
2020-09-02,42.76,42.7,0.66,0.14,-1.07,1.73,1.85,26.57,116.0304,0.09
2020-09-03,41.39,42.72,0.63,0.13,-1.02,1.65,1.77,33.6,116.0685,0.09
2020-09-04,39.69,41.1,0.72,0.14,-0.98,1.7,1.83,30.75,116.0347,0.09
2020-09-05,,,,,,,,,,0.09
2020-09-06,,,,,,,,,,0.09
2020-09-07,,40.67,,,,,,,,0.09
2020-09-08,36.87,38.53,0.69,0.14,-0.99,1.68,1.81,31.46,116.4618,0.09
2020-09-09,38.05,39.98,0.71,0.14,-1.0,1.71,1.85,28.81,116.1291,0.09
2020-09-10,37.25,39.27,0.68,0.14,-1.01,1.69,1.84,29.71,115.8806,0.09
2020-09-11,37.33,38.8,0.67,0.13,-0.98,1.65,1.77,26.87,116.0866,0.09
2020-09-12,,,,,,,,,,0.09
2020-09-13,,,,,,,,,,0.09
2020-09-14,37.23,38.57,0.68,0.14,-0.97,1.65,1.76,25.85,115.6428,0.09
2020-09-15,38.29,39.54,0.68,0.14,-0.99,1.67,1.8,25.59,115.5908,0.09
2020-09-16,40.17,41.23,0.69,0.14,-0.99,1.68,1.79,26.04,115.3537,0.09
2020-09-17,40.99,42.35,0.69,0.13,-0.97,1.66,1.75,26.46,115.4392,0.09
2020-09-18,41.09,42.16,0.7,0.14,-0.97,1.67,1.76,25.83,115.2395,0.09
2020-09-19,,,,,,,,,,0.09
2020-09-20,,,,,,,,,,0.09
2020-09-21,39.26,40.37,0.68,0.14,-0.94,1.62,1.74,27.78,116.378,0.09
2020-09-22,39.55,40.84,0.68,0.13,-0.94,1.62,1.74,26.86,116.5438,0.09
2020-09-23,39.92,41.09,0.68,0.14,-0.92,1.6,1.72,28.58,117.2526,0.09
2020-09-24,40.11,41.24,0.67,0.14,-0.91,1.58,1.71,28.51,117.5473,0.09
2020-09-25,40.06,40.91,0.66,0.12,-0.92,1.58,1.73,26.38,117.8679,0.09
2020-09-26,,,,,,,,,,0.09
2020-09-27,,,,,,,,,,0.09
2020-09-28,40.47,41.59,0.67,0.14,-0.94,1.61,1.74,26.19,117.6178,0.09
2020-09-29,39.03,40.33,0.66,0.11,-0.98,1.64,1.79,26.27,117.526,0.09
2020-09-30,40.05,40.3,0.69,0.13,-0.94,1.63,1.76,26.37,116.946,0.09
2020-10-01,38.51,39.75,0.68,0.14,-0.95,1.63,1.78,26.7,116.7227,0.09
2020-10-02,36.9,38.0,0.7,0.13,-0.94,1.64,1.8,27.63,116.7321,0.09
2020-10-03,,,,,,,,,,0.09
2020-10-04,,,,,,,,,,0.09
2020-10-05,39.12,39.78,0.78,0.14,-0.9,1.68,1.84,27.96,116.1767,0.09
2020-10-06,40.52,41.27,0.76,0.14,-0.9,1.66,1.81,29.48,116.2681,0.09
2020-10-07,39.82,40.62,0.81,0.16,-0.9,1.71,1.88,28.06,116.3447,0.09
2020-10-08,41.04,42.0,0.78,0.13,-0.94,1.72,1.88,26.36,116.1657,0.09
2020-10-09,40.44,41.63,0.79,0.16,-0.94,1.73,1.9,25.0,115.2757,0.09
2020-10-10,,,,,,,,,,0.09
2020-10-11,,,,,,,,,,0.09
2020-10-12,39.22,40.5,,,,,,25.07,,0.09
2020-10-13,40.03,41.34,0.74,0.16,-0.96,1.7,1.88,26.07,115.9107,0.09
2020-10-14,40.86,41.81,0.73,0.14,-0.96,1.69,1.86,26.4,115.6872,0.09
2020-10-15,40.84,41.61,0.74,0.14,-0.95,1.69,1.86,26.97,116.0964,0.09
2020-10-16,40.7,41.34,0.76,0.14,-0.95,1.71,1.89,27.41,115.7679,0.09
2020-10-17,,,,,,,,,,0.09
2020-10-18,,,,,,,,,,0.09
2020-10-19,40.69,41.29,0.78,0.16,-0.93,1.71,1.89,29.18,115.4031,0.09
2020-10-20,41.37,41.62,0.81,0.14,-0.91,1.72,1.91,29.35,115.2485,0.09
2020-10-21,39.88,40.09,0.83,0.14,-0.91,1.74,1.92,28.65,114.9108,0.09
2020-10-22,40.46,41.28,0.87,0.16,-0.89,1.76,1.84,28.11,115.1158,0.09
2020-10-23,39.73,40.71,0.85,0.18,-0.9,1.75,1.84,27.55,115.0126,0.09
2020-10-24,,,,,,,,,,0.09
2020-10-25,,,,,,,,,,0.09
2020-10-26,38.39,39.06,0.81,0.16,-0.91,1.72,1.81,32.46,115.2797,0.09
2020-10-27,39.34,39.72,0.79,0.16,-0.92,1.71,1.78,33.35,115.0131,0.09
2020-10-28,37.27,37.86,0.79,0.16,-0.91,1.7,1.79,40.28,115.8023,0.09
2020-10-29,35.94,36.56,0.85,0.16,-0.86,1.71,1.81,37.59,116.3069,0.09
2020-10-30,35.64,36.33,0.88,0.14,-0.82,1.7,1.81,38.02,116.1354,0.09
2020-10-31,,,,,,,,,,0.09
2020-11-01,,,,,,,,,,0.09
2020-11-02,36.6,37.78,0.87,0.16,-0.84,1.71,1.82,37.13,116.2361,0.09
2020-11-03,37.44,38.17,0.9,0.17,-0.82,1.72,1.82,35.55,115.4802,0.09
2020-11-04,38.97,39.68,0.78,0.14,-0.86,1.64,1.72,29.57,115.1677,0.09
2020-11-05,38.56,39.47,0.79,0.14,-0.87,1.66,1.77,27.58,114.4556,0.09
2020-11-06,36.97,38.08,0.83,0.16,-0.82,1.65,1.76,24.86,113.9919,0.09
2020-11-07,,,,,,,,,,0.09
2020-11-08,,,,,,,,,,0.09
2020-11-09,40.05,40.93,0.96,0.17,-0.77,1.73,1.83,25.75,114.0895,0.09
2020-11-10,41.18,42.25,0.98,0.19,-0.78,1.76,1.83,24.8,114.0757,0.09
2020-11-11,41.23,42.5,,,,,,23.45,,0.09
2020-11-12,40.9,42.16,0.88,0.17,-0.83,1.71,1.79,25.35,114.2843,0.09
2020-11-13,39.93,41.51,0.89,0.17,-0.83,1.72,1.8,23.1,114.2397,0.09
2020-11-14,,,,,,,,,,0.09
2020-11-15,,,,,,,,,,0.09
2020-11-16,41.14,42.71,0.91,0.19,-0.81,1.72,1.8,22.45,113.8312,0.09
2020-11-17,41.24,42.54,0.87,0.18,-0.83,1.7,1.77,22.71,113.682,0.09
2020-11-18,41.64,42.91,0.88,0.16,-0.82,1.7,1.77,23.84,113.46,0.09
2020-11-19,41.57,43.09,0.86,0.18,-0.84,1.7,1.78,23.11,113.694,0.08
2020-11-20,41.99,43.79,0.83,0.16,-0.86,1.69,1.77,23.7,113.489,0.08
2020-11-21,,,,,,,,,,0.08
2020-11-22,,,,,,,,,,0.08
2020-11-23,42.91,45.0,0.86,0.16,-0.85,1.71,1.8,22.66,113.7548,0.08
2020-11-24,44.71,46.63,0.88,0.16,-0.86,1.74,1.83,21.64,113.4316,0.08
2020-11-25,45.58,47.3,0.88,0.17,-0.87,1.75,1.83,21.25,113.1823,0.08
2020-11-26,,46.32,,,,,,,,0.08
2020-11-27,,46.88,0.84,0.16,-0.91,1.75,1.83,20.84,,0.08
2020-11-28,,,,,,,,,,0.08
2020-11-29,,,,,,,,,,0.08
2020-11-30,45.2,46.84,0.84,0.16,-0.93,1.77,1.86,20.57,113.2256,0.09
2020-12-01,44.54,47.03,0.92,0.17,-0.89,1.81,1.9,20.77,112.8063,0.09
2020-12-02,45.23,47.8,0.95,0.16,-0.9,1.85,1.94,21.17,112.6115,0.09
2020-12-03,45.65,48.37,0.92,0.16,-0.94,1.86,1.94,21.28,112.0236,0.09
2020-12-04,46.23,49.1,0.97,0.16,-0.92,1.89,1.95,20.79,111.7778,0.09
2020-12-05,,,,,,,,,,0.09
2020-12-06,,,,,,,,,,0.09
2020-12-07,45.72,48.63,0.94,0.14,-0.94,1.88,1.92,21.3,111.8385,0.09
2020-12-08,45.64,48.84,0.92,0.14,-0.97,1.89,1.94,20.68,111.8639,0.09
2020-12-09,45.48,48.81,0.95,0.16,-0.96,1.91,1.98,22.27,112.0305,0.09
2020-12-10,46.76,50.33,0.92,0.14,-0.96,1.88,1.93,22.52,111.9788,0.09
2020-12-11,46.59,50.01,0.9,0.11,-0.97,1.87,1.92,23.31,112.1417,0.09
2020-12-12,,,,,,,,,,0.09
2020-12-13,,,,,,,,,,0.09
2020-12-14,47.02,50.27,0.9,0.13,-0.98,1.88,1.92,24.72,112.1708,0.09
2020-12-15,47.58,50.77,0.92,0.11,-0.99,1.91,1.96,22.89,111.8601,0.09
2020-12-16,47.86,50.83,0.92,0.13,-1.0,1.92,1.94,22.5,111.7157,0.09
2020-12-17,48.34,51.2,0.94,0.13,-1.0,1.94,1.98,21.93,111.2226,0.09
2020-12-18,49.04,52.17,0.95,0.13,-1.0,1.95,1.98,21.57,111.6071,0.09
2020-12-19,,,,,,,,,,0.09
2020-12-20,,,,,,,,,,0.09
2020-12-21,47.79,50.61,0.95,0.13,-1.0,1.95,2.0,25.16,111.9415,0.09
2020-12-22,47.02,49.88,0.93,0.13,-1.01,1.94,1.96,24.23,112.1947,0.09
2020-12-23,47.94,51.05,0.96,0.13,-1.01,1.97,2.01,23.31,111.9807,0.09
2020-12-24,48.18,50.88,0.94,0.13,-1.03,1.97,2.02,21.53,,0.09
2020-12-25,,,,,,,,,,0.09
2020-12-26,,,,,,,,,,0.09
2020-12-27,,,,,,,,,,0.09
2020-12-28,47.5,50.88,0.94,0.13,-1.03,1.97,2.02,21.7,111.9752,0.09
2020-12-29,47.85,50.44,0.94,0.12,-1.02,1.96,2.02,23.08,111.5172,0.09
2020-12-30,48.24,50.74,0.93,0.12,-1.03,1.96,2.0,22.77,111.3084,0.09
2020-12-31,48.35,51.22,0.93,0.13,-1.06,1.99,2.03,22.75,111.3169,0.09
2021-01-01,,,,,,,,,,0.09
2021-01-02,,,,,,,,,,0.09
2021-01-03,,,,,,,,,,0.09
2021-01-04,47.47,50.37,0.93,0.11,-1.08,2.01,2.04,26.97,111.2075,0.09
2021-01-05,49.78,53.16,0.96,0.13,-1.07,2.03,2.05,25.34,110.9574,0.09
2021-01-06,50.45,53.8,1.04,0.14,-1.02,2.06,2.08,25.07,110.8502,0.09
2021-01-07,50.63,53.7,1.08,0.14,-1.01,2.09,2.09,22.37,111.3042,0.09
2021-01-08,52.14,55.51,1.13,0.14,-0.93,2.06,2.05,21.56,111.2847,0.09
2021-01-09,,,,,,,,,,0.09
2021-01-10,,,,,,,,,,0.09
2021-01-11,52.15,54.84,1.15,0.14,-0.91,2.06,2.08,24.08,111.8257,0.09
2021-01-12,53.08,55.98,1.15,0.14,-0.93,2.08,2.1,23.33,111.5501,0.09
2021-01-13,52.81,55.52,1.1,0.14,-0.96,2.06,2.08,22.21,111.3622,0.09
2021-01-14,53.47,55.76,1.15,0.16,-0.94,2.09,2.09,23.25,111.1567,0.09
2021-01-15,52.25,54.8,1.11,0.13,-0.99,2.1,2.11,24.34,111.5106,0.09
2021-01-16,,,,,,,,,,0.09
2021-01-17,,,,,,,,,,0.09
2021-01-18,,54.21,,,,,,,,0.09
2021-01-19,52.87,55.38,1.1,0.14,-1.0,2.1,2.08,23.24,111.4527,0.09
2021-01-20,53.16,55.66,1.1,0.13,-1.02,2.12,2.09,21.58,,0.09
2021-01-21,53.0,55.68,1.12,0.13,-0.98,2.1,2.02,21.32,111.1973,0.08
2021-01-22,52.28,55.22,1.1,0.13,-0.99,2.09,2.02,21.91,111.5516,0.08
2021-01-23,,,,,,,,,,0.08
2021-01-24,,,,,,,,,,0.08
2021-01-25,52.78,55.44,1.05,0.13,-1.03,2.08,2.01,23.19,111.8676,0.08
2021-01-26,52.61,55.26,1.05,0.11,-1.03,2.08,2.01,23.02,111.6572,0.08
2021-01-27,52.81,55.07,1.04,0.12,-1.04,2.08,2.01,37.21,112.0782,0.08
2021-01-28,52.26,54.87,1.07,0.12,-1.06,2.13,2.08,30.21,112.0059,0.07
2021-01-29,52.16,55.25,1.11,0.11,-1.02,2.13,2.05,33.09,111.9511,0.07
2021-01-30,,,,,,,,,,0.07
2021-01-31,,,,,,,,,,0.07
2021-02-01,53.55,56.42,1.09,0.11,-1.02,2.11,2.04,30.24,112.4189,0.08
2021-02-02,54.77,57.62,1.12,0.11,-1.03,2.15,2.07,25.56,112.2862,0.08
2021-02-03,55.67,58.61,1.15,0.11,-1.04,2.19,2.11,22.91,112.2567,0.08
2021-02-04,56.19,58.98,1.15,0.11,-1.02,2.17,2.09,21.77,112.7469,0.08
2021-02-05,56.8,59.48,1.19,0.09,-1.02,2.21,2.14,20.87,112.2379,0.08
2021-02-06,,,,,,,,,,0.08
2021-02-07,,,,,,,,,,0.08
2021-02-08,57.95,60.17,1.19,0.11,-1.03,2.22,2.13,21.24,112.0428,0.07
2021-02-09,58.34,60.74,1.18,0.11,-1.04,2.22,2.13,21.63,111.7675,0.08
2021-02-10,58.69,61.17,1.15,0.11,-1.06,2.21,2.11,21.99,111.5834,0.08
2021-02-11,58.22,61.09,1.16,0.11,-1.04,2.2,2.08,21.25,111.5272,0.08
2021-02-12,59.5,62.47,1.2,0.11,-1.01,2.21,2.07,19.97,111.4889,0.08
2021-02-13,,,,,,,,,,0.08
2021-02-14,,,,,,,,,,0.08
2021-02-15,,63.58,,,,,,,,0.08
2021-02-16,60.07,63.96,1.3,0.13,-0.94,2.24,2.11,21.46,111.7879,0.08
2021-02-17,61.09,65.02,1.29,0.11,-0.92,2.21,2.07,21.5,112.0204,0.08
2021-02-18,60.4,64.09,1.29,0.11,-0.87,2.16,2.03,22.49,112.1603,0.07
2021-02-19,59.12,62.84,1.34,0.11,-0.8,2.14,1.99,22.05,111.7058,0.07
2021-02-20,,,,,,,,,,0.07
2021-02-21,,,,,,,,,,0.07
2021-02-22,61.67,64.73,1.37,0.11,-0.79,2.16,1.97,23.45,111.918,0.07
2021-02-23,61.66,65.16,1.37,0.11,-0.79,2.16,1.97,23.11,111.8981,0.07
2021-02-24,63.21,66.85,1.38,0.12,-0.79,2.17,1.96,21.34,111.7212,0.07
2021-02-25,63.43,66.69,1.54,0.17,-0.6,2.14,1.94,28.89,111.9253,0.07
2021-02-26,61.55,65.86,1.44,0.14,-0.71,2.15,1.91,27.95,112.8306,0.07
2021-02-27,,,,,,,,,,0.07
2021-02-28,,,,,,,,,,0.07
2021-03-01,60.54,64.56,1.45,0.13,-0.71,2.16,1.92,23.35,112.5263,0.07
2021-03-02,59.7,63.17,1.42,0.13,-0.78,2.2,1.97,24.1,112.5342,0.07
2021-03-03,61.33,64.7,1.47,0.14,-0.74,2.21,1.97,26.67,112.7617,0.07
2021-03-04,63.81,67.32,1.54,0.14,-0.66,2.2,1.97,28.57,112.7037,0.07
2021-03-05,66.08,69.95,1.56,0.14,-0.66,2.22,2.01,24.66,113.7487,0.07
2021-03-06,,,,,,,,,,0.07
2021-03-07,,,,,,,,,,0.07
2021-03-08,65.03,68.0,1.59,0.17,-0.62,2.21,2.0,25.47,114.2678,0.07
2021-03-09,64.02,67.03,1.55,0.17,-0.66,2.21,2.01,24.03,113.928,0.07
2021-03-10,64.45,67.53,1.53,0.16,-0.73,2.26,2.05,22.56,113.5881,0.07
2021-03-11,66.02,69.34,1.54,0.14,-0.74,2.28,2.05,21.91,112.9214,0.07
2021-03-12,65.59,68.87,1.64,0.14,-0.62,2.26,2.01,20.69,113.0269,0.07
2021-03-13,,,,,,,,,,0.07
2021-03-14,,,,,,,,,,0.07
2021-03-15,65.36,68.78,1.62,0.14,-0.65,2.27,2.0,20.03,113.1928,0.07
2021-03-16,64.82,67.95,1.62,0.15,-0.68,2.3,2.01,19.79,112.9839,0.07
2021-03-17,64.55,67.73,1.63,0.13,-0.67,2.3,2.02,19.23,113.1589,0.07
2021-03-18,59.95,62.11,1.71,0.16,-0.56,2.27,2.04,21.58,112.7744,0.07
2021-03-19,61.43,64.0,1.74,0.16,-0.57,2.31,2.11,20.95,112.9756,0.07
2021-03-20,,,,,,,,,,0.07
2021-03-21,,,,,,,,,,0.07
2021-03-22,61.48,63.89,1.69,0.15,-0.64,2.33,2.15,18.88,113.0023,0.07
2021-03-23,57.75,59.96,1.63,0.15,-0.66,2.29,2.1,20.3,113.2916,0.07
2021-03-24,61.12,63.7,1.62,0.14,-0.69,2.31,2.09,21.2,113.6565,0.07
2021-03-25,58.47,61.21,1.63,0.14,-0.69,2.32,2.1,19.81,114.0016,0.07
2021-03-26,60.93,63.77,1.67,0.14,-0.67,2.34,2.11,18.86,113.7406,0.07
2021-03-27,,,,,,,,,,0.07
2021-03-28,,,,,,,,,,0.07
2021-03-29,61.49,64.06,1.73,0.14,-0.63,2.36,2.16,20.74,113.9314,0.07
2021-03-30,60.55,63.28,1.73,0.16,-0.62,2.35,2.18,19.61,114.203,0.07
2021-03-31,59.19,63.52,1.74,0.16,-0.63,2.37,2.2,19.4,113.8234,0.06
2021-04-01,61.41,63.85,1.69,0.17,-0.66,2.35,2.15,17.33,113.7389,0.07
2021-04-02,,,1.72,0.19,-0.64,2.36,2.14,,113.7315,0.07
2021-04-03,,,,,,,,,,0.07
2021-04-04,,,,,,,,,,0.07
2021-04-05,58.73,,1.73,0.17,-0.62,2.35,2.15,17.91,113.394,0.07
2021-04-06,59.34,61.47,1.67,0.16,-0.65,2.32,2.12,18.12,113.1464,0.07
2021-04-07,59.77,61.86,1.68,0.16,-0.66,2.34,2.15,17.16,113.2436,0.07
2021-04-08,59.61,62.09,1.64,0.14,-0.69,2.33,2.11,16.95,113.0917,0.07
2021-04-09,59.29,61.89,1.67,0.16,-0.64,2.31,2.11,16.69,113.2028,0.07
2021-04-10,,,,,,,,,,0.07
2021-04-11,,,,,,,,,,0.07
2021-04-12,59.7,62.38,1.69,0.18,-0.64,2.33,2.14,16.91,113.1815,0.07
2021-04-13,60.2,62.83,1.64,0.16,-0.69,2.33,2.12,16.65,113.0391,0.07
2021-04-14,63.15,66.11,1.64,0.16,-0.69,2.33,2.1,16.99,112.7849,0.07
2021-04-15,63.42,66.13,1.56,0.16,-0.77,2.33,2.11,16.57,112.6181,0.07
2021-04-16,63.16,65.98,1.59,0.16,-0.77,2.36,2.15,16.25,112.4814,0.07
2021-04-17,,,,,,,,,,0.07
2021-04-18,,,,,,,,,,0.07
2021-04-19,63.33,66.54,1.61,0.16,-0.73,2.34,2.12,17.29,112.1835,0.07
2021-04-20,62.61,65.34,1.58,0.15,-0.74,2.32,2.12,18.68,112.2354,0.07
2021-04-21,61.34,64.02,1.57,0.15,-0.76,2.33,2.13,17.5,112.1771,0.07
2021-04-22,61.45,65.07,1.57,0.16,-0.76,2.33,2.24,18.71,112.2297,0.07
2021-04-23,62.18,65.75,1.58,0.16,-0.76,2.34,2.24,17.33,112.0889,0.07
2021-04-24,,,,,,,,,,0.07
2021-04-25,,,,,,,,,,0.07
2021-04-26,62.02,65.5,1.58,0.18,-0.78,2.36,2.25,17.64,111.8109,0.07
2021-04-27,63.03,66.25,1.63,0.17,-0.76,2.39,2.27,17.56,111.9097,0.07
2021-04-28,63.81,67.08,1.63,0.17,-0.78,2.41,2.28,17.28,111.7909,0.07
2021-04-29,65.0,68.26,1.65,0.16,-0.77,2.42,2.28,17.61,111.7464,0.06
2021-04-30,63.5,67.73,1.65,0.16,-0.76,2.41,2.25,18.61,112.0839,0.05
2021-05-01,,,,,,,,,,0.05
2021-05-02,,,,,,,,,,0.05
2021-05-03,64.46,,1.63,0.16,-0.79,2.42,2.24,18.31,112.005,0.06
2021-05-04,65.72,68.91,1.61,0.16,-0.81,2.42,2.22,19.48,112.2896,0.06
2021-05-05,65.63,69.71,1.59,0.16,-0.88,2.47,2.26,19.15,112.1514,0.06
2021-05-06,64.73,68.62,1.58,0.16,-0.87,2.45,2.24,18.39,111.8401,0.06
2021-05-07,64.96,68.73,1.6,0.14,-0.89,2.49,2.33,16.69,111.0249,0.06
2021-05-08,,,,,,,,,,0.06
2021-05-09,,,,,,,,,,0.06
2021-05-10,64.92,68.61,1.63,0.16,-0.91,2.54,2.37,19.66,110.7905,0.06
2021-05-11,65.31,68.83,1.64,0.16,-0.89,2.53,2.38,21.84,110.8921,0.06
2021-05-12,65.96,69.62,1.69,0.16,-0.85,2.54,2.36,27.59,111.5636,0.06
2021-05-13,63.82,67.36,1.66,0.16,-0.85,2.51,2.37,23.13,111.5955,0.06
2021-05-14,65.32,69.24,1.63,0.16,-0.88,2.51,2.34,18.81,111.1353,0.06
2021-05-15,,,,,,,,,,0.06
2021-05-16,,,,,,,,,,0.06
2021-05-17,66.24,69.62,1.64,0.16,-0.9,2.54,2.36,19.72,111.079,0.06
2021-05-18,65.49,69.01,1.64,0.16,-0.88,2.52,2.32,21.34,110.8317,0.06
2021-05-19,63.28,66.88,1.68,0.16,-0.8,2.48,2.3,22.18,110.8807,0.06
2021-05-20,61.95,65.18,1.63,0.15,-0.78,2.41,2.23,20.67,110.8605,0.06
2021-05-21,63.61,66.72,1.63,0.17,-0.8,2.43,2.24,20.15,111.0576,0.06
2021-05-22,,,,,,,,,,0.06
2021-05-23,,,,,,,,,,0.06
2021-05-24,66.13,68.59,1.61,0.15,-0.83,2.44,2.24,18.4,110.9118,0.06
2021-05-25,66.27,68.8,1.56,0.15,-0.86,2.42,2.21,18.84,110.842,0.06
2021-05-26,66.41,68.93,1.58,0.14,-0.82,2.4,2.2,17.36,110.8677,0.06
2021-05-27,66.87,69.43,1.61,0.14,-0.81,2.42,2.25,16.74,110.8688,0.06
2021-05-28,66.31,69.36,1.58,0.14,-0.84,2.42,2.27,16.76,110.7576,0.05
2021-05-29,,,,,,,,,,0.05
2021-05-30,,,,,,,,,,0.05
2021-05-31,,,,,,,,,,0.05
2021-06-01,67.8,70.03,1.62,0.16,-0.84,2.46,2.32,17.9,110.5046,0.06
2021-06-02,68.79,70.6,1.59,0.13,-0.85,2.44,2.29,17.48,110.5799,0.06
2021-06-03,68.81,70.71,1.63,0.16,-0.79,2.42,2.28,18.04,111.1782,0.06
2021-06-04,69.57,71.3,1.56,0.14,-0.84,2.4,2.26,16.42,110.7521,0.06
2021-06-05,,,,,,,,,,0.06
2021-06-06,,,,,,,,,,0.06
2021-06-07,69.21,70.89,1.57,0.16,-0.82,2.39,2.27,16.42,110.5155,0.06
2021-06-08,70.11,71.39,1.53,0.14,-0.83,2.36,2.25,17.07,110.649,0.06
2021-06-09,69.9,71.31,1.5,0.16,-0.82,2.32,2.23,17.89,110.5707,0.06
2021-06-10,70.34,71.65,1.45,0.14,-0.9,2.35,2.23,16.1,110.5456,0.06
2021-06-11,71.0,72.05,1.47,0.16,-0.85,2.32,2.21,15.65,111.0933,0.06
2021-06-12,,,,,,,,,,0.06
2021-06-13,,,,,,,,,,0.06
2021-06-14,70.94,72.27,1.51,0.16,-0.85,2.36,2.28,16.39,110.9659,0.06
2021-06-15,72.06,73.38,1.51,0.16,-0.87,2.38,2.3,17.02,111.3507,0.06
2021-06-16,72.03,73.88,1.57,0.21,-0.75,2.32,2.23,18.15,111.1165,0.06
2021-06-17,71.06,72.92,1.52,0.23,-0.75,2.27,2.23,17.75,112.5772,0.1
2021-06-18,71.64,73.1,1.45,0.26,-0.79,2.24,2.11,20.7,113.0408,0.1
2021-06-19,,,,,,,,,,0.1
2021-06-20,,,,,,,,,,0.1
2021-06-21,73.64,74.49,1.5,0.27,-0.75,2.25,2.09,17.89,112.8391,0.1
2021-06-22,73.15,74.92,1.48,0.25,-0.83,2.31,2.16,16.66,112.9174,0.1
2021-06-23,73.11,75.22,1.5,0.26,-0.84,2.34,2.19,16.32,112.3819,0.1
2021-06-24,73.31,75.95,1.49,0.26,-0.81,2.3,2.15,15.97,112.326,0.1
2021-06-25,74.21,76.45,1.54,0.28,-0.8,2.34,2.22,15.62,111.9655,0.1
2021-06-26,,,,,,,,,,0.1
2021-06-27,,,,,,,,,,0.1
2021-06-28,72.98,74.78,1.49,0.25,-0.84,2.33,2.21,15.76,112.0248,0.1
2021-06-29,73.14,75.38,1.49,0.27,-0.83,2.32,2.18,16.02,112.2613,0.1
2021-06-30,73.52,76.94,1.45,0.25,-0.87,2.32,2.17,15.83,112.5533,0.08
2021-07-01,75.33,76.69,1.48,0.25,-0.87,2.35,2.21,15.48,112.74,0.1
2021-07-02,75.37,77.51,1.44,0.24,-0.89,2.33,2.17,15.07,112.5425,0.1
2021-07-03,,,,,,,,,,0.1
2021-07-04,,,,,,,,,,0.1
2021-07-05,,78.34,,,,,,,,0.1
2021-07-06,73.62,75.81,1.37,0.22,-0.94,2.31,2.14,16.44,112.9516,0.1
2021-07-07,72.22,74.31,1.33,0.22,-0.95,2.28,2.13,16.2,113.1048,0.1
2021-07-08,72.98,75.07,1.3,0.19,-0.92,2.22,2.06,19.0,113.0776,0.1
2021-07-09,74.56,77.14,1.37,0.23,-0.91,2.28,2.12,16.18,112.8375,0.1
2021-07-10,,,,,,,,,,0.1
2021-07-11,,,,,,,,,,0.1
2021-07-12,74.21,76.77,1.38,0.23,-0.95,2.33,2.18,16.17,112.7611,0.1
2021-07-13,75.24,77.5,1.42,0.26,-0.94,2.36,2.16,17.12,113.0063,0.1
2021-07-14,73.06,75.74,1.37,0.23,-0.97,2.34,2.15,16.33,112.8801,0.1
2021-07-15,71.67,74.53,1.31,0.23,-1.01,2.32,2.11,17.01,113.0041,0.1
2021-07-16,71.76,74.46,1.31,0.25,-1.02,2.33,2.14,18.45,113.0428,0.1
2021-07-17,,,,,,,,,,0.1
2021-07-18,,,,,,,,,,0.1
2021-07-19,66.45,69.33,1.19,0.21,-1.05,2.24,2.07,22.5,113.5472,0.1
2021-07-20,67.32,70.03,1.23,0.2,-1.03,2.26,2.12,19.73,113.7502,0.1
2021-07-21,70.26,72.54,1.3,0.22,-0.98,2.28,2.11,17.91,113.3926,0.1
2021-07-22,72.15,74.25,1.27,0.2,-1.01,2.28,2.1,17.69,113.4695,0.1
2021-07-23,72.24,74.86,1.3,0.22,-1.05,2.35,2.17,17.2,113.4398,0.1
2021-07-24,,,,,,,,,,0.1
2021-07-25,,,,,,,,,,0.1
2021-07-26,72.15,74.79,1.29,0.22,-1.11,2.4,2.21,17.58,113.2238,0.1
2021-07-27,71.68,74.87,1.25,0.2,-1.13,2.38,2.21,19.36,113.2227,0.1
2021-07-28,72.37,75.09,1.26,0.2,-1.15,2.41,2.25,18.31,113.1807,0.1
2021-07-29,73.62,76.3,1.28,0.2,-1.15,2.43,2.28,17.7,112.4834,0.1
2021-07-30,73.93,77.72,1.24,0.19,-1.16,2.4,2.24,18.24,112.6714,0.07
2021-07-31,,,,,,,,,,0.07
2021-08-01,,,,,,,,,,0.07
2021-08-02,71.31,73.91,1.2,0.17,-1.17,2.37,2.23,19.46,112.6691,0.1
2021-08-03,70.64,73.24,1.19,0.17,-1.19,2.38,2.25,18.04,112.8228,0.1
2021-08-04,68.19,70.99,1.19,0.17,-1.16,2.35,2.2,17.97,112.8953,0.1
2021-08-05,69.1,72.14,1.23,0.21,-1.1,2.33,2.2,17.28,112.7674,0.1
2021-08-06,68.26,71.02,1.31,0.21,-1.06,2.37,2.24,16.15,113.3088,0.1
2021-08-07,,,,,,,,,,0.1
2021-08-08,,,,,,,,,,0.1
2021-08-09,66.56,69.65,1.33,0.23,-1.04,2.37,2.24,16.72,113.4521,0.1
2021-08-10,68.33,71.14,1.36,0.24,-1.04,2.4,2.27,16.79,113.4973,0.1
2021-08-11,69.3,71.99,1.35,0.23,-1.07,2.42,2.29,16.06,113.282,0.1
2021-08-12,69.12,71.79,1.36,0.23,-1.05,2.41,2.27,15.59,113.2691,0.1
2021-08-13,68.36,70.9,1.29,0.23,-1.08,2.37,2.22,15.45,113.0615,0.1
2021-08-14,,,,,,,,,,0.1
2021-08-15,,,,,,,,,,0.1
2021-08-16,67.44,70.07,1.26,0.21,-1.1,2.36,2.22,16.12,113.1698,0.1
2021-08-17,66.5,69.4,1.26,0.23,-1.07,2.33,2.17,17.91,113.6174,0.1
2021-08-18,65.36,68.61,1.27,0.23,-1.05,2.32,2.16,21.57,113.6959,0.09
2021-08-19,63.69,66.8,1.24,0.22,-1.04,2.28,2.11,21.67,114.1106,0.09
2021-08-20,62.25,65.51,1.26,0.23,-1.01,2.27,2.14,18.56,114.5009,0.09
2021-08-21,,,,,,,,,,0.09
2021-08-22,,,,,,,,,,0.09
2021-08-23,65.65,69.07,1.25,0.23,-1.02,2.27,2.11,17.15,113.9418,0.09
2021-08-24,67.5,71.21,1.29,0.24,-1.01,2.3,2.15,17.22,113.6795,0.09
2021-08-25,68.54,72.12,1.35,0.23,-1.0,2.35,2.19,16.79,113.6322,0.09
2021-08-26,67.42,70.42,1.34,0.25,-0.99,2.33,2.16,18.84,113.7883,0.09
2021-08-27,68.84,72.26,1.31,0.22,-1.08,2.39,2.25,16.39,113.3404,0.08
2021-08-28,,,,,,,,,,0.08
2021-08-29,,,,,,,,,,0.08
2021-08-30,69.28,,1.29,0.2,-1.08,2.37,2.23,16.19,113.246,0.08
2021-08-31,68.43,73.45,1.3,0.2,-1.03,2.33,2.18,16.48,113.1076,0.06
2021-09-01,68.63,71.99,1.31,0.2,-1.03,2.34,2.2,16.11,112.8732,0.08
2021-09-02,70.07,73.56,1.29,0.2,-1.03,2.32,2.17,16.41,112.7863,0.08
2021-09-03,69.34,73.07,1.33,0.21,-1.01,2.34,2.2,16.41,112.5476,0.08
2021-09-04,,,,,,,,,,0.08
2021-09-05,,,,,,,,,,0.08
2021-09-06,,72.43,,,,,,,,0.08
2021-09-07,68.49,71.52,1.38,0.22,-0.98,2.36,2.21,18.14,112.9795,0.08
2021-09-08,69.36,72.36,1.35,0.22,-1.03,2.38,2.23,17.96,113.2319,0.08
2021-09-09,68.26,71.32,1.3,0.23,-1.08,2.38,2.21,18.8,113.043,0.08
2021-09-10,69.82,72.44,1.35,0.23,-1.05,2.4,2.25,20.95,112.9425,0.08
2021-09-11,,,,,,,,,,0.08
2021-09-12,,,,,,,,,,0.08
2021-09-13,70.54,72.97,1.33,0.21,-1.04,2.37,2.21,19.37,113.0341,0.08
2021-09-14,70.53,73.05,1.28,0.21,-1.05,2.33,2.17,19.46,113.0061,0.08
2021-09-15,72.59,74.84,1.31,0.21,-1.04,2.35,2.19,18.18,112.9773,0.08
2021-09-16,72.69,75.14,1.34,0.23,-1.01,2.35,2.17,18.69,113.3036,0.08
2021-09-17,72.09,74.64,1.37,0.23,-0.96,2.33,2.15,20.81,113.5989,0.08
2021-09-18,,,,,,,,,,0.08
2021-09-19,,,,,,,,,,0.08
2021-09-20,70.41,73.59,1.31,0.23,-0.98,2.29,2.15,25.71,113.9422,0.08
2021-09-21,70.51,73.65,1.33,0.22,-0.96,2.29,2.14,24.36,113.8179,0.08
2021-09-22,72.37,75.5,1.32,0.25,-0.96,2.28,2.15,20.87,113.6223,0.08
2021-09-23,73.43,76.44,1.41,0.27,-0.9,2.31,2.14,18.63,113.513,0.08
2021-09-24,74.18,77.42,1.47,0.29,-0.87,2.34,2.21,17.75,113.7597,0.08
2021-09-25,,,,,,,,,,0.08
2021-09-26,,,,,,,,,,0.08
2021-09-27,75.54,78.85,1.48,0.31,-0.87,2.35,2.2,18.76,113.7432,0.08
2021-09-28,75.44,78.3,1.54,0.31,-0.84,2.38,2.23,23.25,114.2469,0.08
2021-09-29,75.06,77.86,1.55,0.3,-0.82,2.37,2.22,22.56,114.7092,0.08
2021-09-30,75.22,77.81,1.52,0.28,-0.85,2.37,2.23,23.14,114.6403,0.06
2021-10-01,76.01,79.4,1.48,0.27,-0.9,2.38,2.25,21.15,114.3798,0.08
2021-10-02,,,,,,,,,,0.08
2021-10-03,,,,,,,,,,0.08
2021-10-04,77.68,81.44,1.49,0.27,-0.89,2.38,2.23,22.96,114.2739,0.08
2021-10-05,79.17,82.72,1.54,0.28,-0.91,2.45,2.31,21.3,114.3654,0.08
2021-10-06,77.66,81.39,1.53,0.3,-0.9,2.43,2.29,21.0,114.7185,0.08
2021-10-07,78.46,82.34,1.58,0.32,-0.88,2.46,2.31,19.54,114.5044,0.08
2021-10-08,79.55,82.17,1.61,0.32,-0.89,2.5,2.36,18.77,114.5986,0.08
2021-10-09,,,,,,,,,,0.08
2021-10-10,,,,,,,,,,0.08
2021-10-11,80.64,83.75,,,,,,20.0,,0.08
2021-10-12,80.75,83.53,1.59,0.35,-0.9,2.49,2.34,19.85,114.7542,0.08
2021-10-13,80.67,83.53,1.56,0.37,-0.96,2.52,2.36,18.64,114.4705,0.08
2021-10-14,81.43,83.86,1.52,0.36,-1.0,2.52,2.35,16.86,114.2053,0.08
2021-10-15,82.39,84.67,1.59,0.41,-0.97,2.56,2.41,16.3,114.0905,0.08
2021-10-16,,,,,,,,,,0.08
2021-10-17,,,,,,,,,,0.08
2021-10-18,82.62,84.13,1.59,0.44,-0.95,2.54,2.37,16.31,113.9899,0.08
2021-10-19,83.19,85.02,1.65,0.41,-0.89,2.54,2.37,15.7,113.647,0.08
2021-10-20,84.4,85.76,1.65,0.4,-0.92,2.57,2.37,15.49,113.5083,0.08
2021-10-21,82.64,84.58,1.68,0.45,-0.96,2.64,2.34,15.01,113.6188,0.08
2021-10-22,84.53,85.43,1.66,0.48,-0.98,2.64,2.37,15.43,113.67,0.08
2021-10-23,,,,,,,,,,0.08
2021-10-24,,,,,,,,,,0.08
2021-10-25,84.64,84.85,1.64,0.47,-1.02,2.66,2.37,15.24,113.605,0.08
2021-10-26,85.64,85.11,1.63,0.47,-1.06,2.69,2.39,15.98,113.674,0.08
2021-10-27,82.66,84.12,1.54,0.5,-1.11,2.65,2.34,16.98,113.6218,0.08
2021-10-28,82.78,83.4,1.57,0.5,-1.0,2.57,2.24,16.53,113.4389,0.08
2021-10-29,83.5,83.1,1.55,0.48,-0.96,2.51,2.13,16.26,114.1349,0.07
2021-10-30,,,,,,,,,,0.07
2021-10-31,,,,,,,,,,0.07
2021-11-01,84.08,84.51,1.58,0.5,-0.92,2.5,2.14,16.41,114.2067,0.08
2021-11-02,83.91,84.42,1.56,0.46,-0.95,2.51,2.18,16.03,114.2847,0.08
2021-11-03,80.82,81.1,1.6,0.47,-0.93,2.53,2.2,15.1,114.3593,0.08
2021-11-04,78.88,80.15,1.53,0.41,-1.03,2.56,2.24,15.44,114.3558,0.08
2021-11-05,81.25,82.43,1.45,0.39,-1.09,2.54,2.21,16.48,114.0732,0.08
2021-11-06,,,,,,,,,,0.08
2021-11-07,,,,,,,,,,0.08
2021-11-08,81.96,83.22,1.51,0.45,-1.11,2.62,2.3,17.22,113.8256,0.08
2021-11-09,84.12,84.52,1.46,0.41,-1.17,2.63,2.3,17.78,113.762,0.08
2021-11-10,81.23,82.91,1.56,0.51,-1.14,2.7,2.32,18.73,114.1484,0.08
2021-11-11,81.47,83.4,,,,,,17.66,,0.08
2021-11-12,80.87,82.9,1.58,0.53,-1.15,2.73,2.35,16.29,114.5144,0.08
2021-11-13,,,,,,,,,,0.08
2021-11-14,,,,,,,,,,0.08
2021-11-15,80.85,81.94,1.63,0.53,-1.13,2.76,2.35,16.49,114.5876,0.08
2021-11-16,80.76,82.85,1.63,0.54,-1.1,2.73,2.29,16.37,115.136,0.08
2021-11-17,78.32,80.67,1.6,0.52,-1.1,2.7,2.26,17.11,115.0263,0.08
2021-11-18,78.92,82.45,1.59,0.52,-1.14,2.73,2.35,17.59,115.0678,0.08
2021-11-19,76.11,80.24,1.54,0.52,-1.11,2.65,2.28,17.91,115.2187,0.08
2021-11-20,,,,,,,,,,0.08
2021-11-21,,,,,,,,,,0.08
2021-11-22,76.74,80.97,1.63,0.63,-0.98,2.61,2.24,19.17,115.6481,0.08
2021-11-23,78.32,83.43,1.67,0.6,-0.95,2.62,2.24,19.38,116.0118,0.08
2021-11-24,78.32,82.37,1.64,0.64,-0.97,2.61,2.19,18.58,116.2711,0.08
2021-11-25,,82.05,,,,,,,,0.08
2021-11-26,,72.37,1.48,0.5,-1.07,2.55,2.18,28.62,116.5103,0.08
2021-11-27,,,,,,,,,,0.08
2021-11-28,,,,,,,,,,0.08
2021-11-29,69.88,73.34,1.52,0.51,-1.02,2.54,2.17,22.96,116.581,0.08
2021-11-30,66.14,70.86,1.43,0.52,-1.07,2.5,2.2,27.19,116.2071,0.07
2021-12-01,65.44,69.53,1.43,0.56,-1.01,2.44,2.18,31.12,115.889,0.08
2021-12-02,66.6,70.56,1.44,0.63,-1.03,2.47,2.21,27.95,116.018,0.08
2021-12-03,66.39,70.71,1.35,0.6,-1.08,2.43,2.14,30.67,116.2377,0.08
2021-12-04,,,,,,,,,,0.08
2021-12-05,,,,,,,,,,0.08
2021-12-06,69.62,73.38,1.43,0.65,-1.01,2.44,2.09,27.18,116.1538,0.08
2021-12-07,71.94,75.54,1.48,0.7,-0.99,2.47,2.1,21.89,115.8555,0.08
2021-12-08,72.43,75.94,1.52,0.68,-1.0,2.52,2.16,19.9,115.4418,0.08
2021-12-09,70.87,74.1,1.49,0.7,-0.98,2.47,2.14,21.58,115.7784,0.08
2021-12-10,71.71,74.98,1.48,0.67,-0.96,2.44,2.12,18.69,115.5732,0.08
2021-12-11,,,,,,,,,,0.08
2021-12-12,,,,,,,,,,0.08
2021-12-13,71.19,74.12,1.42,0.66,-0.98,2.4,2.07,20.31,115.842,0.08
2021-12-14,70.57,73.37,1.44,0.67,-0.93,2.37,2.08,21.89,116.2397,0.08
2021-12-15,70.89,73.71,1.47,0.69,-0.92,2.39,2.11,19.29,116.4219,0.08
2021-12-16,72.34,74.64,1.44,0.64,-0.98,2.42,2.14,20.57,115.7146,0.08
2021-12-17,70.93,72.97,1.41,0.66,-0.97,2.38,2.11,21.57,115.791,0.08
2021-12-18,,,,,,,,,,0.08
2021-12-19,,,,,,,,,,0.08
2021-12-20,68.69,70.51,1.43,0.65,-0.96,2.39,2.13,22.87,116.0092,0.08
2021-12-21,71.1,72.85,1.48,0.7,-0.96,2.44,2.19,21.01,116.1089,0.08
2021-12-22,72.82,74.69,1.46,0.68,-1.01,2.47,2.24,18.63,115.7485,0.08
2021-12-23,73.89,76.26,1.5,0.71,-0.97,2.47,2.22,17.96,115.5337,0.08
2021-12-24,,75.24,,,,,,,,0.08
2021-12-25,,,,,,,,,,0.08
2021-12-26,,,,,,,,,,0.08
2021-12-27,75.49,,1.48,0.76,-1.02,2.5,2.25,17.68,115.4684,0.08
2021-12-28,76.01,,1.49,0.74,-1.01,2.5,2.22,17.54,115.4192,0.08
2021-12-29,76.58,78.63,1.55,0.75,-0.98,2.53,2.23,16.95,115.3678,0.08
2021-12-30,76.83,78.61,1.52,0.73,-1.06,2.58,2.3,17.33,115.283,0.08
2021-12-31,75.33,77.24,1.52,0.73,-1.04,2.56,2.25,17.22,,0.07
2022-01-01,,,,,,,,,,0.07
2022-01-02,,,,,,,,,,0.07
2022-01-03,75.99,78.25,1.63,0.78,-0.97,2.6,2.25,16.6,115.4101,0.08
2022-01-04,77.0,79.39,1.66,0.77,-0.91,2.57,2.21,16.91,115.3103,0.08
2022-01-05,77.83,80.6,1.71,0.83,-0.82,2.53,2.19,19.73,115.137,0.08
2022-01-06,79.47,81.99,1.73,0.88,-0.73,2.46,2.15,19.61,115.4046,0.08
2022-01-07,79.0,82.28,1.76,0.87,-0.72,2.48,2.18,18.76,115.0451,0.08
2022-01-08,,,,,,,,,,0.08
2022-01-09,,,,,,,,,,0.08
2022-01-10,78.11,81.56,1.78,0.92,-0.7,2.48,2.19,19.4,115.2216,0.08
2022-01-11,81.17,84.98,1.75,0.9,-0.79,2.54,2.21,18.41,114.8332,0.08
2022-01-12,82.51,85.83,1.74,0.92,-0.74,2.48,2.14,17.62,114.355,0.08
2022-01-13,81.97,85.8,1.7,0.91,-0.73,2.43,2.09,20.31,114.177,0.08
2022-01-14,83.82,87.17,1.78,0.99,-0.66,2.44,2.09,19.19,114.3825,0.08
2022-01-15,,,,,,,,,,0.08
2022-01-16,,,,,,,,,,0.08
2022-01-17,,87.82,,,,,,,,0.08
2022-01-18,85.42,88.83,1.87,1.06,-0.59,2.46,2.12,22.79,114.7373,0.08
2022-01-19,86.84,89.64,1.83,1.04,-0.57,2.4,2.07,23.85,114.6109,0.08
2022-01-20,86.29,89.75,1.83,1.08,-0.5,2.33,1.92,25.59,114.4642,0.08
2022-01-21,85.16,89.75,1.75,1.01,-0.59,2.34,1.98,28.85,114.6125,0.08
2022-01-22,,,,,,,,,,0.08
2022-01-23,,,,,,,,,,0.08
2022-01-24,84.48,87.74,1.75,0.99,-0.63,2.38,2.02,29.9,115.2034,0.08
2022-01-25,86.61,89.49,1.78,1.02,-0.63,2.41,2.04,31.16,115.1654,0.08
2022-01-26,88.33,91.22,1.85,1.13,-0.53,2.38,2.01,31.96,115.0922,0.08
2022-01-27,87.61,90.7,1.81,1.18,-0.59,2.4,2.04,30.49,115.978,0.08
2022-01-28,87.67,91.47,1.78,1.15,-0.66,2.44,2.08,27.66,116.0393,0.08
2022-01-29,,,,,,,,,,0.08
2022-01-30,,,,,,,,,,0.08
2022-01-31,89.16,92.35,1.79,1.18,-0.65,2.44,2.06,24.83,115.566,0.08
2022-02-01,88.22,90.24,1.81,1.18,-0.62,2.43,2.06,21.96,115.3685,0.08
2022-02-02,88.16,91.43,1.78,1.16,-0.63,2.41,2.03,22.09,115.1538,0.08
2022-02-03,90.17,92.99,1.82,1.19,-0.56,2.38,2.0,24.35,114.9065,0.08
2022-02-04,92.27,96.86,1.93,1.31,-0.48,2.41,2.04,23.22,115.1362,0.08
2022-02-05,,,,,,,,,,0.08
2022-02-06,,,,,,,,,,0.08
2022-02-07,91.25,97.28,1.92,1.3,-0.48,2.4,2.05,22.86,115.0098,0.08
2022-02-08,89.32,96.07,1.96,1.35,-0.46,2.42,2.07,21.44,115.0892,0.08
2022-02-09,89.57,94.95,1.94,1.36,-0.48,2.42,2.06,19.96,114.8232,0.08
2022-02-10,89.83,96.37,2.03,1.61,-0.42,2.45,2.09,23.91,114.5527,0.08
2022-02-11,93.1,97.5,1.92,1.5,-0.51,2.43,2.04,27.36,114.8413,0.08
2022-02-12,,,,,,,,,,0.08
2022-02-13,,,,,,,,,,0.08
2022-02-14,95.52,101.66,1.98,1.58,-0.5,2.48,2.05,28.33,115.1946,0.08
2022-02-15,92.07,98.43,2.05,1.58,-0.43,2.48,2.07,25.7,114.93,0.08
2022-02-16,93.83,97.44,2.03,1.52,-0.43,2.46,2.05,24.29,114.6886,0.08
2022-02-17,91.78,95.28,1.97,1.49,-0.46,2.43,1.99,28.11,114.6755,0.08
2022-02-18,91.26,96.18,1.92,1.47,-0.49,2.41,1.96,27.75,114.7982,0.08
2022-02-19,,,,,,,,,,0.08
2022-02-20,,,,,,,,,,0.08
2022-02-21,,98.95,,,,,,,,0.08
2022-02-22,92.11,98.73,1.94,1.56,-0.51,2.45,2.01,28.81,114.7002,0.08
2022-02-23,92.14,99.29,1.99,1.58,-0.54,2.53,2.05,31.02,114.6668,0.08
2022-02-24,92.77,101.29,1.96,1.54,-0.59,2.55,2.05,30.32,115.9419,0.08
2022-02-25,91.68,98.56,1.97,1.55,-0.57,2.54,2.06,27.59,115.2577,0.08
2022-02-26,,,,,,,,,,0.08
2022-02-27,,,,,,,,,,0.08
2022-02-28,96.13,103.08,1.83,1.44,-0.79,2.62,2.13,30.15,115.2224,0.08
2022-03-01,103.66,110.93,1.72,1.31,-0.9,2.62,2.1,33.32,115.7962,0.08
2022-03-02,110.74,118.94,1.86,1.5,-0.85,2.71,2.19,30.74,115.7623,0.08
2022-03-03,107.69,115.36,1.86,1.53,-0.83,2.69,2.21,30.48,115.9495,0.08
2022-03-04,115.77,123.86,1.74,1.5,-0.93,2.67,2.15,31.98,116.6503,0.08
2022-03-05,,,,,,,,,,0.08
2022-03-06,,,,,,,,,,0.08
2022-03-07,119.26,129.02,1.78,1.55,-0.99,2.77,2.25,36.45,117.3278,0.08
2022-03-08,123.64,133.18,1.86,1.63,-1.04,2.9,2.37,35.13,117.6176,0.08
2022-03-09,108.81,116.58,1.94,1.68,-0.9,2.84,2.35,32.45,116.5961,0.08
2022-03-10,105.93,114.54,1.98,1.72,-0.88,2.86,2.3,30.23,116.7401,0.08
2022-03-11,109.31,118.11,2.0,1.75,-0.94,2.94,2.36,30.75,117.0192,0.08
2022-03-12,,,,,,,,,,0.08
2022-03-13,,,,,,,,,,0.08
2022-03-14,103.22,110.39,2.14,1.87,-0.79,2.93,2.36,31.77,117.1506,0.08
2022-03-15,96.42,105.14,2.15,1.85,-0.69,2.84,2.26,29.83,117.246,0.08
2022-03-16,94.85,104.61,2.19,1.95,-0.61,2.8,2.26,26.67,116.8073,0.08
2022-03-17,102.97,113.5,2.2,1.94,-0.71,2.91,2.31,25.67,116.0467,0.33
2022-03-18,104.69,114.32,2.14,1.97,-0.72,2.86,2.24,23.87,116.1378,0.33
2022-03-19,,,,,,,,,,0.33
2022-03-20,,,,,,,,,,0.33
2022-03-21,112.14,122.29,2.32,2.14,-0.58,2.9,2.28,23.53,115.9398,0.33
2022-03-22,111.03,121.53,2.38,2.18,-0.53,2.91,2.3,22.94,116.0824,0.33
2022-03-23,114.89,127.52,2.32,2.13,-0.62,2.94,2.31,23.57,116.005,0.33
2022-03-24,114.2,123.98,2.34,2.13,-0.58,2.92,2.27,21.67,115.9599,0.33
2022-03-25,116.2,122.67,2.48,2.3,-0.47,2.95,2.31,20.81,115.7921,0.33
2022-03-26,,,,,,,,,,0.33
2022-03-27,,,,,,,,,,0.33
2022-03-28,107.55,114.5,2.46,2.35,-0.49,2.95,2.34,19.63,116.1911,0.33
2022-03-29,104.25,112.79,2.41,2.35,-0.45,2.86,2.32,18.9,115.5679,0.33
2022-03-30,107.81,115.59,2.35,2.31,-0.51,2.86,2.31,19.33,115.0818,0.33
2022-03-31,100.53,107.29,2.32,2.28,-0.52,2.84,2.34,20.56,115.2218,0.33
2022-04-01,99.32,106.13,2.39,2.44,-0.41,2.8,2.32,19.63,115.4814,0.33
2022-04-02,,,,,,,,,,0.33
2022-04-03,,,,,,,,,,0.33
2022-04-04,103.29,108.15,2.42,2.43,-0.38,2.8,2.32,18.57,115.4112,0.33
2022-04-05,101.98,106.6,2.54,2.51,-0.3,2.84,2.37,21.03,115.73,0.33
2022-04-06,96.39,100.81,2.61,2.5,-0.22,2.83,2.38,22.1,115.9995,0.33
2022-04-07,96.05,99.83,2.66,2.47,-0.16,2.82,2.38,21.55,116.3512,0.33
2022-04-08,98.35,101.26,2.72,2.53,-0.15,2.87,2.41,21.16,116.4176,0.33
2022-04-09,,,,,,,,,,0.33
2022-04-10,,,,,,,,,,0.33
2022-04-11,94.22,97.92,2.79,2.5,-0.12,2.91,2.45,24.37,116.5401,0.33
2022-04-12,100.52,104.42,2.72,2.39,-0.14,2.86,2.41,24.26,116.3866,0.33
2022-04-13,104.26,108.49,2.7,2.37,-0.1,2.8,2.35,21.82,116.2796,0.33
2022-04-14,106.84,110.83,2.83,2.47,-0.06,2.89,2.45,22.7,116.7558,0.33
2022-04-15,,,,,,,,,116.7017,0.33
2022-04-16,,,,,,,,,,0.33
2022-04-17,,,,,,,,,,0.33
2022-04-18,108.24,,2.85,2.46,-0.07,2.92,2.48,22.17,116.8441,0.33
2022-04-19,102.54,105.49,2.93,2.61,0.0,2.93,2.5,21.37,117.1324,0.33
2022-04-20,102.56,105.05,2.85,2.6,-0.07,2.92,2.48,20.32,116.7306,0.33
2022-04-21,103.89,107.2,2.9,2.68,-0.12,3.02,2.67,22.68,117.1432,0.33
2022-04-22,102.86,105.15,2.9,2.72,-0.08,2.98,2.59,28.21,118.0186,0.33
2022-04-23,,,,,,,,,,0.33
2022-04-24,,,,,,,,,,0.33
2022-04-25,99.6,99.27,2.81,2.63,-0.1,2.91,2.55,27.02,118.6271,0.33
2022-04-26,102.62,102.89,2.77,2.54,-0.08,2.85,2.45,33.52,118.9624,0.33
2022-04-27,101.96,103.3,2.82,2.58,-0.06,2.88,2.48,31.6,119.4708,0.33
2022-04-28,105.47,105.78,2.85,2.63,-0.12,2.97,2.55,29.99,120.0675,0.33
2022-04-29,104.59,108.36,2.89,2.7,0.01,2.88,2.46,33.4,119.4933,0.33
2022-04-30,,,,,,,,,,0.33
2022-05-01,,,,,,,,,,0.33
2022-05-02,105.18,,2.99,2.73,0.18,2.81,2.41,32.34,119.8825,0.33
2022-05-03,102.53,104.94,2.97,2.78,0.14,2.83,2.45,29.25,119.7043,0.33
2022-05-04,107.84,110.53,2.93,2.66,0.07,2.86,2.48,25.42,119.5592,0.33
2022-05-05,108.17,112.11,3.05,2.71,0.18,2.87,2.51,31.2,120.0068,0.83
2022-05-06,109.72,113.86,3.12,2.72,0.26,2.86,2.5,30.19,119.8577,0.83
2022-05-07,,,,,,,,,,0.83
2022-05-08,,,,,,,,,,0.83
2022-05-09,103.08,106.67,3.05,2.61,0.3,2.75,2.44,34.75,120.4972,0.83
2022-05-10,99.74,102.61,2.99,2.62,0.34,2.65,2.38,32.99,120.7742,0.83
2022-05-11,105.5,107.7,2.91,2.66,0.21,2.7,2.4,32.56,120.3925,0.83
2022-05-12,106.15,108.06,2.84,2.56,0.25,2.59,2.29,31.77,121.2796,0.83
2022-05-13,110.52,112.12,2.93,2.61,0.24,2.69,2.35,28.87,120.8442,0.83
2022-05-14,,,,,,,,,,0.83
2022-05-15,,,,,,,,,,0.83
2022-05-16,114.07,114.86,2.88,2.58,0.2,2.68,2.32,27.47,120.6881,0.83
2022-05-17,112.31,112.89,2.98,2.71,0.27,2.71,2.34,26.1,119.8871,0.83
2022-05-18,109.67,110.04,2.89,2.68,0.17,2.72,2.39,30.96,120.0274,0.83
2022-05-19,112.21,113.22,2.84,2.63,0.25,2.59,2.21,29.35,119.4278,0.83
2022-05-20,112.63,113.63,2.78,2.6,0.23,2.55,2.22,29.43,119.3677,0.83
2022-05-21,,,,,,,,,,0.83
2022-05-22,,,,,,,,,,0.83
2022-05-23,110.32,115.13,2.86,2.65,0.26,2.6,2.28,28.48,118.7169,0.83
2022-05-24,112.55,115.77,2.76,2.5,0.21,2.55,2.23,29.45,118.6245,0.83
2022-05-25,112.88,116.41,2.75,2.48,0.19,2.56,2.24,28.37,118.9598,0.83
2022-05-26,116.19,119.81,2.75,2.46,0.13,2.62,2.28,27.5,118.7687,0.83
2022-05-27,114.96,121.19,2.74,2.47,0.11,2.63,2.31,25.72,118.2834,0.83
2022-05-28,,,,,,,,,,0.83
2022-05-29,,,,,,,,,,0.83
2022-05-30,,123.01,,,,,,26.54,,0.83
2022-05-31,114.38,125.53,2.85,2.53,0.21,2.64,2.32,26.19,118.0704,0.83
2022-06-01,115.26,122.2,2.94,2.66,0.29,2.65,2.34,25.69,118.6954,0.83
2022-06-02,116.88,,2.92,2.65,0.26,2.66,2.35,24.72,118.0658,0.83
2022-06-03,118.97,125.68,2.96,2.66,0.22,2.74,2.44,24.79,118.2153,0.83
2022-06-04,,,,,,,,,,0.83
2022-06-05,,,,,,,,,,0.83
2022-06-06,118.41,124.99,3.04,2.73,0.28,2.76,2.47,25.07,118.3081,0.83
2022-06-07,119.55,126.89,2.98,2.75,0.25,2.73,2.43,24.02,118.4414,0.83
2022-06-08,121.94,129.2,3.03,2.78,0.28,2.75,2.44,23.96,118.3951,0.83
2022-06-09,121.52,128.47,3.04,2.83,0.29,2.75,2.42,26.09,118.9226,0.83
2022-06-10,120.73,127.44,3.15,3.06,0.39,2.76,2.39,27.75,119.9981,0.83
2022-06-11,,,,,,,,,,0.83
2022-06-12,,,,,,,,,,0.83
2022-06-13,120.92,128.44,3.43,3.4,0.69,2.74,2.37,34.02,121.1523,0.83
2022-06-14,118.92,127.02,3.49,3.45,0.89,2.6,2.32,32.69,121.6669,0.83
2022-06-15,115.32,124.96,3.33,3.2,0.63,2.7,2.4,29.62,121.6403,0.83
2022-06-16,117.56,125.78,3.28,3.14,0.66,2.62,2.37,32.95,120.6714,1.58
2022-06-17,109.56,119.22,3.25,3.17,0.67,2.58,2.36,31.13,121.2369,1.58
2022-06-18,,,,,,,,,,1.58
2022-06-19,,,,,,,,,,1.58
2022-06-20,,118.25,,,,,,31.03,,1.58
2022-06-21,110.49,118.51,3.31,3.21,0.7,2.61,2.38,30.19,120.6427,1.58
2022-06-22,106.22,115.54,3.16,3.06,0.62,2.54,2.34,28.95,120.5197,1.58
2022-06-23,105.75,114.5,3.09,3.01,0.59,2.5,2.31,29.05,120.7622,1.58
2022-06-24,109.07,117.36,3.13,3.04,0.57,2.56,2.3,27.23,120.4853,1.58
2022-06-25,,,,,,,,,,1.58
2022-06-26,,,,,,,,,,1.58
2022-06-27,111.44,119.69,3.2,3.08,0.65,2.55,2.31,26.95,120.1736,1.58
2022-06-28,113.66,122.21,3.2,3.1,0.72,2.48,2.23,28.36,120.62,1.58
2022-06-29,111.65,120.8,3.1,3.06,0.74,2.36,2.13,28.16,120.9616,1.58
2022-06-30,107.76,119.78,2.98,2.92,0.65,2.33,2.08,28.71,120.9652,1.58
2022-07-01,110.3,119.21,2.88,2.84,0.54,2.34,2.08,26.7,121.5058,1.58
2022-07-02,,,,,,,,,,1.58
2022-07-03,,,,,,,,,,1.58
2022-07-04,,121.8,,,,,,27.53,,1.58
2022-07-05,101.55,110.49,2.82,2.82,0.52,2.3,2.09,27.54,122.6203,1.58
2022-07-06,100.31,108.54,2.93,2.97,0.64,2.29,2.1,26.73,123.0073,1.58
2022-07-07,104.62,113.4,3.01,3.03,0.68,2.33,2.13,26.08,122.7257,1.58
2022-07-08,106.78,113.95,3.09,3.12,0.72,2.37,2.12,24.64,122.4662,1.58
2022-07-09,,,,,,,,,,1.58
2022-07-10,,,,,,,,,,1.58
2022-07-11,106.09,114.85,2.99,3.07,0.67,2.32,2.08,26.17,123.2974,1.58
2022-07-12,97.69,106.98,2.96,3.03,0.64,2.32,2.14,27.29,123.4524,1.58
2022-07-13,98.44,107.17,2.91,3.13,0.6,2.31,2.11,26.82,123.2834,1.58
2022-07-14,97.79,107.74,2.96,3.15,0.62,2.34,2.14,26.4,124.0622,1.58
2022-07-15,99.59,112.26,2.93,3.13,0.57,2.36,2.13,24.23,123.4765,1.58
2022-07-16,,,,,,,,,,1.58
2022-07-17,,,,,,,,,,1.58
2022-07-18,104.48,117.27,2.96,3.15,0.59,2.37,2.11,25.3,122.7727,1.58
2022-07-19,106.12,114.96,3.01,3.23,0.62,2.39,2.11,24.5,122.4819,1.58
2022-07-20,104.45,115.86,3.04,3.25,0.66,2.38,2.09,23.88,122.5997,1.58
2022-07-21,98.44,112.81,2.91,3.1,0.58,2.33,2.11,23.11,122.9032,1.58
2022-07-22,97.71,106.77,2.77,2.98,0.43,2.34,2.12,23.03,122.451,1.58
2022-07-23,,,,,,,,,,1.58
2022-07-24,,,,,,,,,,1.58
2022-07-25,99.83,108.23,2.81,3.0,0.45,2.36,2.14,23.36,122.4594,1.58
2022-07-26,97.74,107.32,2.81,3.02,0.45,2.36,2.16,24.69,122.7581,1.58
2022-07-27,100.03,109.64,2.78,2.96,0.36,2.42,2.23,23.24,122.8169,1.58
2022-07-28,99.11,109.68,2.68,2.85,0.2,2.48,2.29,22.33,122.1161,2.33
2022-07-29,101.31,111.51,2.67,2.89,0.14,2.53,2.33,21.33,121.7678,2.32
2022-07-30,,,,,,,,,,2.32
2022-07-31,,,,,,,,,,2.32
2022-08-01,96.59,106.09,2.6,2.9,0.09,2.51,2.3,22.84,121.4109,2.33
2022-08-02,97.14,106.51,2.75,3.06,0.27,2.48,2.27,23.93,121.9486,2.33
2022-08-03,93.25,101.82,2.73,3.1,0.23,2.5,2.28,21.95,122.3888,2.33
2022-08-04,91.29,97.99,2.68,3.03,0.22,2.46,2.28,21.44,121.8333,2.33
2022-08-05,91.77,100.31,2.83,3.24,0.37,2.46,2.28,21.15,122.321,2.33
2022-08-06,,,,,,,,,,2.33
2022-08-07,,,,,,,,,,2.33
2022-08-08,93.52,103.46,2.77,3.21,0.29,2.48,2.31,21.29,121.8783,2.33
2022-08-09,93.18,103.81,2.8,3.28,0.33,2.47,2.28,21.77,121.8614,2.33
2022-08-10,94.68,105.06,2.78,3.23,0.35,2.43,2.25,19.74,120.7543,2.33
2022-08-11,97.02,107.19,2.87,3.23,0.4,2.47,2.27,20.2,120.7163,2.33
2022-08-12,94.86,103.7,2.84,3.25,0.37,2.47,2.27,19.53,121.018,2.33
2022-08-13,,,,,,,,,,2.33
2022-08-14,,,,,,,,,,2.33
2022-08-15,92.24,98.25,2.79,3.2,0.35,2.44,2.26,19.95,121.4315,2.33
2022-08-16,89.23,95.36,2.82,3.25,0.38,2.44,2.27,19.69,121.6807,2.33
2022-08-17,90.85,97.22,2.89,3.28,0.43,2.46,2.27,19.9,122.0711,2.33
2022-08-18,93.2,96.35,2.88,3.22,0.36,2.52,2.34,19.56,122.3627,2.33
2022-08-19,93.55,96.45,2.98,3.25,0.43,2.55,2.38,20.6,123.0501,2.33
2022-08-20,,,,,,,,,,2.33
2022-08-21,,,,,,,,,,2.33
2022-08-22,93.42,95.06,3.03,3.32,0.46,2.57,2.4,23.8,123.605,2.33
2022-08-23,96.46,99.49,3.05,3.29,0.47,2.58,2.39,24.11,123.0547,2.33
2022-08-24,95.52,99.87,3.11,3.36,0.49,2.62,2.45,22.82,123.109,2.33
2022-08-25,93.33,98.81,3.03,3.35,0.43,2.6,2.43,21.78,123.0586,2.33
2022-08-26,93.63,101.13,3.04,3.37,0.47,2.57,2.41,25.56,123.0656,2.33
2022-08-27,,,,,,,,,,2.33
2022-08-28,,,,,,,,,,2.33
2022-08-29,97.4,,3.12,3.42,0.54,2.58,2.45,26.21,123.4686,2.33
2022-08-30,92.08,99.34,3.11,3.46,0.56,2.55,2.43,26.21,123.6848,2.33
2022-08-31,90.09,96.55,3.15,3.45,0.67,2.48,2.38,25.87,123.535,2.33
2022-09-01,87.09,92.24,3.26,3.51,0.81,2.45,2.38,25.56,124.4006,2.33
2022-09-02,87.29,93.09,3.2,3.4,0.73,2.47,2.39,25.47,123.7743,2.33
2022-09-03,,,,,,,,,,2.33
2022-09-04,,,,,,,,,,2.33
2022-09-05,,94.22,,,,,,25.99,,2.33
2022-09-06,87.35,91.43,3.33,3.5,0.85,2.48,2.4,26.91,124.767,2.33
2022-09-07,82.5,86.83,3.27,3.45,0.82,2.45,2.39,24.64,124.8408,2.33
2022-09-08,84.04,87.99,3.29,3.48,0.88,2.41,2.36,23.61,124.578,2.33
2022-09-09,87.27,91.68,3.33,3.56,0.91,2.42,2.33,22.79,123.7874,2.33
2022-09-10,,,,,,,,,,2.33
2022-09-11,,,,,,,,,,2.33
2022-09-12,88.18,93.45,3.37,3.58,0.95,2.42,2.32,23.87,123.3332,2.33
2022-09-13,87.84,92.04,3.42,3.75,0.98,2.44,2.32,27.27,124.4242,2.33
2022-09-14,88.88,92.83,3.41,3.78,0.95,2.46,2.3,26.16,124.4509,2.33
2022-09-15,85.72,89.28,3.45,3.87,1.02,2.43,2.29,26.27,124.8843,2.33
2022-09-16,85.57,89.43,3.45,3.85,1.07,2.38,2.27,26.3,124.8794,2.33
2022-09-17,,,,,,,,,,2.33
2022-09-18,,,,,,,,,,2.33
2022-09-19,86.15,,3.49,3.95,1.15,2.34,2.24,25.76,125.0104,2.33
2022-09-20,84.69,89.62,3.57,3.96,1.17,2.4,2.32,27.16,125.1248,2.33
2022-09-21,83.38,89.86,3.51,4.02,1.13,2.38,2.29,27.99,125.7399,2.33
2022-09-22,84.02,90.4,3.7,4.11,1.29,2.41,2.37,27.35,126.1667,3.08
2022-09-23,79.07,84.29,3.69,4.2,1.32,2.37,2.36,29.92,127.2853,3.08
2022-09-24,,,,,,,,,,3.08
2022-09-25,,,,,,,,,,3.08
2022-09-26,77.17,82.55,3.88,4.27,1.56,2.32,2.31,32.26,128.4539,3.08
2022-09-27,78.91,85.97,3.97,4.3,1.64,2.33,2.31,32.6,128.4386,3.08
2022-09-28,82.61,89.55,3.72,4.07,1.39,2.33,2.29,30.18,128.0884,3.08
2022-09-29,81.78,89.41,3.76,4.16,1.57,2.19,2.2,31.84,127.5437,3.08
2022-09-30,79.91,88.9,3.83,4.22,1.68,2.15,2.16,31.62,127.5148,3.08
2022-10-01,,,,,,,,,,3.08
2022-10-02,,,,,,,,,,3.08
2022-10-03,84.05,90.68,3.67,4.12,1.43,2.24,2.22,30.1,127.0813,3.08
2022-10-04,86.87,93.74,3.62,4.1,1.38,2.24,2.2,29.07,126.1819,3.08
2022-10-05,88.22,94.35,3.76,4.15,1.54,2.22,2.18,28.55,126.8616,3.08
2022-10-06,88.9,95.65,3.83,4.23,1.61,2.22,2.15,30.52,127.2493,3.08
2022-10-07,93.07,98.88,3.89,4.3,1.62,2.27,2.18,31.36,127.3111,3.08
2022-10-08,,,,,,,,,,3.08
2022-10-09,,,,,,,,,,3.08
2022-10-10,91.6,97.13,,,,,,32.45,,3.08
2022-10-11,89.75,95.17,3.93,4.3,1.62,2.31,2.26,33.63,127.6641,3.08
2022-10-12,87.83,93.44,3.91,4.28,1.62,2.29,2.26,33.57,128.1481,3.08
2022-10-13,89.59,95.16,3.97,4.47,1.63,2.34,2.3,31.94,127.7286,3.08
2022-10-14,86.1,92.22,4.0,4.48,1.59,2.41,2.38,32.02,128.3325,3.08
2022-10-15,,,,,,,,,,3.08
2022-10-16,,,,,,,,,,3.08
2022-10-17,86.0,91.04,4.02,4.45,1.57,2.45,2.42,31.37,127.6448,3.08
2022-10-18,83.29,89.46,4.01,4.43,1.6,2.41,2.4,30.5,127.9153,3.08
2022-10-19,86.0,91.34,4.14,4.55,1.72,2.42,2.38,30.76,128.3968,3.08
2022-10-20,86.02,91.52,4.24,4.62,1.73,2.51,2.37,29.98,128.0052,3.08
2022-10-21,85.47,91.82,4.21,4.49,1.69,2.52,2.35,29.69,127.6735,3.08
2022-10-22,,,,,,,,,,3.08
2022-10-23,,,,,,,,,,3.08
2022-10-24,86.12,91.57,4.25,4.5,1.66,2.59,2.46,29.85,128.0304,3.08
2022-10-25,86.93,91.76,4.1,4.42,1.59,2.51,2.4,28.46,127.3771,3.08
2022-10-26,89.39,92.93,4.04,4.39,1.6,2.44,2.32,27.28,126.4723,3.08
2022-10-27,89.06,94.17,3.96,4.3,1.51,2.45,2.33,27.39,126.7028,3.08
2022-10-28,87.85,94.64,4.02,4.41,1.51,2.51,2.4,25.75,127.2135,3.08
2022-10-29,,,,,,,,,,3.08
2022-10-30,,,,,,,,,,3.08
2022-10-31,86.54,93.3,4.1,4.51,1.58,2.52,2.37,25.88,127.6219,3.08
2022-11-01,88.36,95.12,4.07,4.54,1.56,2.51,2.37,25.81,127.3987,3.08
2022-11-02,90.06,96.07,4.1,4.61,1.57,2.53,2.38,25.86,127.3115,3.08
2022-11-03,88.14,95.29,4.14,4.71,1.74,2.4,2.26,25.3,128.1743,3.83
2022-11-04,92.58,99.53,4.17,4.66,1.69,2.48,2.35,24.55,127.1468,3.83
2022-11-05,,,,,,,,,,3.83
2022-11-06,,,,,,,,,,3.83
2022-11-07,91.8,99.87,4.22,4.72,1.69,2.53,2.39,24.35,126.3062,3.83
2022-11-08,88.8,96.85,4.14,4.67,1.64,2.5,2.39,25.54,125.633,3.83
2022-11-09,85.79,93.05,4.12,4.61,1.7,2.42,2.31,26.09,125.9861,3.83
2022-11-10,86.52,94.25,3.82,4.34,1.43,2.39,2.31,23.53,124.7044,3.83
2022-11-11,89.14,96.37,,,,,,22.52,,3.83
2022-11-12,,,,,,,,,,3.83
2022-11-13,,,,,,,,,,3.83
2022-11-14,85.85,93.59,3.88,4.4,1.51,2.37,2.32,23.73,123.4277,3.83
2022-11-15,86.87,94.3,3.8,4.37,1.45,2.35,2.3,24.54,123.039,3.83
2022-11-16,85.62,92.61,3.67,4.35,1.38,2.29,2.23,24.11,123.2817,3.83
2022-11-17,81.69,91.0,3.77,4.43,1.49,2.28,2.24,23.93,123.977,3.83
2022-11-18,80.07,88.93,3.82,4.51,1.57,2.25,2.22,23.12,123.8524,3.83
2022-11-19,,,,,,,,,,3.83
2022-11-20,,,,,,,,,,3.83
2022-11-21,79.74,88.44,3.83,4.48,1.52,2.31,2.28,22.36,124.7009,3.83
2022-11-22,80.83,88.65,3.76,4.47,1.44,2.32,2.29,21.29,124.2365,3.83
2022-11-23,77.93,85.9,3.71,4.46,1.39,2.32,2.31,20.35,123.7574,3.83
2022-11-24,,85.59,,,,,,20.42,,3.83
2022-11-25,76.45,83.4,3.68,4.42,1.36,2.32,2.3,20.5,123.3386,3.83
2022-11-26,,,,,,,,,,3.83
2022-11-27,,,,,,,,,,3.83
2022-11-28,77.1,83.5,3.69,4.46,1.43,2.26,2.23,22.21,123.6032,3.83
2022-11-29,77.96,83.22,3.75,4.48,1.5,2.25,2.2,21.89,123.6615,3.83
2022-11-30,80.48,85.61,3.68,4.38,1.34,2.34,2.27,20.58,123.5175,3.83
2022-12-01,81.06,86.28,3.53,4.25,1.17,2.36,2.27,19.84,122.0045,3.83
2022-12-02,79.86,86.54,3.51,4.28,1.08,2.43,2.35,19.06,122.0102,3.83
2022-12-03,,,,,,,,,,3.83
2022-12-04,,,,,,,,,,3.83
2022-12-05,76.83,83.36,3.6,4.41,1.21,2.39,2.32,20.75,122.6384,3.83
2022-12-06,74.21,79.92,3.51,4.34,1.2,2.31,2.24,22.17,123.0191,3.83
2022-12-07,71.93,77.11,3.42,4.26,1.16,2.26,2.19,22.68,122.7608,3.83
2022-12-08,71.3,76.02,3.48,4.31,1.2,2.28,2.2,22.29,122.4152,3.83
2022-12-09,71.05,76.37,3.57,4.33,1.31,2.26,2.22,22.83,122.4201,3.83
2022-12-10,,,,,,,,,,3.83
2022-12-11,,,,,,,,,,3.83
2022-12-12,72.96,78.0,3.61,4.39,1.33,2.28,2.21,25.0,122.7714,3.83
2022-12-13,75.44,80.14,3.51,4.22,1.27,2.24,2.17,22.55,121.8493,3.83
2022-12-14,77.14,83.33,3.49,4.23,1.3,2.19,2.13,21.14,121.8226,3.83
2022-12-15,75.89,82.34,3.44,4.23,1.28,2.16,2.11,22.83,122.5519,4.33
2022-12-16,74.19,80.2,3.48,4.17,1.35,2.13,2.12,22.62,122.6505,4.33
2022-12-17,,,,,,,,,,4.33
2022-12-18,,,,,,,,,,4.33
2022-12-19,75.05,81.66,3.57,4.25,1.42,2.15,2.11,22.42,122.5275,4.33
2022-12-20,75.92,79.45,3.69,4.25,1.45,2.24,2.22,21.48,122.1357,4.33
2022-12-21,78.17,80.25,3.68,4.21,1.41,2.27,2.23,20.07,122.2828,4.33
2022-12-22,77.68,79.58,3.67,4.24,1.48,2.19,2.14,21.97,122.2419,4.33
2022-12-23,79.57,82.45,3.75,4.31,1.55,2.2,2.11,20.87,121.9743,4.33
2022-12-24,,,,,,,,,,4.33
2022-12-25,,,,,,,,,,4.33
2022-12-26,,,,,,,,,,4.33
2022-12-27,79.45,,3.84,4.32,1.58,2.26,2.19,21.65,121.7539,4.33
2022-12-28,78.89,81.7,3.88,4.31,1.6,2.28,2.23,22.14,122.0075,4.33
2022-12-29,78.43,80.96,3.83,4.34,1.56,2.27,2.22,21.44,121.6577,4.33
2022-12-30,80.16,82.82,3.88,4.41,1.58,2.3,2.27,21.67,121.4256,4.33
2022-12-31,,,,,,,,,,4.33
2023-01-01,,,,,,,,,,4.33
2023-01-02,,,,,,,,,,4.33
2023-01-03,76.87,80.36,3.79,4.4,1.53,2.26,2.23,22.9,122.0905,4.33
2023-01-04,72.82,75.31,3.69,4.36,1.47,2.22,2.23,22.01,121.5008,4.33
2023-01-05,73.61,76.73,3.71,4.45,1.49,2.22,2.22,22.46,122.1017,4.33
2023-01-06,73.77,76.41,3.55,4.24,1.34,2.21,2.24,21.13,121.0852,4.33
2023-01-07,,,,,,,,,,4.33
2023-01-08,,,,,,,,,,4.33
2023-01-09,74.69,77.5,3.53,4.19,1.31,2.22,2.26,21.97,120.1508,4.33
2023-01-10,75.11,78.4,3.61,4.24,1.37,2.24,2.28,20.58,120.2483,4.33
2023-01-11,77.46,81.11,3.54,4.2,1.31,2.23,2.25,21.09,120.1614,4.33
2023-01-12,78.32,82.59,3.43,4.12,1.22,2.21,2.21,18.83,119.4218,4.33
2023-01-13,79.9,83.43,3.49,4.22,1.31,2.18,2.16,18.35,119.1673,4.33
2023-01-14,,,,,,,,,,4.33
2023-01-15,,,,,,,,,,4.33
2023-01-16,,82.65,,,,,,19.49,,4.33
2023-01-17,80.25,84.38,3.53,4.18,1.36,2.17,2.16,19.36,119.2121,4.33
2023-01-18,79.53,83.78,3.37,4.06,1.25,2.12,2.15,20.34,119.0755,4.33
2023-01-19,80.31,85.08,3.39,4.09,1.19,2.2,2.19,20.52,119.6107,4.33
2023-01-20,81.27,86.96,3.48,4.14,1.25,2.23,2.23,19.85,119.3486,4.33
2023-01-21,,,,,,,,,,4.33
2023-01-22,,,,,,,,,,4.33
2023-01-23,81.62,87.54,3.52,4.21,1.24,2.28,2.28,19.81,119.1434,4.33
2023-01-24,79.86,85.25,3.46,4.12,1.19,2.27,2.25,19.2,119.0958,4.33
2023-01-25,79.78,85.08,3.46,4.11,1.17,2.29,2.3,19.08,118.9686,4.33
2023-01-26,80.64,86.29,3.49,4.17,1.16,2.33,2.34,18.73,119.021,4.33
2023-01-27,79.73,85.36,3.52,4.19,1.19,2.33,2.33,18.51,118.9223,4.33
2023-01-28,,,,,,,,,,4.33
2023-01-29,,,,,,,,,,4.33
2023-01-30,77.97,84.9,3.55,4.25,1.26,2.29,2.28,19.94,118.8953,4.33
2023-01-31,78.95,83.42,3.52,4.21,1.28,2.24,2.21,19.4,118.9802,4.33
2023-02-01,76.34,81.61,3.39,4.09,1.14,2.25,2.21,17.87,118.6259,4.33
2023-02-02,75.87,80.57,3.4,4.09,1.18,2.22,2.18,18.73,118.3421,4.58
2023-02-03,73.4,78.85,3.53,4.3,1.31,2.22,2.17,18.33,119.5095,4.58
2023-02-04,,,,,,,,,,4.58
2023-02-05,,,,,,,,,,4.58
2023-02-06,74.11,80.48,3.63,4.44,1.38,2.25,2.17,19.43,120.541,4.58
2023-02-07,77.17,82.92,3.67,4.47,1.36,2.31,2.22,18.66,120.3475,4.58
2023-02-08,78.47,84.17,3.63,4.45,1.29,2.34,2.22,19.63,120.1436,4.58
2023-02-09,78.04,83.46,3.67,4.48,1.34,2.33,2.21,20.71,119.9781,4.57
2023-02-10,79.74,85.46,3.74,4.5,1.41,2.33,2.19,20.53,120.1419,4.58
2023-02-11,,,,,,,,,,4.58
2023-02-12,,,,,,,,,,4.58
2023-02-13,80.14,85.98,3.72,4.52,1.41,2.31,2.18,20.34,119.9828,4.58
2023-02-14,79.08,84.96,3.77,4.6,1.46,2.31,2.17,18.91,119.9229,4.58
2023-02-15,78.57,84.11,3.81,4.62,1.46,2.35,2.19,18.23,120.4557,4.58
2023-02-16,78.45,83.84,3.86,4.62,1.49,2.37,2.22,20.17,120.4651,4.58
2023-02-17,76.31,81.97,3.82,4.6,1.46,2.36,2.22,20.02,120.5526,4.58
2023-02-18,,,,,,,,,,4.58
2023-02-19,,,,,,,,,,4.58
2023-02-20,,82.79,,,,,,21.23,,4.58
2023-02-21,76.28,82.14,3.95,4.67,1.53,2.42,2.26,22.87,120.6256,4.58
2023-02-22,73.95,79.55,3.93,4.66,1.52,2.41,2.3,22.29,120.8389,4.58
2023-02-23,75.26,82.08,3.88,4.66,1.49,2.39,2.28,21.14,121.0896,4.58
2023-02-24,76.19,82.31,3.95,4.78,1.57,2.38,2.29,21.67,121.5681,4.58
2023-02-25,,,,,,,,,,4.58
2023-02-26,,,,,,,,,,4.58
2023-02-27,75.57,81.24,3.92,4.78,1.56,2.36,2.23,20.95,121.3941,4.57
2023-02-28,76.88,83.21,3.92,4.81,1.49,2.43,2.28,20.7,121.3341,4.57
2023-03-01,77.57,83.68,4.01,4.89,1.57,2.44,2.29,20.58,120.6347,4.58
2023-03-02,78.05,84.15,4.08,4.89,1.6,2.48,2.31,19.59,121.1302,4.57
2023-03-03,79.62,85.74,3.97,4.86,1.45,2.52,2.33,18.49,120.7742,4.57
2023-03-04,,,,,,,,,,4.57
2023-03-05,,,,,,,,,,4.57
2023-03-06,80.39,85.86,3.98,4.89,1.49,2.49,2.28,18.61,120.485,4.57
2023-03-07,77.45,83.03,3.97,5.0,1.59,2.38,2.22,19.59,121.4623,4.57
2023-03-08,76.56,82.1,3.98,5.05,1.66,2.32,2.17,19.11,121.4511,4.57
2023-03-09,75.6,81.0,3.93,4.9,1.63,2.3,2.17,22.61,121.4458,4.57
2023-03-10,76.55,82.3,3.7,4.6,1.44,2.26,2.18,24.8,121.2421,4.57
2023-03-11,,,,,,,,,,4.57
2023-03-12,,,,,,,,,,4.57
2023-03-13,74.68,79.67,3.55,4.03,1.31,2.24,2.22,26.52,120.8897,4.58
2023-03-14,71.18,76.77,3.64,4.2,1.33,2.31,2.27,23.73,121.0141,4.58
2023-03-15,67.38,74.3,3.51,3.93,1.22,2.29,2.25,26.14,122.1079,4.58
2023-03-16,68.15,73.12,3.56,4.14,1.34,2.22,2.18,22.99,121.7221,4.58
2023-03-17,66.61,71.03,3.39,3.81,1.29,2.1,2.1,25.51,121.5643,4.58
2023-03-18,,,,,,,,,,4.58
2023-03-19,,,,,,,,,,4.58
2023-03-20,67.56,72.42,3.47,3.92,1.33,2.14,2.14,24.15,121.0141,4.58
2023-03-21,69.4,74.78,3.59,4.17,1.36,2.23,2.21,21.38,120.8958,4.58
2023-03-22,70.71,76.08,3.48,3.96,1.2,2.28,2.25,22.26,120.6217,4.58
2023-03-23,69.77,74.31,3.38,3.76,1.19,2.19,2.12,22.61,119.7587,4.83
2023-03-24,69.22,73.63,3.38,3.76,1.16,2.22,2.23,21.74,120.4598,4.83
2023-03-25,,,,,,,,,,4.83
2023-03-26,,,,,,,,,,4.83
2023-03-27,72.87,76.8,3.53,3.94,1.29,2.24,2.21,20.6,120.2541,4.83
2023-03-28,73.12,78.07,3.55,4.02,1.24,2.31,2.28,19.97,119.7138,4.83
2023-03-29,72.95,77.51,3.57,4.08,1.24,2.33,2.28,19.12,119.7258,4.83
2023-03-30,74.32,78.45,3.55,4.1,1.21,2.34,2.28,19.02,119.4078,4.83
2023-03-31,75.68,79.19,3.48,4.06,1.16,2.32,2.24,18.7,119.3602,4.83
2023-04-01,,,,,,,,,,4.83
2023-04-02,,,,,,,,,,4.83
2023-04-03,80.4,85.81,3.43,3.97,1.14,2.29,2.19,18.55,119.3204,4.83
2023-04-04,80.7,85.7,3.35,3.84,1.1,2.25,2.18,19.0,119.142,4.83
2023-04-05,80.69,85.89,3.3,3.79,1.07,2.23,2.17,19.08,119.2953,4.83
2023-04-06,80.7,86.56,3.3,3.82,1.06,2.24,2.17,18.4,119.3072,4.83
2023-04-07,,,3.39,3.97,1.14,2.25,2.17,,119.3547,4.83
2023-04-08,,,,,,,,,,4.83
2023-04-09,,,,,,,,,,4.83
2023-04-10,79.79,,3.41,4.0,1.14,2.27,2.2,18.97,119.7948,4.83
2023-04-11,81.54,87.32,3.43,4.03,1.14,2.29,2.22,19.1,119.5248,4.83
2023-04-12,83.26,88.31,3.41,3.95,1.14,2.27,2.25,19.09,119.003,4.83
2023-04-13,82.16,86.51,3.45,3.96,1.16,2.29,2.29,17.8,118.3915,4.83
2023-04-14,82.58,87.31,3.52,4.08,1.22,2.3,2.29,17.07,118.8567,4.83
2023-04-15,,,,,,,,,,4.83
2023-04-16,,,,,,,,,,4.83
2023-04-17,80.93,85.63,3.6,4.18,1.28,2.32,2.29,16.95,119.2787,4.83
2023-04-18,80.85,85.48,3.58,4.19,1.3,2.28,2.23,16.83,119.1049,4.83
2023-04-19,79.18,85.34,3.6,4.24,1.32,2.28,2.23,16.46,119.303,4.83
2023-04-20,77.27,83.29,3.54,4.14,1.28,2.26,2.24,17.17,119.1199,4.83
2023-04-21,77.86,83.36,3.57,4.17,1.29,2.28,2.26,16.77,119.3117,4.83
2023-04-22,,,,,,,,,,4.83
2023-04-23,,,,,,,,,,4.83
2023-04-24,78.64,84.23,3.52,4.12,1.24,2.28,2.23,16.89,119.2039,4.83
2023-04-25,77.05,82.13,3.4,3.86,1.15,2.25,2.24,18.76,119.613,4.83
2023-04-26,74.33,79.19,3.43,3.9,1.18,2.25,2.24,18.84,119.3228,4.83
2023-04-27,74.77,80.11,3.53,4.07,1.26,2.27,2.25,17.03,119.4298,4.83
2023-04-28,76.78,81.32,3.44,4.04,1.26,2.18,2.16,15.78,119.2248,4.83
2023-04-29,,,,,,,,,,4.83
2023-04-30,,,,,,,,,,4.83
2023-05-01,75.65,,3.59,4.14,1.36,2.23,2.22,16.08,119.4435,4.83
2023-05-02,71.71,76.71,3.44,3.97,1.24,2.2,2.22,17.78,119.6105,4.83
2023-05-03,68.62,72.91,3.38,3.89,1.18,2.2,2.21,18.34,119.1233,4.83
2023-05-04,68.52,73.0,3.37,3.75,1.18,2.19,2.25,20.09,119.0465,5.08
2023-05-05,71.32,75.85,3.44,3.92,1.23,2.21,2.23,17.19,118.5548,5.08
2023-05-06,,,,,,,,,,5.08
2023-05-07,,,,,,,,,,5.08
2023-05-08,73.13,,3.52,4.0,1.29,2.23,2.24,16.98,118.5759,5.08
2023-05-09,73.68,77.76,3.53,4.01,1.3,2.23,2.24,17.71,118.8239,5.08
2023-05-10,72.53,76.7,3.43,3.9,1.26,2.17,2.21,16.94,118.5864,5.08
2023-05-11,70.81,75.32,3.39,3.89,1.23,2.16,2.22,16.93,119.0303,5.08
2023-05-12,70.02,74.54,3.46,3.98,1.28,2.18,2.25,17.03,119.3671,5.08
2023-05-13,,,,,,,,,,5.08
2023-05-14,,,,,,,,,,5.08
2023-05-15,71.07,75.46,3.5,3.99,1.31,2.19,2.26,17.12,119.1608,5.08
2023-05-16,70.85,75.15,3.54,4.06,1.35,2.19,2.27,17.99,119.1743,5.08
2023-05-17,72.78,76.98,3.57,4.12,1.35,2.22,2.28,16.87,119.607,5.08
2023-05-18,71.82,75.75,3.65,4.24,1.42,2.23,2.3,16.05,120.0886,5.08
2023-05-19,71.57,75.42,3.7,4.28,1.46,2.24,2.29,16.81,119.7751,5.08
2023-05-20,,,,,,,,,,5.08
2023-05-21,,,,,,,,,,5.08
2023-05-22,71.81,75.77,3.72,4.29,1.48,2.24,2.3,17.21,120.0875,5.08
2023-05-23,72.87,76.66,3.7,4.26,1.44,2.26,2.31,18.53,120.3204,5.08
2023-05-24,74.37,77.99,3.73,4.31,1.48,2.25,2.36,20.03,120.4752,5.08
2023-05-25,71.68,75.66,3.83,4.5,1.58,2.25,2.38,19.14,120.8413,5.08
2023-05-26,72.35,76.33,3.8,4.54,1.57,2.23,2.33,17.95,120.6304,5.08
2023-05-27,,,,,,,,,,5.08
2023-05-28,,,,,,,,,,5.08
2023-05-29,,,,,,,,17.46,,5.08
2023-05-30,69.45,73.38,3.69,4.46,1.47,2.22,2.32,17.46,120.5546,5.08
2023-05-31,68.11,71.98,3.64,4.4,1.46,2.18,2.29,17.94,120.9662,5.08
2023-06-01,70.09,74.18,3.61,4.33,1.45,2.16,2.25,15.65,120.0491,5.08
2023-06-02,71.76,76.0,3.69,4.5,1.51,2.18,2.23,14.6,120.0049,5.08
2023-06-03,,,,,,,,,,5.08
2023-06-04,,,,,,,,,,5.08
2023-06-05,72.14,76.61,3.69,4.46,1.5,2.19,2.23,14.73,120.0048,5.08
2023-06-06,71.71,76.22,3.7,4.51,1.5,2.2,2.26,13.96,119.9718,5.08
2023-06-07,72.52,76.85,3.79,4.56,1.58,2.21,2.27,13.94,119.859,5.08
2023-06-08,71.28,75.88,3.73,4.52,1.53,2.2,2.26,13.65,119.5712,5.08
2023-06-09,70.16,74.74,3.75,4.59,1.55,2.2,2.27,13.83,119.4322,5.08
2023-06-10,,,,,,,,,,5.08
2023-06-11,,,,,,,,,,5.08
2023-06-12,67.08,71.8,3.73,4.55,1.56,2.17,2.25,15.01,119.6376,5.08
2023-06-13,69.39,74.24,3.84,4.67,1.64,2.2,2.28,14.61,119.1899,5.08
2023-06-14,68.22,73.39,3.83,4.74,1.62,2.21,2.27,13.88,118.776,5.08
2023-06-15,70.61,75.75,3.72,4.62,1.51,2.21,2.26,14.5,118.5521,5.07
2023-06-16,71.81,76.76,3.77,4.7,1.55,2.22,2.27,13.54,118.4184,5.08
2023-06-17,,,,,,,,,,5.08
2023-06-18,,,,,,,,,,5.08
2023-06-19,,76.09,,,,,,14.19,,5.08
2023-06-20,70.94,75.79,3.74,4.68,1.52,2.22,2.3,13.88,118.938,5.07
2023-06-21,72.55,76.92,3.72,4.68,1.51,2.21,2.27,13.2,118.727,5.07
2023-06-22,69.22,73.93,3.8,4.77,1.56,2.24,2.3,12.91,118.7552,5.07
2023-06-23,68.91,73.56,3.74,4.71,1.53,2.21,2.26,13.44,119.152,5.07
2023-06-24,,,,,,,,,,5.07
2023-06-25,,,,,,,,,,5.07
2023-06-26,69.09,73.86,3.72,4.65,1.54,2.18,2.23,14.25,119.0761,5.07
2023-06-27,67.68,71.88,3.77,4.74,1.57,2.2,2.28,13.74,118.8949,5.07
2023-06-28,69.54,73.64,3.71,4.71,1.53,2.18,2.24,13.43,119.3382,5.07
2023-06-29,69.85,73.86,3.85,4.87,1.65,2.2,2.25,13.54,119.527,5.07
2023-06-30,70.66,74.51,3.81,4.87,1.59,2.22,2.26,13.59,119.3606,5.08
2023-07-01,,,,,,,,,,5.08
2023-07-02,,,,,,,,,,5.08
2023-07-03,69.71,74.52,3.86,4.94,1.61,2.25,2.29,13.57,119.2119,5.08
2023-07-04,,76.23,,,,,,13.7,,5.08
2023-07-05,71.78,76.74,3.95,4.94,1.69,2.26,2.32,14.18,119.3483,5.08
2023-07-06,71.76,76.72,4.05,4.99,1.78,2.27,2.32,15.44,119.8193,5.08
2023-07-07,73.91,78.77,4.06,4.94,1.79,2.27,2.32,14.83,119.0761,5.08
2023-07-08,,,,,,,,,,5.08
2023-07-09,,,,,,,,,,5.08
2023-07-10,73.05,77.83,4.01,4.85,1.76,2.25,2.31,15.07,118.9548,5.07
2023-07-11,74.87,79.54,3.99,4.88,1.75,2.24,2.32,14.84,118.7344,5.08
2023-07-12,75.77,80.35,3.86,4.72,1.6,2.26,2.34,13.54,117.6385,5.08
2023-07-13,76.86,81.31,3.76,4.59,1.52,2.24,2.32,13.61,117.1831,5.08
2023-07-14,75.44,79.9,3.83,4.74,1.59,2.24,2.33,13.34,117.0463,5.08
2023-07-15,,,,,,,,,,5.08
2023-07-16,,,,,,,,,,5.08
2023-07-17,74.17,77.8,3.81,4.74,1.56,2.25,2.34,13.48,117.1267,5.08
2023-07-18,75.76,79.54,3.8,4.74,1.57,2.23,2.33,13.3,117.0264,5.08
2023-07-19,75.4,79.38,3.75,4.74,1.53,2.22,2.31,13.76,117.3462,5.08
2023-07-20,75.65,79.62,3.85,4.8,1.5,2.35,2.49,13.99,117.5947,5.08
2023-07-21,77.06,81.06,3.84,4.82,1.49,2.35,2.47,13.6,117.9418,5.08
2023-07-22,,,,,,,,,,5.08
2023-07-23,,,,,,,,,,5.08
2023-07-24,78.81,82.53,3.86,4.81,1.48,2.38,2.48,13.91,117.8124,5.08
2023-07-25,79.76,83.46,3.91,4.85,1.52,2.39,2.52,13.86,117.8565,5.08
2023-07-26,79.11,82.98,3.86,4.82,1.5,2.36,2.48,13.19,117.76,5.08
2023-07-27,80.17,84.28,4.01,4.91,1.64,2.37,2.47,14.41,117.8938,5.33
2023-07-28,80.55,84.49,3.96,4.87,1.58,2.38,2.48,13.33,117.788,5.33
2023-07-29,,,,,,,,,,5.33
2023-07-30,,,,,,,,,,5.33
2023-07-31,81.8,85.22,3.97,4.88,1.6,2.37,2.47,13.63,117.8241,5.33
2023-08-01,81.37,85.34,4.05,4.92,1.68,2.37,2.48,13.93,118.5738,5.33
2023-08-02,79.5,84.01,4.08,4.88,1.72,2.36,2.47,16.09,119.1268,5.33
2023-08-03,81.56,86.19,4.2,4.9,1.83,2.37,2.5,15.92,119.3963,5.33
2023-08-04,82.76,87.38,4.05,4.78,1.67,2.38,2.5,17.1,118.821,5.33
2023-08-05,,,,,,,,,,5.33
2023-08-06,,,,,,,,,,5.33
2023-08-07,81.94,86.47,4.09,4.76,1.68,2.41,2.53,15.77,119.0809,5.33
2023-08-08,82.94,88.0,4.02,4.74,1.66,2.36,2.48,15.99,119.6407,5.33
2023-08-09,84.35,89.31,4.0,4.79,1.66,2.34,2.45,15.96,119.476,5.33
2023-08-10,82.81,87.44,4.09,4.82,1.76,2.33,2.41,15.85,119.1581,5.33
2023-08-11,83.17,87.93,4.16,4.89,1.8,2.36,2.42,14.84,119.6268,5.33
2023-08-12,,,,,,,,,,5.33
2023-08-13,,,,,,,,,,5.33
2023-08-14,82.5,87.4,4.19,4.96,1.83,2.36,2.43,14.82,120.0725,5.33
2023-08-15,81.06,86.28,4.21,4.92,1.89,2.32,2.4,16.46,120.2127,5.33
2023-08-16,79.4,84.49,4.28,4.97,1.96,2.32,2.41,16.78,120.3551,5.33
2023-08-17,80.43,85.24,4.3,4.94,1.97,2.33,2.42,17.89,120.5242,5.33
2023-08-18,81.25,85.92,4.26,4.92,1.94,2.32,2.42,17.3,120.4321,5.33
2023-08-19,,,,,,,,,,5.33
2023-08-20,,,,,,,,,,5.33
2023-08-21,80.71,85.44,4.34,4.97,2.0,2.34,2.43,17.13,120.4627,5.33
2023-08-22,80.25,84.7,4.34,5.02,1.99,2.35,2.43,16.97,120.3554,5.33
2023-08-23,78.91,83.94,4.19,4.95,1.84,2.35,2.44,15.98,120.0307,5.33
2023-08-24,79.52,84.07,4.23,4.98,1.91,2.32,2.4,17.2,120.2354,5.33
2023-08-25,80.47,85.42,4.25,5.03,1.92,2.33,2.41,15.68,120.5137,5.33
2023-08-26,,,,,,,,,,5.33
2023-08-27,,,,,,,,,,5.33
2023-08-28,80.65,,4.2,4.98,1.9,2.3,2.39,15.08,120.3155,5.33
2023-08-29,81.14,86.37,4.12,4.87,1.83,2.29,2.4,14.45,120.2669,5.33
2023-08-30,81.64,86.62,4.12,4.9,1.86,2.26,2.36,13.88,119.7937,5.33
2023-08-31,83.55,87.29,4.09,4.85,1.85,2.24,2.33,13.57,120.225,5.33
2023-09-01,85.52,89.98,4.18,4.87,1.92,2.26,2.35,13.09,120.759,5.33
2023-09-02,,,,,,,,,,5.33
2023-09-03,,,,,,,,,,5.33
2023-09-04,,90.42,,,,,,13.82,,5.33
2023-09-05,86.74,91.25,4.27,4.94,1.98,2.29,2.37,14.01,121.4345,5.33
2023-09-06,87.55,91.79,4.3,5.01,2.0,2.3,2.37,14.45,121.8671,5.33
2023-09-07,86.87,91.16,4.27,4.94,1.95,2.32,2.4,14.4,121.9528,5.33
2023-09-08,87.51,91.85,4.26,4.98,1.93,2.33,2.4,13.84,121.9475,5.33
2023-09-09,,,,,,,,,,5.33
2023-09-10,,,,,,,,,,5.33
2023-09-11,87.3,91.97,4.29,4.97,1.94,2.35,2.44,13.8,121.3386,5.33
2023-09-12,88.87,93.58,4.27,4.98,1.93,2.34,2.41,14.23,121.2913,5.33
2023-09-13,88.59,93.04,4.25,4.96,1.9,2.35,2.42,13.48,121.0549,5.33
2023-09-14,90.13,95.2,4.29,5.0,1.95,2.34,2.41,12.82,121.2395,5.33
2023-09-15,90.83,95.55,4.33,5.02,1.98,2.35,2.43,13.79,121.199,5.33
2023-09-16,,,,,,,,,,5.33
2023-09-17,,,,,,,,,,5.33
2023-09-18,91.47,95.95,4.32,5.05,1.96,2.36,2.43,14.0,121.1938,5.33
2023-09-19,91.16,96.11,4.37,5.08,2.0,2.37,2.44,14.11,121.1645,5.33
2023-09-20,89.2,94.56,4.35,5.12,2.0,2.35,2.43,15.14,120.9648,5.33
2023-09-21,89.56,93.7,4.49,5.12,2.11,2.38,2.47,17.54,121.5528,5.33
2023-09-22,90.0,93.99,4.44,5.1,2.07,2.37,2.45,17.2,121.5306,5.33
2023-09-23,,,,,,,,,,5.33
2023-09-24,,,,,,,,,,5.33
2023-09-25,89.68,94.01,4.55,5.09,2.18,2.37,2.49,16.9,122.1143,5.33
2023-09-26,91.43,94.46,4.56,5.04,2.23,2.33,2.46,18.94,122.4742,5.33
2023-09-27,93.67,97.1,4.61,5.1,2.27,2.34,2.45,18.22,122.9895,5.33
2023-09-28,91.65,96.64,4.59,5.04,2.2,2.39,2.51,17.34,122.5342,5.33
2023-09-29,90.77,95.86,4.59,5.03,2.24,2.35,2.48,17.52,122.3077,5.33
2023-09-30,,,,,,,,,,5.33
2023-10-01,,,,,,,,,,5.33
2023-10-02,88.81,91.21,4.69,5.12,2.34,2.35,2.47,17.61,123.0545,5.33
2023-10-03,89.26,94.46,4.81,5.15,2.45,2.36,2.51,19.78,123.7848,5.33
2023-10-04,84.32,89.83,4.73,5.05,2.4,2.33,2.48,18.58,123.5946,5.33
2023-10-05,82.3,88.28,4.72,5.03,2.41,2.31,2.48,18.49,123.8993,5.33
2023-10-06,82.83,87.86,4.78,5.08,2.47,2.31,2.45,17.45,123.3563,5.33
2023-10-07,,,,,,,,,,5.33
2023-10-08,,,,,,,,,,5.33
2023-10-09,,91.37,,,,,,17.7,,5.33
2023-10-10,85.89,90.7,4.66,4.96,2.34,2.32,2.46,17.03,122.9282,5.33
2023-10-11,83.7,87.58,4.58,4.99,2.26,2.32,2.44,16.09,122.7697,5.33
2023-10-12,82.87,88.4,4.7,5.06,2.36,2.34,2.45,16.69,123.2101,5.33
2023-10-13,87.67,94.33,4.63,5.04,2.29,2.34,2.42,19.32,123.5954,5.33
2023-10-14,,,,,,,,,,5.33
2023-10-15,,,,,,,,,,5.33
2023-10-16,86.65,90.99,4.71,5.09,2.33,2.38,2.46,17.21,123.3185,5.33
2023-10-17,86.66,92.52,4.83,5.19,2.42,2.41,2.5,17.88,123.1202,5.33
2023-10-18,88.35,91.99,4.91,5.19,2.47,2.44,2.53,19.22,123.8148,5.33
2023-10-19,89.35,93.12,4.98,5.14,2.49,2.49,2.46,21.4,123.798,5.33
2023-10-20,89.12,93.72,4.93,5.07,2.46,2.47,2.47,21.71,123.612,5.33
2023-10-21,,,,,,,,,,5.33
2023-10-22,,,,,,,,,,5.33
2023-10-23,85.49,91.88,4.86,5.05,2.45,2.41,2.41,20.37,123.2846,5.33
2023-10-24,84.58,88.0,4.83,5.02,2.43,2.4,2.42,18.97,123.6416,5.33
2023-10-25,86.07,90.14,4.95,5.08,2.52,2.43,2.46,20.19,123.7871,5.33
2023-10-26,83.8,88.45,4.86,5.02,2.44,2.42,2.47,20.68,124.0064,5.33
2023-10-27,86.04,90.73,4.84,4.99,2.42,2.42,2.45,21.27,123.62,5.33
2023-10-28,,,,,,,,,,5.33
2023-10-29,,,,,,,,,,5.33
2023-10-30,83.03,90.73,4.88,5.03,2.44,2.44,2.48,19.75,123.4076,5.33
2023-10-31,81.64,86.82,4.88,5.07,2.46,2.42,2.44,18.14,123.8364,5.33
2023-11-01,81.05,86.92,4.77,4.95,2.36,2.41,2.46,16.87,123.7922,5.33
2023-11-02,83.04,89.02,4.67,4.98,2.27,2.4,2.45,15.66,122.8818,5.33
2023-11-03,81.19,87.55,4.57,4.83,2.18,2.39,2.46,14.91,121.7564,5.33
2023-11-04,,,,,,,,,,5.33
2023-11-05,,,,,,,,,,5.33
2023-11-06,81.54,87.31,4.67,4.93,2.25,2.42,2.49,14.89,121.6484,5.33
2023-11-07,77.96,83.43,4.58,4.91,2.19,2.39,2.46,14.81,122.0777,5.33
2023-11-08,75.85,81.46,4.49,4.93,2.15,2.34,2.39,14.45,122.0926,5.33
2023-11-09,76.34,81.74,4.62,5.03,2.29,2.33,2.36,15.29,122.1281,5.33
2023-11-10,,83.66,4.61,5.04,2.29,2.32,2.36,14.17,,5.33
2023-11-11,,,,,,,,,,5.33
2023-11-12,,,,,,,,,,5.33
2023-11-13,78.86,84.09,4.63,5.02,2.32,2.31,2.33,14.76,122.4264,5.33
2023-11-14,78.9,84.2,4.44,4.8,2.16,2.28,2.33,14.16,121.35,5.33
2023-11-15,77.15,82.4,4.53,4.9,2.22,2.31,2.38,14.18,121.0749,5.33
2023-11-16,73.5,77.73,4.45,4.83,2.18,2.27,2.34,14.32,121.1754,5.33
2023-11-17,76.47,81.22,4.44,4.88,2.16,2.28,2.33,13.8,120.8477,5.33
2023-11-18,,,,,,,,,,5.33
2023-11-19,,,,,,,,,,5.33
2023-11-20,78.1,83.25,4.42,4.89,2.12,2.3,2.34,13.41,120.2533,5.33
2023-11-21,78.35,82.42,4.41,4.86,2.16,2.25,2.31,13.35,120.2241,5.33
2023-11-22,76.8,81.76,4.42,4.89,2.16,2.26,2.31,12.85,120.6802,5.33
2023-11-23,,80.85,,,,,,12.8,,5.33
2023-11-24,74.83,79.82,4.47,4.92,2.21,2.26,2.31,12.46,120.2105,5.33
2023-11-25,,,,,,,,,,5.33
2023-11-26,,,,,,,,,,5.33
2023-11-27,74.46,79.49,4.39,4.84,2.18,2.21,2.3,12.69,120.173,5.33
2023-11-28,76.09,81.66,4.34,4.73,2.12,2.22,2.29,12.69,119.5904,5.33
2023-11-29,77.56,82.98,4.27,4.64,2.06,2.21,2.28,12.98,119.8159,5.33
2023-11-30,75.66,81.72,4.37,4.73,2.14,2.23,2.31,12.92,120.2434,5.33
2023-12-01,73.7,78.72,4.22,4.56,2.0,2.22,2.32,12.63,119.9424,5.33
2023-12-02,,,,,,,,,,5.33
2023-12-03,,,,,,,,,,5.33
2023-12-04,72.73,78.16,4.28,4.64,2.07,2.21,2.29,13.08,120.4727,5.33
2023-12-05,71.95,77.27,4.18,4.57,2.01,2.17,2.25,12.85,120.7913,5.33
2023-12-06,68.98,74.33,4.12,4.6,1.98,2.14,2.23,12.97,120.5334,5.33
2023-12-07,69.0,74.21,4.14,4.58,1.97,2.17,2.28,13.06,120.6013,5.33
2023-12-08,70.87,75.94,4.23,4.71,2.02,2.21,2.31,12.35,120.7607,5.33
2023-12-09,,,,,,,,,,5.33
2023-12-10,,,,,,,,,,5.33
2023-12-11,70.95,75.75,4.23,4.71,2.04,2.19,2.27,12.63,120.9279,5.33
2023-12-12,68.27,74.11,4.2,4.73,2.04,2.16,2.24,12.07,120.6817,5.33
2023-12-13,69.09,74.14,4.04,4.46,1.88,2.16,2.24,12.19,121.1571,5.33
2023-12-14,71.21,77.05,3.92,4.37,1.7,2.22,2.26,12.48,119.5683,5.33
2023-12-15,71.05,76.84,3.91,4.44,1.69,2.22,2.27,12.28,119.7382,5.33
2023-12-16,,,,,,,,,,5.33
2023-12-17,,,,,,,,,,5.33
2023-12-18,72.16,78.89,3.95,4.43,1.74,2.21,2.24,12.56,119.9102,5.33
2023-12-19,73.23,79.82,3.93,4.41,1.74,2.19,2.21,12.53,119.4632,5.33
2023-12-20,73.87,81.1,3.86,4.34,1.67,2.19,2.22,13.67,119.5435,5.33
2023-12-21,73.59,80.73,3.89,4.33,1.7,2.19,2.2,13.65,119.3168,5.33
2023-12-22,73.29,80.23,3.9,4.31,1.71,2.19,2.22,13.03,119.0625,5.33
2023-12-23,,,,,,,,,,5.33
2023-12-24,,,,,,,,,,5.33
2023-12-25,,,,,,,,,,5.33
2023-12-26,75.84,,3.89,4.26,1.71,2.18,2.19,12.99,118.8875,5.33
2023-12-27,74.31,80.97,3.79,4.2,1.64,2.15,2.18,12.43,118.4729,5.33
2023-12-28,72.02,79.04,3.84,4.26,1.68,2.16,2.21,12.47,118.4104,5.33
2023-12-29,71.89,77.69,3.88,4.23,1.72,2.16,2.2,12.45,118.4208,5.33
2023-12-30,,,,,,,,,,5.33
2023-12-31,,,,,,,,,,5.33
2024-01-01,,,,,,,,,,5.33
2024-01-02,70.62,76.24,3.95,4.33,1.74,2.21,2.25,13.2,119.2686,5.33
2024-01-03,72.97,77.18,3.91,4.33,1.71,2.2,2.23,14.04,119.6958,5.33
2024-01-04,72.38,75.79,3.99,4.38,1.77,2.22,2.26,14.13,119.6208,5.33
2024-01-05,74.0,78.31,4.05,4.4,1.83,2.22,2.25,13.35,119.388,5.33
2024-01-06,,,,,,,,,,5.33
2024-01-07,,,,,,,,,,5.33
2024-01-08,71.06,75.47,4.01,4.36,1.79,2.22,2.25,13.08,119.2506,5.33
2024-01-09,72.43,77.97,4.02,4.36,1.8,2.22,2.27,12.76,119.6666,5.33
2024-01-10,71.57,78.46,4.04,4.37,1.82,2.22,2.26,12.69,119.7614,5.33
2024-01-11,72.15,80.21,3.98,4.26,1.76,2.22,2.26,12.44,119.8916,5.33
2024-01-12,72.94,79.89,3.96,4.14,1.69,2.27,2.32,12.7,119.534,5.33
2024-01-13,,,,,,,,,,5.33
2024-01-14,,,,,,,,,,5.33
2024-01-15,,79.76,,,,,,13.25,,5.33
2024-01-16,72.63,80.15,4.07,4.22,1.77,2.3,2.36,13.84,120.5759,5.33
2024-01-17,72.79,78.88,4.1,4.34,1.8,2.3,2.36,14.79,121.0402,5.33
2024-01-18,74.32,81.04,4.14,4.34,1.8,2.34,2.4,14.13,120.8895,5.33
2024-01-19,73.69,80.71,4.15,4.39,1.81,2.34,2.38,13.3,120.6442,5.33
2024-01-20,,,,,,,,,,5.33
2024-01-21,,,,,,,,,,5.33
2024-01-22,75.26,81.7,4.11,4.37,1.8,2.31,2.35,13.19,120.6178,5.33
2024-01-23,74.72,82.04,4.14,4.31,1.85,2.29,2.32,12.55,121.1001,5.33
2024-01-24,75.48,82.15,4.18,4.34,1.88,2.3,2.37,13.14,120.4916,5.33
2024-01-25,77.91,82.33,4.14,4.28,1.85,2.29,2.34,13.45,120.8311,5.33
2024-01-26,78.45,83.34,4.15,4.34,1.85,2.3,2.34,13.26,120.6173,5.33
2024-01-27,,,,,,,,,,5.33
2024-01-28,,,,,,,,,,5.33
2024-01-29,77.25,83.99,4.08,4.29,1.78,2.3,2.34,13.6,120.8538,5.33
2024-01-30,78.3,84.14,4.06,4.36,1.8,2.26,2.27,13.31,120.6025,5.33
2024-01-31,76.28,82.98,3.99,4.27,1.73,2.26,2.28,14.35,120.4331,5.33
2024-02-01,74.36,82.2,3.87,4.2,1.68,2.19,2.21,13.88,120.3335,5.33
2024-02-02,72.72,79.54,4.03,4.36,1.82,2.21,2.23,13.85,120.902,5.33
2024-02-03,,,,,,,,,,5.33
2024-02-04,,,,,,,,,,5.33
2024-02-05,73.21,79.3,4.17,4.46,1.9,2.27,2.28,13.67,121.349,5.33
2024-02-06,73.83,80.46,4.09,4.39,1.85,2.24,2.24,13.06,120.9588,5.33
2024-02-07,74.26,81.18,4.09,4.41,1.86,2.23,2.2,12.83,120.9049,5.33
2024-02-08,76.67,83.01,4.15,4.46,1.91,2.24,2.2,12.79,121.0798,5.33
2024-02-09,77.26,83.58,4.17,4.48,1.92,2.25,2.22,12.93,121.039,5.33
2024-02-10,,,,,,,,,,5.33
2024-02-11,,,,,,,,,,5.33
2024-02-12,77.34,83.88,4.17,4.46,1.93,2.24,2.21,13.93,120.9378,5.33
2024-02-13,78.28,84.72,4.31,4.64,2.02,2.29,2.25,15.85,121.5202,5.33
2024-02-14,77.09,84.41,4.27,4.56,1.97,2.3,2.26,14.38,121.4002,5.33
2024-02-15,78.47,84.33,4.24,4.56,1.94,2.3,2.25,14.01,121.2121,5.33
2024-02-16,79.65,84.88,4.3,4.64,1.97,2.33,2.28,14.24,121.1505,5.33
2024-02-17,,,,,,,,,,5.33
2024-02-18,,,,,,,,,,5.33
2024-02-19,,85.52,,,,,,14.71,,5.33
2024-02-20,78.72,84.78,4.27,4.59,1.95,2.32,2.27,15.42,121.0199,5.33
2024-02-21,78.89,84.77,4.32,4.64,1.98,2.34,2.29,15.34,121.0379,5.33
2024-02-22,79.64,85.84,4.33,4.69,2.02,2.31,2.25,14.54,121.102,5.33
2024-02-23,77.6,84.18,4.26,4.67,1.96,2.3,2.26,13.75,121.0369,5.33
2024-02-24,,,,,,,,,,5.33
2024-02-25,,,,,,,,,,5.33
2024-02-26,78.53,84.01,4.28,4.69,1.97,2.31,2.26,13.74,121.0592,5.33
2024-02-27,79.8,83.8,4.31,4.7,1.99,2.32,2.26,13.43,120.9647,5.33
2024-02-28,79.44,84.08,4.27,4.64,1.94,2.33,2.28,13.84,121.128,5.33
2024-02-29,79.22,84.57,4.25,4.64,1.92,2.33,2.26,13.4,121.1824,5.33
2024-03-01,80.9,84.82,4.19,4.54,1.87,2.32,2.24,13.11,121.0111,5.33
2024-03-02,,,,,,,,,,5.33
2024-03-03,,,,,,,,,,5.33
2024-03-04,79.67,86.58,4.22,4.61,1.88,2.34,2.26,13.49,120.872,5.33
2024-03-05,79.11,85.82,4.13,4.54,1.81,2.32,2.25,14.46,120.8846,5.33
2024-03-06,80.08,86.59,4.11,4.55,1.81,2.3,2.22,14.5,120.4649,5.33
2024-03-07,79.81,84.88,4.09,4.5,1.81,2.28,2.22,14.44,120.1909,5.33
2024-03-08,78.96,84.29,4.09,4.48,1.81,2.28,2.22,14.74,119.975,5.33
2024-03-09,,,,,,,,,,5.33
2024-03-10,,,,,,,,,,5.33
2024-03-11,78.87,83.44,4.1,4.51,1.83,2.27,2.22,15.22,120.0394,5.33
2024-03-12,78.51,83.66,4.16,4.58,1.86,2.3,2.25,13.84,120.1668,5.33
2024-03-13,80.67,83.95,4.19,4.61,1.89,2.3,2.23,13.75,119.9642,5.33
2024-03-14,82.16,86.16,4.29,4.68,1.99,2.3,2.23,14.4,120.241,5.33
2024-03-15,81.94,85.39,4.31,4.72,1.99,2.32,2.25,14.41,120.4003,5.33
2024-03-16,,,,,,,,,,5.33
2024-03-17,,,,,,,,,,5.33
2024-03-18,83.68,86.47,4.34,4.73,2.03,2.31,2.23,14.33,120.5752,5.33
2024-03-19,84.39,87.36,4.3,4.68,2.0,2.3,2.22,13.82,120.9332,5.33
2024-03-20,82.79,85.77,4.27,4.59,1.96,2.31,2.22,13.04,120.9289,5.33
2024-03-21,81.99,84.92,4.27,4.62,1.93,2.34,2.25,12.92,120.8086,5.33
2024-03-22,81.1,84.87,4.22,4.59,1.87,2.35,2.29,13.06,121.1842,5.33
2024-03-23,,,,,,,,,,5.33
2024-03-24,,,,,,,,,,5.33
2024-03-25,82.41,86.18,4.25,4.54,1.92,2.33,2.25,13.19,121.0295,5.33
2024-03-26,82.41,85.91,4.24,4.56,1.92,2.32,2.26,13.24,121.0742,5.33
2024-03-27,82.15,84.94,4.2,4.54,1.88,2.32,2.27,12.78,121.0089,5.33
2024-03-28,83.96,86.17,4.2,4.59,1.88,2.32,2.26,13.01,121.0635,5.33
2024-03-29,,,,,,,,,121.0191,5.33
2024-03-30,,,,,,,,,,5.33
2024-03-31,,,,,,,,,,5.33
2024-04-01,84.54,,4.33,4.72,1.98,2.35,2.29,13.65,121.5151,5.33
2024-04-02,85.95,87.63,4.36,4.7,2.0,2.36,2.28,14.61,121.3035,5.33
2024-04-03,86.22,90.6,4.36,4.68,2.0,2.36,2.29,14.33,121.0198,5.33
2024-04-04,87.37,90.32,4.31,4.65,1.97,2.34,2.26,16.35,120.7613,5.33
2024-04-05,87.69,92.81,4.39,4.73,2.02,2.37,2.29,16.03,120.9646,5.33
2024-04-06,,,,,,,,,,5.33
2024-04-07,,,,,,,,,,5.33
2024-04-08,87.24,91.73,4.42,4.78,2.04,2.38,2.29,15.19,120.7359,5.33
2024-04-09,86.04,92.13,4.36,4.74,2.0,2.36,2.28,14.98,120.7048,5.33
2024-04-10,86.98,91.57,4.55,4.97,2.15,2.4,2.31,15.8,121.5727,5.33
2024-04-11,85.79,91.49,4.56,4.93,2.16,2.4,2.32,14.91,121.6081,5.33
2024-04-12,86.46,93.12,4.5,4.88,2.11,2.39,2.31,17.31,122.2885,5.33
2024-04-13,,,,,,,,,,5.33
2024-04-14,,,,,,,,,,5.33
2024-04-15,86.21,90.84,4.63,4.93,2.2,2.43,2.34,19.23,122.425,5.33
2024-04-16,86.15,91.29,4.67,4.97,2.24,2.43,2.34,18.4,123.1234,5.33
2024-04-17,83.58,89.54,4.59,4.93,2.2,2.39,2.31,18.21,123.0207,5.33
2024-04-18,83.5,88.34,4.64,4.98,2.24,2.4,2.36,18.0,123.0017,5.33
2024-04-19,83.79,87.96,4.62,4.97,2.21,2.41,2.38,18.71,123.1075,5.33
2024-04-20,,,,,,,,,,5.33
2024-04-21,,,,,,,,,,5.33
2024-04-22,83.82,87.3,4.62,4.97,2.21,2.41,2.37,16.94,123.0609,5.33
2024-04-23,84.17,88.29,4.61,4.86,2.2,2.41,2.38,15.69,122.7227,5.33
2024-04-24,84.09,89.02,4.65,4.89,2.24,2.41,2.4,15.97,122.89,5.33
2024-04-25,84.92,88.1,4.7,4.96,2.28,2.42,2.41,15.37,122.8384,5.33
2024-04-26,85.38,89.95,4.67,4.96,2.24,2.43,2.42,15.03,122.9471,5.33
2024-04-27,,,,,,,,,,5.33
2024-04-28,,,,,,,,,,5.33
2024-04-29,84.26,88.44,4.63,4.97,2.22,2.41,2.39,14.67,122.5449,5.33
2024-04-30,83.49,88.23,4.69,5.04,2.28,2.41,2.39,15.65,122.9853,5.33
2024-05-01,80.7,83.55,4.63,4.96,2.25,2.38,2.37,15.39,123.0168,5.33
2024-05-02,80.59,84.81,4.58,4.87,2.21,2.37,2.37,14.68,122.4384,5.33
2024-05-03,79.65,83.6,4.5,4.81,2.15,2.35,2.35,13.49,122.1375,5.33
2024-05-04,,,,,,,,,,5.33
2024-05-05,,,,,,,,,,5.33
2024-05-06,80.1,,4.49,4.82,2.14,2.35,2.36,13.49,121.8913,5.33
2024-05-07,79.97,82.69,4.47,4.82,2.15,2.32,2.32,13.23,122.093,5.33
2024-05-08,80.57,82.44,4.48,4.84,2.17,2.31,2.31,13.0,122.1926,5.33
2024-05-09,80.86,83.27,4.45,4.8,2.13,2.32,2.3,12.69,122.1634,5.33
2024-05-10,79.81,83.39,4.5,4.87,2.16,2.34,2.34,12.55,122.014,5.33
2024-05-11,,,,,,,,,,5.33
2024-05-12,,,,,,,,,,5.33
2024-05-13,80.71,83.18,4.48,4.85,2.15,2.33,2.33,13.6,122.0261,5.33
2024-05-14,79.62,81.0,4.45,4.81,2.12,2.33,2.34,13.42,121.9256,5.33
2024-05-15,80.23,79.98,4.36,4.73,2.05,2.31,2.33,12.45,121.3543,5.33
2024-05-16,80.85,81.65,4.38,4.78,2.07,2.31,2.32,12.42,121.2236,5.33
2024-05-17,81.66,82.24,4.42,4.83,2.1,2.32,2.32,11.99,121.2354,5.33
2024-05-18,,,,,,,,,,5.33
2024-05-19,,,,,,,,,,5.33
2024-05-20,81.39,81.91,4.44,4.82,2.11,2.33,2.33,12.15,121.2289,5.33
2024-05-21,80.66,81.22,4.41,4.82,2.09,2.32,2.31,11.86,121.3793,5.33
2024-05-22,79.15,79.9,4.43,4.86,2.1,2.33,2.33,12.29,121.5462,5.33
2024-05-23,77.47,79.25,4.47,4.91,2.17,2.3,2.29,12.77,121.7477,5.33
2024-05-24,78.48,78.92,4.46,4.93,2.14,2.32,2.31,11.93,121.6172,5.33
2024-05-25,,,,,,,,,,5.33
2024-05-26,,,,,,,,,,5.33
2024-05-27,,,,,,,,12.36,,5.33
2024-05-28,80.9,81.34,4.54,4.94,2.2,2.34,2.35,12.92,121.43,5.33
2024-05-29,80.24,81.5,4.61,4.96,2.25,2.36,2.36,14.28,122.1641,5.33
2024-05-30,78.96,81.42,4.55,4.92,2.19,2.36,2.37,14.47,121.9601,5.33
2024-05-31,77.97,79.41,4.51,4.89,2.16,2.35,2.36,12.92,122.098,5.33
2024-06-01,,,,,,,,,,5.33
2024-06-02,,,,,,,,,,5.33
2024-06-03,75.26,76.45,4.41,4.82,2.08,2.33,2.35,13.11,122.3509,5.33
2024-06-04,74.27,75.33,4.33,4.77,2.02,2.31,2.34,13.16,122.7256,5.33
2024-06-05,75.08,75.41,4.29,4.72,1.99,2.3,2.33,12.63,122.5339,5.33
2024-06-06,76.52,77.62,4.28,4.72,2.0,2.28,2.31,12.58,122.3713,5.33
2024-06-07,76.53,78.12,4.43,4.87,2.13,2.3,2.32,12.22,123.549,5.33
2024-06-08,,,,,,,,,,5.33
2024-06-09,,,,,,,,,,5.33
2024-06-10,78.75,79.59,4.47,4.87,2.16,2.31,2.35,12.74,123.9125,5.33
2024-06-11,78.88,80.15,4.39,4.81,2.12,2.27,2.29,12.85,124.0349,5.33
2024-06-12,79.56,80.52,4.31,4.75,2.09,2.22,2.27,12.04,123.8295,5.33
2024-06-13,79.61,81.44,4.24,4.68,2.03,2.21,2.28,11.94,124.0235,5.33
2024-06-14,79.41,81.49,4.2,4.67,2.03,2.17,2.23,12.66,124.1694,5.33
2024-06-15,,,,,,,,,,5.33
2024-06-16,,,,,,,,,,5.33
2024-06-17,81.33,82.45,4.28,4.75,2.06,2.22,2.28,12.75,124.239,5.33
2024-06-18,82.67,84.79,4.22,4.69,2.01,2.21,2.25,12.3,123.9776,5.33
2024-06-19,,85.64,,,,,,12.48,,5.33
2024-06-20,83.34,85.92,4.25,4.7,2.0,2.25,2.29,13.28,124.192,5.33
2024-06-21,81.71,86.42,4.25,4.7,2.02,2.23,2.27,13.2,124.1086,5.33
2024-06-22,,,,,,,,,,5.33
2024-06-23,,,,,,,,,,5.33
2024-06-24,82.63,86.75,4.25,4.71,2.03,2.22,2.26,13.33,123.7125,5.33
2024-06-25,81.97,86.81,4.23,4.65,2.01,2.22,2.27,12.84,123.9417,5.33
2024-06-26,82.19,85.76,4.32,4.71,2.06,2.26,2.32,12.55,124.26,5.33
2024-06-27,83.04,87.0,4.29,4.7,2.03,2.26,2.3,12.24,124.3379,5.33
2024-06-28,82.83,87.26,4.36,4.71,2.08,2.28,2.32,12.44,124.2103,5.33
2024-06-29,,,,,,,,,,5.33
2024-06-30,,,,,,,,,,5.33
2024-07-01,84.7,86.57,4.48,4.77,2.16,2.32,2.35,12.22,124.4667,5.33
2024-07-02,84.09,88.28,4.43,4.74,2.13,2.3,2.34,12.03,124.2917,5.33
2024-07-03,85.19,88.25,4.36,4.71,2.09,2.27,2.31,12.09,123.7768,5.33
2024-07-04,,88.34,,,,,,12.26,,5.33
2024-07-05,84.44,88.66,4.28,4.6,2.0,2.28,2.34,12.48,123.4762,5.33
2024-07-06,,,,,,,,,,5.33
2024-07-07,,,,,,,,,,5.33
2024-07-08,83.63,87.15,4.28,4.62,2.01,2.27,2.32,12.37,123.3576,5.33
2024-07-09,82.78,86.48,4.3,4.62,2.04,2.26,2.31,12.51,123.4071,5.33
2024-07-10,83.39,86.55,4.28,4.62,2.01,2.27,2.32,12.85,123.1895,5.33
2024-07-11,83.92,86.49,4.2,4.5,1.95,2.25,2.32,12.92,122.769,5.33
2024-07-12,83.49,87.35,4.18,4.45,1.94,2.24,2.33,12.46,122.4404,5.33
2024-07-13,,,,,,,,,,5.33
2024-07-14,,,,,,,,,,5.33
2024-07-15,83.22,86.42,4.23,4.44,1.96,2.27,2.34,13.12,122.6347,5.33
2024-07-16,81.92,86.6,4.17,4.43,1.91,2.26,2.32,13.19,122.7264,5.33
2024-07-17,84.16,85.76,4.16,4.42,1.9,2.26,2.33,14.48,122.518,5.33
2024-07-18,84.17,86.26,4.2,4.46,1.89,2.31,2.43,15.93,122.7909,5.33
2024-07-19,81.43,85.19,4.25,4.49,1.93,2.32,2.46,16.52,123.147,5.33
2024-07-20,,,,,,,,,,5.33
2024-07-21,,,,,,,,,,5.33
2024-07-22,81.25,83.44,4.26,4.5,1.96,2.3,2.42,14.91,123.2172,5.33
2024-07-23,78.24,82.2,4.25,4.4,1.96,2.29,2.41,14.72,123.3843,5.33
2024-07-24,78.78,83.01,4.28,4.37,2.0,2.28,2.43,18.04,123.5575,5.33
2024-07-25,79.43,82.58,4.27,4.41,1.99,2.28,2.43,18.46,123.5286,5.33
2024-07-26,78.58,81.35,4.2,4.36,1.93,2.27,2.41,16.39,123.672,5.33
2024-07-27,,,,,,,,,,5.33
2024-07-28,,,,,,,,,,5.33
2024-07-29,77.27,80.94,4.17,4.36,1.92,2.25,2.37,16.6,124.1392,5.33
2024-07-30,76.17,79.26,4.15,4.35,1.9,2.25,2.38,17.69,124.2855,5.33
2024-07-31,79.36,81.39,4.09,4.29,1.85,2.24,2.35,16.36,123.6373,5.33
2024-08-01,77.74,81.37,3.99,4.16,1.79,2.2,2.34,18.59,123.8693,5.33
2024-08-02,74.99,78.35,3.8,3.88,1.76,2.04,2.19,23.39,123.4681,5.33
2024-08-03,,,,,,,,,,5.33
2024-08-04,,,,,,,,,,5.33
2024-08-05,74.46,77.51,3.78,3.89,1.71,2.07,2.23,38.57,123.5787,5.33
2024-08-06,74.6,76.62,3.9,3.99,1.78,2.12,2.28,27.71,123.6532,5.33
2024-08-07,76.68,78.26,3.96,4.0,1.85,2.11,2.25,27.85,123.5698,5.33
2024-08-08,77.64,80.76,3.99,4.04,1.87,2.12,2.26,23.79,123.4466,5.33
2024-08-09,78.28,81.07,3.94,4.05,1.84,2.1,2.24,20.37,122.9276,5.33
2024-08-10,,,,,,,,,,5.33
2024-08-11,,,,,,,,,,5.33
2024-08-12,81.45,83.06,3.9,4.01,1.79,2.11,2.24,20.71,123.2204,5.33
2024-08-13,79.81,82.51,3.85,3.93,1.76,2.09,2.22,18.12,123.0146,5.33
2024-08-14,78.47,82.15,3.83,3.94,1.77,2.06,2.19,16.19,122.4297,5.33
2024-08-15,79.66,83.09,3.92,4.08,1.8,2.12,2.25,15.23,122.5844,5.33
2024-08-16,78.05,81.56,3.89,4.06,1.81,2.08,2.19,14.8,122.3972,5.33
2024-08-17,,,,,,,,,,5.33
2024-08-18,,,,,,,,,,5.33
2024-08-19,75.82,81.09,3.86,4.06,1.79,2.07,2.2,14.65,121.8788,5.33
2024-08-20,75.27,78.85,3.82,3.99,1.75,2.07,2.19,15.88,121.7728,5.33
2024-08-21,72.76,78.77,3.79,3.92,1.72,2.07,2.2,16.27,121.8535,5.33
2024-08-22,73.72,78.8,3.86,3.99,1.76,2.1,2.24,17.55,122.3626,5.33
2024-08-23,75.82,80.34,3.81,3.9,1.68,2.13,2.25,15.86,121.4597,5.33
2024-08-24,,,,,,,,,,5.33
2024-08-25,,,,,,,,,,5.33
2024-08-26,78.4,,3.82,3.91,1.67,2.15,2.28,16.15,121.6943,5.33
2024-08-27,76.5,81.51,3.83,3.83,1.68,2.15,2.28,15.43,121.8672,5.33
2024-08-28,75.49,80.04,3.84,3.83,1.69,2.15,2.31,17.11,121.8943,5.33
2024-08-29,76.9,81.55,3.87,3.87,1.71,2.16,2.31,15.65,122.2333,5.33
2024-08-30,74.52,80.2,3.91,3.91,1.76,2.15,2.29,15.0,122.3262,5.33
2024-08-31,,,,,,,,,,5.33
2024-09-01,,,,,,,,,,5.33
2024-09-02,,77.82,,,,,,15.55,,5.33
2024-09-03,71.28,76.46,3.84,3.88,1.73,2.11,2.27,20.72,122.7811,5.33
2024-09-04,70.11,74.67,3.77,3.76,1.7,2.07,2.24,21.32,122.5144,5.33
2024-09-05,70.09,74.47,3.73,3.75,1.7,2.03,2.19,19.9,122.4533,5.33
2024-09-06,68.58,72.82,3.72,3.66,1.69,2.03,2.2,22.38,122.4991,5.33
2024-09-07,,,,,,,,,,5.33
2024-09-08,,,,,,,,,,5.33
2024-09-09,69.65,72.37,3.7,3.68,1.66,2.04,2.2,19.45,122.7156,5.33
2024-09-10,66.73,70.34,3.65,3.59,1.63,2.02,2.18,19.08,123.0071,5.33
2024-09-11,68.25,70.31,3.65,3.62,1.61,2.04,2.18,17.69,122.7754,5.33
2024-09-12,69.89,73.81,3.68,3.64,1.63,2.05,2.17,17.07,122.4423,5.33
2024-09-13,69.59,73.68,3.66,3.57,1.58,2.08,2.21,16.56,121.6551,5.33
2024-09-14,,,,,,,,,,5.33
2024-09-15,,,,,,,,,,5.33
2024-09-16,71.1,73.96,3.63,3.56,1.54,2.09,2.24,17.14,121.4976,5.33
2024-09-17,72.16,74.55,3.65,3.59,1.53,2.12,2.27,17.61,121.6031,5.33
2024-09-18,71.87,74.52,3.7,3.61,1.58,2.12,2.26,18.23,121.5618,5.33
2024-09-19,72.86,75.93,3.73,3.59,1.56,2.17,2.3,16.33,121.3059,4.83
2024-09-20,72.72,75.96,3.73,3.55,1.58,2.15,2.28,16.15,121.4052,4.83
2024-09-21,,,,,,,,,,4.83
2024-09-22,,,,,,,,,,4.83
2024-09-23,71.33,74.95,3.75,3.57,1.58,2.17,2.3,15.89,121.4303,4.83
2024-09-24,72.34,75.29,3.74,3.49,1.55,2.19,2.32,15.39,121.1291,4.83
2024-09-25,70.42,75.4,3.79,3.53,1.61,2.18,2.3,15.41,121.4447,4.83
2024-09-26,68.28,73.06,3.79,3.6,1.63,2.16,2.29,15.37,121.0785,4.83
2024-09-27,68.72,71.63,3.75,3.55,1.6,2.15,2.27,16.96,121.1111,4.83
2024-09-28,,,,,,,,,,4.83
2024-09-29,,,,,,,,,,4.83
2024-09-30,68.75,72.35,3.81,3.66,1.63,2.18,2.29,16.73,121.2864,4.83
2024-10-01,70.41,75.3,3.74,3.61,1.55,2.19,2.31,19.26,121.6881,4.83
2024-10-02,70.74,74.86,3.79,3.63,1.58,2.21,2.32,18.9,121.5724,4.83
2024-10-03,74.33,77.57,3.85,3.7,1.64,2.21,2.31,20.49,122.1197,4.83
2024-10-04,74.93,79.32,3.98,3.93,1.75,2.23,2.32,19.21,122.2197,4.83
2024-10-05,,,,,,,,,,4.83
2024-10-06,,,,,,,,,,4.83
2024-10-07,77.76,81.74,4.03,3.99,1.76,2.27,2.37,22.64,122.4241,4.83
2024-10-08,74.26,78.19,4.04,3.98,1.77,2.27,2.37,21.42,122.6625,4.83
2024-10-09,73.85,77.06,4.06,3.99,1.77,2.29,2.37,20.86,122.8821,4.83
2024-10-10,76.46,79.45,4.09,3.98,1.76,2.33,2.4,20.93,123.0951,4.83
2024-10-11,76.11,80.27,4.08,3.95,1.75,2.33,2.41,20.46,122.9805,4.83
2024-10-12,,,,,,,,,,4.83
2024-10-13,,,,,,,,,,4.83
2024-10-14,,78.47,,,,,,19.7,,4.83
2024-10-15,71.22,73.68,4.03,3.95,1.75,2.28,2.34,20.64,123.5124,4.83
2024-10-16,70.97,73.65,4.02,3.93,1.75,2.27,2.35,19.58,123.9235,4.83
2024-10-17,71.26,74.37,4.09,3.96,1.79,2.3,2.38,19.11,124.1122,4.83
2024-10-18,69.78,72.75,4.08,3.95,1.77,2.31,2.39,18.03,123.9185,4.83
2024-10-19,,,,,,,,,,4.83
2024-10-20,,,,,,,,,,4.83
2024-10-21,71.16,73.29,4.19,4.02,1.88,2.31,2.39,18.37,124.4757,4.83
2024-10-22,72.84,75.59,4.2,4.03,1.87,2.33,2.41,18.2,124.4107,4.83
2024-10-23,71.37,74.68,4.24,4.07,1.93,2.31,2.39,19.24,124.6931,4.83
2024-10-24,70.58,74.27,4.21,4.07,1.91,2.3,2.27,19.08,124.5127,4.83
2024-10-25,72.02,75.62,4.25,4.11,1.96,2.29,2.26,20.33,124.6105,4.83
2024-10-26,,,,,,,,,,4.83
2024-10-27,,,,,,,,,,4.83
2024-10-28,67.65,71.87,4.28,4.12,1.99,2.29,2.27,19.8,124.8076,4.83
2024-10-29,67.48,71.09,4.28,4.11,1.98,2.3,2.27,19.34,124.8612,4.83
2024-10-30,68.91,73.21,4.29,4.15,1.95,2.34,2.31,20.35,124.8153,4.83
2024-10-31,69.58,73.25,4.28,4.16,1.95,2.33,2.28,23.16,124.7988,4.83
2024-11-01,69.81,73.63,4.37,4.21,2.04,2.33,2.29,21.88,124.8076,4.83
2024-11-02,,,,,,,,,,4.83
2024-11-03,,,,,,,,,,4.83
2024-11-04,71.83,74.89,4.31,4.17,2.03,2.28,2.24,21.98,124.5903,4.83
2024-11-05,72.26,76.98,4.26,4.19,1.99,2.27,2.22,20.49,124.5532,4.83
2024-11-06,71.98,76.52,4.42,4.27,2.04,2.38,2.3,16.27,125.7035,4.83
2024-11-07,72.69,75.73,4.31,4.21,1.98,2.33,2.26,15.2,124.775,4.83
2024-11-08,70.69,74.04,4.3,4.26,1.95,2.35,2.27,14.94,125.5811,4.58
2024-11-09,,,,,,,,,,4.58
2024-11-10,,,,,,,,,,4.58
2024-11-11,,72.19,,,,,,14.97,,4.58
2024-11-12,68.43,72.56,4.43,4.34,2.08,2.35,2.27,14.71,126.7762,4.58
2024-11-13,68.76,72.86,4.44,4.27,2.09,2.35,2.28,14.02,126.9572,4.58
2024-11-14,68.99,73.39,4.43,4.34,2.1,2.33,2.26,14.31,127.0015,4.58
2024-11-15,67.33,73.45,4.43,4.31,2.1,2.33,2.27,16.14,126.8848,4.58
2024-11-16,,,,,,,,,,4.58
2024-11-17,,,,,,,,,,4.58
2024-11-18,69.46,74.35,4.42,4.29,2.08,2.34,2.27,15.58,126.6045,4.58
2024-11-19,69.75,74.32,4.39,4.27,2.05,2.34,2.27,16.35,126.3994,4.58
2024-11-20,69.25,74.33,4.41,4.31,2.06,2.35,2.27,17.16,126.88,4.58
2024-11-21,70.39,75.09,4.43,4.34,2.09,2.34,2.26,16.87,127.1047,4.58
2024-11-22,71.68,76.1,4.41,4.37,2.07,2.34,2.25,15.24,127.4712,4.58
2024-11-23,,,,,,,,,,4.58
2024-11-24,,,,,,,,,,4.58
2024-11-25,69.41,74.27,4.27,4.21,1.98,2.29,2.23,14.6,126.9948,4.58
2024-11-26,69.05,74.56,4.3,4.21,2.02,2.28,2.23,14.1,127.4301,4.58
2024-11-27,69.03,73.91,4.25,4.19,1.99,2.26,2.2,14.1,126.8205,4.58
2024-11-28,,73.92,,,,,,13.9,,4.58
2024-11-29,68.26,74.16,4.18,4.13,1.92,2.26,2.19,13.51,126.5798,4.58
2024-11-30,,,,,,,,,,4.58
2024-12-01,,,,,,,,,,4.58
2024-12-02,68.35,72.81,4.19,4.17,1.93,2.26,2.19,13.34,127.1272,4.58
2024-12-03,70.15,74.8,4.23,4.17,1.95,2.28,2.2,13.3,126.9565,4.58
2024-12-04,68.81,74.68,4.19,4.13,1.9,2.29,2.21,13.45,126.7574,4.58
2024-12-05,68.58,73.78,4.17,4.15,1.92,2.25,2.15,13.54,126.4286,4.58
2024-12-06,68.58,73.78,4.15,4.1,1.91,2.24,2.17,12.77,126.688,4.58
2024-12-07,,,,,,,,,,4.58
2024-12-08,,,,,,,,,,4.58
2024-12-09,68.65,73.73,4.2,4.13,1.93,2.27,2.21,14.19,126.5981,4.58
2024-12-10,68.85,73.64,4.22,4.15,1.93,2.29,2.24,14.18,126.957,4.58
2024-12-11,70.57,74.38,4.26,4.15,1.96,2.3,2.22,13.58,126.8483,4.58
2024-12-12,70.25,73.52,4.32,4.18,2.0,2.32,2.25,13.92,126.9556,4.58
2024-12-13,71.54,74.89,4.4,4.25,2.07,2.33,2.26,13.81,127.3096,4.58
2024-12-14,,,,,,,,,,4.58
2024-12-15,,,,,,,,,,4.58
2024-12-16,71.03,74.3,4.39,4.25,2.07,2.32,2.26,14.69,127.2687,4.58
2024-12-17,70.31,73.16,4.4,4.25,2.09,2.31,2.26,15.87,127.5043,4.58
2024-12-18,70.8,74.57,4.5,4.35,2.18,2.32,2.26,27.62,127.6418,4.58
2024-12-19,70.1,73.75,4.57,4.32,2.28,2.29,2.23,24.09,128.6366,4.33
2024-12-20,69.71,73.19,4.52,4.3,2.23,2.29,2.24,18.36,127.893,4.33
2024-12-21,,,,,,,,,,4.33
2024-12-22,,,,,,,,,,4.33
2024-12-23,69.5,72.12,4.59,4.3,2.27,2.32,2.26,16.78,128.3021,4.33
2024-12-24,70.87,73.5,4.59,4.29,2.24,2.35,2.31,14.27,128.3377,4.33
2024-12-25,,,,,,,,,,4.33
2024-12-26,70.38,,4.58,4.3,2.23,2.35,2.31,14.73,128.3329,4.33
2024-12-27,71.28,73.77,4.62,4.31,2.28,2.34,2.3,15.95,128.45,4.33
2024-12-28,,,,,,,,,,4.33
2024-12-29,,,,,,,,,,4.33
2024-12-30,71.73,74.24,4.55,4.24,2.24,2.31,2.27,17.4,128.8205,4.33
2024-12-31,72.44,74.58,4.58,4.25,2.24,2.34,2.3,17.35,129.2775,4.33
2025-01-01,,,,,,,,,,4.33
2025-01-02,73.79,76.14,4.57,4.25,2.23,2.34,2.27,17.93,129.4598,4.33
2025-01-03,74.64,76.72,4.6,4.28,2.26,2.34,2.28,16.13,129.4535,4.33
2025-01-04,,,,,,,,,,4.33
2025-01-05,,,,,,,,,,4.33
2025-01-06,74.31,77.27,4.62,4.28,2.28,2.34,2.28,16.04,128.538,4.33
2025-01-07,74.99,77.84,4.67,4.3,2.29,2.38,2.32,17.82,128.613,4.33
2025-01-08,73.99,77.37,4.67,4.28,2.27,2.4,2.33,17.7,129.0785,4.33
2025-01-09,,78.44,4.68,4.27,2.29,2.39,2.32,18.07,129.2827,4.33
2025-01-10,77.27,79.76,4.77,4.4,2.34,2.43,2.35,19.54,129.8664,4.33
2025-01-11,,,,,,,,,,4.33
2025-01-12,,,,,,,,,,4.33
2025-01-13,79.57,82.69,4.79,4.4,2.34,2.45,2.35,19.19,130.0413,4.33
2025-01-14,78.2,82.39,4.78,4.37,2.34,2.44,2.33,18.71,129.3812,4.33
2025-01-15,80.73,83.48,4.66,4.27,2.24,2.42,2.32,16.12,129.2092,4.33
2025-01-16,79.35,82.39,4.61,4.23,2.19,2.42,2.33,16.6,129.436,4.33
2025-01-17,78.56,83.02,4.61,4.27,2.2,2.41,2.3,15.97,129.4859,4.33
2025-01-18,,,,,,,,,,4.33
2025-01-19,,,,,,,,,,4.33
2025-01-20,,81.68,,,,,,15.81,,4.33
2025-01-21,76.79,80.57,4.57,4.29,2.19,2.38,2.29,15.06,128.4151,4.33
2025-01-22,76.12,80.0,4.6,4.29,2.2,2.4,2.32,15.1,128.3402,4.33
2025-01-23,75.03,78.62,4.65,4.29,2.23,2.42,2.32,15.02,128.2162,4.33
2025-01-24,74.97,78.71,4.63,4.27,2.2,2.43,2.34,14.85,127.4611,4.33
2025-01-25,,,,,,,,,,4.33
2025-01-26,,,,,,,,,,4.33
2025-01-27,73.51,77.3,4.53,4.17,2.13,2.4,2.31,17.9,128.0912,4.33
2025-01-28,74.15,78.01,4.55,4.19,2.13,2.42,2.32,16.41,128.2817,4.33
2025-01-29,72.94,77.02,4.55,4.21,2.15,2.4,2.28,16.56,128.3418,4.33
2025-01-30,73.1,77.42,4.52,4.18,2.14,2.38,2.26,15.84,128.1004,4.33
2025-01-31,72.84,77.11,4.58,4.22,2.16,2.42,2.3,16.43,128.4828,4.33
2025-02-01,,,,,,,,,,4.33
2025-02-02,,,,,,,,,,4.33
2025-02-03,73.52,76.49,4.54,4.26,2.09,2.45,2.29,18.62,129.109,4.33
2025-02-04,73.04,76.58,4.52,4.21,2.08,2.44,2.29,17.21,128.1083,4.33
2025-02-05,71.39,74.71,4.43,4.17,2.01,2.42,2.27,15.77,127.9751,4.33
2025-02-06,70.97,74.54,4.45,4.21,2.03,2.42,2.27,15.5,128.2017,4.33
2025-02-07,71.32,74.68,4.49,4.29,2.07,2.42,2.25,16.54,128.4292,4.33
2025-02-08,,,,,,,,,,4.33
2025-02-09,,,,,,,,,,4.33
2025-02-10,72.73,76.23,4.51,4.28,2.07,2.44,2.28,15.81,128.6382,4.33
2025-02-11,73.67,77.65,4.54,4.29,2.08,2.46,2.28,16.02,128.4322,4.33
2025-02-12,71.72,75.38,4.62,4.36,2.16,2.46,2.26,15.89,128.3288,4.33
2025-02-13,71.66,75.61,4.52,4.31,2.08,2.44,2.24,15.1,127.8931,4.33
2025-02-14,71.05,75.19,4.47,4.26,2.04,2.43,2.24,14.77,127.1491,4.33
2025-02-15,,,,,,,,,,4.33
2025-02-16,,,,,,,,,,4.33
2025-02-17,,75.81,,,,,,15.37,,4.33
2025-02-18,72.21,76.46,4.55,4.29,2.1,2.45,2.25,15.35,127.2906,4.33
2025-02-19,72.58,76.34,4.53,4.28,2.08,2.45,2.24,15.27,127.7317,4.33
2025-02-20,72.88,76.95,4.5,4.28,2.05,2.45,2.24,15.66,127.1126,4.33
2025-02-21,70.72,74.88,4.42,4.19,2.0,2.42,2.23,18.21,127.1408,4.33
2025-02-22,,,,,,,,,,4.33
2025-02-23,,,,,,,,,,4.33
2025-02-24,71.06,74.89,4.4,4.13,1.98,2.42,2.23,18.98,127.1921,4.33
2025-02-25,69.15,73.11,4.3,4.07,1.92,2.38,2.19,19.43,127.3752,4.33
2025-02-26,68.87,73.49,4.25,4.05,1.89,2.36,2.18,19.1,127.2822,4.33
2025-02-27,70.62,75.01,4.29,4.07,1.92,2.37,2.17,21.13,127.9704,4.33
2025-02-28,69.97,74.76,4.24,3.99,1.86,2.38,2.18,19.63,128.2805,4.33
2025-03-01,,,,,,,,,,4.33
2025-03-02,,,,,,,,,,4.33
2025-03-03,68.63,72.85,4.16,3.96,1.8,2.36,2.13,22.78,127.75,4.33
2025-03-04,68.47,72.31,4.22,3.96,1.87,2.35,2.11,23.51,127.9966,4.33
2025-03-05,66.58,70.92,4.28,3.99,1.94,2.34,2.12,21.93,126.504,4.33
2025-03-06,66.62,71.08,4.29,3.96,1.95,2.34,2.15,24.87,126.1099,4.33
2025-03-07,67.29,72.49,4.32,3.99,1.99,2.33,2.14,23.37,125.9814,4.33
2025-03-08,,,,,,,,,,4.33
2025-03-09,,,,,,,,,,4.33
2025-03-10,66.31,71.08,4.22,3.89,1.91,2.31,2.13,27.86,126.268,4.33
2025-03-11,66.52,71.51,4.28,3.94,1.97,2.31,2.12,26.92,126.0457,4.33
2025-03-12,67.65,72.36,4.32,4.01,1.99,2.33,2.13,24.23,125.8664,4.33
2025-03-13,66.82,70.82,4.27,3.94,1.98,2.29,2.1,24.66,126.0031,4.33
2025-03-14,67.43,71.94,4.31,4.02,2.01,2.3,2.12,21.77,125.6942,4.33
2025-03-15,,,,,,,,,,4.33
2025-03-16,,,,,,,,,,4.33
2025-03-17,67.84,71.93,4.31,4.06,2.02,2.29,2.1,20.51,125.3688,4.33
2025-03-18,67.49,71.93,4.29,4.04,1.99,2.3,2.14,21.7,125.488,4.33
2025-03-19,67.4,71.94,4.25,3.99,1.94,2.31,2.12,19.9,125.8006,4.33
2025-03-20,68.55,72.61,4.24,3.95,1.93,2.31,2.11,19.8,125.985,4.33
2025-03-21,68.52,72.64,4.25,3.94,1.92,2.33,2.15,19.28,126.2679,4.33
2025-03-22,,,,,,,,,,4.33
2025-03-23,,,,,,,,,,4.33
2025-03-24,69.46,73.96,4.34,4.04,1.98,2.36,2.18,17.48,126.1956,4.33
2025-03-25,69.48,73.78,4.31,3.96,1.96,2.35,2.14,17.15,126.0535,4.33
2025-03-26,70.05,74.6,4.35,3.98,1.98,2.37,2.18,18.33,126.2364,4.33
2025-03-27,70.3,74.72,4.38,3.97,1.99,2.39,2.18,18.69,126.3626,4.33
2025-03-28,69.74,74.69,4.27,3.89,1.9,2.37,2.16,21.65,126.4187,4.33
2025-03-29,,,,,,,,,,4.33
2025-03-30,,,,,,,,,,4.33
2025-03-31,71.87,77.23,4.23,3.89,1.85,2.38,2.15,22.28,126.7075,4.33
2025-04-01,71.61,77.78,4.17,3.87,1.84,2.33,2.12,21.77,126.4338,4.33
2025-04-02,72.12,77.27,4.2,3.91,1.88,2.32,2.13,21.51,126.3811,4.33
2025-04-03,67.43,72.54,4.06,3.71,1.78,2.28,2.06,30.02,124.7316,4.33
2025-04-04,62.42,68.36,4.01,3.68,1.83,2.18,2.02,45.31,125.8129,4.33
2025-04-05,,,,,,,,,,4.33
2025-04-06,,,,,,,,,,4.33
2025-04-07,61.05,66.13,4.15,3.73,1.96,2.19,2.07,46.98,126.8282,4.33
2025-04-08,60.04,64.86,4.26,3.71,2.04,2.22,2.09,52.33,126.8668,4.33
2025-04-09,62.63,67.3,4.34,3.91,2.07,2.27,2.09,33.62,126.628,4.33
2025-04-10,60.57,65.37,4.4,3.84,2.21,2.19,2.06,40.72,125.089,4.33
2025-04-11,61.91,66.83,4.48,3.96,2.28,2.2,2.07,37.56,124.0163,4.33
2025-04-12,,,,,,,,,,4.33
2025-04-13,,,,,,,,,,4.33
2025-04-14,61.99,67.18,4.38,3.84,2.15,2.23,2.11,30.89,123.6598,4.33
2025-04-15,61.74,66.58,4.35,3.84,2.16,2.19,2.07,30.12,123.776,4.33
2025-04-16,62.88,67.94,4.29,3.77,2.12,2.17,2.05,32.64,123.2724,4.33
2025-04-17,65.07,69.33,4.34,3.81,2.11,2.23,2.2,29.65,123.1298,4.33
2025-04-18,,,,,,,,,122.9865,4.33
2025-04-19,,,,,,,,,,4.33
2025-04-20,,,,,,,,,,4.33
2025-04-21,63.48,,4.42,3.75,2.2,2.22,2.19,33.82,122.3145,4.33
2025-04-22,64.6,68.93,4.41,3.76,2.14,2.27,2.24,30.57,122.4175,4.33
2025-04-23,62.64,68.26,4.4,3.81,2.11,2.29,2.25,28.45,123.0252,4.33
2025-04-24,63.55,67.5,4.32,3.77,2.02,2.3,2.25,26.47,122.9251,4.33
2025-04-25,63.85,66.99,4.29,3.74,2.02,2.27,2.22,24.84,122.8858,4.33
2025-04-26,,,,,,,,,,4.33
2025-04-27,,,,,,,,,,4.33
2025-04-28,63.3,66.13,4.23,3.67,1.98,2.25,2.18,25.15,122.7176,4.33
2025-04-29,61.84,64.04,4.19,3.65,1.96,2.23,2.17,24.17,122.5944,4.33
2025-04-30,59.55,63.37,4.17,3.6,1.94,2.23,2.17,24.7,122.5921,4.33
2025-05-01,60.59,62.37,4.25,3.7,2.0,2.25,2.2,24.6,123.1405,4.33
2025-05-02,59.67,61.57,4.33,3.83,2.06,2.27,2.23,22.68,122.4962,4.33
2025-05-03,,,,,,,,,,4.33
2025-05-04,,,,,,,,,,4.33
2025-05-05,58.5,,4.36,3.83,2.08,2.28,2.23,23.64,122.2613,4.33
2025-05-06,60.42,62.37,4.3,3.78,2.04,2.26,2.18,24.76,122.0417,4.33
2025-05-07,59.42,60.31,4.26,3.78,2.01,2.25,2.17,23.55,122.117,4.33
2025-05-08,61.25,62.22,4.37,3.9,2.08,2.29,2.19,22.48,122.7568,4.33
2025-05-09,62.37,64.26,4.37,3.88,2.08,2.29,2.19,21.9,122.5191,4.33
2025-05-10,,,,,,,,,,4.33
2025-05-11,,,,,,,,,,4.33
2025-05-12,63.32,65.28,4.45,3.98,2.16,2.29,2.23,18.39,123.4863,4.33
2025-05-13,65.04,66.93,4.49,4.02,2.17,2.32,2.26,18.22,122.9583,4.33
2025-05-14,64.48,65.91,4.53,4.05,2.16,2.37,2.3,18.62,122.6746,4.33
2025-05-15,63.03,64.36,4.45,3.96,2.11,2.34,2.27,17.83,122.8174,4.33
2025-05-16,63.84,65.2,4.43,3.98,2.09,2.34,2.26,17.24,123.0737,4.33
2025-05-17,,,,,,,,,,4.33
2025-05-18,,,,,,,,,,4.33
2025-05-19,63.98,66.25,4.46,3.97,2.1,2.36,2.29,18.14,122.4186,4.33
2025-05-20,63.97,66.93,4.48,3.97,2.13,2.35,2.28,18.09,122.3199,4.33
2025-05-21,62.93,65.86,4.58,4.0,2.23,2.35,2.27,20.87,121.7496,4.33
2025-05-22,62.55,64.87,4.54,4.0,2.2,2.34,2.26,20.28,122.0429,4.33
2025-05-23,62.89,65.41,4.51,4.0,2.18,2.33,2.26,22.29,121.3837,4.33
2025-05-24,,,,,,,,,,4.33
2025-05-25,,,,,,,,,,4.33
2025-05-26,,,,,,,,20.57,,4.33
2025-05-27,61.61,64.32,4.43,3.92,2.11,2.32,2.23,18.96,121.6099,4.33
2025-05-28,62.54,65.72,4.47,3.96,2.15,2.32,2.25,19.31,121.9888,4.33
2025-05-29,61.66,64.6,4.43,3.92,2.11,2.32,2.26,19.18,121.5617,4.33
2025-05-30,61.46,64.32,4.41,3.89,2.07,2.34,2.29,18.57,121.7674,4.33
2025-05-31,,,,,,,,,,4.33
2025-06-01,,,,,,,,,,4.33
2025-06-02,63.27,66.55,4.46,3.94,2.13,2.33,2.28,18.36,121.1881,4.33
2025-06-03,64.1,67.48,4.46,3.96,2.14,2.32,2.26,17.69,121.4592,4.33
2025-06-04,63.57,66.69,4.37,3.87,2.06,2.31,2.3,17.61,121.0539,4.33
2025-06-05,64.06,67.14,4.4,3.92,2.11,2.29,2.27,18.48,120.9596,4.33
2025-06-06,65.3,68.02,4.51,4.04,2.2,2.31,2.27,16.77,121.161,4.33
2025-06-07,,,,,,,,,,4.33
2025-06-08,,,,,,,,,,4.33
2025-06-09,65.99,68.73,4.49,4.01,2.18,2.31,2.28,17.16,120.9103,4.33
2025-06-10,65.66,68.41,4.47,4.01,2.18,2.29,2.26,16.95,121.0485,4.33
2025-06-11,68.91,71.29,4.41,3.94,2.14,2.27,2.24,17.26,120.587,4.33
2025-06-12,68.73,70.84,4.36,3.9,2.11,2.25,2.22,18.02,120.1723,4.33
2025-06-13,73.84,76.0,4.41,3.96,2.13,2.28,2.25,20.82,120.3245,4.33
2025-06-14,,,,,,,,,,4.33
2025-06-15,,,,,,,,,,4.33
2025-06-16,72.53,75.05,4.46,3.97,2.16,2.3,2.28,19.11,120.1565,4.33
2025-06-17,75.62,78.7,4.39,3.94,2.08,2.31,2.27,21.6,120.5048,4.33
2025-06-18,75.89,78.38,4.38,3.94,2.07,2.31,2.26,20.14,120.7305,4.33
2025-06-19,,80.37,,,,,,22.17,,4.33
2025-06-20,75.72,78.73,4.38,3.9,2.05,2.33,2.29,20.62,121.0408,4.33
2025-06-21,,,,,,,,,,4.33
2025-06-22,,,,,,,,,,4.33
2025-06-23,69.36,74.34,4.34,3.84,2.04,2.3,2.27,19.83,121.1694,4.33
2025-06-24,65.45,69.13,4.3,3.75,2.01,2.29,2.28,17.48,120.3645,4.33
2025-06-25,65.98,68.4,4.29,3.74,2.01,2.28,2.28,16.76,120.3336,4.33
2025-06-26,66.44,68.57,4.26,3.7,1.98,2.28,2.27,16.59,119.6451,4.33
2025-06-27,66.66,69.37,4.29,3.73,2.0,2.29,2.27,16.32,119.659,4.33
2025-06-28,,,,,,,,,,4.33
2025-06-29,,,,,,,,,,4.33
2025-06-30,66.3,68.15,4.24,3.72,1.95,2.29,2.27,16.73,119.4088,4.33
2025-07-01,66.64,67.63,4.26,3.78,1.97,2.29,2.26,16.83,119.3436,4.33
2025-07-02,68.66,70.8,4.3,3.78,2.0,2.3,2.26,16.64,119.3037,4.33
2025-07-03,68.13,70.42,4.35,3.88,2.02,2.33,2.29,16.38,119.2382,4.33
2025-07-04,,71.03,,,,,,17.48,,4.33
2025-07-05,,,,,,,,,,4.33
2025-07-06,,,,,,,,,,4.33
2025-07-07,69.16,71.95,4.4,3.9,2.05,2.35,2.3,17.79,119.6201,4.33
2025-07-08,69.55,72.5,4.42,3.9,2.07,2.35,2.31,16.81,119.8371,4.33
2025-07-09,69.61,71.98,4.34,3.86,2.01,2.33,2.28,15.94,119.7311,4.33
2025-07-10,67.78,70.38,4.35,3.86,2.01,2.34,2.29,15.78,119.8343,4.33
2025-07-11,69.63,72.06,4.43,3.9,2.06,2.37,2.3,16.4,119.9214,4.33
2025-07-12,,,,,,,,,,4.33
2025-07-13,,,,,,,,,,4.33
2025-07-14,68.19,70.96,4.43,3.9,2.04,2.39,2.33,17.2,120.2209,4.33
2025-07-15,67.76,70.27,4.5,3.95,2.09,2.41,2.34,17.38,120.5105,4.33
2025-07-16,67.13,69.67,4.46,3.88,2.05,2.41,2.33,17.16,120.4175,4.33
2025-07-17,68.76,71.32,4.47,3.91,2.04,2.43,2.33,16.52,120.6384,4.33
2025-07-18,68.53,71.06,4.44,3.88,2.03,2.41,2.32,16.41,120.356,4.33
2025-07-19,,,,,,,,,,4.33
2025-07-20,,,,,,,,,,4.33
2025-07-21,68.39,71.92,4.38,3.85,1.98,2.4,2.31,16.65,119.9961,4.33
2025-07-22,67.56,69.69,4.35,3.83,1.96,2.39,2.31,16.5,119.681,4.33
2025-07-23,66.05,69.17,4.4,3.88,2.03,2.37,2.3,15.37,119.5697,4.33
2025-07-24,67.16,70.42,4.43,3.91,1.98,2.45,2.4,15.39,119.5664,4.33
2025-07-25,66.38,69.23,4.4,3.91,1.96,2.44,2.41,14.93,119.9857,4.33
2025-07-26,,,,,,,,,,4.33
2025-07-27,,,,,,,,,,4.33
2025-07-28,67.81,70.87,4.42,3.91,1.98,2.44,2.41,15.03,120.6149,4.33
2025-07-29,70.27,73.21,4.34,3.86,1.91,2.43,2.38,15.98,120.9674,4.33
2025-07-30,71.09,73.98,4.38,3.94,1.96,2.42,2.36,15.48,121.4042,4.33
2025-07-31,70.36,73.43,4.37,3.94,1.98,2.39,2.32,16.72,121.721,4.33
2025-08-01,68.39,70.55,4.23,3.69,1.9,2.33,2.28,20.38,121.2122,4.33
2025-08-02,,,,,,,,,,4.33
2025-08-03,,,,,,,,,,4.33
2025-08-04,67.33,69.56,4.22,3.69,1.85,2.37,2.33,17.52,120.9859,4.33
2025-08-05,66.2,69.14,4.22,3.72,1.86,2.36,2.31,17.85,120.9082,4.33
2025-08-06,65.38,67.97,4.22,3.69,1.88,2.34,2.28,16.77,120.5082,4.33
2025-08-07,64.9,66.99,4.23,3.72,1.88,2.35,2.29,16.57,120.5043,4.33
2025-08-08,64.94,67.17,4.27,3.76,1.88,2.39,2.32,15.15,120.3329,4.33
2025-08-09,,,,,,,,,,4.33
2025-08-10,,,,,,,,,,4.33
2025-08-11,65.03,67.36,4.27,3.76,1.87,2.4,2.34,16.25,120.6892,4.33
2025-08-12,64.22,66.8,4.29,3.72,1.91,2.38,2.33,14.73,120.2736,4.33
2025-08-13,63.68,66.25,4.24,3.67,1.87,2.37,2.32,14.49,120.13,4.33
2025-08-14,64.99,68.12,4.29,3.74,1.9,2.39,2.35,14.83,120.6446,4.33
2025-08-15,63.78,67.3,4.33,3.75,1.95,2.38,2.34,15.09,120.3377,4.33
2025-08-16,,,,,,,,,,4.33
2025-08-17,,,,,,,,,,4.33
2025-08-18,64.51,68.18,4.34,3.77,1.96,2.38,2.34,14.99,120.5622,4.33
2025-08-19,63.38,66.62,4.3,3.75,1.95,2.35,2.31,15.57,120.7224,4.33
2025-08-20,64.19,67.61,4.29,3.74,1.94,2.35,2.3,15.69,120.7757,4.33
2025-08-21,64.56,68.41,4.33,3.79,1.94,2.39,2.34,16.6,121.0843,4.33
2025-08-22,64.08,68.29,4.26,3.68,1.85,2.41,2.34,14.22,120.2774,4.33
2025-08-23,,,,,,,,,,4.33
2025-08-24,,,,,,,,,,4.33
2025-08-25,65.18,,4.28,3.73,1.87,2.41,2.33,14.79,120.4214,4.33
2025-08-26,63.6,66.89,4.26,3.61,1.84,2.42,2.34,14.62,120.5274,4.33
2025-08-27,64.49,67.75,4.24,3.59,1.81,2.43,2.36,14.85,120.7274,4.33
2025-08-28,64.96,68.61,4.22,3.62,1.81,2.41,2.33,14.43,120.2595,4.33
2025-08-29,64.36,67.83,4.23,3.59,1.82,2.41,2.35,15.36,120.2082,4.33
2025-08-30,,,,,,,,,,4.33
2025-08-31,,,,,,,,,,4.33
2025-09-01,,67.09,,,,,,16.12,,4.33
2025-09-02,65.95,68.09,4.28,3.66,1.87,2.41,2.34,17.17,120.6837,4.33
2025-09-03,64.36,67.76,4.22,3.61,1.82,2.4,2.34,16.35,120.5052,4.33
2025-09-04,63.81,66.41,4.17,3.59,1.79,2.38,2.32,15.3,120.7629,4.33
2025-09-05,62.22,64.92,4.1,3.51,1.73,2.37,2.32,15.18,120.1282,4.33
2025-09-06,,,,,,,,,,4.33
2025-09-07,,,,,,,,,,4.33
2025-09-08,62.6,65.44,4.05,3.49,1.7,2.35,2.29,15.11,120.0971,4.33
2025-09-09,62.97,67.97,4.08,3.54,1.72,2.36,2.29,15.04,120.1569,4.33
2025-09-10,64.01,67.62,4.04,3.54,1.69,2.35,2.29,15.35,120.1223,4.33
2025-09-11,62.71,67.25,4.01,3.52,1.67,2.34,2.27,14.71,119.9534,4.33
2025-09-12,63.02,67.87,4.06,3.56,1.7,2.36,2.3,14.76,120.0611,4.33
2025-09-13,,,,,,,,,,4.33
2025-09-14,,,,,,,,,,4.33
2025-09-15,63.66,67.88,4.05,3.54,1.68,2.37,2.33,15.69,119.5644,4.33
2025-09-16,64.89,69.69,4.04,3.51,1.67,2.37,2.32,16.36,119.1348,4.33
2025-09-17,64.41,69.19,4.06,3.52,1.68,2.38,2.33,15.72,119.1582,4.33
2025-09-18,63.91,67.83,4.11,3.57,1.73,2.38,2.32,15.7,119.6616,4.08
2025-09-19,63.02,67.05,4.14,3.57,1.75,2.39,2.35,15.45,119.7858,4.08
2025-09-20,,,,,,,,,,4.08
2025-09-21,,,,,,,,,,4.08
2025-09-22,62.99,66.87,4.15,3.61,1.78,2.37,2.32,16.1,119.8152,4.09
2025-09-23,63.76,67.96,4.12,3.53,1.75,2.37,2.32,16.64,119.6202,4.09
2025-09-24,65.4,69.64,4.16,3.57,1.78,2.38,2.34,16.18,120.1707,4.09
2025-09-25,65.51,70.48,4.18,3.64,1.8,2.38,2.34,16.74,120.5419,4.09
2025-09-26,66.5,71.15,4.2,3.63,1.82,2.38,2.34,15.29,120.4349,4.09
2025-09-27,,,,,,,,,,4.09
2025-09-28,,,,,,,,,,4.09
2025-09-29,64.27,69.0,4.15,3.63,1.8,2.35,2.29,16.12,120.115,4.09
2025-09-30,63.17,68.52,4.16,3.6,1.8,2.36,2.3,16.28,120.1368,4.09
2025-10-01,62.59,66.67,4.12,3.55,1.77,2.35,2.31,16.29,120.1502,4.09
2025-10-02,61.28,65.44,4.1,3.55,1.76,2.34,2.31,16.63,120.4296,4.09
2025-10-03,61.65,66.13,4.13,3.58,1.8,2.33,2.28,16.65,120.0881,4.09
2025-10-04,,,,,,,,,,4.09
2025-10-05,,,,,,,,,,4.09
2025-10-06,62.49,67.09,4.18,3.6,1.84,2.34,2.3,16.37,120.2722,4.09
2025-10-07,62.52,67.1,4.14,3.57,1.79,2.35,2.31,17.24,120.4884,4.09
2025-10-08,63.37,67.42,4.13,3.58,1.78,2.35,2.31,16.3,120.7766,4.1
2025-10-09,62.36,67.23,4.14,3.6,1.8,2.34,2.29,16.43,121.0902,4.1
2025-10-10,59.75,64.41,4.05,3.52,1.75,2.3,2.25,21.66,121.1163,4.1
2025-10-11,,,,,,,,,,4.1
2025-10-12,,,,,,,,,,4.1
2025-10-13,,64.15,,,,,,19.03,,4.1
2025-10-14,59.52,63.0,4.03,3.48,1.73,2.3,2.27,20.81,121.1822,4.1
2025-10-15,59.08,62.33,4.05,3.5,1.76,2.29,2.25,20.64,120.8642,4.1
2025-10-16,58.29,61.08,3.99,3.41,1.71,2.28,2.27,25.31,120.6698,4.11
2025-10-17,58.3,61.23,4.02,3.46,1.75,2.27,2.25,20.78,120.7028,4.11
2025-10-18,,,,,,,,,,4.11
2025-10-19,,,,,,,,,,4.11
2025-10-20,58.34,60.71,4.0,3.46,1.74,2.26,2.24,18.23,120.6209,4.11
2025-10-21,58.66,61.0,3.98,3.45,1.7,2.28,2.26,17.87,120.8895,4.11
2025-10-22,59.3,62.28,3.97,3.45,1.68,2.29,2.26,18.6,120.8958,4.11
2025-10-23,62.44,66.32,4.01,3.48,1.71,2.3,2.18,17.3,120.9531,4.11
2025-10-24,62.27,65.8,4.02,3.48,1.73,2.29,2.18,16.37,120.9345,4.11
2025-10-25,,,,,,,,,,4.11
2025-10-26,,,,,,,,,,4.11
2025-10-27,62.13,65.52,4.01,3.48,1.73,2.28,2.19,15.79,120.7988,4.12
2025-10-28,60.97,64.03,3.99,3.47,1.71,2.28,2.2,16.42,120.6361,4.12
2025-10-29,61.26,65.01,4.08,3.59,1.78,2.3,2.23,16.92,120.5312,4.12
2025-10-30,61.36,65.11,4.11,3.61,1.82,2.29,2.2,16.91,121.2832,3.87
2025-10-31,61.75,65.44,4.11,3.6,1.81,2.3,2.2,17.44,121.3859,3.86
2025-11-01,,,,,,,,,,3.86
2025-11-02,,,,,,,,,,3.86
2025-11-03,61.79,65.79,4.13,3.6,1.82,2.31,2.21,17.17,121.4512,3.87
2025-11-04,61.38,65.04,4.1,3.58,1.81,2.29,2.2,19.0,121.8271,3.87
2025-11-05,60.4,63.54,4.17,3.63,1.87,2.3,2.21,18.01,121.8482,3.87
2025-11-06,60.24,63.41,4.11,3.57,1.83,2.28,2.19,19.5,121.6948,3.87
2025-11-07,60.54,63.72,4.11,3.55,1.83,2.28,2.2,19.08,121.388,3.87
2025-11-08,,,,,,,,,,3.87
2025-11-09,,,,,,,,,,3.87
2025-11-10,60.94,63.01,4.13,3.58,1.84,2.29,2.2,17.6,121.2984,3.87
2025-11-11,,63.86,,,,,,17.28,,3.87
2025-11-12,59.3,61.88,4.08,3.56,1.81,2.27,2.17,17.51,121.0458,3.87
2025-11-13,59.54,62.14,4.11,3.58,1.83,2.28,2.19,20.0,120.7725,3.88
2025-11-14,60.87,63.45,4.14,3.62,1.86,2.28,2.18,19.83,120.9666,3.88
2025-11-15,,,,,,,,,,3.88
2025-11-16,,,,,,,,,,3.88
2025-11-17,60.66,63.16,4.13,3.6,1.85,2.28,2.19,22.38,121.1146,3.88
2025-11-18,61.51,64.86,4.12,3.58,1.85,2.27,2.18,24.69,121.2127,3.88
2025-11-19,60.27,63.78,4.13,3.58,1.86,2.27,2.18,23.66,121.4978,3.88
2025-11-20,60.07,63.64,4.1,3.55,1.86,2.24,2.14,26.42,121.6889,3.88
2025-11-21,58.86,62.78,4.06,3.51,1.82,2.24,2.16,23.43,121.8653,3.88
2025-11-22,,,,,,,,,,3.88
2025-11-23,,,,,,,,,,3.88
2025-11-24,59.11,64.83,4.04,3.46,1.81,2.23,2.16,20.52,121.9171,3.88
2025-11-25,58.25,63.99,4.01,3.43,1.79,2.22,2.17,18.56,121.6335,3.88
2025-11-26,58.81,64.81,4.0,3.45,1.77,2.23,2.17,17.19,121.2437,3.88
2025-11-27,,64.18,,,,,,17.21,,3.88
2025-11-28,58.58,64.07,4.02,3.47,1.79,2.23,2.17,16.35,121.0527,3.89
2025-11-29,,,,,,,,,,3.89
2025-11-30,,,,,,,,,,3.89
2025-12-01,59.47,64.22,4.09,3.54,1.85,2.24,2.17,17.24,120.9862,3.89
2025-12-02,58.81,63.37,4.09,3.51,1.85,2.24,2.18,16.59,121.1467,3.89
2025-12-03,59.09,63.75,4.06,3.49,1.82,2.24,2.19,16.08,120.7336,3.89
2025-12-04,59.82,64.15,4.11,3.52,1.85,2.26,2.19,15.78,120.6766,3.89
2025-12-05,60.23,64.42,4.14,3.56,1.88,2.26,2.18,15.41,120.6863,3.89
2025-12-06,,,,,,,,,,3.89
2025-12-07,,,,,,,,,,3.89
2025-12-08,59.04,63.3,4.17,3.57,1.91,2.26,2.2,16.66,120.776,3.89
2025-12-09,58.4,62.62,4.18,3.61,1.92,2.26,2.2,16.93,120.6832,3.89
2025-12-10,58.67,63.12,4.13,3.54,1.88,2.25,2.18,15.77,120.6752,3.89
2025-12-11,57.76,61.87,4.14,3.52,1.89,2.25,2.18,14.85,119.98,3.64
2025-12-12,57.61,62.11,4.19,3.52,1.93,2.26,2.2,15.74,120.1442,3.64
2025-12-13,,,,,,,,,,3.64
2025-12-14,,,,,,,,,,3.64
2025-12-15,56.97,61.55,4.18,3.51,1.93,2.25,2.21,16.5,119.9561,3.64
2025-12-16,55.44,59.93,4.15,3.48,1.92,2.23,2.21,16.48,119.8902,3.64
2025-12-17,56.07,60.61,4.16,3.49,1.92,2.24,2.22,17.62,120.155,3.64
2025-12-18,56.22,60.69,4.12,3.46,1.88,2.24,2.22,16.87,120.0528,3.64
2025-12-19,56.8,61.35,4.16,3.48,1.92,2.24,2.21,14.91,120.1652,3.64
2025-12-20,,,,,,,,,,3.64
2025-12-21,,,,,,,,,,3.64
2025-12-22,58.18,62.22,4.17,3.44,1.94,2.23,2.21,14.08,119.9912,3.64
2025-12-23,58.55,63.7,4.18,3.48,1.94,2.24,2.24,14.0,119.7057,3.64
2025-12-24,58.72,63.7,4.15,3.47,1.91,2.24,2.24,13.47,119.4372,3.64
2025-12-25,,,,,,,,,,3.64
2025-12-26,56.6,,4.14,3.46,1.91,2.23,2.24,13.6,119.4723,3.64
2025-12-27,,,,,,,,,,3.64
2025-12-28,,,,,,,,,,3.64
2025-12-29,57.89,63.1,4.12,3.45,1.9,2.22,2.21,14.2,119.5899,3.64
2025-12-30,57.79,62.3,4.14,3.45,1.9,2.24,2.23,14.33,119.4939,3.64
2025-12-31,57.26,61.35,4.18,3.47,1.93,2.25,2.24,14.95,119.7456,3.64
2026-01-01,,,,,,,,,,3.64
2026-01-02,57.21,61.98,4.19,3.47,1.94,2.25,2.22,14.51,119.6059,3.64
2026-01-03,,,,,,,,,,3.64
2026-01-04,,,,,,,,,,3.64
2026-01-05,58.1,63.0,4.17,3.46,1.91,2.26,2.23,14.9,119.6192,3.64
2026-01-06,56.97,62.1,4.18,3.47,1.91,2.27,2.24,14.75,119.7807,3.64
2026-01-07,56.01,61.08,4.15,3.47,1.88,2.27,2.24,15.38,119.8719,3.64
2026-01-08,57.74,63.34,4.19,3.49,1.92,2.27,2.23,15.45,120.0904,3.64
2026-01-09,58.96,65.11,4.18,3.54,1.9,2.28,2.24,14.49,120.2215,3.64
2026-01-10,,,,,,,,,,3.64
2026-01-11,,,,,,,,,,3.64
2026-01-12,59.39,65.4,4.19,3.54,1.9,2.29,2.22,15.12,119.9958,3.64
2026-01-13,60.85,67.58,4.18,3.53,1.88,2.3,2.23,15.98,120.1401,3.64
2026-01-14,61.84,68.87,4.15,3.51,1.86,2.29,2.22,16.75,119.9537,3.64
2026-01-15,59.13,66.16,4.17,3.56,1.88,2.29,2.22,15.84,119.9951,3.64
2026-01-16,59.4,66.97,4.24,3.59,1.91,2.33,2.27,15.86,120.0838,3.64
2026-01-17,,,,,,,,,,3.64
2026-01-18,,,,,,,,,,3.64
2026-01-19,,66.91,,,,,,18.84,,3.64
2026-01-20,60.3,67.68,4.3,3.6,1.97,2.33,2.26,20.09,119.4455,3.64
2026-01-21,60.38,66.72,4.26,3.6,1.92,2.34,2.26,16.9,119.3431,3.64
2026-01-22,59.24,65.46,4.26,3.61,1.95,2.31,2.2,15.64,119.1962,3.64
2026-01-23,60.7,68.16,4.24,3.6,1.92,2.32,2.18,16.09,118.8976,3.64
2026-01-24,,,,,,,,,,3.64
2026-01-25,,,,,,,,,,3.64
2026-01-26,60.46,67.7,4.22,3.56,1.9,2.32,2.19,16.15,118.0525,3.64
2026-01-27,62.04,70.28,4.24,3.53,1.9,2.34,2.21,16.35,117.4523,3.64
2026-01-28,62.75,70.9,4.26,3.56,1.9,2.36,2.22,16.35,117.5117,3.64
2026-01-29,64.77,71.0,4.24,3.53,1.89,2.35,2.18,16.88,117.4396,3.64
2026-01-30,64.5,72.25,4.26,3.52,1.9,2.36,2.19,17.44,117.8996,3.64
2026-01-31,,,,,,,,,,3.64
2026-02-01,,,,,,,,,,3.64
2026-02-02,61.6,67.72,4.29,3.57,1.94,2.35,2.18,16.34,118.3609,3.64
2026-02-03,62.62,70.01,4.28,3.57,1.92,2.36,2.19,18.0,117.9764,3.64
2026-02-04,64.56,71.15,4.29,3.57,1.94,2.35,2.19,18.64,118.2602,3.64
2026-02-05,62.9,69.87,4.21,3.47,1.89,2.32,2.16,21.77,118.5034,3.64
2026-02-06,63.77,70.45,4.22,3.5,1.88,2.34,2.18,17.76,118.2407,3.64
2026-02-07,,,,,,,,,,3.64
2026-02-08,,,,,,,,,,3.64
2026-02-09,64.53,71.19,4.22,3.48,1.87,2.35,2.2,17.36,117.6392,3.64
2026-02-10,64.2,71.01,4.16,3.45,1.84,2.32,2.17,17.79,117.5216,3.64
2026-02-11,64.8,71.52,4.18,3.52,1.86,2.32,2.15,17.65,117.4601,3.64
2026-02-12,63.08,69.8,4.09,3.47,1.8,2.29,2.13,20.82,117.5376,3.64
2026-02-13,63.05,69.96,4.04,3.4,1.77,2.27,2.12,20.6,117.5258,3.64
2026-02-14,,,,,,,,,,3.64
2026-02-15,,,,,,,,,,3.64
2026-02-16,,70.81,,,,,,21.2,,3.64
2026-02-17,62.53,69.77,4.05,3.43,1.79,2.26,2.13,20.29,117.7375,3.64
2026-02-18,65.33,71.78,4.09,3.47,1.8,2.29,2.15,19.62,117.8426,3.64
2026-02-19,66.66,73.17,4.08,3.47,1.79,2.29,2.15,20.23,118.2354,3.64
2026-02-20,66.69,72.75,4.08,3.48,1.8,2.28,2.13,19.09,117.9917,3.64
2026-02-21,,,,,,,,,,3.64
2026-02-22,,,,,,,,,,3.64
2026-02-23,66.36,71.9,4.03,3.43,1.77,2.26,2.12,21.01,117.9395,3.64
2026-02-24,65.62,71.21,4.04,3.43,1.78,2.26,2.12,19.55,117.9463,3.64
2026-02-25,65.3,70.69,4.05,3.45,1.77,2.28,2.14,17.93,117.769,3.64
2026-02-26,65.1,71.66,4.02,3.42,1.74,2.28,2.13,18.63,117.9042,3.64
2026-02-27,66.96,71.32,3.97,3.38,1.72,2.25,2.1,19.86,117.8223,3.64
2026-02-28,,,,,,,,,,3.64
2026-03-01,,,,,,,,,,3.64
2026-03-02,71.13,77.24,4.05,3.47,1.76,2.29,2.12,21.44,118.667,3.64
2026-03-03,74.48,83.28,4.06,3.51,1.77,2.29,2.12,23.57,119.4341,3.64
2026-03-04,74.58,81.56,4.09,3.54,1.8,2.29,2.12,21.15,119.0705,3.64
2026-03-05,80.88,88.59,4.13,3.57,1.82,2.31,2.11,23.75,119.5683,3.64
2026-03-06,90.77,95.74,4.15,3.56,1.8,2.35,2.14,29.49,119.491,3.64
2026-03-07,,,,,,,,,,3.64
2026-03-08,,,,,,,,,,3.64
2026-03-09,94.65,94.35,4.12,3.56,1.78,2.34,2.12,25.5,119.5151,3.64
2026-03-10,83.71,89.84,4.15,3.57,1.82,2.33,2.13,24.93,118.7255,3.64
2026-03-11,86.8,90.98,4.21,3.64,1.85,2.36,2.14,24.23,119.2885,3.64
2026-03-12,95.61,102.38,4.27,3.76,1.89,2.38,2.13,27.29,119.8227,3.64
2026-03-13,98.48,103.23,4.28,3.73,1.92,2.36,2.11,27.19,120.5518,3.64
2026-03-14,,,,,,,,,,3.64
2026-03-15,,,,,,,,,,3.64
2026-03-16,93.39,101.04,4.23,3.68,1.87,2.36,2.14,23.51,120.097,3.64
2026-03-17,96.01,108.39,4.2,3.68,1.83,2.37,2.12,22.37,119.8328,3.64
2026-03-18,96.12,118.09,4.26,3.76,1.86,2.4,2.14,25.09,119.9276,3.64
2026-03-19,96.11,111.05,4.25,3.79,1.88,2.37,2.13,24.06,120.1802,3.64
2026-03-20,98.71,118.42,4.39,3.88,2.01,2.38,2.13,26.78,120.2757,3.64
2026-03-21,,,,,,,,,,3.64
2026-03-22,,,,,,,,,,3.64
2026-03-23,89.33,103.79,4.34,3.83,2.01,2.33,2.13,26.15,119.9371,3.64
2026-03-24,93.18,108.42,4.39,3.9,2.06,2.33,2.11,26.95,120.1295,3.64
2026-03-25,91.51,109.14,4.33,3.84,2.02,2.31,2.11,25.33,120.1282,3.64
2026-03-26,96.18,113.39,4.42,3.96,2.08,2.34,2.12,27.44,120.389,3.64
2026-03-27,101.26,121.47,4.44,3.88,2.13,2.31,2.06,31.05,120.8851,3.64
2026-03-28,,,,,,,,,,3.64
2026-03-29,,,,,,,,,,3.64
2026-03-30,104.69,121.88,4.35,3.82,2.04,2.31,2.05,30.61,121.2851,3.64
2026-03-31,102.86,126.69,4.3,3.79,2.0,2.3,2.06,25.25,121.035,3.64
2026-04-01,101.9,119.56,4.33,3.81,2.02,2.31,2.07,24.54,120.1198,3.64
2026-04-02,113.23,127.61,4.31,3.79,1.97,2.34,2.11,23.87,120.503,3.64
2026-04-03,,,4.35,3.84,1.99,2.36,2.11,,120.6565,3.64
2026-04-04,,,,,,,,,,3.64
2026-04-05,,,,,,,,,,3.64
2026-04-06,114.01,,4.34,3.84,1.98,2.36,2.12,24.17,120.4302,3.64
2026-04-07,114.58,138.21,4.33,3.81,1.96,2.37,2.13,25.78,120.32,3.64
2026-04-08,96.17,122.11,4.29,3.79,1.96,2.33,2.1,21.04,119.0596,3.64
2026-04-09,99.62,119.03,4.29,3.78,1.95,2.34,2.12,19.49,118.8998,3.64
2026-04-10,98.34,119.07,4.31,3.81,1.95,2.36,2.14,19.23,118.8552,3.64
2026-04-11,,,,,,,,,,3.64
2026-04-12,,,,,,,,,,3.64
2026-04-13,100.72,123.28,4.3,3.78,1.92,2.38,2.15,19.12,118.9916,3.64
2026-04-14,93.07,118.69,4.26,3.76,1.89,2.37,2.15,18.36,118.3581,3.64
2026-04-15,93.04,114.93,4.29,3.76,1.9,2.39,2.17,18.17,118.3623,3.64
2026-04-16,96.46,116.63,4.32,3.78,1.93,2.39,2.18,17.94,118.3616,3.64
2026-04-17,85.91,98.63,4.26,3.71,1.9,2.36,2.16,17.48,118.0795,3.64
2026-04-18,,,,,,,,,,3.64
2026-04-19,,,,,,,,,,3.64
2026-04-20,91.06,103.4,4.26,3.72,1.91,2.35,2.13,18.87,118.2374,3.64
2026-04-21,93.64,106.14,4.3,3.78,1.92,2.38,2.16,19.5,118.4331,3.64
2026-04-22,94.76,113.44,4.3,3.79,1.92,2.38,2.15,18.92,118.6004,3.64
2026-04-23,99.27,113.25,4.34,3.83,1.92,2.42,2.26,19.31,118.7155,3.64
2026-04-24,98.42,111.86,4.31,3.78,1.89,2.42,2.23,18.71,118.7294,3.64
2026-04-25,,,,,,,,,,3.64
2026-04-26,,,,,,,,,,3.64
2026-04-27,99.89,113.89,4.35,3.78,1.91,2.44,2.26,18.02,118.5458,3.64
2026-04-28,103.45,117.62,4.36,3.84,1.92,2.44,2.25,17.83,118.7717,3.64
2026-04-29,110.47,124.16,4.42,3.92,1.96,2.46,2.25,18.81,119.0975,3.64
2026-04-30,108.64,124.24,4.4,3.88,1.94,2.46,2.25,16.89,118.671,3.64
2026-05-01,105.38,118.26,4.39,3.88,1.91,2.48,2.27,16.99,118.3926,3.64
2026-05-02,,,,,,,,,,3.64
2026-05-03,,,,,,,,,,3.64
2026-05-04,109.76,,4.45,3.95,1.95,2.5,2.28,18.29,118.8264,3.64
2026-05-05,105.66,114.51,4.43,3.93,1.96,2.47,2.27,17.38,118.6207,3.64
2026-05-06,98.75,103.7,4.36,3.87,1.94,2.42,2.26,17.39,118.0982,3.64
2026-05-07,98.38,101.82,4.41,3.92,1.96,2.45,2.29,17.08,118.0116,3.63
2026-05-08,98.87,103.48,4.38,3.9,1.93,2.45,2.28,17.19,118.0392,3.63
2026-05-09,,,,,,,,,,3.63
2026-05-10,,,,,,,,,,3.63
2026-05-11,101.56,106.11,4.42,3.95,1.95,2.47,2.27,18.38,118.0562,3.63
2026-05-12,105.78,111.37,4.46,4.0,1.99,2.47,2.25,17.99,118.5238,3.63
2026-05-13,104.52,110.28,4.46,3.98,1.99,2.47,2.24,17.87,118.4737,3.63
2026-05-14,104.66,110.91,4.47,4.0,2.0,2.47,2.27,17.26,118.6696,3.63
2026-05-15,108.99,113.96,4.59,4.09,2.1,2.49,2.28,18.43,119.2825,3.63
2026-05-16,,,,,,,,,,3.63
2026-05-17,,,,,,,,,,3.63
2026-05-18,112.25,116.73,4.61,4.07,2.13,2.48,2.27,17.82,119.0574,3.63
2026-05-19,112.09,114.64,4.67,4.13,2.18,2.49,2.32,18.06,119.451,3.62
2026-05-20,101.69,108.93,4.57,4.04,2.13,2.44,2.29,17.44,119.1624,3.62
2026-05-21,100.2,105.84,4.57,4.08,2.18,2.39,2.21,16.76,119.369,3.62
2026-05-22,100.35,106.9,4.56,4.13,2.16,2.4,2.26,16.7,119.2868,3.62
2026-05-23,,,,,,,,,,3.62
2026-05-24,,,,,,,,,,3.62
2026-05-25,,,,,,,,16.59,,3.62
2026-05-26,97.63,102.75,4.5,4.01,2.1,2.4,2.27,17.01,119.1696,3.62
2026-05-27,92.35,97.11,4.48,4.0,2.09,2.39,2.25,16.29,119.1829,3.62
2026-05-28,92.65,95.47,4.45,3.99,2.06,2.39,2.24,15.74,119.0318,3.62
2026-05-29,91.16,92.88,4.45,3.98,2.07,2.38,2.24,15.32,118.8783,3.62
2026-05-30,,,,,,,,,,3.62
2026-05-31,,,,,,,,,,3.62
2026-06-01,95.96,98.29,4.47,4.05,2.07,2.4,2.26,16.05,119.1653,3.62
2026-06-02,97.47,98.49,4.46,4.05,2.07,2.39,2.26,15.77,119.0359,3.62
2026-06-03,99.76,101.69,4.49,4.08,2.11,2.38,2.23,16.06,119.3848,3.62
2026-06-04,96.83,98.98,4.47,4.05,2.11,2.36,2.24,15.4,119.3615,3.62
2026-06-05,94.32,97.29,4.55,4.17,2.19,2.36,2.24,21.51,120.0831,3.62
2026-06-06,,,,,,,,,,3.62
2026-06-07,,,,,,,,,,3.62
2026-06-08,95.0,97.46,4.56,4.15,2.21,2.35,2.23,18.92,120.034,3.62
2026-06-09,91.9,94.15,4.53,4.13,2.2,2.33,2.22,19.87,119.9617,3.62
2026-06-10,93.68,95.73,4.55,4.13,2.21,2.34,2.24,22.22,119.9134,3.62
2026-06-11,91.58,92.84,4.45,4.05,2.16,2.29,2.18,19.44,120.1174,3.62
2026-06-12,88.62,88.64,4.48,4.09,2.17,2.31,2.23,17.68,119.5073,3.62
2026-06-13,,,,,,,,,,3.62
2026-06-14,,,,,,,,,,3.62
2026-06-15,84.65,84.36,4.47,4.07,2.15,2.32,2.24,16.2,119.3158,3.63
2026-06-16,79.8,80.5,4.43,4.05,2.14,2.29,2.22,16.41,119.256,3.63
2026-06-17,80.65,80.33,4.49,4.2,2.23,2.26,2.21,18.44,119.3871,3.63
2026-06-18,80.35,79.35,4.46,4.19,2.21,2.25,2.23,16.4,120.3958,3.63
2026-06-19,,80.46,,,,,,16.78,,3.63
2026-06-20,,,,,,,,,,3.63
2026-06-21,,,,,,,,,,3.63
2026-06-22,78.94,76.49,4.51,4.24,2.28,2.23,2.18,17.28,120.5463,3.63
2026-06-23,74.62,75.69,4.5,4.16,2.29,2.21,2.18,19.49,121.0552,3.63
2026-06-24,71.42,72.09,4.41,4.11,2.23,2.18,2.17,18.63,121.412,3.63
2026-06-25,72.67,73.74,4.4,4.09,2.19,2.21,2.19,18.89,121.0559,3.63
2026-06-26,70.3,70.16,4.38,4.07,2.18,2.2,2.19,18.41,120.8866,3.63
2026-06-27,,,,,,,,,,3.63
2026-06-28,,,,,,,,,,3.63
2026-06-29,71.87,71.59,4.38,4.1,2.16,2.22,2.2,17.65,120.9525,3.63
2026-06-30,70.56,70.46,4.44,4.14,2.2,2.24,2.22,16.45,120.9248,3.63
2026-07-01,69.74,69.24,4.48,4.17,2.25,2.23,2.2,16.59,121.1455,3.63
2026-07-02,69.73,68.53,4.49,4.14,2.26,2.23,2.22,16.15,120.6902,3.63
2026-07-03,,68.68,,,,,,15.81,,3.63
2026-07-04,,,,,,,,,,3.63
2026-07-05,,,,,,,,,,3.63
2026-07-06,69.6,69.56,4.48,4.13,2.24,2.24,2.21,15.57,120.835,3.63
2026-07-07,71.53,71.78,4.55,4.19,2.3,2.25,2.22,16.13,120.8145,3.63
2026-07-08,74.56,76.5,4.56,4.21,2.31,2.25,2.19,16.9,121.1307,3.62
2026-07-09,73.15,74.46,4.54,4.16,2.31,2.23,2.18,15.84,120.753,3.62
2026-07-10,72.45,74.34,4.56,4.21,2.32,2.24,2.2,15.03,120.5046,3.62
2026-07-11,,,,,,,,,,3.62
2026-07-12,,,,,,,,,,3.62
2026-07-13,79.2,81.62,4.62,4.26,2.36,2.26,2.21,17.16,120.7413,3.62
2026-07-14,80.44,83.69,4.58,4.18,2.33,2.25,2.22,16.5,120.4728,3.63
2026-07-15,80.73,83.08,4.55,4.13,2.32,2.23,2.21,15.67,120.3088,3.63
2026-07-16,80.03,81.23,4.57,4.16,2.35,2.22,2.2,16.73,120.331,3.63
2026-07-17,83.43,85.01,4.55,4.18,2.31,2.24,2.21,18.77,120.5315,3.63
2026-07-18,,,,,,,,,,3.63
2026-07-19,,,,,,,,,,3.63
2026-07-20,84.38,86.99,4.6,4.21,2.35,2.25,2.22,18.65,,3.63
2026-07-21,,,4.63,4.26,2.37,2.26,2.24,17.05,,3.63
2026-07-22,,,,,,2.28,2.26,,,
