Date,NFP,UNRATE,AHE,CLAIMS,UMCSENT,MICH_INF_EXP,CPI,ISM_EMP,FED_RATE,PRODUCTIVITY,PARTICIPATION,SP500,GAS_PRICE,OIL_WTI,CONT_CLAIMS,TEMP_HELP,AWH_MFG,CONSUMER_CONF,VIX,CREDIT_SPREAD,YIELD_SPREAD,PPI,RETAIL,UK_UNEMP,EURUSD,USDMXN,USDBRL,CADUSD,DE_IP,UK_BOE_RATE,BR_SELIC,CA_BOC_RATE,CA_UNEMP
2000-01-01,131011.0,4.0,,286000.0,112.0,3.0,169.3,17284.0,3.99,71.222,67.3,,,,2102000.0,2620.0,41.5,102.7963,,2.88,,128.3,237541.0,5.8,,,,,79.15593,5.75,19.0,5.0,6.8
2000-01-02,,,,,,,,,3.99,,,,,,,,,,,,,,,,,,,,,,,,
2000-01-03,,,,,,,,,5.43,,,,1.272,,,,,,24.21,,0.2,,,,1.0155,9.4015,1.805,1.4465,,,,,
2000-01-04,,,,,,,,,5.38,,,,,25.56,,,,,27.01,,0.19,,,,1.0309,9.457,1.8405,1.4518,,,,,
2000-01-05,,,,,,,,,5.41,,,,,24.65,,,,,26.41,,0.24,,,,1.0335,9.535,1.856,1.4518,,,,,
2000-01-06,,,,,,,,,5.54,,,,,24.79,,,,,25.73,,0.22,,,,1.0324,9.567,1.84,1.4571,,,,,
2000-01-07,,,,,,,,,5.61,,,,,24.79,,,,,21.72,,0.21,,,,1.0294,9.52,1.831,1.4505,,,,,
2000-01-08,,,,298000.0,,,,,5.61,,,,,,2107000.0,,,,,,,,,,,,,,,,,,
2000-01-09,,,,,,,,,5.61,,,,,,,,,,,,,,,,,,,,,,,,
2000-01-10,,,,,,,,,5.74,,,,1.264,24.71,,,,,21.71,,0.19,,,,1.0252,9.445,1.819,1.4568,,,,,
2000-01-11,,,,,,,,,5.63,,,,,25.69,,,,,22.5,,0.22,,,,1.0322,9.4825,1.8225,1.457,,,,,
2000-01-12,,,,,,,,,5.59,,,,,26.3,,,,,22.84,,0.23,,,,1.0281,9.515,1.835,1.455,,,,,
2000-01-13,,,,,,,,,5.58,,,,,26.63,,,,,21.71,,0.23,,,,1.027,9.51,1.814,1.4495,,,,,
2000-01-14,,,,,,,,,5.56,,,,,28.01,,,,,19.66,,0.25,,,,1.0128,9.455,1.805,1.4497,,,,,
2000-01-15,,,,289000.0,,,,,5.56,,,,,,2115000.0,,,,,,,,,,,,,,,,,,
2000-01-16,,,,,,,,,5.56,,,,,,,,,,,,,,,,,,,,,,,,
2000-01-17,,,,,,,,,5.56,,,,1.277,,,,,,,,,,,,,,,,,,,,
2000-01-18,,,,,,,,,5.83,,,,,28.98,,,,,21.5,,0.28,,,,1.0121,9.441,1.7942,1.4502,,,,,
2000-01-19,,,,,,,,,5.47,,,,,29.11,,,,,21.72,,0.27,,,,1.0115,9.418,1.793,1.4527,,,,,
2000-01-20,,,,,,,,,5.44,,,,,29.67,,,,,21.75,,0.3,,,,1.0133,9.408,1.7785,1.4484,,,,,
2000-01-21,,,,,,,,,5.36,,,,,29.71,,,,,20.82,,0.31,,,,1.01,9.447,1.78,1.442,,,,,
2000-01-22,,,,284000.0,,,,,5.36,,,,,,2061000.0,,,,,,,,,,,,,,,,,,
2000-01-23,,,,,,,,,5.36,,,,,,,,,,,,,,,,,,,,,,,,
2000-01-24,,,,,,,,,5.53,,,,1.315,29.25,,,,,24.07,,0.26,,,,1.0019,9.485,1.768,1.44,,,,,
2000-01-25,,,,,,,,,5.46,,,,,30.28,,,,,23.02,,0.26,,,,1.0041,9.525,1.78,1.4389,,,,,
2000-01-26,,,,,,,,,5.52,,,,,27.66,,,,,23.03,,0.24,,,,1.0011,9.5175,1.781,1.4379,,,,,
2000-01-27,,,,,,,,,5.61,,,,,27.22,,,,,23.54,,0.17,,,,0.989,9.52,1.78,1.435,,,,,
2000-01-28,,,,,,,,,5.58,,,,,27.27,,,,,26.14,,0.08,,,,0.9765,9.581,1.79,1.4495,,,,,
2000-01-29,,,,285000.0,,,,,5.58,,,,,,2164000.0,,,,,,,,,,,,,,,,,,
2000-01-30,,,,,,,,,5.58,,,,,,,,,,,,,,,,,,,,,,,,
2000-01-31,,,,,,,,,5.87,,,,1.316,27.65,,,,,24.95,,0.07,,,,0.9757,9.64,1.802,1.4517,,,,,
2000-02-01,131120.0,4.1,,,111.3,2.9,170.0,17284.0,5.79,,67.3,,,28.28,,2622.7,41.5,102.8489,23.45,2.56,0.02,129.8,241541.0,5.8,0.9731,9.597,1.795,1.4468,80.89562,6.0,19.0,5.25,6.9
2000-02-02,,,,,,,,,5.64,,,,,27.52,,,,,23.12,,-0.03,,,,0.9768,9.575,1.785,1.4435,,,,,
2000-02-03,,,,,,,,,5.71,,,,,28.26,,,,,22.01,,-0.07,,,,0.9887,9.51,1.775,1.4417,,,,,
2000-02-04,,,,,,,,,5.7,,,,,28.67,,,,,21.54,,-0.1,,,,0.976,9.481,1.773,1.4467,,,,,
2000-02-05,,,,312000.0,,,,,5.7,,,,,,2160000.0,,,,,,,,,,,,,,,,,,
2000-02-06,,,,,,,,,5.7,,,,,,,,,,,,,,,,,,,,,,,,
2000-02-07,,,,,,,,,5.76,,,,1.325,28.4,,,,,22.79,,-0.04,,,,0.9783,9.436,1.77,1.4457,,,,,
2000-02-08,,,,,,,,,5.67,,,,,28.05,,,,,21.25,,-0.1,,,,0.9862,9.402,1.765,1.4473,,,,,
2000-02-09,,,,,,,,,5.76,,,,,28.71,,,,,22.9,,-0.13,,,,0.9914,9.399,1.77,1.4443,,,,,
2000-02-10,,,,,,,,,5.79,,,,,29.49,,,,,23.07,,0.0,,,,0.9865,9.4365,1.77,1.45,,,,,
2000-02-11,,,,,,,,,5.71,,,,,29.51,,,,,24.42,,-0.02,,,,0.9847,9.423,1.767,1.4515,,,,,
2000-02-12,,,,300000.0,,,,,5.71,,,,,,2141000.0,,,,,,,,,,,,,,,,,,
2000-02-13,,,,,,,,,5.71,,,,,,,,,,,,,,,,,,,,,,,,
2000-02-14,,,,,,,,,5.79,,,,1.356,30.3,,,,,24.38,,-0.06,,,,0.9783,9.393,1.769,1.4547,,,,,
2000-02-15,,,,,,,,,5.85,,,,,30.17,,,,,22.92,,-0.1,,,,0.9834,9.3875,1.783,1.4585,,,,,
2000-02-16,,,,,,,,,5.67,,,,,30.01,,,,,23.51,,-0.07,,,,0.9842,9.3715,1.775,1.452,,,,,
2000-02-17,,,,,,,,,5.66,,,,,29.37,,,,,23.17,,-0.11,,,,0.9863,9.398,1.777,1.4522,,,,,
2000-02-18,,,,,,,,,5.7,,,,,29.51,,,,,26.0,,-0.17,,,,0.985,9.354,1.777,1.4512,,,,,
2000-02-19,,,,283000.0,,,,,5.7,,,,,,2132000.0,,,,,,,,,,,,,,,,,,
2000-02-20,,,,,,,,,5.7,,,,,,,,,,,,,,,,,,,,,,,,
2000-02-21,,,,,,,,,5.7,,,,1.406,,,,,,,,,,,,,,,,,,,,
2000-02-22,,,,,,,,,5.81,,,,,29.63,,,,,25.86,,-0.21,,,,1.006,9.427,1.785,1.4595,,,,,
2000-02-23,,,,,,,,,5.77,,,,,30.19,,,,,23.89,,-0.17,,,,1.0017,9.413,1.79,1.4651,,,,,
2000-02-24,,,,,,,,,5.76,,,,,30.23,,,,,24.38,,-0.16,,,,0.9931,9.382,1.782,1.4587,,,,,
2000-02-25,,,,,,,,,5.73,,,,,30.34,,,,,25.2,,-0.09,,,,0.9763,9.378,1.774,1.4505,,,,,
2000-02-26,,,,280000.0,,,,,5.73,,,,,,2157000.0,,,,,,,,,,,,,,,,,,
2000-02-27,,,,,,,,,5.73,,,,,,,,,,,,,,,,,,,,,,,,
2000-02-28,,,,,,,,,5.81,,,,1.421,30.11,,,,,24.68,,-0.1,,,,0.9669,9.4025,1.779,1.4538,,,,,
2000-02-29,,,,,,,,,5.85,,,,,30.57,,,,,23.37,,-0.11,,,,0.9643,9.3645,1.769,1.4505,,,,,
2000-03-01,131604.0,4.0,,,107.1,3.2,171.0,17302.0,5.78,,67.3,,,31.71,,2645.4,41.4,102.7685,21.64,2.52,-0.13,130.8,244533.0,5.7,0.97,9.363,1.769,1.447,80.79897,6.0,18.5,5.5,6.9
2000-03-02,,,,,,,,,5.76,,,,,31.51,,,,,21.06,,-0.12,,,,0.9619,9.341,1.759,1.4543,,,,,
2000-03-03,,,,,,,,,5.72,,,,,31.46,,,,,19.21,,-0.11,,,,0.9618,9.315,1.744,1.451,,,,,
2000-03-04,,,,286000.0,,,,,5.72,,,,,,2098000.0,,,,,,,,,,,,,,,,,,
2000-03-05,,,,,,,,,5.72,,,,,,,,,,,,,,,,,,,,,,,,
2000-03-06,,,,,,,,,5.73,,,,1.501,32.19,,,,,21.5,,-0.13,,,,0.9603,9.3175,1.747,1.4555,,,,,
2000-03-07,,,,,,,,,5.68,,,,,33.9,,,,,24.31,,-0.09,,,,0.956,9.285,1.747,1.4527,,,,,
2000-03-08,,,,,,,,,5.77,,,,,31.22,,,,,23.82,,-0.12,,,,0.9576,9.272,1.754,1.4592,,,,,
2000-03-09,,,,,,,,,5.79,,,,,31.61,,,,,22.21,,-0.13,,,,0.9684,9.2925,1.735,1.457,,,,,
2000-03-10,,,,,,,,,5.75,,,,,31.76,,,,,21.24,,-0.16,,,,0.9659,9.3175,1.738,1.4575,,,,,
2000-03-11,,,,270000.0,,,,,5.75,,,,,,2099000.0,,,,,,,,,,,,,,,,,,
2000-03-12,,,,,,,,,5.75,,,,,,,,,,,,,,,,,,,,,,,,
2000-03-13,,,,,,,,,5.81,,,,1.527,32.11,,,,,22.85,,-0.16,,,,0.9648,9.313,1.749,1.4614,,,,,
2000-03-14,,,,,,,,,5.8,,,,,31.93,,,,,24.41,,-0.17,,,,0.9644,9.319,1.738,1.4632,,,,,
2000-03-15,,,,,,,,,5.9,,,,,30.47,,,,,22.34,,-0.21,,,,0.9696,9.337,1.7402,1.468,,,,,
2000-03-16,,,,,,,,,5.77,,,,,31.1,,,,,20.77,,-0.24,,,,0.971,9.325,1.736,1.4724,,,,,
2000-03-17,,,,,,,,,5.76,,,,,30.86,,,,,22.37,,-0.3,,,,0.9694,9.322,1.737,1.4728,,,,,
2000-03-18,,,,271000.0,,,,,5.76,,,,,,2051000.0,,,,,,,,,,,,,,,,,,
2000-03-19,,,,,,,,,5.76,,,,,,,,,,,,,,,,,,,,,,,,
2000-03-20,,,,,,,,,5.82,,,,1.529,29.33,,,,,22.96,,-0.34,,,,0.971,9.321,1.74,1.4703,,,,,
2000-03-21,,,,,,,,,5.81,,,,,28.01,,,,,21.7,,-0.37,,,,0.9703,9.3,1.7395,1.4662,,,,,
2000-03-22,,,,,,,,,6.02,,,,,27.28,,,,,21.49,,-0.37,,,,0.9608,9.275,1.729,1.472,,,,,
2000-03-23,,,,,,,,,6.04,,,,,27.47,,,,,22.26,,-0.44,,,,0.9691,9.2375,1.723,1.4727,,,,,
2000-03-24,,,,,,,,,5.98,,,,,27.86,,,,,23.31,,-0.44,,,,0.9724,9.1875,1.73,1.465,,,,,
2000-03-25,,,,272000.0,,,,,5.98,,,,,,2068000.0,,,,,,,,,,,,,,,,,,
2000-03-26,,,,,,,,,5.98,,,,,,,,,,,,,,,,,,,,,,,,
2000-03-27,,,,,,,,,6.07,,,,1.508,27.59,,,,,24.53,,-0.45,,,,0.9645,9.1825,1.736,1.4605,,,,,
2000-03-28,,,,,,,,,6.02,,,,,27.1,,,,,24.86,,-0.43,,,,0.9614,9.184,1.749,1.4541,,,,,
2000-03-29,,,,,,,,,5.98,,,,,26.36,,,,,24.1,,-0.41,,,,0.9524,9.235,1.74,1.4555,,,,,
2000-03-30,,,,,,,,,6.11,,,,,26.67,,,,,25.47,,-0.46,,,,0.9594,9.306,1.753,1.4557,,,,,
2000-03-31,,,,,,,,,6.17,,,,,26.86,,,,,24.11,,-0.47,,,,0.9574,9.2895,1.742,1.4538,,,,,
2000-04-01,131884.0,3.8,,266000.0,109.2,3.2,170.9,17299.0,6.17,72.657,67.3,,,,2026000.0,2681.5,41.6,102.7501,,2.38,,130.7,239552.0,5.6,,,,,81.95876,6.0,18.5,5.5,6.7
2000-04-02,,,,,,,,,6.17,,,,,,,,,,,,,,,,,,,,,,,,
2000-04-03,,,,,,,,,6.15,,,,1.503,26.28,,,,,24.03,,-0.45,,,,0.956,9.29,1.742,1.4548,,,,,
2000-04-04,,,,,,,,,5.98,,,,,25.46,,,,,27.12,,-0.45,,,,0.9588,9.312,1.745,1.4531,,,,,
2000-04-05,,,,,,,,,6.08,,,,,25.76,,,,,28.41,,-0.45,,,,0.9647,9.395,1.755,1.4548,,,,,
2000-04-06,,,,,,,,,6.05,,,,,25.51,,,,,27.15,,-0.45,,,,0.958,9.364,1.745,1.4515,,,,,
2000-04-07,,,,,,,,,5.95,,,,,24.97,,,,,24.39,,-0.52,,,,0.959,9.3222,1.746,1.4574,,,,,
2000-04-08,,,,268000.0,,,,,5.95,,,,,,2027000.0,,,,,,,,,,,,,,,,,,
2000-04-09,,,,,,,,,5.95,,,,,,,,,,,,,,,,,,,,,,,,
2000-04-10,,,,,,,,,6.05,,,,1.475,23.91,,,,,25.99,,-0.51,,,,0.9588,9.29,1.738,1.4615,,,,,
2000-04-11,,,,,,,,,5.97,,,,,24.17,,,,,27.25,,-0.47,,,,0.9591,9.366,1.7475,1.4635,,,,,
2000-04-12,,,,,,,,,5.93,,,,,25.49,,,,,28.98,,-0.43,,,,0.9551,9.397,1.748,1.4623,,,,,
2000-04-13,,,,,,,,,5.97,,,,,25.29,,,,,29.4,,-0.46,,,,0.9524,9.399,1.764,1.4661,,,,,
2000-04-14,,,,,,,,,6.08,,,,,25.48,,,,,33.49,,-0.42,,,,0.9564,9.501,1.786,1.4767,,,,,
2000-04-15,,,,259000.0,,,,,6.08,,,,,,1962000.0,,,,,,,,,,,,,,,,,,
2000-04-16,,,,,,,,,6.08,,,,,,,,,,,,,,,,,,,,,,,,
2000-04-17,,,,,,,,,6.18,,,,1.444,26.06,,,,,28.95,,-0.32,,,,0.955,9.4825,1.789,1.4855,,,,,
2000-04-18,,,,,,,,,5.93,,,,,25.92,,,,,26.12,,-0.28,,,,0.9477,9.437,1.766,1.4837,,,,,
2000-04-19,,,,,,,,,5.93,,,,,27.38,,,,,27.02,,-0.34,,,,0.9369,9.391,1.766,1.4761,,,,,
2000-04-20,,,,,,,,,6.05,,,,,27.29,,,,,25.85,,-0.39,,,,0.9376,9.403,1.781,1.4725,,,,,
2000-04-21,,,,,,,,,5.94,,,,,,,,,,,,,,,,0.9379,9.4045,1.779,1.475,,,,,
2000-04-22,,,,274000.0,,,,,5.94,,,,,,2035000.0,,,,,,,,,,,,,,,,,,
2000-04-23,,,,,,,,,5.94,,,,,,,,,,,,,,,,,,,,,,,,
2000-04-24,,,,,,,,,5.9,,,,1.437,27.41,,,,,27.37,,-0.36,,,,0.9396,9.4405,1.79,1.4763,,,,,
2000-04-25,,,,,,,,,5.99,,,,,26.41,,,,,25.24,,-0.34,,,,0.9265,9.405,1.79,1.4699,,,,,
2000-04-26,,,,,,,,,6.0,,,,,24.69,,,,,26.97,,-0.36,,,,0.9217,9.409,1.799,1.4758,,,,,
2000-04-27,,,,,,,,,6.0,,,,,25.53,,,,,26.19,,-0.4,,,,0.9083,9.454,1.811,1.4792,,,,,
2000-04-28,,,,,,,,,6.06,,,,,25.71,,,,,26.2,,-0.45,,,,0.9089,9.411,1.805,1.4818,,,,,
2000-04-29,,,,291000.0,,,,,6.06,,,,,,2027000.0,,,,,,,,,,,,,,,,,,
2000-04-30,,,,,,,,,6.06,,,,,,,,,,,,,,,,,,,,,,,,
2000-05-01,132105.0,4.0,,,110.7,3.0,171.2,17278.0,6.17,,67.1,,1.42,25.84,,2649.1,41.2,102.7249,25.88,2.63,-0.44,131.6,241546.0,5.5,0.912,9.335,1.807,1.4783,83.89175,6.0,18.5,6.0,6.6
2000-05-02,,,,,,,,,6.05,,,,,26.86,,,,,28.5,,-0.4,,,,0.9068,9.334,1.8,1.4857,,,,,
2000-05-03,,,,,,,,,6.05,,,,,26.6,,,,,31.63,,-0.33,,,,0.8891,9.3675,1.816,1.4923,,,,,
2000-05-04,,,,,,,,,6.05,,,,,27.08,,,,,30.77,,-0.31,,,,0.8907,9.3965,1.814,1.498,,,,,
2000-05-05,,,,,,,,,5.94,,,,,27.37,,,,,27.53,,-0.33,,,,0.8953,9.48,1.8125,1.498,,,,,
2000-05-06,,,,293000.0,,,,,5.94,,,,,,1991000.0,,,,,,,,,,,,,,,,,,
2000-05-07,,,,,,,,,5.94,,,,,,,,,,,,,,,,,,,,,,,,
2000-05-08,,,,,,,,,6.01,,,,1.455,28.05,,,,,28.2,,-0.3,,,,0.895,9.4825,1.805,1.4927,,,,,
2000-05-09,,,,,,,,,5.92,,,,,28.46,,,,,28.93,,-0.33,,,,0.9023,9.4875,1.8075,1.4945,,,,,
2000-05-10,,,,,,,,,5.95,,,,,28.1,,,,,29.87,,-0.37,,,,0.9097,9.572,1.818,1.4955,,,,,
2000-05-11,,,,,,,,,6.05,,,,,29.25,,,,,27.76,,-0.39,,,,0.9021,9.583,1.82,1.49,,,,,
2000-05-12,,,,,,,,,6.11,,,,,29.64,,,,,26.05,,-0.4,,,,0.908,9.5627,1.83,1.4872,,,,,
2000-05-13,,,,276000.0,,,,,6.11,,,,,,1982000.0,,,,,,,,,,,,,,,,,,
2000-05-14,,,,,,,,,6.11,,,,,,,,,,,,,,,,,,,,,,,,
2000-05-15,,,,,,,,,6.34,,,,1.492,29.95,,,,,24.86,,-0.41,,,,0.9138,9.576,1.845,1.4897,,,,,
2000-05-16,,,,,,,,,6.13,,,,,29.76,,,,,24.34,,-0.46,,,,0.9053,9.508,1.823,1.4862,,,,,
2000-05-17,,,,,,,,,6.25,,,,,29.38,,,,,23.98,,-0.42,,,,0.8921,9.5505,1.833,1.4992,,,,,
2000-05-18,,,,,,,,,6.49,,,,,30.28,,,,,23.96,,-0.37,,,,0.8952,9.582,1.831,1.5007,,,,,
2000-05-19,,,,,,,,,6.51,,,,,30.02,,,,,25.44,,-0.35,,,,0.8946,9.627,1.843,1.4963,,,,,
2000-05-20,,,,280000.0,,,,,6.51,,,,,,1998000.0,,,,,,,,,,,,,,,,,,
2000-05-21,,,,,,,,,6.51,,,,,,,,,,,,,,,,,,,,,,,,
2000-05-22,,,,,,,,,6.52,,,,1.527,28.62,,,,,26.0,,-0.37,,,,0.9036,9.573,1.854,1.4983,,,,,
2000-05-23,,,,,,,,,6.47,,,,,28.61,,,,,25.87,,-0.38,,,,0.9032,9.5025,1.852,1.5036,,,,,
2000-05-24,,,,,,,,,6.48,,,,,29.89,,,,,24.32,,-0.32,,,,0.9096,9.54,1.853,1.5085,,,,,
2000-05-25,,,,,,,,,6.56,,,,,30.43,,,,,24.58,,-0.32,,,,0.9072,9.5085,1.846,1.5057,,,,,
2000-05-26,,,,,,,,,6.4,,,,,29.76,,,,,24.47,,-0.36,,,,0.931,9.53,1.841,1.5045,,,,,
2000-05-27,,,,280000.0,,,,,6.4,,,,,,1987000.0,,,,,,,,,,,,,,,,,,
2000-05-28,,,,,,,,,6.4,,,,,,,,,,,,,,,,,,,,,,,,
2000-05-29,,,,,,,,,6.4,,,,1.54,,,,,,,,,,,,,,,,,,,,
2000-05-30,,,,,,,,,6.71,,,,,30.36,,,,,23.62,,-0.36,,,,0.9314,9.52,1.8325,1.5036,,,,,
2000-05-31,,,,,,,,,6.83,,,,,29.03,,,,,23.65,,-0.4,,,,0.9328,9.511,1.827,1.4977,,,,,
2000-06-01,132063.0,4.0,,,106.4,2.9,172.2,17295.0,6.65,,67.1,,,30.19,,2649.4,41.3,102.6267,22.36,1.95,-0.41,133.8,243226.0,5.3,0.9307,9.49,1.821,1.491,81.47552,6.0,17.5,6.0,6.7
2000-06-02,,,,,,,,,6.44,,,,,30.34,,,,,21.48,,-0.37,,,,0.9432,9.5575,1.807,1.4785,,,,,
2000-06-03,,,,290000.0,,,,,6.44,,,,,,2019000.0,,,,,,,,,,,,,,,,,,
2000-06-04,,,,,,,,,6.44,,,,,,,,,,,,,,,,,,,,,,,,
2000-06-05,,,,,,,,,6.51,,,,1.563,29.87,,,,,22.71,,-0.37,,,,0.9471,9.547,1.794,1.4779,,,,,
2000-06-06,,,,,,,,,6.47,,,,,29.78,,,,,23.05,,-0.37,,,,0.957,9.675,1.793,1.478,,,,,
2000-06-07,,,,,,,,,6.5,,,,,29.29,,,,,22.48,,-0.39,,,,0.96,9.784,1.804,1.4785,,,,,
2000-06-08,,,,,,,,,6.54,,,,,29.78,,,,,22.77,,-0.43,,,,0.9548,9.9,1.799,1.48,,,,,
2000-06-09,,,,,,,,,6.47,,,,,30.22,,,,,22.14,,-0.43,,,,0.9526,9.9325,1.8025,1.4765,,,,,
2000-06-10,,,,284000.0,,,,,6.47,,,,,,2020000.0,,,,,,,,,,,,,,,,,,
2000-06-11,,,,,,,,,6.47,,,,,,,,,,,,,,,,,,,,,,,,
2000-06-12,,,,,,,,,6.54,,,,1.631,31.76,,,,,22.32,,-0.43,,,,0.9544,9.857,1.805,1.4765,,,,,
2000-06-13,,,,,,,,,6.46,,,,,32.73,,,,,21.67,,-0.38,,,,0.9619,9.788,1.812,1.4697,,,,,
2000-06-14,,,,,,,,,6.54,,,,,32.72,,,,,21.48,,-0.38,,,,0.959,9.7875,1.8125,1.4695,,,,,
2000-06-15,,,,,,,,,6.7,,,,,32.7,,,,,20.68,,-0.39,,,,0.953,9.847,1.812,1.4758,,,,,
2000-06-16,,,,,,,,,6.46,,,,,32.35,,,,,20.5,,-0.39,,,,0.9648,9.9235,1.808,1.4708,,,,,
2000-06-17,,,,294000.0,,,,,6.46,,,,,,2041000.0,,,,,,,,,,,,,,,,,,
2000-06-18,,,,,,,,,6.46,,,,,,,,,,,,,,,,,,,,,,,,
2000-06-19,,,,,,,,,6.51,,,,1.681,31.57,,,,,20.63,,-0.4,,,,0.9622,9.909,1.805,1.4657,,,,,
2000-06-20,,,,,,,,,6.49,,,,,33.07,,,,,20.88,,-0.4,,,,0.9557,9.879,1.8,1.4708,,,,,
2000-06-21,,,,,,,,,6.47,,,,,33.64,,,,,20.61,,-0.39,,,,0.9455,9.815,1.815,1.4729,,,,,
2000-06-22,,,,,,,,,6.52,,,,,34.72,,,,,22.0,,-0.38,,,,0.9398,9.879,1.813,1.4725,,,,,
2000-06-23,,,,,,,,,6.51,,,,,34.76,,,,,22.34,,-0.36,,,,0.9358,9.975,1.822,1.4793,,,,,
2000-06-24,,,,296000.0,,,,,6.51,,,,,,2033000.0,,,,,,,,,,,,,,,,,,
2000-06-25,,,,,,,,,6.51,,,,,,,,,,,,,,,,,,,,,,,,
2000-06-26,,,,,,,,,6.63,,,,1.658,31.56,,,,,22.45,,-0.39,,,,0.9382,10.023,1.828,1.483,,,,,
2000-06-27,,,,,,,,,6.56,,,,,32.01,,,,,21.8,,-0.4,,,,0.9444,10.087,1.823,1.4825,,,,,
2000-06-28,,,,,,,,,6.5,,,,,31.86,,,,,20.29,,-0.32,,,,0.9444,9.9685,1.82,1.4838,,,,,
2000-06-29,,,,,,,,,6.76,,,,,32.73,,,,,19.7,,-0.33,,,,0.9515,9.888,1.817,1.482,,,,,
2000-06-30,,,,,,,,,6.86,,,,,32.44,,,,,19.54,,-0.35,,,,0.9545,9.843,1.804,1.4798,,,,,
2000-07-01,132228.0,4.0,,281000.0,108.3,3.0,172.7,17322.0,6.86,72.587,66.9,,,,2052000.0,2644.5,41.5,102.5935,,1.81,,133.7,240979.0,5.3,,,,,83.50516,6.0,16.5,6.0,6.8
2000-07-02,,,,,,,,,6.86,,,,,,,,,,,,,,,,,,,,,,,,
2000-07-03,,,,,,,,,7.03,,,,1.625,,,,,,19.83,,-0.31,,,,0.9526,9.5525,1.809,1.4793,,,,,
2000-07-04,,,,,,,,,7.03,,,,,,,,,,,,,,,,,,,,,,,,
2000-07-05,,,,,,,,,6.52,,,,,30.76,,,,,21.16,,-0.3,,,,0.9548,9.515,1.805,1.4909,,,,,
2000-07-06,,,,,,,,,6.51,,,,,30.19,,,,,20.94,,-0.29,,,,0.9527,9.557,1.798,1.485,,,,,
2000-07-07,,,,,,,,,6.42,,,,,30.26,,,,,19.22,,-0.28,,,,0.9484,9.508,1.799,1.481,,,,,
2000-07-08,,,,293000.0,,,,,6.42,,,,,,2099000.0,,,,,,,,,,,,,,,,,,
2000-07-09,,,,,,,,,6.42,,,,,,,,,,,,,,,,,,,,,,,,
2000-07-10,,,,,,,,,6.51,,,,1.593,29.51,,,,,20.33,,-0.27,,,,0.9521,9.5,1.8,1.4798,,,,,
2000-07-11,,,,,,,,,6.39,,,,,29.61,,,,,20.11,,-0.26,,,,0.9497,9.439,1.799,1.4785,,,,,
2000-07-12,,,,,,,,,6.38,,,,,30.34,,,,,20.03,,-0.25,,,,0.9401,9.4815,1.805,1.4815,,,,,
2000-07-13,,,,,,,,,6.5,,,,,31.41,,,,,20.03,,-0.3,,,,0.9339,9.4375,1.809,1.4809,,,,,
2000-07-14,,,,,,,,,6.51,,,,,31.31,,,,,19.32,,-0.31,,,,0.9374,9.424,1.812,1.4845,,,,,
2000-07-15,,,,303000.0,,,,,6.51,,,,,,2122000.0,,,,,,,,,,,,,,,,,,
2000-07-16,,,,,,,,,6.51,,,,,,,,,,,,,,,,,,,,,,,,
2000-07-17,,,,,,,,,6.58,,,,1.546,30.71,,,,,19.45,,-0.29,,,,0.9351,9.342,1.8,1.4813,,,,,
2000-07-18,,,,,,,,,6.47,,,,,31.94,,,,,19.75,,-0.28,,,,0.9322,9.3385,1.798,1.4783,,,,,
2000-07-19,,,,,,,,,6.45,,,,,31.1,,,,,19.65,,-0.3,,,,0.9237,9.415,1.807,1.4758,,,,,
2000-07-20,,,,,,,,,6.52,,,,,30.94,,,,,18.94,,-0.31,,,,0.9292,9.38,1.8015,1.4748,,,,,
2000-07-21,,,,,,,,,6.51,,,,,28.56,,,,,18.94,,-0.31,,,,0.9343,9.343,1.794,1.4715,,,,,
2000-07-22,,,,300000.0,,,,,6.51,,,,,,2070000.0,,,,,,,,,,,,,,,,,,
2000-07-23,,,,,,,,,6.51,,,,,,,,,,,,,,,,,,,,,,,,
2000-07-24,,,,,,,,,6.52,,,,1.52,27.97,,,,,19.92,,-0.31,,,,0.9314,9.329,1.797,1.4639,,,,,
2000-07-25,,,,,,,,,6.46,,,,,27.89,,,,,19.39,,-0.31,,,,0.9391,9.3585,1.79,1.4653,,,,,
2000-07-26,,,,,,,,,6.49,,,,,27.81,,,,,19.67,,-0.25,,,,0.9413,9.362,1.793,1.4665,,,,,
2000-07-27,,,,,,,,,6.52,,,,,28.21,,,,,19.6,,-0.25,,,,0.9331,9.37,1.7845,1.4713,,,,,
2000-07-28,,,,,,,,,6.44,,,,,28.22,,,,,20.84,,-0.26,,,,0.9246,9.364,1.786,1.4776,,,,,
2000-07-29,,,,298000.0,,,,,6.44,,,,,,2085000.0,,,,,,,,,,,,,,,,,,
2000-07-30,,,,,,,,,6.44,,,,,,,,,,,,,,,,,,,,,,,,
2000-07-31,,,,,,,,,6.64,,,,1.471,27.5,,,,,20.74,,-0.26,,,,0.9266,9.368,1.776,1.488,,,,,
2000-08-01,132234.0,4.1,,,107.3,2.7,172.7,17287.0,6.51,,66.9,,,27.85,,2635.5,41.1,102.5589,20.55,1.76,-0.27,132.9,242318.0,5.3,0.9228,9.345,1.786,1.4892,83.9884,6.0,16.5,6.0,7.0
2000-08-02,,,,,,,,,6.42,,,,,28.27,,,,,20.0,,-0.25,,,,0.9137,9.345,1.792,1.4813,,,,,
2000-08-03,,,,,,,,,6.45,,,,,28.92,,,,,19.99,,-0.27,,,,0.9042,9.388,1.802,1.4844,,,,,
2000-08-04,,,,,,,,,6.44,,,,,29.94,,,,,18.62,,-0.24,,,,0.9075,9.357,1.793,1.4889,,,,,
2000-08-05,,,,306000.0,,,,,6.44,,,,,,2096000.0,,,,,,,,,,,,,,,,,,
2000-08-06,,,,,,,,,6.44,,,,,,,,,,,,,,,,,,,,,,,,
2000-08-07,,,,,,,,,6.46,,,,1.462,28.93,,,,,19.03,,-0.23,,,,0.9105,9.337,1.796,1.4875,,,,,
2000-08-08,,,,,,,,,6.44,,,,,29.26,,,,,18.79,,-0.23,,,,0.9019,9.35,1.8,1.4889,,,,,
2000-08-09,,,,,,,,,6.48,,,,,30.38,,,,,19.18,,-0.37,,,,0.8991,9.327,1.7965,1.4848,,,,,
2000-08-10,,,,,,,,,6.52,,,,,31.09,,,,,19.19,,-0.4,,,,0.9077,9.322,1.798,1.4826,,,,,
2000-08-11,,,,,,,,,6.5,,,,,31.02,,,,,18.55,,-0.46,,,,0.9046,9.279,1.796,1.4839,,,,,
2000-08-12,,,,315000.0,,,,,6.5,,,,,,2109000.0,,,,,,,,,,,,,,,,,,
2000-08-13,,,,,,,,,6.5,,,,,,,,,,,,,,,,,,,,,,,,
2000-08-14,,,,,,,,,6.58,,,,1.447,31.92,,,,,17.88,,-0.47,,,,0.9037,9.246,1.804,1.4847,,,,,
2000-08-15,,,,,,,,,6.63,,,,,31.43,,,,,17.98,,-0.47,,,,0.9135,9.24,1.805,1.487,,,,,
2000-08-16,,,,,,,,,6.48,,,,,31.91,,,,,18.02,,-0.47,,,,0.9143,9.183,1.808,1.4774,,,,,
2000-08-17,,,,,,,,,6.47,,,,,31.88,,,,,17.48,,-0.49,,,,0.9152,9.189,1.809,1.4759,,,,,
2000-08-18,,,,,,,,,6.44,,,,,31.97,,,,,17.05,,-0.49,,,,0.9068,9.25,1.817,1.4747,,,,,
2000-08-19,,,,318000.0,,,,,6.44,,,,,,2145000.0,,,,,,,,,,,,,,,,,,
2000-08-20,,,,,,,,,6.44,,,,,,,,,,,,,,,,,,,,,,,,
2000-08-21,,,,,,,,,6.48,,,,1.468,32.42,,,,,17.35,,-0.49,,,,0.9027,9.261,1.821,1.4765,,,,,
2000-08-22,,,,,,,,,6.42,,,,,31.24,,,,,17.47,,-0.49,,,,0.8965,9.239,1.818,1.4756,,,,,
2000-08-23,,,,,,,,,6.5,,,,,31.23,,,,,17.38,,-0.47,,,,0.8967,9.2725,1.818,1.4877,,,,,
2000-08-24,,,,,,,,,6.56,,,,,33.41,,,,,17.04,,-0.46,,,,0.9028,9.244,1.822,1.4871,,,,,
2000-08-25,,,,,,,,,6.54,,,,,34.01,,,,,16.53,,-0.46,,,,0.9024,9.232,1.823,1.4828,,,,,
2000-08-26,,,,312000.0,,,,,6.54,,,,,,2119000.0,,,,,,,,,,,,,,,,,,
2000-08-27,,,,,,,,,6.54,,,,,,,,,,,,,,,,,,,,,,,,
2000-08-28,,,,,,,,,6.57,,,,1.481,32.92,,,,,16.54,,-0.45,,,,0.9002,9.213,1.829,1.4845,,,,,
2000-08-29,,,,,,,,,6.51,,,,,32.73,,,,,16.89,,-0.45,,,,0.8966,9.2325,1.832,1.4868,,,,,
2000-08-30,,,,,,,,,6.51,,,,,33.25,,,,,17.69,,-0.43,,,,0.8924,9.214,1.8241,1.4805,,,,,
2000-08-31,,,,,,,,,6.65,,,,,33.09,,,,,16.84,,-0.45,,,,0.8878,9.2,1.82,1.472,,,,,
2000-09-01,132337.0,3.9,,,106.8,2.9,173.6,17229.0,6.52,,66.9,,,33.42,,2640.0,41.1,102.5094,17.53,1.83,-0.41,134.7,245520.0,5.4,0.8993,9.2075,1.824,1.4742,84.08505,6.0,16.5,6.0,6.9
2000-09-02,,,,301000.0,,,,,6.52,,,,,,2169000.0,,,,,,,,,,,,,,,,,,
2000-09-03,,,,,,,,,6.52,,,,,,,,,,,,,,,,,,,,,,,,
2000-09-04,,,,,,,,,6.52,,,,1.53,,,,,,,,,,,,,,,,,,,,
2000-09-05,,,,,,,,,6.61,,,,,33.92,,,,,19.82,,-0.4,,,,0.8876,9.255,1.8278,1.4752,,,,,
2000-09-06,,,,,,,,,6.56,,,,,34.97,,,,,20.79,,-0.39,,,,0.8702,9.318,1.821,1.4843,,,,,
2000-09-07,,,,,,,,,6.53,,,,,35.18,,,,,19.42,,-0.38,,,,0.874,9.314,1.8221,1.4777,,,,,
2000-09-08,,,,,,,,,6.5,,,,,33.62,,,,,18.46,,-0.38,,,,0.8664,9.327,1.822,1.4781,,,,,
2000-09-09,,,,309000.0,,,,,6.5,,,,,,2139000.0,,,,,,,,,,,,,,,,,,
2000-09-10,,,,,,,,,6.5,,,,,,,,,,,,,,,,,,,,,,,,
2000-09-11,,,,,,,,,6.5,,,,1.561,35.14,,,,,18.4,,-0.35,,,,0.8624,9.2825,1.8187,1.48,,,,,
2000-09-12,,,,,,,,,6.47,,,,,34.25,,,,,18.59,,-0.34,,,,0.8596,9.251,1.827,1.4825,,,,,
2000-09-13,,,,,,,,,6.47,,,,,33.87,,,,,18.32,,-0.35,,,,0.864,9.283,1.835,1.4838,,,,,
2000-09-14,,,,,,,,,6.5,,,,,34.37,,,,,18.26,,-0.32,,,,0.8617,9.307,1.833,1.4869,,,,,
2000-09-15,,,,,,,,,6.55,,,,,35.87,,,,,18.52,,-0.23,,,,0.8572,9.361,1.8445,1.4844,,,,,
2000-09-16,,,,311000.0,,,,,6.55,,,,,,2115000.0,,,,,,,,,,,,,,,,,,
2000-09-17,,,,,,,,,6.55,,,,,,,,,,,,,,,,,,,,,,,,
2000-09-18,,,,,,,,,6.44,,,,1.562,36.75,,,,,20.25,,-0.16,,,,0.8523,9.4225,1.859,1.4905,,,,,
2000-09-19,,,,,,,,,6.4,,,,,36.96,,,,,19.54,,-0.19,,,,0.8514,9.422,1.855,1.488,,,,,
2000-09-20,,,,,,,,,6.5,,,,,37.22,,,,,19.93,,-0.2,,,,0.8462,9.456,1.857,1.4833,,,,,
2000-09-21,,,,,,,,,6.53,,,,,33.84,,,,,20.18,,-0.23,,,,0.8558,9.436,1.854,1.4873,,,,,
2000-09-22,,,,,,,,,6.48,,,,,32.66,,,,,20.74,,-0.24,,,,0.8793,9.475,1.8575,1.4892,,,,,
2000-09-23,,,,288000.0,,,,,6.48,,,,,,2098000.0,,,,,,,,,,,,,,,,,,
2000-09-24,,,,,,,,,6.48,,,,,,,,,,,,,,,,,,,,,,,,
2000-09-25,,,,,,,,,6.54,,,,1.548,31.5,,,,,21.41,,-0.27,,,,0.8738,9.428,1.844,1.489,,,,,
2000-09-26,,,,,,,,,6.5,,,,,31.78,,,,,21.88,,-0.26,,,,0.8815,9.4035,1.8517,1.488,,,,,
2000-09-27,,,,,,,,,6.5,,,,,31.23,,,,,21.67,,-0.17,,,,0.8805,9.4145,1.849,1.4962,,,,,
2000-09-28,,,,,,,,,6.59,,,,,30.26,,,,,19.47,,-0.2,,,,0.8826,9.426,1.8482,1.503,,,,,
2000-09-29,,,,,,,,,6.6,,,,,30.87,,,,,20.57,,-0.18,,,,0.8837,9.44,1.844,1.507,,,,,
2000-09-30,,,,292000.0,,,,,6.6,,,,,,2077000.0,,,,,,,,,,,,,,,,,,
2000-10-01,132352.0,3.9,,,105.8,3.2,173.9,17217.0,6.6,73.353,66.8,,,,,2630.1,41.1,102.4011,,1.83,,135.4,245399.0,5.3,,,,,83.7951,6.0,16.5,6.0,7.0
2000-10-02,,,,,,,,,6.68,,,,1.524,32.05,,,,,21.23,,-0.15,,,,0.8806,9.4075,1.847,1.5108,,,,,
2000-10-03,,,,,,,,,6.46,,,,,31.86,,,,,21.85,,-0.13,,,,0.8741,9.399,1.848,1.506,,,,,
2000-10-04,,,,,,,,,6.51,,,,,30.91,,,,,21.54,,-0.13,,,,0.8726,9.44,1.852,1.499,,,,,
2000-10-05,,,,,,,,,6.54,,,,,30.66,,,,,21.03,,-0.15,,,,0.8685,9.4575,1.852,1.4954,,,,,
2000-10-06,,,,,,,,,6.43,,,,,30.86,,,,,22.71,,-0.16,,,,0.868,9.466,1.855,1.5013,,,,,
2000-10-07,,,,309000.0,,,,,6.43,,,,,,2133000.0,,,,,,,,,,,,,,,,,,
2000-10-08,,,,,,,,,6.43,,,,,,,,,,,,,,,,,,,,,,,,
2000-10-09,,,,,,,,,6.43,,,,1.502,31.98,,,,,24.02,,,,,,,,,,,,,,
2000-10-10,,,,,,,,,6.57,,,,,33.29,,,,,24.86,,-0.18,,,,0.8682,9.465,1.855,1.5014,,,,,
2000-10-11,,,,,,,,,6.46,,,,,33.2,,,,,26.57,,-0.16,,,,0.8715,9.48,1.86,1.5043,,,,,
2000-10-12,,,,,,,,,6.47,,,,,36.06,,,,,30.51,,-0.13,,,,0.8644,9.52,1.862,1.5085,,,,,
2000-10-13,,,,,,,,,6.46,,,,,34.96,,,,,27.6,,-0.11,,,,0.8568,9.595,1.877,1.5135,,,,,
2000-10-14,,,,299000.0,,,,,6.46,,,,,,2124000.0,,,,,,,,,,,,,,,,,,
2000-10-15,,,,,,,,,6.46,,,,,,,,,,,,,,,,,,,,,,,,
2000-10-16,,,,,,,,,6.59,,,,1.539,33.18,,,,,26.79,,-0.15,,,,0.8489,9.548,1.871,1.5195,,,,,
2000-10-17,,,,,,,,,6.45,,,,,33.36,,,,,27.84,,-0.15,,,,0.8507,9.547,1.8735,1.5184,,,,,
2000-10-18,,,,,,,,,6.53,,,,,33.51,,,,,28.72,,-0.16,,,,0.8391,9.578,1.876,1.52,,,,,
2000-10-19,,,,,,,,,6.54,,,,,33.06,,,,,25.09,,-0.2,,,,0.8406,9.545,1.875,1.5112,,,,,
2000-10-20,,,,,,,,,6.5,,,,,34.31,,,,,24.24,,-0.2,,,,0.84,9.558,1.882,1.5119,,,,,
2000-10-21,,,,295000.0,,,,,6.5,,,,,,2082000.0,,,,,,,,,,,,,,,,,,
2000-10-22,,,,,,,,,6.5,,,,,,,,,,,,,,,,,,,,,,,,
2000-10-23,,,,,,,,,6.53,,,,1.551,34.9,,,,,24.69,,-0.23,,,,0.8364,9.573,1.893,1.508,,,,,
2000-10-24,,,,,,,,,6.49,,,,,34.53,,,,,24.28,,-0.23,,,,0.8364,9.571,1.901,1.5118,,,,,
2000-10-25,,,,,,,,,6.53,,,,,33.62,,,,,26.65,,-0.2,,,,0.827,9.627,1.925,1.5164,,,,,
2000-10-26,,,,,,,,,6.53,,,,,33.75,,,,,28.62,,-0.21,,,,0.8271,9.696,1.946,1.5187,,,,,
2000-10-27,,,,,,,,,6.51,,,,,32.78,,,,,26.47,,-0.22,,,,0.8406,9.635,1.931,1.5275,,,,,
2000-10-28,,,,301000.0,,,,,6.51,,,,,,2126000.0,,,,,,,,,,,,,,,,,,
2000-10-29,,,,,,,,,6.51,,,,,,,,,,,,,,,,,,,,,,,,
2000-10-30,,,,,,,,,6.59,,,,1.545,32.86,,,,,25.46,,-0.23,,,,0.8432,9.604,1.9185,1.5311,,,,,
2000-10-31,,,,,,,,,6.59,,,,,32.7,,,,,23.63,,-0.17,,,,0.8486,9.564,1.908,1.5273,,,,,
2000-11-01,132556.0,3.9,,,107.6,2.9,174.2,17202.0,6.61,,66.9,,,33.14,,2634.4,41.1,102.1504,24.28,1.77,-0.14,135.0,243846.0,5.2,0.8584,9.581,1.909,1.5263,84.1817,6.0,16.5,6.0,6.9
2000-11-02,,,,,,,,,6.54,,,,,32.59,,,,,23.92,,-0.13,,,,0.8594,9.581,1.919,1.5333,,,,,
2000-11-03,,,,,,,,,6.48,,,,,32.62,,,,,23.67,,-0.11,,,,0.8614,9.61,1.937,1.5348,,,,,
2000-11-04,,,,331000.0,,,,,6.48,,,,,,2110000.0,,,,,,,,,,,,,,,,,,
2000-11-05,,,,,,,,,6.48,,,,,,,,,,,,,,,,,,,,,,,,
2000-11-06,,,,,,,,,6.49,,,,1.526,33.02,,,,,24.52,,-0.12,,,,0.8584,9.64,1.941,1.5305,,,,,
2000-11-07,,,,,,,,,6.48,,,,,33.44,,,,,24.91,,-0.12,,,,0.8583,9.6475,1.9545,1.5315,,,,,
2000-11-08,,,,,,,,,6.51,,,,,32.92,,,,,25.66,,-0.12,,,,0.8559,9.618,1.955,1.5432,,,,,
2000-11-09,,,,,,,,,6.52,,,,,33.87,,,,,27.2,,-0.12,,,,0.8574,9.648,1.963,1.5455,,,,,
2000-11-10,,,,,,,,,6.48,,,,,34.05,,,,,28.53,,-0.1,,,,0.8625,9.605,1.951,1.546,,,,,
2000-11-11,,,,318000.0,,,,,6.48,,,,,,2161000.0,,,,,,,,,,,,,,,,,,
2000-11-12,,,,,,,,,6.48,,,,,,,,,,,,,,,,,,,,,,,,
2000-11-13,,,,,,,,,6.55,,,,1.523,34.3,,,,,29.06,,-0.13,,,,0.8607,9.5705,1.959,1.5472,,,,,
2000-11-14,,,,,,,,,6.52,,,,,34.72,,,,,26.81,,-0.16,,,,0.8573,9.495,1.945,1.5445,,,,,
2000-11-15,,,,,,,,,6.61,,,,,35.54,,,,,26.15,,-0.18,,,,0.857,9.465,1.949,1.551,,,,,
2000-11-16,,,,,,,,,6.55,,,,,34.84,,,,,25.05,,-0.19,,,,0.8532,9.497,1.9475,1.5523,,,,,
2000-11-17,,,,,,,,,6.48,,,,,35.62,,,,,24.81,,-0.17,,,,0.8516,9.478,1.968,1.56,,,,,
2000-11-18,,,,332000.0,,,,,6.48,,,,,,2279000.0,,,,,,,,,,,,,,,,,,
2000-11-19,,,,,,,,,6.48,,,,,,,,,,,,,,,,,,,,,,,,
2000-11-20,,,,,,,,,6.52,,,,1.51,35.98,,,,,27.43,,-0.19,,,,0.8486,9.457,1.929,1.5592,,,,,
2000-11-21,,,,,,,,,6.5,,,,,35.54,,,,,26.62,,-0.19,,,,0.8458,9.414,1.926,1.5553,,,,,
2000-11-22,,,,,,,,,6.58,,,,,36.06,,,,,27.71,,-0.23,,,,0.8423,9.376,1.929,1.5473,,,,,
2000-11-23,,,,,,,,,6.58,,,,,,,,,,,,,,,,,,,,,,,,
2000-11-24,,,,,,,,,6.49,,,,,36.06,,,,,26.0,,-0.23,,,,0.8382,9.399,1.959,1.5396,,,,,
2000-11-25,,,,356000.0,,,,,6.49,,,,,,2295000.0,,,,,,,,,,,,,,,,,,
2000-11-26,,,,,,,,,6.49,,,,,,,,,,,,,,,,,,,,,,,,
2000-11-27,,,,,,,,,6.5,,,,1.51,36.24,,,,,26.93,,-0.22,,,,0.85,9.371,1.9625,1.5348,,,,,
2000-11-28,,,,,,,,,6.46,,,,,34.02,,,,,27.64,,-0.2,,,,0.8547,9.412,1.98,1.5371,,,,,
2000-11-29,,,,,,,,,6.5,,,,,34.58,,,,,27.49,,-0.14,,,,0.8577,9.396,1.958,1.5405,,,,,
2000-11-30,,,,,,,,,6.62,,,,,33.61,,,,,29.65,,-0.13,,,,0.8694,9.41,1.9722,1.5355,,,,,
2000-12-01,132716.0,3.9,,,98.4,2.8,174.6,17181.0,6.6,,67.0,,,32.06,,2587.2,40.3,101.624,27.48,1.62,-0.1,136.2,243844.0,5.2,0.8765,9.42,1.981,1.5389,84.5683,6.0,15.75,6.0,6.8
2000-12-02,,,,338000.0,,,,,6.6,,,,,,2229000.0,,,,,,,,,,,,,,,,,,
2000-12-03,,,,,,,,,6.6,,,,,,,,,,,,,,,,,,,,,,,,
2000-12-04,,,,,,,,,6.57,,,,1.486,31.28,,,,,27.78,,-0.06,,,,0.8875,9.414,1.984,1.5458,,,,,
2000-12-05,,,,,,,,,6.51,,,,,29.25,,,,,24.99,,-0.06,,,,0.8804,9.375,1.96,1.5438,,,,,
2000-12-06,,,,,,,,,6.48,,,,,30.24,,,,,25.07,,-0.1,,,,0.8877,9.408,1.967,1.5323,,,,,
2000-12-07,,,,,,,,,6.49,,,,,29.36,,,,,25.34,,-0.13,,,,0.8891,9.429,1.974,1.5223,,,,,
2000-12-08,,,,,,,,,6.47,,,,,28.31,,,,,22.41,,-0.15,,,,0.8838,9.399,1.969,1.5205,,,,,
2000-12-09,,,,321000.0,,,,,6.47,,,,,,2263000.0,,,,,,,,,,,,,,,,,,
2000-12-10,,,,,,,,,6.47,,,,,,,,,,,,,,,,,,,,,,,,
2000-12-11,,,,,,,,,6.49,,,,1.449,29.75,,,,,23.51,,-0.15,,,,0.8771,9.4465,1.962,1.5227,,,,,
2000-12-12,,,,,,,,,6.43,,,,,29.81,,,,,24.88,,-0.18,,,,0.8775,9.471,1.968,1.5249,,,,,
2000-12-13,,,,,,,,,6.47,,,,,28.75,,,,,23.63,,-0.16,,,,0.8755,9.4505,1.965,1.5205,,,,,
2000-12-14,,,,,,,,,6.53,,,,,28.06,,,,,24.86,,-0.2,,,,0.8858,9.417,1.965,1.5165,,,,,
2000-12-15,,,,,,,,,6.58,,,,,28.86,,,,,26.55,,-0.18,,,,0.8981,9.409,1.965,1.5174,,,,,
2000-12-16,,,,354000.0,,,,,6.58,,,,,,2322000.0,,,,,,,,,,,,,,,,,,
2000-12-17,,,,,,,,,6.58,,,,,,,,,,,,,,,,,,,,,,,,
2000-12-18,,,,,,,,,6.5,,,,1.422,29.52,,,,,27.7,,-0.16,,,,0.8929,9.38,1.953,1.5254,,,,,
2000-12-19,,,,,,,,,6.47,,,,,29.34,,,,,27.17,,-0.16,,,,0.8902,9.37,1.955,1.522,,,,,
2000-12-20,,,,,,,,,6.47,,,,,25.83,,,,,31.74,,-0.16,,,,0.9058,9.435,1.958,1.5215,,,,,
2000-12-21,,,,,,,,,6.48,,,,,26.06,,,,,29.66,,-0.11,,,,0.9112,9.585,1.953,1.5185,,,,,
2000-12-22,,,,,,,,,6.44,,,,,26.16,,,,,27.55,,-0.08,,,,0.923,9.604,1.958,1.5168,,,,,
2000-12-23,,,,364000.0,,,,,6.44,,,,,,2340000.0,,,,,,,,,,,,,,,,,,
2000-12-24,,,,,,,,,6.44,,,,,,,,,,,,,,,,,,,,,,,,
2000-12-25,,,,,,,,,6.44,,,,1.414,,,,,,,,,,,,,,,,,,,,
2000-12-26,,,,,,,,,6.58,,,,,27.0,,,,,28.73,,-0.06,,,,0.9292,9.53,1.961,1.5099,,,,,
2000-12-27,,,,,,,,,6.53,,,,,26.55,,,,,28.14,,0.01,,,,0.9304,9.577,1.96,1.511,,,,,
2000-12-28,,,,,,,,,6.53,,,,,25.82,,,,,26.57,,-0.05,,,,0.9257,9.607,1.955,1.5073,,,,,
2000-12-29,,,,,,,,,5.41,,,,,26.72,,,,,26.85,,0.01,,,,0.9388,9.618,1.951,1.4995,,,,,
2000-12-30,,,,353000.0,,,,,5.41,,,,,,2378000.0,,,,,,,,,,,,,,,,,,
2000-12-31,,,,,,,,,5.41,,,,,,,,,,,,,,,,,,,,,,,,
2001-01-01,132703.0,4.2,,,94.7,3.0,175.6,17105.0,5.41,72.94,67.2,,1.406,,,2566.4,40.7,101.1024,,1.95,,140.0,247339.0,5.2,,,,,84.27835,6.0,15.25,5.75,6.9
2001-01-02,,,,,,,,,6.67,,,,,27.29,,,,,29.99,,0.05,,,,0.9465,9.714,1.938,1.4963,,,,,
2001-01-03,,,,,,,,,6.35,,,,,27.93,,,,,26.6,,0.22,,,,0.9473,9.836,1.946,1.4982,,,,,
2001-01-04,,,,,,,,,5.92,,,,,27.95,,,,,26.97,,0.26,,,,0.9448,9.698,1.938,1.4985,,,,,
2001-01-05,,,,,,,,,5.83,,,,,28.02,,,,,28.67,,0.37,,,,0.9535,9.753,1.953,1.5003,,,,,
2001-01-06,,,,337000.0,,,,,5.83,,,,,,2357000.0,,,,,,,,,,,,,,,,,,
2001-01-07,,,,,,,,,5.83,,,,,,,,,,,,,,,,,,,,,,,,
2001-01-08,,,,,,,,,5.98,,,,1.425,27.44,,,,,29.84,,0.4,,,,0.9486,9.691,1.954,1.4944,,,,,
2001-01-09,,,,,,,,,5.95,,,,,27.72,,,,,27.99,,0.34,,,,0.9397,9.746,1.941,1.4973,,,,,
2001-01-10,,,,,,,,,6.06,,,,,29.42,,,,,26.8,,0.34,,,,0.9387,9.8145,1.941,1.4993,,,,,
2001-01-11,,,,,,,,,6.05,,,,,29.42,,,,,25.79,,0.37,,,,0.952,9.845,1.949,1.4978,,,,,
2001-01-12,,,,,,,,,5.98,,,,,30.07,,,,,24.56,,0.35,,,,0.9486,9.8775,1.949,1.4967,,,,,
2001-01-13,,,,318000.0,,,,,5.98,,,,,,2367000.0,,,,,,,,,,,,,,,,,,
2001-01-14,,,,,,,,,5.98,,,,,,,,,,,,,,,,,,,,,,,,
2001-01-15,,,,,,,,,5.98,,,,1.474,,,,,,,,,,,,,,,,,,,,
2001-01-16,,,,,,,,,6.2,,,,,30.19,,,,,25.28,,0.35,,,,0.9374,9.972,1.954,1.5037,,,,,
2001-01-17,,,,,,,,,5.94,,,,,29.77,,,,,24.93,,0.35,,,,0.9306,9.88,1.954,1.5123,,,,,
2001-01-18,,,,,,,,,5.93,,,,,30.42,,,,,23.37,,0.4,,,,0.9446,9.885,1.953,1.5162,,,,,
2001-01-19,,,,,,,,,5.92,,,,,32.12,,,,,23.24,,0.44,,,,0.9363,9.79,1.96,1.5155,,,,,
2001-01-20,,,,343000.0,,,,,5.92,,,,,,2419000.0,,,,,,,,,,,,,,,,,,
2001-01-21,,,,,,,,,5.92,,,,,,,,,,,,,,,,,,,,,,,,
2001-01-22,,,,,,,,,6.0,,,,1.471,32.21,,,,,23.25,,0.5,,,,0.9374,9.785,1.958,1.5072,,,,,
2001-01-23,,,,,,,,,5.97,,,,,31.66,,,,,21.57,,0.48,,,,0.9389,9.768,1.959,1.5073,,,,,
2001-01-24,,,,,,,,,6.05,,,,,31.46,,,,,22.03,,0.52,,,,0.9258,9.692,1.962,1.5126,,,,,
2001-01-25,,,,,,,,,6.1,,,,,31.61,,,,,22.64,,0.51,,,,0.9219,9.687,1.974,1.508,,,,,
2001-01-26,,,,,,,,,5.96,,,,,29.79,,,,,22.57,,0.51,,,,0.9213,9.697,1.977,1.5066,,,,,
2001-01-27,,,,362000.0,,,,,5.96,,,,,,2440000.0,,,,,,,,,,,,,,,,,,
2001-01-28,,,,,,,,,5.96,,,,,,,,,,,,,,,,,,,,,,,,
2001-01-29,,,,,,,,,5.98,,,,1.46,29.07,,,,,22.61,,0.55,,,,0.9181,9.6695,1.977,1.501,,,,,
2001-01-30,,,,,,,,,5.9,,,,,29.12,,,,,22.57,,0.54,,,,0.9264,9.665,1.9695,1.4985,,,,,
2001-01-31,,,,,,,,,5.74,,,,,28.62,,,,,22.02,,0.57,,,,0.9308,9.679,1.972,1.4995,,,,,
2001-02-01,132788.0,4.2,,,90.6,2.8,176.0,17030.0,5.57,,67.1,,,29.88,,2533.7,40.5,100.7213,21.66,2.38,0.55,137.4,247289.0,5.1,0.9384,9.733,1.9825,1.4948,85.24484,5.75,15.25,5.75,7.0
2001-02-02,,,,,,,,,5.5,,,,,31.27,,,,,21.95,,0.52,,,,0.9357,9.769,1.994,1.4933,,,,,
2001-02-03,,,,376000.0,,,,,5.5,,,,,,2489000.0,,,,,,,,,,,,,,,,,,
2001-02-04,,,,,,,,,5.5,,,,,,,,,,,,,,,,,,,,,,,,
2001-02-05,,,,,,,,,5.52,,,,1.443,30.55,,,,,22.19,,0.5,,,,0.9395,9.78,1.996,1.505,,,,,
2001-02-06,,,,,,,,,5.48,,,,,30.27,,,,,21.98,,0.5,,,,0.9304,9.689,1.997,1.508,,,,,
2001-02-07,,,,,,,,,5.5,,,,,31.27,,,,,21.67,,0.4,,,,0.9331,9.694,2.006,1.511,,,,,
2001-02-08,,,,,,,,,5.5,,,,,31.57,,,,,21.46,,0.37,,,,0.9184,9.657,1.992,1.5117,,,,,
2001-02-09,,,,,,,,,5.44,,,,,30.93,,,,,22.03,,0.36,,,,0.9267,9.764,1.986,1.509,,,,,
2001-02-10,,,,365000.0,,,,,5.44,,,,,,2435000.0,,,,,,,,,,,,,,,,,,
2001-02-11,,,,,,,,,5.44,,,,,,,,,,,,,,,,,,,,,,,,
2001-02-12,,,,,,,,,5.48,,,,1.476,30.52,,,,,21.92,,0.38,,,,0.9287,9.741,1.983,1.5205,,,,,
2001-02-13,,,,,,,,,5.46,,,,,30.12,,,,,21.37,,0.32,,,,0.9204,9.704,1.982,1.5214,,,,,
2001-02-14,,,,,,,,,5.5,,,,,29.55,,,,,21.52,,0.29,,,,0.9197,9.718,1.989,1.5287,,,,,
2001-02-15,,,,,,,,,5.57,,,,,28.96,,,,,20.27,,0.3,,,,0.9057,9.68,1.984,1.5275,,,,,
2001-02-16,,,,,,,,,5.46,,,,,29.22,,,,,22.12,,0.36,,,,0.9162,9.703,1.993,1.5368,,,,,
2001-02-17,,,,358000.0,,,,,5.46,,,,,,2516000.0,,,,,,,,,,,,,,,,,,
2001-02-18,,,,,,,,,5.46,,,,,,,,,,,,,,,,,,,,,,,,
2001-02-19,,,,,,,,,5.46,,,,1.449,,,,,,,,,,,,,,,,,,,,
2001-02-20,,,,,,,,,5.57,,,,,28.6,,,,,24.69,,0.38,,,,0.9096,9.68,2.009,1.5399,,,,,
2001-02-21,,,,,,,,,5.5,,,,,28.64,,,,,25.75,,0.46,,,,0.9077,9.7,2.019,1.537,,,,,
2001-02-22,,,,,,,,,5.52,,,,,28.52,,,,,26.76,,0.52,,,,0.9069,9.735,2.044,1.5378,,,,,
2001-02-23,,,,,,,,,5.46,,,,,28.83,,,,,27.21,,0.57,,,,0.9095,9.714,2.047,1.5378,,,,,
2001-02-24,,,,386000.0,,,,,5.46,,,,,,2506000.0,,,,,,,,,,,,,,,,,,
2001-02-25,,,,,,,,,5.46,,,,,,,,,,,,,,,,,,,,,,,,
2001-02-26,,,,,,,,,5.55,,,,1.431,28.27,,,,,25.43,,0.59,,,,0.9093,9.668,2.03,1.5314,,,,,
2001-02-27,,,,,,,,,5.49,,,,,28.26,,,,,26.49,,0.52,,,,0.9128,9.684,2.034,1.5261,,,,,
2001-02-28,,,,,,,,,5.59,,,,,27.35,,,,,28.35,,0.51,,,,0.9212,9.6925,2.0465,1.532,,,,,
2001-03-01,132751.0,4.3,,,91.5,2.8,176.1,16938.0,5.59,,67.2,,,27.78,,2485.3,40.5,100.5567,28.08,2.53,0.46,135.9,244514.0,5.0,0.9291,9.706,2.043,1.5465,84.1817,5.75,15.75,5.25,7.1
2001-03-02,,,,,,,,,5.52,,,,,27.89,,,,,27.43,,0.47,,,,0.934,9.667,2.032,1.5489,,,,,
2001-03-03,,,,384000.0,,,,,5.52,,,,,,2558000.0,,,,,,,,,,,,,,,,,,
2001-03-04,,,,,,,,,5.52,,,,,,,,,,,,,,,,,,,,,,,,
2001-03-05,,,,,,,,,5.52,,,,1.417,28.61,,,,,27.12,,0.49,,,,0.9289,9.639,2.025,1.5475,,,,,
2001-03-06,,,,,,,,,5.39,,,,,28.4,,,,,25.89,,0.5,,,,0.9313,9.6385,2.022,1.5388,,,,,
2001-03-07,,,,,,,,,5.34,,,,,28.95,,,,,24.12,,0.49,,,,0.9274,9.652,2.047,1.5492,,,,,
2001-03-08,,,,,,,,,5.46,,,,,28.31,,,,,24.29,,0.46,,,,0.9281,9.644,2.043,1.5497,,,,,
2001-03-09,,,,,,,,,5.42,,,,,27.97,,,,,25.62,,0.48,,,,0.9315,9.671,2.057,1.548,,,,,
2001-03-10,,,,393000.0,,,,,5.42,,,,,,2557000.0,,,,,,,,,,,,,,,,,,
2001-03-11,,,,,,,,,5.42,,,,,,,,,,,,,,,,,,,,,,,,
2001-03-12,,,,,,,,,5.5,,,,1.412,27.91,,,,,30.32,,0.46,,,,0.93,9.665,2.065,1.5505,,,,,
2001-03-13,,,,,,,,,5.5,,,,,27.45,,,,,27.55,,0.49,,,,0.9148,9.631,2.062,1.5477,,,,,
2001-03-14,,,,,,,,,5.48,,,,,26.49,,,,,29.61,,0.52,,,,0.9133,9.571,2.075,1.5528,,,,,
2001-03-15,,,,,,,,,5.52,,,,,26.56,,,,,28.56,,0.59,,,,0.9046,9.593,2.1025,1.5595,,,,,
2001-03-16,,,,,,,,,5.4,,,,,26.68,,,,,29.91,,0.52,,,,0.8929,9.622,2.129,1.5669,,,,,
2001-03-17,,,,393000.0,,,,,5.4,,,,,,2605000.0,,,,,,,,,,,,,,,,,,
2001-03-18,,,,,,,,,5.4,,,,,,,,,,,,,,,,,,,,,,,,
2001-03-19,,,,,,,,,5.38,,,,1.404,26.17,,,,,29.78,,0.5,,,,0.8985,9.573,2.171,1.5698,,,,,
2001-03-20,,,,,,,,,5.14,,,,,25.99,,,,,30.96,,0.54,,,,0.9054,9.515,2.1,1.5611,,,,,
2001-03-21,,,,,,,,,5.05,,,,,26.43,,,,,31.93,,0.56,,,,0.897,9.535,2.107,1.573,,,,,
2001-03-22,,,,,,,,,5.04,,,,,26.19,,,,,32.84,,0.56,,,,0.8881,9.585,2.146,1.5742,,,,,
2001-03-23,,,,,,,,,4.94,,,,,27.31,,,,,30.45,,0.56,,,,0.8926,9.663,2.172,1.5667,,,,,
2001-03-24,,,,378000.0,,,,,4.94,,,,,,2587000.0,,,,,,,,,,,,,,,,,,
2001-03-25,,,,,,,,,4.94,,,,,,,,,,,,,,,,,,,,,,,,
2001-03-26,,,,,,,,,5.03,,,,1.404,27.4,,,,,29.04,,0.58,,,,0.8955,9.538,2.136,1.5545,,,,,
2001-03-27,,,,,,,,,5.04,,,,,27.62,,,,,27.04,,0.59,,,,0.891,9.516,2.124,1.5693,,,,,
2001-03-28,,,,,,,,,5.05,,,,,26.43,,,,,28.58,,0.67,,,,0.8882,9.541,2.125,1.5668,,,,,
2001-03-29,,,,,,,,,5.19,,,,,26.47,,,,,29.17,,0.71,,,,0.8807,9.527,2.143,1.5725,,,,,
2001-03-30,,,,,,,,,5.29,,,,,26.37,,,,,28.64,,0.75,,,,0.8794,9.485,2.175,1.5784,,,,,
2001-03-31,,,,388000.0,,,,,5.29,,,,,,2620000.0,,,,,,,,,,,,,,,,,,
2001-04-01,132458.0,4.4,,,88.4,3.1,176.4,16802.0,5.29,74.193,66.9,,,,,2402.1,40.4,100.5238,,3.27,,136.4,249113.0,4.9,,,,,83.11855,5.5,16.25,5.0,7.1
2001-04-02,,,,,,,,,5.3,,,,1.442,25.7,,,,,31.21,,0.76,,,,0.8824,9.414,2.158,1.575,,,,,
2001-04-03,,,,,,,,,5.1,,,,,26.65,,,,,34.72,,0.79,,,,0.893,9.394,2.173,1.579,,,,,
2001-04-04,,,,,,,,,5.01,,,,,27.16,,,,,34.07,,0.82,,,,0.9013,9.4225,2.165,1.5697,,,,,
2001-04-05,,,,,,,,,5.04,,,,,27.24,,,,,29.94,,0.79,,,,0.8976,9.3875,2.168,1.5788,,,,,
2001-04-06,,,,,,,,,4.94,,,,,27.07,,,,,31.69,,0.82,,,,0.9002,9.405,2.151,1.5615,,,,,
2001-04-07,,,,398000.0,,,,,4.94,,,,,,2582000.0,,,,,,,,,,,,,,,,,,
2001-04-08,,,,,,,,,4.94,,,,,,,,,,,,,,,,,,,,,,,,
2001-04-09,,,,,,,,,4.98,,,,1.5,27.45,,,,,31.91,,0.83,,,,0.9014,9.36,2.167,1.5635,,,,,
2001-04-10,,,,,,,,,4.96,,,,,28.47,,,,,29.44,,0.85,,,,0.8884,9.3225,2.146,1.5555,,,,,
2001-04-11,,,,,,,,,4.95,,,,,28.42,,,,,28.46,,0.83,,,,0.8856,9.29,2.156,1.5626,,,,,
2001-04-12,,,,,,,,,5.02,,,,,28.75,,,,,26.12,,0.81,,,,0.8922,9.313,2.1622,1.56,,,,,
2001-04-13,,,,,,,,,5.01,,,,,,,,,,,,,,,,0.8888,9.305,2.156,1.5627,,,,,
2001-04-14,,,,383000.0,,,,,5.01,,,,,,2742000.0,,,,,,,,,,,,,,,,,,
2001-04-15,,,,,,,,,5.01,,,,,,,,,,,,,,,,,,,,,,,,
2001-04-16,,,,,,,,,5.17,,,,1.571,28.81,,,,,26.33,,0.79,,,,0.8862,9.332,2.183,1.5625,,,,,
2001-04-17,,,,,,,,,4.99,,,,,27.89,,,,,25.61,,0.8,,,,0.8814,9.287,2.193,1.5575,,,,,
2001-04-18,,,,,,,,,4.67,,,,,27.83,,,,,24.13,,0.88,,,,0.8816,9.187,2.17,1.5692,,,,,
2001-04-19,,,,,,,,,4.47,,,,,27.92,,,,,24.16,,0.98,,,,0.8909,9.2725,2.195,1.547,,,,,
2001-04-20,,,,,,,,,4.38,,,,,27.0,,,,,25.38,,1.03,,,,0.9032,9.373,2.228,1.5425,,,,,
2001-04-21,,,,400000.0,,,,,4.38,,,,,,2737000.0,,,,,,,,,,,,,,,,,,
2001-04-22,,,,,,,,,4.38,,,,,,,,,,,,,,,,,,,,,,,,
2001-04-23,,,,,,,,,4.4,,,,1.619,26.97,,,,,28.16,,1.05,,,,0.896,9.388,2.258,1.546,,,,,
2001-04-24,,,,,,,,,4.41,,,,,25.24,,,,,28.49,,1.06,,,,0.8946,9.289,2.26,1.549,,,,,
2001-04-25,,,,,,,,,4.54,,,,,25.93,,,,,27.4,,1.08,,,,0.8972,9.3145,2.295,1.5474,,,,,
2001-04-26,,,,,,,,,4.57,,,,,28.47,,,,,25.96,,1.06,,,,0.9011,9.258,2.267,1.546,,,,,
2001-04-27,,,,,,,,,4.51,,,,,28.35,,,,,24.02,,1.06,,,,0.8924,9.304,2.222,1.5417,,,,,
2001-04-28,,,,406000.0,,,,,4.51,,,,,,2728000.0,,,,,,,,,,,,,,,,,,
2001-04-29,,,,,,,,,4.51,,,,,,,,,,,,,,,,,,,,,,,,
2001-04-30,,,,,,,,,4.67,,,,1.626,28.48,,,,,25.48,,1.05,,,,0.8874,9.261,2.189,1.536,,,,,
2001-05-01,132408.0,4.3,,,92.0,3.2,177.3,16660.0,4.61,,66.7,,,28.37,,2380.5,40.4,100.6463,24.2,3.86,1.07,136.8,250250.0,5.0,0.8937,9.2725,2.203,1.5338,83.89175,5.25,16.75,4.75,7.0
2001-05-02,,,,,,,,,4.35,,,,,27.89,,,,,24.23,,1.04,,,,0.8925,9.2915,2.233,1.531,,,,,
2001-05-03,,,,,,,,,4.48,,,,,28.66,,,,,25.78,,1.0,,,,0.8891,9.287,2.2375,1.533,,,,,
2001-05-04,,,,,,,,,4.41,,,,,28.41,,,,,23.91,,1.07,,,,0.8934,9.257,2.2145,1.5353,,,,,
2001-05-05,,,,381000.0,,,,,4.41,,,,,,2732000.0,,,,,,,,,,,,,,,,,,
2001-05-06,,,,,,,,,4.41,,,,,,,,,,,,,,,,,,,,,,,,
2001-05-07,,,,,,,,,4.47,,,,1.703,27.79,,,,,24.86,,1.09,,,,0.8916,9.222,2.201,1.5405,,,,,
2001-05-08,,,,,,,,,4.41,,,,,27.35,,,,,24.44,,1.14,,,,0.8848,9.212,2.2315,1.5445,,,,,
2001-05-09,,,,,,,,,4.43,,,,,28.39,,,,,24.35,,1.13,,,,0.8845,9.2115,2.2605,1.5407,,,,,
2001-05-10,,,,,,,,,4.51,,,,,28.5,,,,,24.0,,1.14,,,,0.8792,9.1945,2.2785,1.5391,,,,,
2001-05-11,,,,,,,,,4.47,,,,,28.59,,,,,23.54,,1.15,,,,0.8759,9.227,2.286,1.5503,,,,,
2001-05-12,,,,390000.0,,,,,4.47,,,,,,2800000.0,,,,,,,,,,,,,,,,,,
2001-05-13,,,,,,,,,4.47,,,,,,,,,,,,,,,,,,,,,,,,
2001-05-14,,,,,,,,,4.43,,,,1.713,28.83,,,,,24.26,,1.17,,,,0.8748,9.193,2.309,1.5541,,,,,
2001-05-15,,,,,,,,,4.22,,,,,28.9,,,,,23.71,,1.22,,,,0.8788,9.166,2.337,1.5493,,,,,
2001-05-16,,,,,,,,,4.04,,,,,28.77,,,,,21.89,,1.23,,,,0.8842,9.166,2.3235,1.5405,,,,,
2001-05-17,,,,,,,,,4.04,,,,,29.02,,,,,21.47,,1.13,,,,0.8828,9.0,2.306,1.536,,,,,
2001-05-18,,,,,,,,,3.95,,,,,29.9,,,,,21.23,,1.04,,,,0.8774,8.98,2.295,1.5328,,,,,
2001-05-19,,,,402000.0,,,,,3.95,,,,,,2819000.0,,,,,,,,,,,,,,,,,,
2001-05-20,,,,,,,,,3.95,,,,,,,,,,,,,,,,,,,,,,,,
2001-05-21,,,,,,,,,4.02,,,,1.687,29.96,,,,,20.76,,1.04,,,,0.8762,8.946,2.327,1.5325,,,,,
2001-05-22,,,,,,,,,3.99,,,,,29.75,,,,,21.35,,1.08,,,,0.8657,8.98,2.302,1.5415,,,,,
2001-05-23,,,,,,,,,3.97,,,,,28.85,,,,,22.08,,1.12,,,,0.8598,9.05,2.345,1.5452,,,,,
2001-05-24,,,,,,,,,3.98,,,,,27.97,,,,,20.57,,1.2,,,,0.857,9.088,2.355,1.5474,,,,,
2001-05-25,,,,,,,,,3.94,,,,,28.08,,,,,20.6,,1.21,,,,0.8577,9.09,2.34,1.5455,,,,,
2001-05-26,,,,405000.0,,,,,3.94,,,,,,2926000.0,,,,,,,,,,,,,,,,,,
2001-05-27,,,,,,,,,3.94,,,,,,,,,,,,,,,,,,,,,,,,
2001-05-28,,,,,,,,,3.94,,,,1.704,,,,,,,,,,,,,,,,,,,,
2001-05-29,,,,,,,,,4.09,,,,,28.76,,,,,22.14,,1.21,,,,0.8547,9.081,2.335,1.5376,,,,,
2001-05-30,,,,,,,,,4.05,,,,,28.71,,,,,22.76,,1.2,,,,0.8576,9.165,2.3575,1.5464,,,,,
2001-05-31,,,,,,,,,4.24,,,,,28.39,,,,,22.64,,1.21,,,,0.8455,9.165,2.359,1.5461,,,,,
2001-06-01,132300.0,4.5,,,92.6,3.0,177.7,16513.0,4.14,,66.7,,,27.88,,2342.9,40.3,100.7251,21.59,4.0,1.17,135.5,248836.0,5.0,0.8452,9.18,2.385,1.5324,83.7951,5.25,18.25,4.75,7.2
2001-06-02,,,,406000.0,,,,,4.14,,,,,,2919000.0,,,,,,,,,,,,,,,,,,
2001-06-03,,,,,,,,,4.14,,,,,,,,,,,,,,,,,,,,,,,,
2001-06-04,,,,,,,,,4.03,,,,1.679,28.14,,,,,21.38,,1.16,,,,0.8449,9.139,2.3595,1.5347,,,,,
2001-06-05,,,,,,,,,3.93,,,,,27.84,,,,,19.58,,1.17,,,,0.8504,9.1725,2.39,1.5328,,,,,
2001-06-06,,,,,,,,,3.91,,,,,27.56,,,,,20.39,,1.15,,,,0.8452,9.125,2.382,1.5248,,,,,
2001-06-07,,,,,,,,,3.92,,,,,27.91,,,,,19.67,,1.19,,,,0.8506,9.119,2.39,1.521,,,,,
2001-06-08,,,,,,,,,4.02,,,,,28.43,,,,,19.92,,1.21,,,,0.8505,9.074,2.374,1.5215,,,,,
2001-06-09,,,,411000.0,,,,,4.02,,,,,,2948000.0,,,,,,,,,,,,,,,,,,
2001-06-10,,,,,,,,,4.02,,,,,,,,,,,,,,,,,,,,,,,,
2001-06-11,,,,,,,,,4.03,,,,1.647,28.94,,,,,20.7,,1.21,,,,0.8425,9.045,2.374,1.5162,,,,,
2001-06-12,,,,,,,,,3.98,,,,,29.13,,,,,20.7,,1.18,,,,0.8479,9.089,2.39,1.5246,,,,,
2001-06-13,,,,,,,,,4.04,,,,,28.81,,,,,21.45,,1.2,,,,0.8536,9.102,2.41,1.5183,,,,,
2001-06-14,,,,,,,,,4.03,,,,,29.12,,,,,23.12,,1.22,,,,0.8598,9.047,2.4235,1.5208,,,,,
2001-06-15,,,,,,,,,3.94,,,,,28.52,,,,,22.81,,1.26,,,,0.8628,9.054,2.4035,1.522,,,,,
2001-06-16,,,,394000.0,,,,,3.94,,,,,,2939000.0,,,,,,,,,,,,,,,,,,
2001-06-17,,,,,,,,,3.94,,,,,,,,,,,,,,,,,,,,,,,,
2001-06-18,,,,,,,,,3.91,,,,1.601,27.55,,,,,23.17,,1.29,,,,0.861,9.053,2.47,1.5336,,,,,
2001-06-19,,,,,,,,,3.91,,,,,27.49,,,,,22.34,,1.27,,,,0.8558,9.09,2.471,1.5337,,,,,
2001-06-20,,,,,,,,,3.98,,,,,26.52,,,,,21.71,,1.26,,,,0.8506,9.085,2.476,1.531,,,,,
2001-06-21,,,,,,,,,4.02,,,,,26.85,,,,,19.38,,1.23,,,,0.8544,9.055,2.388,1.5265,,,,,
2001-06-22,,,,,,,,,3.98,,,,,27.02,,,,,20.02,,1.21,,,,0.857,9.073,2.318,1.5293,,,,,
2001-06-23,,,,381000.0,,,,,3.98,,,,,,2972000.0,,,,,,,,,,,,,,,,,,
2001-06-24,,,,,,,,,3.98,,,,,,,,,,,,,,,,,,,,,,,,
2001-06-25,,,,,,,,,3.97,,,,1.538,27.11,,,,,20.67,,1.2,,,,0.8611,9.063,2.312,1.5195,,,,,
2001-06-26,,,,,,,,,3.75,,,,,26.97,,,,,21.2,,1.21,,,,0.8623,9.0645,2.314,1.5142,,,,,
2001-06-27,,,,,,,,,3.68,,,,,25.67,,,,,20.88,,1.2,,,,0.8621,9.0725,2.332,1.5176,,,,,
2001-06-28,,,,,,,,,3.86,,,,,25.75,,,,,20.01,,1.13,,,,0.847,9.0875,2.287,1.5233,,,,,
2001-06-29,,,,,,,,,3.95,,,,,26.37,,,,,19.06,,1.17,,,,0.8474,9.06,2.305,1.5175,,,,,
2001-06-30,,,,394000.0,,,,,3.95,,,,,,2959000.0,,,,,,,,,,,,,,,,,,
2001-07-01,132172.0,4.6,,,92.4,2.6,177.4,16381.0,3.95,74.611,66.8,,,,,2314.2,40.6,100.6393,,4.2,,133.4,247336.0,5.1,,,,,81.66882,5.25,19.0,4.5,7.1
2001-07-02,,,,,,,,,4.11,,,,1.474,26.02,,,,,18.76,,1.16,,,,0.8455,9.027,2.326,1.5153,,,,,
2001-07-03,,,,,,,,,3.69,,,,,26.28,,,,,18.92,,1.17,,,,0.8477,9.03,2.344,1.5128,,,,,
2001-07-04,,,,,,,,,3.69,,,,,,,,,,,,,,,,,,,,,,,,
2001-07-05,,,,,,,,,3.72,,,,,27.07,,,,,20.09,,1.2,,,,0.837,9.057,2.425,1.5102,,,,,
2001-07-06,,,,,,,,,3.6,,,,,28.1,,,,,21.63,,1.25,,,,0.8465,9.155,2.491,1.52,,,,,
2001-07-07,,,,401000.0,,,,,3.6,,,,,,3063000.0,,,,,,,,,,,,,,,,,,
2001-07-08,,,,,,,,,3.6,,,,,,,,,,,,,,,,,,,,,,,,
2001-07-09,,,,,,,,,3.67,,,,1.437,27.63,,,,,22.48,,1.22,,,,0.8474,9.1175,2.45,1.5203,,,,,
2001-07-10,,,,,,,,,3.71,,,,,27.22,,,,,23.25,,1.24,,,,0.8557,9.1475,2.498,1.5213,,,,,
2001-07-11,,,,,,,,,3.78,,,,,27.07,,,,,24.01,,1.24,,,,0.8614,9.295,2.56,1.5255,,,,,
2001-07-12,,,,,,,,,3.78,,,,,26.85,,,,,22.09,,1.2,,,,0.853,9.36,2.57,1.528,,,,,
2001-07-13,,,,,,,,,3.75,,,,,26.57,,,,,21.14,,1.15,,,,0.8527,9.34,2.559,1.5398,,,,,
2001-07-14,,,,405000.0,,,,,3.75,,,,,,3029000.0,,,,,,,,,,,,,,,,,,
2001-07-15,,,,,,,,,3.75,,,,,,,,,,,,,,,,,,,,,,,,
2001-07-16,,,,,,,,,3.82,,,,1.413,26.02,,,,,22.91,,1.14,,,,0.8549,9.304,2.601,1.54,,,,,
2001-07-17,,,,,,,,,3.71,,,,,25.33,,,,,22.61,,1.13,,,,0.8549,9.165,2.509,1.54,,,,,
2001-07-18,,,,,,,,,3.73,,,,,24.65,,,,,23.6,,1.16,,,,0.8701,9.145,2.471,1.535,,,,,
2001-07-19,,,,,,,,,3.77,,,,,24.65,,,,,22.51,,1.15,,,,0.869,9.19,2.5,1.5418,,,,,
2001-07-20,,,,,,,,,3.8,,,,,25.67,,,,,22.34,,1.17,,,,0.8713,9.177,2.458,1.545,,,,,
2001-07-21,,,,398000.0,,,,,3.8,,,,,,2975000.0,,,,,,,,,,,,,,,,,,
2001-07-22,,,,,,,,,3.8,,,,,,,,,,,,,,,,,,,,,,,,
2001-07-23,,,,,,,,,3.82,,,,1.395,25.88,,,,,23.74,,1.15,,,,0.8676,9.1025,2.405,1.545,,,,,
2001-07-24,,,,,,,,,3.82,,,,,26.18,,,,,25.24,,1.16,,,,0.8752,9.107,2.438,1.5383,,,,,
2001-07-25,,,,,,,,,3.89,,,,,26.71,,,,,24.0,,1.22,,,,0.8797,9.16,2.476,1.5381,,,,,
2001-07-26,,,,,,,,,3.87,,,,,26.74,,,,,23.01,,1.25,,,,0.8765,9.16,2.487,1.5335,,,,,
2001-07-27,,,,,,,,,3.75,,,,,26.98,,,,,22.0,,1.26,,,,0.8749,9.1875,2.495,1.5352,,,,,
2001-07-28,,,,388000.0,,,,,3.75,,,,,,3056000.0,,,,,,,,,,,,,,,,,,
2001-07-29,,,,,,,,,3.75,,,,,,,,,,,,,,,,,,,,,,,,
2001-07-30,,,,,,,,,3.79,,,,1.384,26.6,,,,,22.69,,1.25,,,,0.875,9.155,2.435,1.5305,,,,,
2001-07-31,,,,,,,,,3.82,,,,,26.7,,,,,21.62,,1.28,,,,0.8752,9.151,2.437,1.531,,,,,
2001-08-01,132021.0,4.9,,,91.5,2.7,177.4,16233.0,3.79,,66.5,,,26.83,,2295.1,40.3,100.3387,20.56,4.2,1.28,133.4,249590.0,5.1,0.8793,9.217,2.502,1.5358,83.89175,5.0,19.0,4.25,7.2
2001-08-02,,,,,,,,,3.68,,,,,27.86,,,,,20.09,,1.28,,,,0.8813,9.167,2.482,1.5417,,,,,
2001-08-03,,,,,,,,,3.69,,,,,27.51,,,,,19.89,,1.29,,,,0.8843,9.1675,2.5,1.5356,,,,,
2001-08-04,,,,401000.0,,,,,3.69,,,,,,3079000.0,,,,,,,,,,,,,,,,,,
2001-08-05,,,,,,,,,3.69,,,,,,,,,,,,,,,,,,,,,,,,
2001-08-06,,,,,,,,,3.73,,,,1.376,27.7,,,,,21.89,,1.31,,,,0.8802,9.129,2.467,1.5275,,,,,
2001-08-07,,,,,,,,,3.69,,,,,28.17,,,,,21.01,,1.3,,,,0.8775,9.1185,2.448,1.5343,,,,,
2001-08-08,,,,,,,,,3.75,,,,,27.62,,,,,22.32,,1.22,,,,0.8778,9.095,2.466,1.5333,,,,,
2001-08-09,,,,,,,,,3.77,,,,,27.72,,,,,21.75,,1.27,,,,0.8886,9.0875,2.466,1.5395,,,,,
2001-08-10,,,,,,,,,3.7,,,,,28.12,,,,,20.55,,1.26,,,,0.894,9.124,2.489,1.5405,,,,,
2001-08-11,,,,394000.0,,,,,3.7,,,,,,3125000.0,,,,,,,,,,,,,,,,,,
2001-08-12,,,,,,,,,3.7,,,,,,,,,,,,,,,,,,,,,,,,
2001-08-13,,,,,,,,,3.79,,,,1.392,27.85,,,,,20.42,,1.27,,,,0.8983,9.093,2.5,1.539,,,,,
2001-08-14,,,,,,,,,3.76,,,,,28.1,,,,,20.48,,1.23,,,,0.9025,9.127,2.515,1.5413,,,,,
2001-08-15,,,,,,,,,3.83,,,,,27.51,,,,,20.91,,1.2,,,,0.9114,9.087,2.49,1.529,,,,,
2001-08-16,,,,,,,,,3.75,,,,,27.47,,,,,21.54,,1.2,,,,0.9138,9.085,2.494,1.5314,,,,,
2001-08-17,,,,,,,,,3.66,,,,,26.65,,,,,23.84,,1.17,,,,0.9165,9.1175,2.524,1.5428,,,,,
2001-08-18,,,,402000.0,,,,,3.66,,,,,,3113000.0,,,,,,,,,,,,,,,,,,
2001-08-19,,,,,,,,,3.66,,,,,,,,,,,,,,,,,,,,,,,,
2001-08-20,,,,,,,,,3.64,,,,1.427,27.2,,,,,22.87,,1.17,,,,0.9127,9.1375,2.5345,1.5461,,,,,
2001-08-21,,,,,,,,,3.53,,,,,27.93,,,,,24.4,,1.18,,,,0.9115,9.122,2.533,1.549,,,,,
2001-08-22,,,,,,,,,3.51,,,,,27.17,,,,,22.44,,1.15,,,,0.9194,9.116,2.525,1.5438,,,,,
2001-08-23,,,,,,,,,3.55,,,,,25.63,,,,,22.23,,1.17,,,,0.9166,9.123,2.532,1.5423,,,,,
2001-08-24,,,,,,,,,3.51,,,,,28.34,,,,,19.71,,1.17,,,,0.9116,9.146,2.549,1.5414,,,,,
2001-08-25,,,,395000.0,,,,,3.51,,,,,,3163000.0,,,,,,,,,,,,,,,,,,
2001-08-26,,,,,,,,,3.51,,,,,,,,,,,,,,,,,,,,,,,,
2001-08-27,,,,,,,,,3.54,,,,1.488,26.69,,,,,20.56,,1.16,,,,0.9098,9.1125,2.56,1.5423,,,,,
2001-08-28,,,,,,,,,3.5,,,,,27.16,,,,,22.0,,1.14,,,,0.9102,9.144,2.56,1.5401,,,,,
2001-08-29,,,,,,,,,3.5,,,,,27.07,,,,,23.03,,1.11,,,,0.9097,9.151,2.549,1.5462,,,,,
2001-08-30,,,,,,,,,3.58,,,,,26.65,,,,,25.41,,1.18,,,,0.9154,9.1888,2.544,1.546,,,,,
2001-08-31,,,,,,,,,3.66,,,,,26.65,,,,,24.92,,1.21,,,,0.909,9.2075,2.552,1.5478,,,,,
2001-09-01,131763.0,5.0,,402000.0,81.8,2.8,178.1,16116.0,3.66,,66.8,,,,3213000.0,2259.0,40.2,99.90548,,4.96,,133.3,243130.0,5.1,,,,,82.73196,4.75,19.0,3.75,7.2
2001-09-02,,,,,,,,,3.66,,,,,,,,,,,,,,,,,,,,,,,,
2001-09-03,,,,,,,,,3.66,,,,1.545,,,,,,,,,,,,,,,,,,,,
2001-09-04,,,,,,,,,3.67,,,,,26.94,,,,,25.85,,1.16,,,,0.8868,9.199,2.563,1.5535,,,,,
2001-09-05,,,,,,,,,3.49,,,,,27.03,,,,,26.35,,1.18,,,,0.8897,9.2535,2.564,1.5603,,,,,
2001-09-06,,,,,,,,,3.52,,,,,27.54,,,,,28.61,,1.21,,,,0.8943,9.2845,2.585,1.559,,,,,
2001-09-07,,,,,,,,,3.44,,,,,27.99,,,,,30.99,,1.27,,,,0.9044,9.329,2.584,1.568,,,,,
2001-09-08,,,,408000.0,,,,,3.44,,,,,,3197000.0,,,,,,,,,,,,,,,,,,
2001-09-09,,,,,,,,,3.44,,,,,,,,,,,,,,,,,,,,,,,,
2001-09-10,,,,,,,,,3.5,,,,1.527,27.66,,,,,31.84,,1.31,,,,0.8988,9.364,2.598,1.5656,,,,,
2001-09-11,,,,,,,,,3.5,,,,,27.65,,,,,,,,,,,,,,,,,,,
2001-09-12,,,,,,,,,3.56,,,,,27.64,,,,,,,,,,,0.9069,9.438,2.675,1.561,,,,,
2001-09-13,,,,,,,,,3.31,,,,,28.58,,,,,,,1.65,,,,0.9089,9.465,2.729,1.5681,,,,,
2001-09-14,,,,,,,,,3.13,,,,,29.59,,,,,,,1.7,,,,0.9199,9.491,2.713,1.5641,,,,,
2001-09-15,,,,395000.0,,,,,3.13,,,,,,3214000.0,,,,,,,,,,,,,,,,,,
2001-09-16,,,,,,,,,3.13,,,,,,,,,,,,,,,,,,,,,,,,
2001-09-17,,,,,,,,,2.13,,,,1.529,28.84,,,,,41.76,,1.67,,,,0.9198,9.447,2.665,1.5686,,,,,
2001-09-18,,,,,,,,,1.25,,,,,27.81,,,,,38.87,,1.76,,,,0.9233,9.434,2.681,1.5708,,,,,
2001-09-19,,,,,,,,,1.19,,,,,26.73,,,,,40.56,,1.88,,,,0.931,9.423,2.708,1.5711,,,,,
2001-09-20,,,,,,,,,2.22,,,,,26.6,,,,,43.74,,1.84,,,,0.9255,9.48,2.734,1.5708,,,,,
2001-09-21,,,,,,,,,3.11,,,,,25.46,,,,,42.66,,1.79,,,,0.9099,9.491,2.788,1.5707,,,,,
2001-09-22,,,,453000.0,,,,,3.11,,,,,,3302000.0,,,,,,,,,,,,,,,,,,
2001-09-23,,,,,,,,,3.11,,,,,,,,,,,,,,,,,,,,,,,,
2001-09-24,,,,,,,,,3.31,,,,1.485,21.46,,,,,37.75,,1.79,,,,0.9135,9.4439,2.771,1.5686,,,,,
2001-09-25,,,,,,,,,3.11,,,,,21.63,,,,,35.81,,1.84,,,,0.9222,9.485,2.715,1.5705,,,,,
2001-09-26,,,,,,,,,2.96,,,,,22.4,,,,,35.26,,1.83,,,,0.9231,9.537,2.722,1.5734,,,,,
2001-09-27,,,,,,,,,3.08,,,,,22.8,,,,,34.0,,1.8,,,,0.9181,9.57,2.712,1.5791,,,,,
2001-09-28,,,,,,,,,2.75,,,,,23.44,,,,,31.93,,1.74,,,,0.9099,9.52,2.673,1.5797,,,,,
2001-09-29,,,,517000.0,,,,,2.75,,,,,,3385000.0,,,,,,,,,,,,,,,,,,
2001-09-30,,,,,,,,,2.75,,,,,,,,,,,,,,,,,,,,,,,,
2001-10-01,131452.0,5.3,,,82.7,1.0,177.6,15973.0,3.02,75.555,66.7,,1.416,23.12,,2218.6,40.1,99.74929,32.32,5.42,1.73,130.3,262862.0,5.1,0.9159,9.515,2.687,1.5794,81.18557,4.5,19.0,3.0,7.3
2001-10-02,,,,,,,,,2.35,,,,,22.7,,,,,31.18,,1.76,,,,0.9149,9.518,2.7,1.5696,,,,,
2001-10-03,,,,,,,,,2.27,,,,,22.17,,,,,31.34,,1.73,,,,0.9181,9.531,2.729,1.5688,,,,,
2001-10-04,,,,,,,,,2.45,,,,,22.7,,,,,31.97,,1.78,,,,0.9141,9.533,2.729,1.568,,,,,
2001-10-05,,,,,,,,,2.42,,,,,22.32,,,,,33.39,,1.81,,,,0.9168,9.589,2.754,1.5626,,,,,
2001-10-06,,,,476000.0,,,,,2.42,,,,,,3432000.0,,,,,,,,,,,,,,,,,,
2001-10-07,,,,,,,,,2.42,,,,,,,,,,,,,,,,,,,,,,,,
2001-10-08,,,,,,,,,2.42,,,,1.352,22.25,,,,,35.12,,,,,,,,,,,,,,
2001-10-09,,,,,,,,,2.5,,,,,22.55,,,,,34.83,,1.88,,,,0.915,9.52,2.776,1.5638,,,,,
2001-10-10,,,,,,,,,2.42,,,,,22.51,,,,,31.6,,1.83,,,,0.9118,9.413,2.773,1.5679,,,,,
2001-10-11,,,,,,,,,2.42,,,,,23.49,,,,,31.5,,1.81,,,,0.9008,9.3375,2.785,1.568,,,,,
2001-10-12,,,,,,,,,2.39,,,,,22.49,,,,,35.27,,1.87,,,,0.9078,9.365,2.782,1.5659,,,,,
2001-10-13,,,,482000.0,,,,,2.39,,,,,,3521000.0,,,,,,,,,,,,,,,,,,
2001-10-14,,,,,,,,,2.39,,,,,,,,,,,,,,,,,,,,,,,,
2001-10-15,,,,,,,,,2.51,,,,1.309,22.37,,,,,35.31,,1.84,,,,0.9077,9.27,2.775,1.5582,,,,,
2001-10-16,,,,,,,,,2.47,,,,,22.01,,,,,32.88,,1.82,,,,0.9094,9.24,2.759,1.5621,,,,,
2001-10-17,,,,,,,,,2.51,,,,,21.89,,,,,35.08,,1.79,,,,0.9065,9.2525,2.7225,1.5687,,,,,
2001-10-18,,,,,,,,,2.5,,,,,21.33,,,,,34.95,,1.81,,,,0.9025,9.232,2.748,1.5763,,,,,
2001-10-19,,,,,,,,,2.47,,,,,21.99,,,,,34.11,,1.86,,,,0.8987,9.2075,2.7622,1.5756,,,,,
2001-10-20,,,,482000.0,,,,,2.47,,,,,,3557000.0,,,,,,,,,,,,,,,,,,
2001-10-21,,,,,,,,,2.47,,,,,,,,,,,,,,,,,,,,,,,,
2001-10-22,,,,,,,,,2.52,,,,1.265,21.78,,,,,32.25,,1.84,,,,0.8906,9.2002,2.719,1.5787,,,,,
2001-10-23,,,,,,,,,2.48,,,,,21.28,,,,,32.0,,1.85,,,,0.8893,9.229,2.733,1.5723,,,,,
2001-10-24,,,,,,,,,2.53,,,,,22.0,,,,,30.95,,1.89,,,,0.8925,9.2145,2.743,1.5745,,,,,
2001-10-25,,,,,,,,,2.54,,,,,21.75,,,,,29.46,,1.93,,,,0.8965,9.247,2.7318,1.5775,,,,,
2001-10-26,,,,,,,,,2.51,,,,,22.07,,,,,28.42,,1.9,,,,0.8921,9.28,2.7322,1.575,,,,,
2001-10-27,,,,483000.0,,,,,2.51,,,,,,3600000.0,,,,,,,,,,,,,,,,,,
2001-10-28,,,,,,,,,2.51,,,,,,,,,,,,,,,,,,,,,,,,
2001-10-29,,,,,,,,,2.55,,,,1.235,22.1,,,,,31.64,,1.95,,,,0.9037,9.2375,2.727,1.575,,,,,
2001-10-30,,,,,,,,,2.55,,,,,21.83,,,,,33.46,,1.96,,,,0.906,9.258,2.729,1.5785,,,,,
2001-10-31,,,,,,,,,2.66,,,,,21.2,,,,,33.56,,1.86,,,,0.8993,9.27,2.701,1.5905,,,,,
2001-11-01,131144.0,5.5,,,83.9,0.4,177.5,15825.0,2.61,,66.7,,,20.47,,2158.0,40.0,99.89661,32.31,5.72,1.75,129.8,254084.0,5.2,0.9044,9.286,2.685,1.5913,80.41237,4.0,19.0,2.5,7.5
2001-11-02,,,,,,,,,2.43,,,,,20.24,,,,,30.71,,1.89,,,,0.9037,9.2765,2.675,1.5925,,,,,
2001-11-03,,,,440000.0,,,,,2.43,,,,,,3616000.0,,,,,,,,,,,,,,,,,,
2001-11-04,,,,,,,,,2.43,,,,,,,,,,,,,,,,,,,,,,,,
2001-11-05,,,,,,,,,2.45,,,,1.206,20.0,,,,,30.5,,1.85,,,,0.8963,9.2285,2.595,1.5958,,,,,
2001-11-06,,,,,,,,,2.13,,,,,19.93,,,,,28.8,,1.93,,,,0.8975,9.2146,2.594,1.5938,,,,,
2001-11-07,,,,,,,,,2.04,,,,,20.11,,,,,29.13,,1.9,,,,0.8999,9.211,2.6,1.5935,,,,,
2001-11-08,,,,,,,,,2.03,,,,,21.21,,,,,28.62,,1.9,,,,0.891,9.215,2.555,1.598,,,,,
2001-11-09,,,,,,,,,1.98,,,,,22.23,,,,,27.44,,1.89,,,,0.8935,9.229,2.527,1.6023,,,,,
2001-11-10,,,,428000.0,,,,,1.98,,,,,,3627000.0,,,,,,,,,,,,,,,,,,
2001-11-11,,,,,,,,,1.98,,,,,,,,,,,,,,,,,,,,,,,,
2001-11-12,,,,,,,,,1.98,,,,1.182,21.26,,,,,29.35,,,,,,,,,,,,,,
2001-11-13,,,,,,,,,2.1,,,,,21.56,,,,,26.47,,1.87,,,,0.8811,9.249,2.514,1.5982,,,,,
2001-11-14,,,,,,,,,2.16,,,,,19.63,,,,,26.56,,1.84,,,,0.8829,9.235,2.538,1.5923,,,,,
2001-11-15,,,,,,,,,2.22,,,,,17.5,,,,,25.56,,1.81,,,,0.8813,9.215,2.546,1.587,,,,,
2001-11-16,,,,,,,,,1.98,,,,,18.09,,,,,25.07,,1.82,,,,0.8849,9.21,2.534,1.587,,,,,
2001-11-17,,,,431000.0,,,,,1.98,,,,,,3790000.0,,,,,,,,,,,,,,,,,,
2001-11-18,,,,,,,,,1.98,,,,,,,,,,,,,,,,,,,,,,,,
2001-11-19,,,,,,,,,2.01,,,,1.167,17.74,,,,,24.46,,1.88,,,,0.8781,9.1955,2.519,1.5849,,,,,
2001-11-20,,,,,,,,,1.97,,,,,18.71,,,,,24.12,,1.92,,,,0.8832,9.17,2.547,1.5933,,,,,
2001-11-21,,,,,,,,,1.93,,,,,18.38,,,,,24.19,,1.87,,,,0.8781,9.1475,2.5355,1.6018,,,,,
2001-11-22,,,,,,,,,1.93,,,,,,,,,,,,,,,,,,,,,,,,
2001-11-23,,,,,,,,,1.88,,,,,,,,,,23.25,,1.84,,,,0.877,9.1525,2.5125,1.5981,,,,,
2001-11-24,,,,491000.0,,,,,1.88,,,,,,3593000.0,,,,,,,,,,,,,,,,,,
2001-11-25,,,,,,,,,1.88,,,,,,,,,,,,,,,,,,,,,,,,
2001-11-26,,,,,,,,,2.04,,,,1.127,18.69,,,,,23.79,,1.83,,,,0.8811,9.1675,2.493,1.6005,,,,,
2001-11-27,,,,,,,,,2.01,,,,,19.57,,,,,24.0,,1.87,,,,0.8812,9.253,2.472,1.5948,,,,,
2001-11-28,,,,,,,,,2.04,,,,,19.37,,,,,25.9,,1.86,,,,0.8863,9.277,2.489,1.5853,,,,,
2001-11-29,,,,,,,,,2.09,,,,,18.55,,,,,25.18,,1.92,,,,0.8879,9.3085,2.517,1.5828,,,,,
2001-11-30,,,,,,,,,2.06,,,,,19.46,,,,,23.84,,1.94,,,,0.8958,9.2585,2.514,1.5717,,,,,
2001-12-01,130983.0,5.7,,465000.0,88.8,1.8,177.4,15712.0,2.06,,66.7,,,,3619000.0,2138.2,40.2,100.2531,,6.23,,128.1,249879.0,5.2,,,,,81.28222,4.0,19.0,2.5,8.1
2001-12-02,,,,,,,,,2.06,,,,,,,,,,,,,,,,,,,,,,,,
2001-12-03,,,,,,,,,2.05,,,,1.108,20.27,,,,,25.77,,1.93,,,,0.8897,9.205,2.463,1.5762,,,,,
2001-12-04,,,,,,,,,1.93,,,,,19.71,,,,,24.08,,1.89,,,,0.8898,9.223,2.427,1.5729,,,,,
2001-12-05,,,,,,,,,1.89,,,,,19.62,,,,,23.02,,1.85,,,,0.8856,9.219,2.4238,1.5716,,,,,
2001-12-06,,,,,,,,,1.87,,,,,18.69,,,,,23.71,,1.85,,,,0.8916,9.245,2.427,1.5767,,,,,
2001-12-07,,,,,,,,,1.92,,,,,19.08,,,,,23.49,,2.01,,,,0.8905,9.2175,2.4,1.5725,,,,,
2001-12-08,,,,393000.0,,,,,1.92,,,,,,3626000.0,,,,,,,,,,,,,,,,,,
2001-12-09,,,,,,,,,1.92,,,,,,,,,,,,,,,,,,,,,,,,
2001-12-10,,,,,,,,,1.9,,,,1.095,18.32,,,,,25.62,,2.07,,,,0.8884,9.1875,2.3425,1.5787,,,,,
2001-12-11,,,,,,,,,1.8,,,,,18.04,,,,,25.3,,2.1,,,,0.8904,9.151,2.3425,1.5781,,,,,
2001-12-12,,,,,,,,,1.81,,,,,18.38,,,,,24.87,,2.05,,,,0.8945,9.1565,2.374,1.5654,,,,,
2001-12-13,,,,,,,,,1.86,,,,,18.2,,,,,25.91,,2.04,,,,0.8976,9.125,2.389,1.5675,,,,,
2001-12-14,,,,,,,,,1.88,,,,,19.31,,,,,24.63,,2.04,,,,0.9044,9.09,2.387,1.5635,,,,,
2001-12-15,,,,389000.0,,,,,1.88,,,,,,3637000.0,,,,,,,,,,,,,,,,,,
2001-12-16,,,,,,,,,1.88,,,,,,,,,,,,,,,,,,,,,,,,
2001-12-17,,,,,,,,,1.93,,,,1.059,19.28,,,,,24.26,,2.05,,,,0.904,9.114,2.361,1.5646,,,,,
2001-12-18,,,,,,,,,1.71,,,,,19.38,,,,,23.29,,2.03,,,,0.9019,9.1075,2.345,1.5729,,,,,
2001-12-19,,,,,,,,,1.71,,,,,19.37,,,,,22.58,,1.97,,,,0.8997,9.1325,2.289,1.5743,,,,,
2001-12-20,,,,,,,,,1.79,,,,,18.67,,,,,23.67,,1.93,,,,0.8972,9.1615,2.3165,1.5782,,,,,
2001-12-21,,,,,,,,,1.78,,,,,19.3,,,,,22.5,,1.95,,,,0.8864,9.1325,2.3525,1.585,,,,,
2001-12-22,,,,416000.0,,,,,1.78,,,,,,3591000.0,,,,,,,,,,,,,,,,,,
2001-12-23,,,,,,,,,1.78,,,,,,,,,,,,,,,,,,,,,,,,
2001-12-24,,,,,,,,,1.68,,,,1.072,,,,,,22.62,,1.96,,,,0.8773,9.095,2.338,1.5945,,,,,
2001-12-25,,,,,,,,,1.68,,,,,,,,,,,,,,,,,,,,,,,,
2001-12-26,,,,,,,,,1.89,,,,,21.32,,,,,22.29,,1.96,,,,0.8778,9.101,2.32,1.599,,,,,
2001-12-27,,,,,,,,,1.85,,,,,21.07,,,,,21.59,,1.94,,,,0.8843,9.142,2.335,1.5954,,,,,
2001-12-28,,,,,,,,,1.54,,,,,20.42,,,,,21.4,,1.99,,,,0.8822,9.186,2.326,1.5956,,,,,
2001-12-29,,,,421000.0,,,,,1.54,,,,,,3474000.0,,,,,,,,,,,,,,,,,,
2001-12-30,,,,,,,,,1.54,,,,,,,,,,,,,,,,,,,,,,,,
2001-12-31,,,,,,,,,1.52,,,,1.096,19.96,,,,,23.8,,2.0,,,,0.8901,9.156,2.312,1.5925,,,,,
2002-01-01,130859.0,5.7,,,93.0,1.9,177.7,15588.0,1.52,77.138,66.5,,,,,2147.3,40.2,100.5978,,6.14,,128.5,250603.0,5.1,,,,,81.08892,4.0,19.0,2.25,8.0
2002-01-02,,,,,,,,,1.92,,,,,21.13,,,,,22.71,,1.98,,,,0.9031,9.095,2.31,1.5974,,,,,
2002-01-03,,,,,,,,,1.72,,,,,20.65,,,,,21.34,,1.97,,,,0.8992,9.1175,2.293,1.597,,,,,
2002-01-04,,,,,,,,,1.61,,,,,21.47,,,,,20.45,,1.99,,,,0.8946,9.1395,2.314,1.5977,,,,,
2002-01-05,,,,397000.0,,,,,1.61,,,,,,3587000.0,,,,,,,,,,,,,,,,,,
2002-01-06,,,,,,,,,1.61,,,,,,,,,,,,,,,,,,,,,,,,
2002-01-07,,,,,,,,,1.61,,,,1.112,21.42,,,,,21.94,,2.01,,,,0.8931,9.165,2.348,1.5981,,,,,
2002-01-08,,,,,,,,,1.61,,,,,20.82,,,,,21.83,,2.03,,,,0.8925,9.1775,2.361,1.5949,,,,,
2002-01-09,,,,,,,,,1.74,,,,,20.32,,,,,22.13,,2.07,,,,0.8882,9.2,2.383,1.5965,,,,,
2002-01-10,,,,,,,,,1.81,,,,,20.48,,,,,22.36,,2.06,,,,0.8925,9.247,2.393,1.6012,,,,,
2002-01-11,,,,,,,,,1.71,,,,,19.67,,,,,22.6,,2.16,,,,0.8905,9.25,2.4095,1.5975,,,,,
2002-01-12,,,,418000.0,,,,,1.71,,,,,,3500000.0,,,,,,,,,,,,,,,,,,
2002-01-13,,,,,,,,,1.71,,,,,,,,,,,,,,,,,,,,,,,,
2002-01-14,,,,,,,,,1.78,,,,1.111,18.88,,,,,23.58,,2.12,,,,0.8935,9.185,2.406,1.5974,,,,,
2002-01-15,,,,,,,,,1.75,,,,,18.99,,,,,22.7,,2.09,,,,0.8913,9.1625,2.36,1.5899,,,,,
2002-01-16,,,,,,,,,1.69,,,,,18.96,,,,,23.45,,2.04,,,,0.8834,9.202,2.371,1.5945,,,,,
2002-01-17,,,,,,,,,1.68,,,,,18.2,,,,,22.25,,2.02,,,,0.88,9.12,2.357,1.611,,,,,
2002-01-18,,,,,,,,,1.71,,,,,18.02,,,,,22.52,,2.03,,,,0.8844,9.13,2.376,1.6128,,,,,
2002-01-19,,,,405000.0,,,,,1.71,,,,,,3557000.0,,,,,,,,,,,,,,,,,,
2002-01-20,,,,,,,,,1.71,,,,,,,,,,,,,,,,,,,,,,,,
2002-01-21,,,,,,,,,1.71,,,,1.105,,,,,,,,,,,,,,,,,,,,
2002-01-22,,,,,,,,,1.84,,,,,18.36,,,,,23.61,,1.99,,,,0.8838,9.16,2.377,1.6084,,,,,
2002-01-23,,,,,,,,,1.81,,,,,19.1,,,,,21.88,,1.98,,,,0.8836,9.145,2.392,1.604,,,,,
2002-01-24,,,,,,,,,1.8,,,,,19.57,,,,,21.15,,1.92,,,,0.8782,9.127,2.4,1.602,,,,,
2002-01-25,,,,,,,,,1.78,,,,,19.8,,,,,21.01,,1.93,,,,0.8655,9.138,2.415,1.6083,,,,,
2002-01-26,,,,414000.0,,,,,1.78,,,,,,3558000.0,,,,,,,,,,,,,,,,,,
2002-01-27,,,,,,,,,1.78,,,,,,,,,,,,,,,,,,,,,,,,
2002-01-28,,,,,,,,,1.79,,,,1.101,20.05,,,,,21.14,,1.93,,,,0.8605,9.159,2.4295,1.6126,,,,,
2002-01-29,,,,,,,,,1.78,,,,,19.3,,,,,24.35,,1.97,,,,0.8643,9.171,2.43,1.5903,,,,,
2002-01-30,,,,,,,,,1.78,,,,,19.11,,,,,23.22,,1.96,,,,0.8648,9.193,2.444,1.591,,,,,
2002-01-31,,,,,,,,,1.85,,,,,19.71,,,,,21.09,,1.91,,,,0.8594,9.152,2.409,1.5915,,,,,
2002-02-01,130737.0,5.7,,,90.7,2.1,178.0,15518.0,1.77,,66.8,,,20.4,,2156.6,40.2,100.8044,21.12,6.15,1.94,128.4,252279.0,5.2,0.8613,9.1575,2.414,1.5908,81.28222,4.0,18.75,2.25,7.9
2002-02-02,,,,404000.0,,,,,1.77,,,,,,3537000.0,,,,,,,,,,,,,,,,,,
2002-02-03,,,,,,,,,1.77,,,,,,,,,,,,,,,,,,,,,,,,
2002-02-04,,,,,,,,,1.74,,,,1.116,20.02,,,,,24.87,,1.95,,,,0.8685,9.17,2.4245,1.5919,,,,,
2002-02-05,,,,,,,,,1.64,,,,,20.06,,,,,25.45,,1.93,,,,0.8672,9.134,2.425,1.5985,,,,,
2002-02-06,,,,,,,,,1.66,,,,,19.77,,,,,26.09,,1.94,,,,0.8693,9.128,2.43,1.6042,,,,,
2002-02-07,,,,,,,,,1.74,,,,,19.75,,,,,25.11,,1.94,,,,0.869,9.131,2.454,1.6037,,,,,
2002-02-08,,,,,,,,,1.69,,,,,20.25,,,,,23.26,,1.95,,,,0.8727,9.15,2.4656,1.597,,,,,
2002-02-09,,,,397000.0,,,,,1.69,,,,,,3562000.0,,,,,,,,,,,,,,,,,,
2002-02-10,,,,,,,,,1.69,,,,,,,,,,,,,,,,,,,,,,,,
2002-02-11,,,,,,,,,1.76,,,,1.107,21.29,,,,,21.78,,1.96,,,,0.8778,9.08,2.458,1.5895,,,,,
2002-02-12,,,,,,,,,1.72,,,,,20.76,,,,,21.62,,1.93,,,,0.8768,9.096,2.457,1.5919,,,,,
2002-02-13,,,,,,,,,1.75,,,,,21.19,,,,,20.85,,1.92,,,,0.873,9.048,2.422,1.591,,,,,
2002-02-14,,,,,,,,,1.81,,,,,21.19,,,,,21.77,,1.88,,,,0.8713,9.089,2.4275,1.5919,,,,,
2002-02-15,,,,,,,,,1.73,,,,,21.47,,,,,22.37,,1.89,,,,0.873,9.063,2.434,1.5908,,,,,
2002-02-16,,,,397000.0,,,,,1.73,,,,,,3580000.0,,,,,,,,,,,,,,,,,,
2002-02-17,,,,,,,,,1.73,,,,,,,,,,,,,,,,,,,,,,,,
2002-02-18,,,,,,,,,1.73,,,,1.116,,,,,,,,,,,,,,,,,,,,
2002-02-19,,,,,,,,,1.77,,,,,20.77,,,,,24.43,,1.9,,,,0.8764,9.071,2.4265,1.5885,,,,,
2002-02-20,,,,,,,,,1.76,,,,,20.31,,,,,22.66,,1.88,,,,0.8705,9.089,2.428,1.5905,,,,,
2002-02-21,,,,,,,,,1.77,,,,,20.81,,,,,23.8,,1.88,,,,0.8712,9.0775,2.422,1.5914,,,,,
2002-02-22,,,,,,,,,1.71,,,,,20.92,,,,,22.86,,1.87,,,,0.8757,9.115,2.424,1.5945,,,,,
2002-02-23,,,,398000.0,,,,,1.71,,,,,,3538000.0,,,,,,,,,,,,,,,,,,
2002-02-24,,,,,,,,,1.71,,,,,,,,,,,,,,,,,,,,,,,,
2002-02-25,,,,,,,,,1.8,,,,1.116,20.24,,,,,21.84,,1.85,,,,0.8713,9.08,2.4,1.601,,,,,
2002-02-26,,,,,,,,,1.77,,,,,21.37,,,,,21.68,,1.85,,,,0.8682,9.0855,2.4065,1.6112,,,,,
2002-02-27,,,,,,,,,1.76,,,,,21.4,,,,,21.49,,1.75,,,,0.8642,9.1,2.38,1.6084,,,,,
2002-02-28,,,,,,,,,1.83,,,,,21.78,,,,,21.59,,1.82,,,,0.8658,9.13,2.361,1.6049,,,,,
2002-03-01,130722.0,5.7,,,95.7,2.7,178.5,15443.0,1.78,,66.6,,,22.37,,2190.5,40.5,100.9911,19.96,6.38,1.8,129.8,251542.0,5.2,0.8652,9.095,2.351,1.5955,81.76546,4.0,18.5,2.25,7.9
2002-03-02,,,,392000.0,,,,,1.78,,,,,,3567000.0,,,,,,,,,,,,,,,,,,
2002-03-03,,,,,,,,,1.78,,,,,,,,,,,,,,,,,,,,,,,,
2002-03-04,,,,,,,,,1.68,,,,1.144,22.55,,,,,20.5,,1.78,,,,0.8705,9.08,2.341,1.59,,,,,
2002-03-05,,,,,,,,,1.63,,,,,23.18,,,,,20.3,,1.77,,,,0.8699,9.078,2.336,1.5905,,,,,
2002-03-06,,,,,,,,,1.71,,,,,23.32,,,,,19.94,,1.8,,,,0.8772,9.087,2.352,1.5835,,,,,
2002-03-07,,,,,,,,,1.77,,,,,23.62,,,,,20.04,,1.86,,,,0.8795,9.076,2.365,1.5823,,,,,
2002-03-08,,,,,,,,,1.69,,,,,23.87,,,,,19.27,,1.73,,,,0.8752,9.071,2.35,1.5857,,,,,
2002-03-09,,,,399000.0,,,,,1.69,,,,,,3567000.0,,,,,,,,,,,,,,,,,,
2002-03-10,,,,,,,,,1.69,,,,,,,,,,,,,,,,,,,,,,,,
2002-03-11,,,,,,,,,1.75,,,,1.223,24.36,,,,,19.84,,1.74,,,,0.8768,9.074,2.3545,1.5843,,,,,
2002-03-12,,,,,,,,,1.68,,,,,24.55,,,,,19.59,,1.76,,,,0.8759,9.0745,2.342,1.5858,,,,,
2002-03-13,,,,,,,,,1.73,,,,,24.14,,,,,19.46,,1.79,,,,0.877,9.1115,2.3475,1.5935,,,,,
2002-03-14,,,,,,,,,1.79,,,,,24.48,,,,,19.2,,1.77,,,,0.8816,9.114,2.3445,1.5943,,,,,
2002-03-15,,,,,,,,,1.8,,,,,24.47,,,,,18.42,,1.72,,,,0.8823,9.085,2.348,1.5863,,,,,
2002-03-16,,,,392000.0,,,,,1.8,,,,,,3598000.0,,,,,,,,,,,,,,,,,,
2002-03-17,,,,,,,,,1.8,,,,,,,,,,,,,,,,,,,,,,,,
2002-03-18,,,,,,,,,1.71,,,,1.288,25.03,,,,,18.93,,1.65,,,,0.8826,9.0725,2.345,1.588,,,,,
2002-03-19,,,,,,,,,1.67,,,,,25.02,,,,,18.16,,1.69,,,,0.8805,9.072,2.34,1.5842,,,,,
2002-03-20,,,,,,,,,1.78,,,,,24.92,,,,,18.46,,1.69,,,,0.8836,9.072,2.337,1.5793,,,,,
2002-03-21,,,,,,,,,1.74,,,,,25.74,,,,,18.15,,1.66,,,,0.8836,9.063,2.349,1.5808,,,,,
2002-03-22,,,,,,,,,1.68,,,,,25.56,,,,,17.77,,1.63,,,,0.8791,9.038,2.357,1.5767,,,,,
2002-03-23,,,,415000.0,,,,,1.68,,,,,,3599000.0,,,,,,,,,,,,,,,,,,
2002-03-24,,,,,,,,,1.68,,,,,,,,,,,,,,,,,,,,,,,,
2002-03-25,,,,,,,,,1.75,,,,1.342,25.69,,,,,18.48,,1.63,,,,0.8768,9.02,2.363,1.5858,,,,,
2002-03-26,,,,,,,,,1.71,,,,,25.75,,,,,18.13,,1.67,,,,0.8767,9.031,2.343,1.5925,,,,,
2002-03-27,,,,,,,,,1.69,,,,,25.79,,,,,17.7,,1.69,,,,0.8726,9.0175,2.329,1.5938,,,,,
2002-03-28,,,,,,,,,1.77,,,,,26.21,,,,,17.4,,1.7,,,,0.8711,9.012,2.325,1.594,,,,,
2002-03-29,,,,,,,,,1.74,,,,,,,,,,,,,,,,0.8717,9.0005,2.326,1.5958,,,,,
2002-03-30,,,,479000.0,,,,,1.74,,,,,,3723000.0,,,,,,,,,,,,,,,,,,
2002-03-31,,,,,,,,,1.74,,,,,,,,,,,,,,,,,,,,,,,,
2002-04-01,130616.0,5.9,,,93.0,2.8,179.3,15392.0,1.88,77.259,66.7,,1.371,26.82,,2216.8,40.6,101.0437,18.73,6.28,1.7,130.8,254543.0,5.2,0.8806,9.014,2.325,1.5995,81.95876,4.0,18.5,2.5,7.7
2002-04-02,,,,,,,,,1.74,,,,,27.75,,,,,19.16,,1.73,,,,0.8782,9.002,2.299,1.5934,,,,,
2002-04-03,,,,,,,,,1.81,,,,,27.55,,,,,20.2,,1.75,,,,0.8804,9.04,2.31,1.589,,,,,
2002-04-04,,,,,,,,,1.74,,,,,26.64,,,,,19.78,,1.71,,,,0.8779,9.0475,2.306,1.593,,,,,
2002-04-05,,,,,,,,,1.7,,,,,26.21,,,,,19.13,,1.73,,,,0.8805,9.029,2.297,1.59,,,,,
2002-04-06,,,,445000.0,,,,,1.7,,,,,,3732000.0,,,,,,,,,,,,,,,,,,
2002-04-07,,,,,,,,,1.7,,,,,,,,,,,,,,,,,,,,,,,,
2002-04-08,,,,,,,,,1.72,,,,1.413,26.16,,,,,19.61,,1.74,,,,0.875,9.021,2.291,1.5941,,,,,
2002-04-09,,,,,,,,,1.68,,,,,25.45,,,,,19.47,,1.74,,,,0.8793,9.042,2.29,1.5964,,,,,
2002-04-10,,,,,,,,,1.73,,,,,26.15,,,,,18.19,,1.76,,,,0.8794,9.05,2.2745,1.593,,,,,
2002-04-11,,,,,,,,,1.83,,,,,24.93,,,,,20.3,,1.75,,,,0.8829,9.074,2.273,1.5879,,,,,
2002-04-12,,,,,,,,,1.79,,,,,23.51,,,,,19.42,,1.77,,,,0.8792,9.078,2.297,1.5879,,,,,
2002-04-13,,,,442000.0,,,,,1.79,,,,,,3650000.0,,,,,,,,,,,,,,,,,,
2002-04-14,,,,,,,,,1.79,,,,,,,,,,,,,,,,,,,,,,,,
2002-04-15,,,,,,,,,1.84,,,,1.404,24.53,,,,,19.82,,1.77,,,,0.8802,9.182,2.324,1.5892,,,,,
2002-04-16,,,,,,,,,1.68,,,,,24.92,,,,,18.11,,1.77,,,,0.883,9.1625,2.315,1.5798,,,,,
2002-04-17,,,,,,,,,1.73,,,,,25.94,,,,,18.43,,1.83,,,,0.8885,9.205,2.319,1.5745,,,,,
2002-04-18,,,,,,,,,1.71,,,,,25.86,,,,,19.29,,1.85,,,,0.8898,9.242,2.334,1.5747,,,,,
2002-04-19,,,,,,,,,1.67,,,,,26.43,,,,,18.3,,1.85,,,,0.8893,9.2235,2.3235,1.5723,,,,,
2002-04-20,,,,416000.0,,,,,1.67,,,,,,3675000.0,,,,,,,,,,,,,,,,,,
2002-04-21,,,,,,,,,1.67,,,,,,,,,,,,,,,,,,,,,,,,
2002-04-22,,,,,,,,,1.73,,,,1.404,26.28,,,,,19.77,,1.82,,,,0.8877,9.254,2.342,1.573,,,,,
2002-04-23,,,,,,,,,1.71,,,,,26.28,,,,,20.28,,1.79,,,,0.8897,9.27,2.349,1.5753,,,,,
2002-04-24,,,,,,,,,1.76,,,,,26.28,,,,,20.77,,1.83,,,,0.8915,9.286,2.358,1.5685,,,,,
2002-04-25,,,,,,,,,1.82,,,,,26.36,,,,,20.95,,1.85,,,,0.8978,9.36,2.375,1.5636,,,,,
2002-04-26,,,,,,,,,1.79,,,,,27.12,,,,,22.14,,1.86,,,,0.898,9.319,2.37,1.5632,,,,,
2002-04-27,,,,414000.0,,,,,1.79,,,,,,3700000.0,,,,,,,,,,,,,,,,,,
2002-04-28,,,,,,,,,1.79,,,,,,,,,,,,,,,,,,,,,,,,
2002-04-29,,,,,,,,,1.81,,,,1.393,27.45,,,,,24.05,,1.87,,,,0.9028,9.3515,2.367,1.5663,,,,,
2002-04-30,,,,,,,,,1.82,,,,,27.32,,,,,21.91,,1.87,,,,0.9002,9.375,2.36,1.5681,,,,,
2002-05-01,130632.0,5.8,,,96.9,2.7,179.5,15338.0,1.88,,66.7,,,26.58,,2226.1,40.6,101.0177,20.06,6.34,1.87,130.8,252390.0,5.2,0.9062,9.437,2.361,1.5579,81.28222,4.0,18.5,2.5,7.8
2002-05-02,,,,,,,,,1.79,,,,,26.31,,,,,20.07,,1.88,,,,0.9032,9.435,2.382,1.5621,,,,,
2002-05-03,,,,,,,,,1.73,,,,,26.75,,,,,20.19,,1.91,,,,0.9133,9.492,2.415,1.565,,,,,
2002-05-04,,,,409000.0,,,,,1.73,,,,,,3712000.0,,,,,,,,,,,,,,,,,,
2002-05-05,,,,,,,,,1.73,,,,,,,,,,,,,,,,,,,,,,,,
2002-05-06,,,,,,,,,1.75,,,,1.395,26.11,,,,,22.56,,1.91,,,,0.9166,9.4075,2.436,1.5685,,,,,
2002-05-07,,,,,,,,,1.72,,,,,26.79,,,,,21.94,,1.95,,,,0.9148,9.476,2.4115,1.5705,,,,,
2002-05-08,,,,,,,,,1.71,,,,,27.76,,,,,20.39,,1.92,,,,0.904,9.413,2.4275,1.5708,,,,,
2002-05-09,,,,,,,,,1.74,,,,,27.78,,,,,21.56,,1.93,,,,0.9088,9.4445,2.456,1.5687,,,,,
2002-05-10,,,,,,,,,1.74,,,,,27.92,,,,,22.41,,1.96,,,,0.9116,9.512,2.482,1.5575,,,,,
2002-05-11,,,,413000.0,,,,,1.74,,,,,,3729000.0,,,,,,,,,,,,,,,,,,
2002-05-12,,,,,,,,,1.74,,,,,,,,,,,,,,,,,,,,,,,,
2002-05-13,,,,,,,,,1.75,,,,1.388,28.62,,,,,20.72,,1.95,,,,0.9107,9.4885,2.491,1.5585,,,,,
2002-05-14,,,,,,,,,1.69,,,,,29.17,,,,,19.35,,1.92,,,,0.9022,9.525,2.516,1.559,,,,,
2002-05-15,,,,,,,,,1.84,,,,,28.17,,,,,19.19,,1.91,,,,0.9074,9.455,2.503,1.5563,,,,,
2002-05-16,,,,,,,,,1.76,,,,,28.0,,,,,18.5,,1.92,,,,0.9105,9.49,2.493,1.555,,,,,
2002-05-17,,,,,,,,,1.7,,,,,28.19,,,,,17.7,,1.86,,,,0.9206,9.4785,2.477,1.542,,,,,
2002-05-18,,,,411000.0,,,,,1.7,,,,,,3695000.0,,,,,,,,,,,,,,,,,,
2002-05-19,,,,,,,,,1.7,,,,,,,,,,,,,,,,,,,,,,,,
2002-05-20,,,,,,,,,1.72,,,,1.397,28.24,,,,,19.24,,1.88,,,,0.9213,9.4935,2.472,1.5415,,,,,
2002-05-21,,,,,,,,,1.68,,,,,27.35,,,,,20.05,,1.9,,,,0.9191,9.51,2.4745,1.5387,,,,,
2002-05-22,,,,,,,,,1.73,,,,,27.01,,,,,19.58,,1.9,,,,0.9265,9.535,2.507,1.5361,,,,,
2002-05-23,,,,,,,,,1.76,,,,,26.6,,,,,18.23,,1.88,,,,0.9233,9.527,2.538,1.5338,,,,,
2002-05-24,,,,,,,,,1.75,,,,,26.69,,,,,18.9,,1.88,,,,0.922,9.562,2.534,1.535,,,,,
2002-05-25,,,,403000.0,,,,,1.75,,,,,,3712000.0,,,,,,,,,,,,,,,,,,
2002-05-26,,,,,,,,,1.75,,,,,,,,,,,,,,,,,,,,,,,,
2002-05-27,,,,,,,,,1.75,,,,1.387,,,,,,,,,,,,,,,,,,,,
2002-05-28,,,,,,,,,1.88,,,,,25.08,,,,,20.31,,1.86,,,,0.9285,9.5605,2.525,1.5305,,,,,
2002-05-29,,,,,,,,,1.79,,,,,25.64,,,,,20.39,,1.87,,,,0.9313,9.61,2.52,1.5345,,,,,
2002-05-30,,,,,,,,,1.8,,,,,24.78,,,,,20.61,,1.89,,,,0.9373,9.713,2.512,1.534,,,,,
2002-05-31,,,,,,,,,1.79,,,,,25.37,,,,,19.98,,1.86,,,,0.9339,9.6525,2.522,1.5275,,,,,
2002-06-01,130674.0,5.8,,378000.0,92.4,2.7,179.6,15297.0,1.79,,66.6,,,,3664000.0,2230.1,40.7,100.7677,,6.2,,130.9,253652.0,5.2,,,,,82.92525,4.0,18.5,2.75,7.6
2002-06-02,,,,,,,,,1.79,,,,,,,,,,,,,,,,,,,,,,,,
2002-06-03,,,,,,,,,1.83,,,,1.392,25.1,,,,,23.37,,1.87,,,,0.939,9.641,2.55,1.5282,,,,,
2002-06-04,,,,,,,,,1.73,,,,,25.32,,,,,23.89,,1.91,,,,0.9424,9.725,2.572,1.5284,,,,,
2002-06-05,,,,,,,,,1.7,,,,,25.02,,,,,22.61,,1.92,,,,0.9391,9.739,2.606,1.535,,,,,
2002-06-06,,,,,,,,,1.75,,,,,24.89,,,,,24.16,,1.91,,,,0.9457,9.7695,2.656,1.5325,,,,,
2002-06-07,,,,,,,,,1.73,,,,,24.72,,,,,23.51,,1.94,,,,0.9449,9.735,2.648,1.5321,,,,,
2002-06-08,,,,388000.0,,,,,1.73,,,,,,3681000.0,,,,,,,,,,,,,,,,,,
2002-06-09,,,,,,,,,1.73,,,,,,,,,,,,,,,,,,,,,,,,
2002-06-10,,,,,,,,,1.76,,,,1.375,24.24,,,,,23.72,,1.92,,,,0.9446,9.696,2.639,1.5385,,,,,
2002-06-11,,,,,,,,,1.72,,,,,24.21,,,,,24.45,,1.93,,,,0.9445,9.675,2.67,1.5383,,,,,
2002-06-12,,,,,,,,,1.75,,,,,24.79,,,,,24.15,,1.93,,,,0.9473,9.716,2.752,1.5365,,,,,
2002-06-13,,,,,,,,,1.76,,,,,25.54,,,,,25.02,,1.94,,,,0.944,9.638,2.635,1.5398,,,,,
2002-06-14,,,,,,,,,1.75,,,,,25.9,,,,,25.96,,1.91,,,,0.9448,9.664,2.719,1.5499,,,,,
2002-06-15,,,,396000.0,,,,,1.75,,,,,,3604000.0,,,,,,,,,,,,,,,,,,
2002-06-16,,,,,,,,,1.75,,,,,,,,,,,,,,,,,,,,,,,,
2002-06-17,,,,,,,,,1.82,,,,1.378,25.98,,,,,24.64,,1.93,,,,0.9442,9.605,2.681,1.5474,,,,,
2002-06-18,,,,,,,,,1.71,,,,,25.36,,,,,24.24,,1.95,,,,0.9483,9.634,2.699,1.5443,,,,,
2002-06-19,,,,,,,,,1.69,,,,,25.57,,,,,26.06,,1.95,,,,0.9544,9.69,2.692,1.5415,,,,,
2002-06-20,,,,,,,,,1.75,,,,,25.62,,,,,27.48,,1.92,,,,0.9646,9.785,2.759,1.5319,,,,,
2002-06-21,,,,,,,,,1.74,,,,,25.51,,,,,27.23,,1.91,,,,0.9705,9.956,2.809,1.5232,,,,,
2002-06-22,,,,388000.0,,,,,1.74,,,,,,3639000.0,,,,,,,,,,,,,,,,,,
2002-06-23,,,,,,,,,1.74,,,,,,,,,,,,,,,,,,,,,,,,
2002-06-24,,,,,,,,,1.77,,,,1.384,26.31,,,,,26.98,,1.94,,,,0.9786,9.93,2.829,1.5166,,,,,
2002-06-25,,,,,,,,,1.75,,,,,26.06,,,,,27.84,,1.96,,,,0.9692,9.815,2.8135,1.5218,,,,,
2002-06-26,,,,,,,,,1.78,,,,,26.67,,,,,28.42,,1.98,,,,0.9825,9.978,2.857,1.5211,,,,,
2002-06-27,,,,,,,,,1.81,,,,,26.77,,,,,26.29,,1.99,,,,0.9885,9.97,2.871,1.5108,,,,,
2002-06-28,,,,,,,,,1.73,,,,,26.79,,,,,25.4,,1.96,,,,0.9856,9.98,2.83,1.519,,,,,
2002-06-29,,,,386000.0,,,,,1.73,,,,,,3588000.0,,,,,,,,,,,,,,,,,,
2002-06-30,,,,,,,,,1.73,,,,,,,,,,,,,,,,,,,,,,,,
2002-07-01,130584.0,5.8,,,88.1,2.6,180.0,15256.0,1.83,77.852,66.5,,1.392,26.79,,2188.5,40.4,100.433,27.11,6.17,1.97,131.2,257339.0,5.2,0.9893,9.925,2.8575,1.519,81.66882,4.0,18.0,3.0,7.6
2002-07-02,,,,,,,,,1.72,,,,,26.83,,,,,28.96,,1.99,,,,0.984,9.968,2.908,1.5263,,,,,
2002-07-03,,,,,,,,,1.71,,,,,26.82,,,,,29.42,,2.0,,,,0.9816,9.9697,2.868,1.529,,,,,
2002-07-04,,,,,,,,,1.71,,,,,,,,,,,,,,,,,,,,,,,,
2002-07-05,,,,,,,,,1.72,,,,,,,,,,27.11,,2.0,,,,0.973,9.893,2.88,1.5247,,,,,
2002-07-06,,,,391000.0,,,,,1.72,,,,,,3554000.0,,,,,,,,,,,,,,,,,,
2002-07-07,,,,,,,,,1.72,,,,,,,,,,,,,,,,,,,,,,,,
2002-07-08,,,,,,,,,1.75,,,,1.382,26.14,,,,,28.25,,2.0,,,,0.9869,9.933,2.859,1.5208,,,,,
2002-07-09,,,,,,,,,1.72,,,,,26.16,,,,,30.22,,2.04,,,,0.9938,9.8665,2.8455,1.5145,,,,,
2002-07-10,,,,,,,,,1.74,,,,,26.73,,,,,34.1,,2.05,,,,0.989,9.833,2.854,1.5203,,,,,
2002-07-11,,,,,,,,,1.76,,,,,27.01,,,,,33.85,,2.05,,,,0.9927,9.8125,2.832,1.5223,,,,,
2002-07-12,,,,,,,,,1.71,,,,,27.48,,,,,32.94,,2.07,,,,0.9904,9.726,2.8215,1.5299,,,,,
2002-07-13,,,,384000.0,,,,,1.71,,,,,,3495000.0,,,,,,,,,,,,,,,,,,
2002-07-14,,,,,,,,,1.71,,,,,,,,,,,,,,,,,,,,,,,,
2002-07-15,,,,,,,,,1.83,,,,1.394,27.23,,,,,35.03,,2.11,,,,1.0072,9.757,2.86,1.5365,,,,,
2002-07-16,,,,,,,,,1.72,,,,,27.68,,,,,36.65,,2.09,,,,1.0087,9.727,2.869,1.5347,,,,,
2002-07-17,,,,,,,,,1.71,,,,,27.88,,,,,35.45,,2.08,,,,1.0078,9.655,2.898,1.5399,,,,,
2002-07-18,,,,,,,,,1.74,,,,,27.5,,,,,35.12,,2.11,,,,1.0067,9.649,2.862,1.544,,,,,
2002-07-19,,,,,,,,,1.72,,,,,27.83,,,,,38.17,,2.13,,,,1.0156,9.716,2.871,1.5386,,,,,
2002-07-20,,,,379000.0,,,,,1.72,,,,,,3473000.0,,,,,,,,,,,,,,,,,,
2002-07-21,,,,,,,,,1.72,,,,,,,,,,,,,,,,,,,,,,,,
2002-07-22,,,,,,,,,1.77,,,,1.41,26.61,,,,,41.87,,2.11,,,,1.0098,9.6385,2.879,1.5562,,,,,
2002-07-23,,,,,,,,,1.73,,,,,26.61,,,,,44.92,,2.13,,,,0.9933,9.613,2.905,1.5779,,,,,
2002-07-24,,,,,,,,,1.67,,,,,26.78,,,,,39.86,,2.11,,,,0.9945,9.705,2.935,1.5765,,,,,
2002-07-25,,,,,,,,,1.75,,,,,26.67,,,,,39.27,,2.15,,,,0.9997,9.739,3.0,1.5725,,,,,
2002-07-26,,,,,,,,,1.69,,,,,26.55,,,,,35.51,,2.23,,,,0.9882,9.759,3.02,1.588,,,,,
2002-07-27,,,,390000.0,,,,,1.69,,,,,,3495000.0,,,,,,,,,,,,,,,,,,
2002-07-28,,,,,,,,,1.69,,,,,,,,,,,,,,,,,,,,,,,,
2002-07-29,,,,,,,,,1.75,,,,1.407,26.54,,,,,31.33,,2.21,,,,0.9779,9.7085,3.1365,1.5725,,,,,
2002-07-30,,,,,,,,,1.71,,,,,27.43,,,,,31.92,,2.21,,,,0.9879,9.748,3.265,1.5735,,,,,
2002-07-31,,,,,,,,,1.76,,,,,27.02,,,,,32.03,,2.28,,,,0.9796,9.8,3.485,1.5845,,,,,
2002-08-01,130581.0,5.7,,,87.6,2.6,180.5,15171.0,1.79,,66.6,,,26.51,,2231.2,40.5,100.1572,36.95,5.84,2.32,131.5,259050.0,5.3,0.9843,9.878,3.27,1.5867,83.40851,4.0,18.0,3.0,7.4
2002-08-02,,,,,,,,,1.72,,,,,26.87,,,,,41.29,,2.34,,,,0.9882,9.8475,3.07,1.5885,,,,,
2002-08-03,,,,388000.0,,,,,1.72,,,,,,3498000.0,,,,,,,,,,,,,,,,,,
2002-08-04,,,,,,,,,1.72,,,,,,,,,,,,,,,,,,,,,,,,
2002-08-05,,,,,,,,,1.77,,,,1.395,26.55,,,,,45.08,,2.36,,,,0.9846,9.7865,3.09,1.5963,,,,,
2002-08-06,,,,,,,,,1.74,,,,,27.18,,,,,42.03,,2.31,,,,0.964,9.75,3.22,1.5935,,,,,
2002-08-07,,,,,,,,,1.71,,,,,26.58,,,,,38.73,,2.37,,,,0.9738,9.738,3.07,1.5807,,,,,
2002-08-08,,,,,,,,,1.71,,,,,26.67,,,,,36.33,,2.3,,,,0.9653,9.7475,2.9245,1.5818,,,,,
2002-08-09,,,,,,,,,1.68,,,,,26.87,,,,,35.33,,2.17,,,,0.9714,9.757,2.985,1.5725,,,,,
2002-08-10,,,,389000.0,,,,,1.68,,,,,,3485000.0,,,,,,,,,,,,,,,,,,
2002-08-11,,,,,,,,,1.68,,,,,,,,,,,,,,,,,,,,,,,,
2002-08-12,,,,,,,,,1.76,,,,1.393,27.84,,,,,37.05,,2.12,,,,0.9778,9.843,3.115,1.5739,,,,,
2002-08-13,,,,,,,,,1.74,,,,,28.35,,,,,35.82,,2.12,,,,0.9787,9.947,3.175,1.5658,,,,,
2002-08-14,,,,,,,,,1.78,,,,,28.19,,,,,32.36,,1.94,,,,0.9867,9.962,3.195,1.5657,,,,,
2002-08-15,,,,,,,,,1.87,,,,,28.99,,,,,29.43,,1.95,,,,0.9816,9.922,3.2,1.5583,,,,,
2002-08-16,,,,,,,,,1.7,,,,,29.24,,,,,28.81,,2.04,,,,0.9836,9.86,3.155,1.5609,,,,,
2002-08-17,,,,399000.0,,,,,1.7,,,,,,3531000.0,,,,,,,,,,,,,,,,,,
2002-08-18,,,,,,,,,1.7,,,,,,,,,,,,,,,,,,,,,,,,
2002-08-19,,,,,,,,,1.72,,,,1.392,29.86,,,,,28.61,,2.04,,,,0.9775,9.76,3.0825,1.5715,,,,,
2002-08-20,,,,,,,,,1.7,,,,,30.12,,,,,29.59,,2.05,,,,0.9779,9.7875,3.0885,1.5716,,,,,
2002-08-21,,,,,,,,,1.72,,,,,30.37,,,,,28.23,,2.08,,,,0.9796,9.7885,3.08,1.5586,,,,,
2002-08-22,,,,,,,,,1.73,,,,,30.11,,,,,27.75,,2.08,,,,0.9697,9.83,3.173,1.5566,,,,,
2002-08-23,,,,,,,,,1.72,,,,,29.99,,,,,29.32,,2.06,,,,0.9726,9.842,3.095,1.5563,,,,,
2002-08-24,,,,398000.0,,,,,1.72,,,,,,3521000.0,,,,,,,,,,,,,,,,,,
2002-08-25,,,,,,,,,1.72,,,,,,,,,,,,,,,,,,,,,,,,
2002-08-26,,,,,,,,,1.81,,,,1.403,29.23,,,,,29.89,,2.03,,,,0.9731,9.825,3.076,1.5575,,,,,
2002-08-27,,,,,,,,,1.79,,,,,28.84,,,,,30.11,,2.03,,,,0.9814,9.8495,3.072,1.5523,,,,,
2002-08-28,,,,,,,,,1.8,,,,,28.31,,,,,33.32,,1.99,,,,0.982,9.9,3.13,1.5599,,,,,
2002-08-29,,,,,,,,,1.82,,,,,28.83,,,,,33.67,,2.02,,,,0.9829,9.9165,3.11,1.5598,,,,,
2002-08-30,,,,,,,,,1.81,,,,,28.97,,,,,32.64,,2.0,,,,0.9806,9.9185,3.003,1.5585,,,,,
2002-08-31,,,,394000.0,,,,,1.81,,,,,,3549000.0,,,,,,,,,,,,,,,,,,
2002-09-01,130502.0,5.7,,,86.1,2.5,180.8,15119.0,1.81,,66.7,,,,,2207.6,40.5,99.91587,,5.65,,132.3,254081.0,5.2,,,,,82.63531,4.0,18.0,3.0,7.6
2002-09-02,,,,,,,,,1.81,,,,1.394,,,,,,,,,,,,,,,,,,,,
2002-09-03,,,,,,,,,1.87,,,,,27.76,,,,,39.97,,1.97,,,,0.9959,9.982,3.102,1.5545,,,,,
2002-09-04,,,,,,,,,1.74,,,,,28.28,,,,,37.44,,1.94,,,,0.9923,10.015,3.134,1.5663,,,,,
2002-09-05,,,,,,,,,1.75,,,,,29.06,,,,,38.86,,1.96,,,,0.9911,10.005,3.1425,1.5672,,,,,
2002-09-06,,,,,,,,,1.71,,,,,29.51,,,,,36.33,,1.97,,,,0.9843,9.9685,3.175,1.5637,,,,,
2002-09-07,,,,416000.0,,,,,1.71,,,,,,3532000.0,,,,,,,,,,,,,,,,,,
2002-09-08,,,,,,,,,1.71,,,,,,,,,,,,,,,,,,,,,,,,
2002-09-09,,,,,,,,,1.76,,,,1.395,29.8,,,,,36.45,,1.92,,,,0.9817,9.965,3.1225,1.5662,,,,,
2002-09-10,,,,,,,,,1.74,,,,,29.62,,,,,35.08,,1.88,,,,0.9752,9.97,3.151,1.5737,,,,,
2002-09-11,,,,,,,,,1.72,,,,,29.77,,,,,34.81,,1.89,,,,0.9724,9.9635,3.11,1.577,,,,,
2002-09-12,,,,,,,,,1.74,,,,,28.95,,,,,37.5,,1.86,,,,0.9761,9.965,3.111,1.5848,,,,,
2002-09-13,,,,,,,,,1.72,,,,,29.83,,,,,35.82,,1.85,,,,0.9743,9.963,3.145,1.5858,,,,,
2002-09-14,,,,412000.0,,,,,1.72,,,,,,3554000.0,,,,,,,,,,,,,,,,,,
2002-09-15,,,,,,,,,1.72,,,,,,,,,,,,,,,,,,,,,,,,
2002-09-16,,,,,,,,,1.83,,,,1.401,29.14,,,,,36.74,,1.83,,,,0.9723,9.9685,3.19,1.583,,,,,
2002-09-17,,,,,,,,,1.72,,,,,29.08,,,,,38.01,,1.81,,,,0.9685,9.955,3.2245,1.5791,,,,,
2002-09-18,,,,,,,,,1.68,,,,,29.57,,,,,37.52,,1.82,,,,0.9789,10.01,3.345,1.5835,,,,,
2002-09-19,,,,,,,,,1.69,,,,,29.49,,,,,40.65,,1.86,,,,0.9817,10.075,3.411,1.5727,,,,,
2002-09-20,,,,,,,,,1.7,,,,,29.65,,,,,38.98,,1.85,,,,0.9839,10.254,3.435,1.573,,,,,
2002-09-21,,,,401000.0,,,,,1.7,,,,,,3579000.0,,,,,,,,,,,,,,,,,,
2002-09-22,,,,,,,,,1.7,,,,,,,,,,,,,,,,,,,,,,,,
2002-09-23,,,,,,,,,1.74,,,,1.395,30.85,,,,,39.68,,1.77,,,,0.9822,10.35,3.569,1.5845,,,,,
2002-09-24,,,,,,,,,1.75,,,,,30.79,,,,,40.52,,1.76,,,,0.9815,10.225,3.61,1.5856,,,,,
2002-09-25,,,,,,,,,1.79,,,,,30.69,,,,,37.33,,1.77,,,,0.9797,10.255,3.71,1.5812,,,,,
2002-09-26,,,,,,,,,1.8,,,,,30.31,,,,,34.6,,1.82,,,,0.9755,10.149,3.77,1.5769,,,,,
2002-09-27,,,,,,,,,1.78,,,,,30.53,,,,,36.97,,1.87,,,,0.9772,10.165,3.835,1.5777,,,,,
2002-09-28,,,,409000.0,,,,,1.78,,,,,,3555000.0,,,,,,,,,,,,,,,,,,
2002-09-29,,,,,,,,,1.78,,,,,,,,,,,,,,,,,,,,,,,,
2002-09-30,,,,,,,,,1.85,,,,1.413,30.59,,,,,39.69,,1.91,,,,0.9879,10.212,3.803,1.5863,,,,,
2002-10-01,130617.0,5.7,,,80.6,2.5,181.2,15059.0,1.85,77.749,66.6,,,30.71,,2202.6,40.3,99.7337,34.12,5.98,1.92,133.2,256131.0,5.2,0.9859,10.162,3.692,1.5863,81.95876,4.0,21.0,3.0,7.6
2002-10-02,,,,,,,,,1.75,,,,,30.59,,,,,36.83,,1.96,,,,0.9842,10.11,3.581,1.5855,,,,,
2002-10-03,,,,,,,,,1.76,,,,,29.73,,,,,37.31,,1.95,,,,0.9871,10.131,3.665,1.5903,,,,,
2002-10-04,,,,,,,,,1.72,,,,,29.65,,,,,39.46,,1.91,,,,0.9821,10.186,3.635,1.5943,,,,,
2002-10-05,,,,404000.0,,,,,1.72,,,,,,3619000.0,,,,,,,,,,,,,,,,,,
2002-10-06,,,,,,,,,1.72,,,,,,,,,,,,,,,,,,,,,,,,
2002-10-07,,,,,,,,,1.74,,,,1.439,29.65,,,,,42.64,,1.87,,,,0.9816,10.216,3.679,1.5922,,,,,
2002-10-08,,,,,,,,,1.72,,,,,29.56,,,,,41.02,,1.85,,,,0.9796,10.163,3.726,1.5935,,,,,
2002-10-09,,,,,,,,,1.73,,,,,29.31,,,,,42.13,,1.89,,,,0.9868,10.2,3.8495,1.5933,,,,,
2002-10-10,,,,,,,,,1.75,,,,,28.96,,,,,37.55,,1.93,,,,0.9861,10.222,3.945,1.5916,,,,,
2002-10-11,,,,,,,,,1.73,,,,,29.36,,,,,35.7,,1.98,,,,0.9854,10.158,3.93,1.5888,,,,,
2002-10-12,,,,405000.0,,,,,1.73,,,,,,3529000.0,,,,,,,,,,,,,,,,,,
2002-10-13,,,,,,,,,1.73,,,,,,,,,,,,,,,,,,,,,,,,
2002-10-14,,,,,,,,,1.73,,,,1.44,30.06,,,,,36.04,,,,,,,,,,,,,,
2002-10-15,,,,,,,,,1.88,,,,,29.73,,,,,34.02,,1.99,,,,0.981,10.0675,3.855,1.5857,,,,,
2002-10-16,,,,,,,,,1.73,,,,,29.28,,,,,36.0,,2.04,,,,0.9824,10.07,3.88,1.584,,,,,
2002-10-17,,,,,,,,,1.74,,,,,29.61,,,,,34.1,,2.06,,,,0.9718,10.0,3.88,1.5725,,,,,
2002-10-18,,,,,,,,,1.71,,,,,29.56,,,,,33.53,,2.05,,,,0.9708,9.99,3.88,1.5723,,,,,
2002-10-19,,,,412000.0,,,,,1.71,,,,,,3518000.0,,,,,,,,,,,,,,,,,,
2002-10-20,,,,,,,,,1.71,,,,,,,,,,,,,,,,,,,,,,,,
2002-10-21,,,,,,,,,1.73,,,,1.458,28.31,,,,,33.11,,2.01,,,,0.9732,9.947,3.913,1.5682,,,,,
2002-10-22,,,,,,,,,1.71,,,,,27.93,,,,,34.09,,2.06,,,,0.9782,9.9785,3.931,1.568,,,,,
2002-10-23,,,,,,,,,1.76,,,,,28.19,,,,,33.2,,2.06,,,,0.9772,10.017,3.901,1.5685,,,,,
2002-10-24,,,,,,,,,1.8,,,,,27.87,,,,,34.03,,2.07,,,,0.9742,9.947,3.857,1.561,,,,,
2002-10-25,,,,,,,,,1.82,,,,,27.09,,,,,30.0,,2.14,,,,0.9767,9.975,3.786,1.5676,,,,,
2002-10-26,,,,409000.0,,,,,1.82,,,,,,3557000.0,,,,,,,,,,,,,,,,,,
2002-10-27,,,,,,,,,1.82,,,,,,,,,,,,,,,,,,,,,,,,
2002-10-28,,,,,,,,,1.79,,,,1.444,27.25,,,,,31.07,,2.22,,,,0.9843,10.014,3.751,1.5607,,,,,
2002-10-29,,,,,,,,,1.75,,,,,26.81,,,,,32.27,,2.18,,,,0.9851,10.15,3.835,1.5632,,,,,
2002-10-30,,,,,,,,,1.72,,,,,26.85,,,,,31.23,,2.25,,,,0.9835,10.216,3.73,1.5677,,,,,
2002-10-31,,,,,,,,,1.82,,,,,27.18,,,,,31.14,,2.25,,,,0.9881,10.15,3.624,1.561,,,,,
2002-11-01,130616.0,5.9,,,84.2,2.4,181.5,14992.0,1.74,,66.4,,,27.04,,2176.3,40.4,99.74871,29.3,6.28,2.25,133.1,256350.0,5.1,0.9971,10.2,3.595,1.558,83.0219,4.0,22.0,3.0,7.5
2002-11-02,,,,405000.0,,,,,1.74,,,,,,3557000.0,,,,,,,,,,,,,,,,,,
2002-11-03,,,,,,,,,1.74,,,,,,,,,,,,,,,,,,,,,,,,
2002-11-04,,,,,,,,,1.71,,,,1.448,26.89,,,,,30.82,,2.28,,,,0.9953,10.198,3.524,1.5562,,,,,
2002-11-05,,,,,,,,,1.64,,,,,26.06,,,,,31.23,,2.28,,,,0.9994,10.212,3.553,1.5563,,,,,
2002-11-06,,,,,,,,,1.48,,,,,25.72,,,,,30.73,,2.22,,,,0.9974,10.17,3.612,1.5586,,,,,
2002-11-07,,,,,,,,,1.27,,,,,25.36,,,,,31.42,,2.02,,,,1.0092,10.25,3.626,1.5528,,,,,
2002-11-08,,,,,,,,,1.18,,,,,25.83,,,,,29.41,,1.98,,,,1.0139,10.32,3.525,1.5644,,,,,
2002-11-09,,,,400000.0,,,,,1.18,,,,,,3539000.0,,,,,,,,,,,,,,,,,,
2002-11-10,,,,,,,,,1.18,,,,,,,,,,,,,,,,,,,,,,,,
2002-11-11,,,,,,,,,1.18,,,,1.439,26.02,,,,,31.3,,,,,,,,,,,,,,
2002-11-12,,,,,,,,,1.29,,,,,26.19,,,,,30.58,,2.05,,,,1.0105,10.342,3.593,1.5739,,,,,
2002-11-13,,,,,,,,,1.17,,,,,25.28,,,,,31.24,,2.08,,,,1.006,10.266,3.651,1.5765,,,,,
2002-11-14,,,,,,,,,1.29,,,,,25.4,,,,,28.67,,2.14,,,,1.0034,10.214,3.705,1.5748,,,,,
2002-11-15,,,,,,,,,1.35,,,,,25.5,,,,,26.65,,2.14,,,,1.0082,10.25,3.69,1.5815,,,,,
2002-11-16,,,,389000.0,,,,,1.35,,,,,,3438000.0,,,,,,,,,,,,,,,,,,
2002-11-17,,,,,,,,,1.35,,,,,,,,,,,,,,,,,,,,,,,,
2002-11-18,,,,,,,,,1.21,,,,1.409,26.71,,,,,27.66,,2.11,,,,1.0083,10.1725,3.5635,1.5903,,,,,
2002-11-19,,,,,,,,,1.2,,,,,26.41,,,,,27.41,,2.08,,,,1.0107,10.1715,3.572,1.5853,,,,,
2002-11-20,,,,,,,,,1.23,,,,,27.0,,,,,25.32,,2.1,,,,1.0024,10.145,3.513,1.584,,,,,
2002-11-21,,,,,,,,,1.27,,,,,27.07,,,,,23.81,,2.09,,,,0.9984,10.092,3.542,1.5783,,,,,
2002-11-22,,,,,,,,,1.25,,,,,27.73,,,,,23.16,,2.08,,,,0.9966,10.124,3.5758,1.5804,,,,,
2002-11-23,,,,390000.0,,,,,1.25,,,,,,3474000.0,,,,,,,,,,,,,,,,,,
2002-11-24,,,,,,,,,1.25,,,,,,,,,,,,,,,,,,,,,,,,
2002-11-25,,,,,,,,,1.32,,,,1.38,27.01,,,,,24.07,,2.1,,,,0.9937,10.1145,3.554,1.5735,,,,,
2002-11-26,,,,,,,,,1.26,,,,,26.6,,,,,25.97,,2.11,,,,0.9913,10.159,3.601,1.572,,,,,
2002-11-27,,,,,,,,,1.27,,,,,26.87,,,,,27.25,,2.13,,,,0.9895,10.154,3.59,1.575,,,,,
2002-11-28,,,,,,,,,1.27,,,,,,,,,,,,,,,,,,,,,,,,
2002-11-29,,,,,,,,,1.23,,,,,,,,,,27.5,,2.14,,,,0.9932,10.154,3.671,1.5658,,,,,
2002-11-30,,,,377000.0,,,,,1.23,,,,,,3404000.0,,,,,,,,,,,,,,,,,,
2002-12-01,130465.0,6.0,,,86.7,2.5,181.8,14911.0,1.23,,66.3,,,,,2159.3,40.5,99.74618,,6.21,,132.9,259206.0,5.0,,,,,81.66882,4.0,25.0,3.0,7.6
2002-12-02,,,,,,,,,1.27,,,,1.364,27.27,,,,,27.46,,2.15,,,,0.9927,10.1025,3.6225,1.5595,,,,,
2002-12-03,,,,,,,,,1.24,,,,,27.34,,,,,28.33,,2.16,,,,0.9968,10.152,3.676,1.5573,,,,,
2002-12-04,,,,,,,,,1.23,,,,,26.8,,,,,28.92,,2.16,,,,0.9999,10.2225,3.716,1.5579,,,,,
2002-12-05,,,,,,,,,1.24,,,,,27.27,,,,,30.1,,2.16,,,,0.9989,10.263,3.753,1.5612,,,,,
2002-12-06,,,,,,,,,1.21,,,,,27.03,,,,,28.88,,2.2,,,,1.0081,10.268,3.718,1.566,,,,,
2002-12-07,,,,425000.0,,,,,1.21,,,,,,3537000.0,,,,,,,,,,,,,,,,,,
2002-12-08,,,,,,,,,1.21,,,,,,,,,,,,,,,,,,,,,,,,
2002-12-09,,,,,,,,,1.22,,,,1.36,27.29,,,,,30.78,,2.18,,,,1.0088,10.175,3.795,1.5615,,,,,
2002-12-10,,,,,,,,,1.22,,,,,27.73,,,,,28.76,,2.16,,,,1.0073,10.172,3.786,1.5612,,,,,
2002-12-11,,,,,,,,,1.29,,,,,27.49,,,,,27.76,,2.16,,,,1.0083,10.18,3.783,1.5562,,,,,
2002-12-12,,,,,,,,,1.29,,,,,28.2,,,,,27.29,,2.16,,,,1.0189,10.2025,3.779,1.555,,,,,
2002-12-13,,,,,,,,,1.25,,,,,28.39,,,,,28.18,,2.2,,,,1.0226,10.19,3.72,1.5603,,,,,
2002-12-14,,,,429000.0,,,,,1.25,,,,,,3497000.0,,,,,,,,,,,,,,,,,,
2002-12-15,,,,,,,,,1.25,,,,,,,,,,,,,,,,,,,,,,,,
2002-12-16,,,,,,,,,1.36,,,,1.363,30.15,,,,,26.24,,2.21,,,,1.021,10.195,3.598,1.5627,,,,,
2002-12-17,,,,,,,,,1.26,,,,,30.04,,,,,26.66,,2.24,,,,1.0267,10.2075,3.58,1.551,,,,,
2002-12-18,,,,,,,,,1.25,,,,,30.41,,,,,28.29,,2.25,,,,1.0254,10.24,3.5325,1.5538,,,,,
2002-12-19,,,,,,,,,1.28,,,,,30.57,,,,,30.21,,2.22,,,,1.0217,10.192,3.465,1.5478,,,,,
2002-12-20,,,,,,,,,1.26,,,,,30.57,,,,,26.71,,2.21,,,,1.0268,10.195,3.439,1.5525,,,,,
2002-12-21,,,,394000.0,,,,,1.26,,,,,,3435000.0,,,,,,,,,,,,,,,,,,
2002-12-22,,,,,,,,,1.26,,,,,,,,,,,,,,,,,,,,,,,,
2002-12-23,,,,,,,,,1.28,,,,1.401,32.09,,,,,26.2,,2.19,,,,1.0217,10.19,3.51,1.5508,,,,,
2002-12-24,,,,,,,,,1.15,,,,,32.13,,,,,26.49,,2.22,,,,1.0305,10.205,3.51,1.5482,,,,,
2002-12-25,,,,,,,,,1.15,,,,,,,,,,,,,,,,,,,,,,,,
2002-12-26,,,,,,,,,1.28,,,,,32.61,,,,,27.37,,2.23,,,,1.0358,10.254,3.541,1.5532,,,,,
2002-12-27,,,,,,,,,1.2,,,,,32.68,,,,,29.55,,2.23,,,,1.0411,10.323,3.554,1.5683,,,,,
2002-12-28,,,,409000.0,,,,,1.2,,,,,,3462000.0,,,,,,,,,,,,,,,,,,
2002-12-29,,,,,,,,,1.2,,,,,,,,,,,,,,,,,,,,,,,,
2002-12-30,,,,,,,,,1.23,,,,1.441,31.41,,,,,29.62,,2.21,,,,1.046,10.3725,3.545,1.5792,,,,,
2002-12-31,,,,,,,,,1.16,,,,,31.21,,,,,28.62,,2.22,,,,1.0485,10.425,3.54,1.58,,,,,
2003-01-01,130573.0,5.8,,,82.4,2.5,182.6,14867.0,1.16,78.511,66.4,,,,,2196.8,40.3,99.56802,,6.11,,135.3,261394.0,5.1,,,,,82.44201,4.0,25.5,3.0,7.5
2003-01-02,,,,,,,,,1.3,,,,,31.97,,,,,25.39,,2.27,,,,1.0361,10.354,3.5425,1.575,,,,,
2003-01-03,,,,,,,,,1.12,,,,,33.26,,,,,24.68,,2.26,,,,1.0418,10.375,3.4306,1.5665,,,,,
2003-01-04,,,,393000.0,,,,,1.12,,,,,,3438000.0,,,,,,,,,,,,,,,,,,
2003-01-05,,,,,,,,,1.12,,,,,,,,,,,,,,,,,,,,,,,,
2003-01-06,,,,,,,,,1.22,,,,1.444,32.29,,,,,24.91,,2.25,,,,1.0469,10.414,3.339,1.5598,,,,,
2003-01-07,,,,,,,,,1.2,,,,,31.2,,,,,25.13,,2.27,,,,1.0419,10.321,3.313,1.559,,,,,
2003-01-08,,,,,,,,,1.29,,,,,30.66,,,,,25.53,,2.29,,,,1.0447,10.368,3.295,1.5613,,,,,
2003-01-09,,,,,,,,,1.29,,,,,31.95,,,,,24.25,,2.32,,,,1.0467,10.415,3.309,1.5541,,,,,
2003-01-10,,,,,,,,,1.25,,,,,31.59,,,,,24.32,,2.37,,,,1.0535,10.468,3.294,1.5502,,,,,
2003-01-11,,,,378000.0,,,,,1.25,,,,,,3388000.0,,,,,,,,,,,,,,,,,,
2003-01-12,,,,,,,,,1.25,,,,,,,,,,,,,,,,,,,,,,,,
2003-01-13,,,,,,,,,1.26,,,,1.454,32.08,,,,,24.9,,2.34,,,,1.0535,10.54,3.307,1.5423,,,,,
2003-01-14,,,,,,,,,1.24,,,,,32.42,,,,,24.57,,2.34,,,,1.0571,10.534,3.265,1.5396,,,,,
2003-01-15,,,,,,,,,1.3,,,,,33.23,,,,,25.51,,2.35,,,,1.0576,10.493,3.32,1.5353,,,,,
2003-01-16,,,,,,,,,1.24,,,,,33.58,,,,,25.01,,2.35,,,,1.0569,10.51,3.289,1.5366,,,,,
2003-01-17,,,,,,,,,1.2,,,,,33.88,,,,,25.7,,2.35,,,,1.066,10.582,3.373,1.5355,,,,,
2003-01-18,,,,402000.0,,,,,1.2,,,,,,3357000.0,,,,,,,,,,,,,,,,,,
2003-01-19,,,,,,,,,1.2,,,,,,,,,,,,,,,,,,,,,,,,
2003-01-20,,,,,,,,,1.2,,,,1.459,,,,,,,,,,,,,,,,,,,,
2003-01-21,,,,,,,,,1.31,,,,,34.62,,,,,27.59,,2.34,,,,1.0677,10.6825,3.461,1.5332,,,,,
2003-01-22,,,,,,,,,1.26,,,,,34.32,,,,,29.01,,2.29,,,,1.0729,10.8525,3.512,1.5324,,,,,
2003-01-23,,,,,,,,,1.27,,,,,33.9,,,,,27.53,,2.29,,,,1.0767,10.779,3.5305,1.524,,,,,
2003-01-24,,,,,,,,,1.21,,,,,34.98,,,,,31.51,,2.28,,,,1.0825,10.8375,3.616,1.522,,,,,
2003-01-25,,,,407000.0,,,,,1.21,,,,,,3475000.0,,,,,,,,,,,,,,,,,,
2003-01-26,,,,,,,,,1.21,,,,,,,,,,,,,,,,,,,,,,,,
2003-01-27,,,,,,,,,1.3,,,,1.473,32.43,,,,,34.69,,2.28,,,,1.0838,10.8975,3.659,1.5246,,,,,
2003-01-28,,,,,,,,,1.23,,,,,32.7,,,,,31.93,,2.3,,,,1.0833,10.898,3.638,1.5359,,,,,
2003-01-29,,,,,,,,,1.26,,,,,33.54,,,,,31.26,,2.29,,,,1.0861,10.978,3.617,1.5235,,,,,
2003-01-30,,,,,,,,,1.29,,,,,33.78,,,,,31.32,,2.3,,,,1.0776,10.8675,3.563,1.531,,,,,
2003-01-31,,,,,,,,,1.33,,,,,33.51,,,,,31.17,,2.28,,,,1.0739,10.902,3.513,1.5286,,,,,
2003-02-01,130441.0,5.9,,413000.0,79.9,2.7,183.6,14780.0,1.33,,66.4,,,,3368000.0,2180.9,40.3,99.41,,5.8,,137.6,257531.0,5.2,,,,,82.73196,3.75,26.5,3.0,7.5
2003-02-02,,,,,,,,,1.33,,,,,,,,,,,,,,,,,,,,,,,,
2003-02-03,,,,,,,,,1.3,,,,1.527,32.84,,,,,31.02,,2.29,,,,1.0761,10.896,3.535,1.5207,,,,,
2003-02-04,,,,,,,,,1.21,,,,,33.61,,,,,32.76,,2.28,,,,1.0875,10.992,3.558,1.5146,,,,,
2003-02-05,,,,,,,,,1.21,,,,,33.91,,,,,33.04,,2.29,,,,1.0842,10.865,3.574,1.5195,,,,,
2003-02-06,,,,,,,,,1.23,,,,,34.36,,,,,33.35,,2.29,,,,1.0828,10.8675,3.606,1.5213,,,,,
2003-02-07,,,,,,,,,1.21,,,,,35.05,,,,,34.01,,2.33,,,,1.0801,10.898,3.586,1.5215,,,,,
2003-02-08,,,,390000.0,,,,,1.21,,,,,,3457000.0,,,,,,,,,,,,,,,,,,
2003-02-09,,,,,,,,,1.21,,,,,,,,,,,,,,,,,,,,,,,,
2003-02-10,,,,,,,,,1.25,,,,1.607,34.46,,,,,33.99,,2.31,,,,1.074,10.986,3.605,1.5315,,,,,
2003-02-11,,,,,,,,,1.22,,,,,35.43,,,,,33.68,,2.33,,,,1.0747,10.955,3.581,1.5303,,,,,
2003-02-12,,,,,,,,,1.23,,,,,35.83,,,,,34.33,,2.31,,,,1.0716,10.978,3.595,1.529,,,,,
2003-02-13,,,,,,,,,1.28,,,,,36.63,,,,,33.7,,2.32,,,,1.0834,10.97,3.64,1.5199,,,,,
2003-02-14,,,,,,,,,1.3,,,,,36.61,,,,,32.62,,2.33,,,,1.0799,10.887,3.664,1.5191,,,,,
2003-02-15,,,,420000.0,,,,,1.3,,,,,,3423000.0,,,,,,,,,,,,,,,,,,
2003-02-16,,,,,,,,,1.3,,,,,,,,,,,,,,,,,,,,,,,,
2003-02-17,,,,,,,,,1.3,,,,1.66,,,,,,,,,,,,,,,,,,,,
2003-02-18,,,,,,,,,1.35,,,,,36.88,,,,,31.11,,2.28,,,,1.0708,10.774,3.5975,1.515,,,,,
2003-02-19,,,,,,,,,1.24,,,,,37.02,,,,,31.31,,2.27,,,,1.0744,10.8385,3.61,1.514,,,,,
2003-02-20,,,,,,,,,1.25,,,,,36.45,,,,,31.16,,2.26,,,,1.0821,10.9225,3.626,1.5047,,,,,
2003-02-21,,,,,,,,,1.21,,,,,36.76,,,,,30.25,,2.27,,,,1.0787,10.9825,3.613,1.5052,,,,,
2003-02-22,,,,421000.0,,,,,1.21,,,,,,3500000.0,,,,,,,,,,,,,,,,,,
2003-02-23,,,,,,,,,1.21,,,,,,,,,,,,,,,,,,,,,,,,
2003-02-24,,,,,,,,,1.25,,,,1.658,37.29,,,,,31.98,,2.26,,,,1.0783,10.984,3.597,1.4944,,,,,
2003-02-25,,,,,,,,,1.28,,,,,36.06,,,,,31.74,,2.23,,,,1.0782,11.064,3.608,1.4928,,,,,
2003-02-26,,,,,,,,,1.28,,,,,37.96,,,,,31.94,,2.21,,,,1.0797,11.038,3.5885,1.4939,,,,,
2003-02-27,,,,,,,,,1.31,,,,,36.83,,,,,30.53,,2.18,,,,1.0763,11.0225,3.566,1.4954,,,,,
2003-02-28,,,,,,,,,1.33,,,,,36.76,,,,,29.63,,2.18,,,,1.0779,11.0285,3.565,1.488,,,,,
2003-03-01,130235.0,5.9,,436000.0,77.6,3.1,183.9,14721.0,1.33,,66.3,,,,3496000.0,2166.6,40.4,99.49301,,5.7,,141.2,260566.0,5.1,,,,,82.73196,3.75,26.5,3.25,7.4
2003-03-02,,,,,,,,,1.33,,,,,,,,,,,,,,,,,,,,,,,,
2003-03-03,,,,,,,,,1.33,,,,1.686,36.1,,,,,30.43,,2.16,,,,1.0835,10.994,3.57,1.4853,,,,,
2003-03-04,,,,,,,,,1.2,,,,,36.95,,,,,31.83,,2.16,,,,1.0883,11.128,3.57,1.4775,,,,,
2003-03-05,,,,,,,,,1.22,,,,,36.86,,,,,30.38,,2.17,,,,1.0967,11.2,3.57,1.4727,,,,,
2003-03-06,,,,,,,,,1.23,,,,,37.21,,,,,31.37,,2.2,,,,1.0997,11.235,3.53,1.4714,,,,,
2003-03-07,,,,,,,,,1.2,,,,,37.76,,,,,31.08,,2.24,,,,1.1014,11.11,3.51,1.4665,,,,,
2003-03-08,,,,424000.0,,,,,1.2,,,,,,3559000.0,,,,,,,,,,,,,,,,,,
2003-03-09,,,,,,,,,1.2,,,,,,,,,,,,,,,,,,,,,,,,
2003-03-10,,,,,,,,,1.23,,,,1.712,37.18,,,,,33.31,,2.24,,,,1.1062,11.1066,3.525,1.4659,,,,,
2003-03-11,,,,,,,,,1.21,,,,,36.81,,,,,33.61,,2.22,,,,1.1028,11.005,3.489,1.4725,,,,,
2003-03-12,,,,,,,,,1.23,,,,,37.87,,,,,33.51,,2.15,,,,1.1023,10.905,3.48,1.4728,,,,,
2003-03-13,,,,,,,,,1.31,,,,,36.05,,,,,31.76,,2.15,,,,1.087,10.8385,3.4225,1.4855,,,,,
2003-03-14,,,,,,,,,1.3,,,,,35.41,,,,,30.98,,2.16,,,,1.0725,10.838,3.388,1.4822,,,,,
2003-03-15,,,,430000.0,,,,,1.3,,,,,,3528000.0,,,,,,,,,,,,,,,,,,
2003-03-16,,,,,,,,,1.3,,,,,,,,,,,,,,,,,,,,,,,,
2003-03-17,,,,,,,,,1.31,,,,1.728,34.92,,,,,31.75,,2.19,,,,1.0606,10.865,3.405,1.4835,,,,,
2003-03-18,,,,,,,,,1.2,,,,,31.55,,,,,30.43,,2.19,,,,1.0624,10.795,3.445,1.4788,,,,,
2003-03-19,,,,,,,,,1.2,,,,,30.01,,,,,31.54,,2.26,,,,1.059,10.855,3.476,1.4804,,,,,
2003-03-20,,,,,,,,,1.23,,,,,28.62,,,,,30.44,,2.26,,,,1.0613,10.865,3.486,1.4788,,,,,
2003-03-21,,,,,,,,,1.2,,,,,27.18,,,,,28.67,,2.31,,,,1.0545,10.7575,3.425,1.4905,,,,,
2003-03-22,,,,411000.0,,,,,1.2,,,,,,3585000.0,,,,,,,,,,,,,,,,,,
2003-03-23,,,,,,,,,1.2,,,,,,,,,,,,,,,,,,,,,,,,
2003-03-24,,,,,,,,,1.23,,,,1.69,29.51,,,,,30.39,,2.27,,,,1.0644,10.823,3.407,1.4805,,,,,
2003-03-25,,,,,,,,,1.24,,,,,33.42,,,,,28.75,,2.28,,,,1.0673,10.7175,3.395,1.477,,,,,
2003-03-26,,,,,,,,,1.26,,,,,28.71,,,,,28.23,,2.28,,,,1.0677,10.769,3.393,1.4711,,,,,
2003-03-27,,,,,,,,,1.29,,,,,30.31,,,,,27.96,,2.33,,,,1.0708,10.762,3.402,1.4673,,,,,
2003-03-28,,,,,,,,,1.26,,,,,30.21,,,,,27.75,,2.36,,,,1.0762,10.661,3.371,1.468,,,,,
2003-03-29,,,,436000.0,,,,,1.26,,,,,,3536000.0,,,,,,,,,,,,,,,,,,
2003-03-30,,,,,,,,,1.26,,,,,,,,,,,,,,,,,,,,,,,,
2003-03-31,,,,,,,,,1.38,,,,1.649,31.14,,,,,29.15,,2.32,,,,1.09,10.782,3.332,1.4695,,,,,
2003-04-01,130173.0,6.0,,,86.0,2.4,183.2,14608.0,1.29,79.545,66.4,,,29.48,,2143.0,40.1,99.92635,28.36,5.59,2.34,136.8,261375.0,5.0,1.0904,10.732,3.329,1.4729,82.44201,3.75,26.5,3.5,7.6
2003-04-02,,,,,,,,,1.19,,,,,28.55,,,,,28.02,,2.34,,,,1.0765,10.673,3.285,1.4762,,,,,
2003-04-03,,,,,,,,,1.24,,,,,29.05,,,,,28.21,,2.38,,,,1.0736,10.666,3.24,1.476,,,,,
2003-04-04,,,,,,,,,1.22,,,,,28.41,,,,,29.13,,2.41,,,,1.0711,10.679,3.233,1.472,,,,,
2003-04-05,,,,417000.0,,,,,1.22,,,,,,3583000.0,,,,,,,,,,,,,,,,,,
2003-04-06,,,,,,,,,1.22,,,,,,,,,,,,,,,,,,,,,,,,
2003-04-07,,,,,,,,,1.25,,,,1.63,27.76,,,,,28.45,,2.38,,,,1.0621,10.684,3.175,1.4843,,,,,
2003-04-08,,,,,,,,,1.22,,,,,27.97,,,,,27.13,,2.36,,,,1.0684,10.737,3.175,1.4677,,,,,
2003-04-09,,,,,,,,,1.24,,,,,28.93,,,,,27.11,,2.38,,,,1.0722,10.77,3.175,1.4678,,,,,
2003-04-10,,,,,,,,,1.27,,,,,27.2,,,,,25.6,,2.35,,,,1.0803,10.755,3.22,1.457,,,,,
2003-04-11,,,,,,,,,1.24,,,,,28.28,,,,,24.44,,2.35,,,,1.0751,10.7075,3.223,1.4519,,,,,
2003-04-12,,,,434000.0,,,,,1.24,,,,,,3586000.0,,,,,,,,,,,,,,,,,,
2003-04-13,,,,,,,,,1.24,,,,,,,,,,,,,,,,,,,,,,,,
2003-04-14,,,,,,,,,1.32,,,,1.595,28.41,,,,,23.41,,2.3,,,,1.0773,10.615,3.1825,1.4533,,,,,
2003-04-15,,,,,,,,,1.34,,,,,29.46,,,,,22.56,,2.29,,,,1.0801,10.65,3.115,1.4515,,,,,
2003-04-16,,,,,,,,,1.26,,,,,29.16,,,,,22.52,,2.29,,,,1.0872,10.625,3.064,1.4563,,,,,
2003-04-17,,,,,,,,,1.28,,,,,30.1,,,,,21.5,,2.27,,,,1.0907,10.545,3.035,1.449,,,,,
2003-04-18,,,,,,,,,1.24,,,,,,,,,,,,,,,,1.0882,10.55,3.039,1.45,,,,,
2003-04-19,,,,450000.0,,,,,1.24,,,,,,3674000.0,,,,,,,,,,,,,,,,,,
2003-04-20,,,,,,,,,1.24,,,,,,,,,,,,,,,,,,,,,,,,
2003-04-21,,,,,,,,,1.29,,,,1.574,30.76,,,,,21.95,,2.29,,,,1.0857,10.543,3.04,1.4547,,,,,
2003-04-22,,,,,,,,,1.26,,,,,29.92,,,,,20.7,,2.31,,,,1.0966,10.559,3.057,1.4473,,,,,
2003-04-23,,,,,,,,,1.24,,,,,28.04,,,,,20.8,,2.32,,,,1.0949,10.515,3.007,1.4512,,,,,
2003-04-24,,,,,,,,,1.24,,,,,27.52,,,,,20.33,,2.31,,,,1.1039,10.435,3.003,1.4579,,,,,
2003-04-25,,,,,,,,,1.28,,,,,25.92,,,,,20.8,,2.34,,,,1.104,10.437,3.014,1.4535,,,,,
2003-04-26,,,,444000.0,,,,,1.28,,,,,,3676000.0,,,,,,,,,,,,,,,,,,
2003-04-27,,,,,,,,,1.28,,,,,,,,,,,,,,,,,,,,,,,,
2003-04-28,,,,,,,,,1.29,,,,1.557,25.25,,,,,20.84,,2.33,,,,1.0999,10.433,2.991,1.4504,,,,,
2003-04-29,,,,,,,,,1.27,,,,,25.32,,,,,20.76,,2.34,,,,1.101,10.333,2.9085,1.446,,,,,
2003-04-30,,,,,,,,,1.31,,,,,26.09,,,,,21.21,,2.38,,,,1.118,10.308,2.887,1.4336,,,,,
2003-05-01,130197.0,6.1,,,92.1,2.0,182.9,14558.0,1.3,,66.4,,,26.05,,2190.0,40.2,100.3536,21.59,5.12,2.38,136.7,261392.0,4.9,1.1238,10.25,2.9125,1.4191,81.95876,3.75,26.5,3.5,7.8
2003-05-02,,,,,,,,,1.24,,,,,25.74,,,,,20.63,,2.38,,,,1.12,10.195,2.91,1.4221,,,,,
2003-05-03,,,,428000.0,,,,,1.24,,,,,,3730000.0,,,,,,,,,,,,,,,,,,
2003-05-04,,,,,,,,,1.24,,,,,,,,,,,,,,,,,,,,,,,,
2003-05-05,,,,,,,,,1.27,,,,1.513,26.43,,,,,21.13,,2.37,,,,1.1271,10.195,2.995,1.4134,,,,,
2003-05-06,,,,,,,,,1.28,,,,,25.65,,,,,20.8,,2.39,,,,1.1354,10.256,2.998,1.4085,,,,,
2003-05-07,,,,,,,,,1.28,,,,,26.24,,,,,21.0,,2.27,,,,1.134,10.218,2.965,1.401,,,,,
2003-05-08,,,,,,,,,1.27,,,,,26.94,,,,,21.24,,2.21,,,,1.1453,10.1785,2.905,1.395,,,,,
2003-05-09,,,,,,,,,1.24,,,,,27.65,,,,,19.69,,2.24,,,,1.1498,10.113,2.878,1.393,,,,,
2003-05-10,,,,417000.0,,,,,1.24,,,,,,3704000.0,,,,,,,,,,,,,,,,,,
2003-05-11,,,,,,,,,1.24,,,,,,,,,,,,,,,,,,,,,,,,
2003-05-12,,,,,,,,,1.25,,,,1.491,27.34,,,,,19.52,,2.18,,,,1.1557,10.188,2.875,1.3885,,,,,
2003-05-13,,,,,,,,,1.23,,,,,28.51,,,,,19.91,,2.16,,,,1.1499,10.146,2.88,1.3898,,,,,
2003-05-14,,,,,,,,,1.3,,,,,29.21,,,,,20.0,,2.12,,,,1.1498,10.139,2.9,1.3786,,,,,
2003-05-15,,,,,,,,,1.36,,,,,28.57,,,,,19.24,,2.07,,,,1.1457,10.284,2.926,1.3757,,,,,
2003-05-16,,,,,,,,,1.26,,,,,29.07,,,,,18.4,,2.08,,,,1.1542,10.36,2.963,1.3672,,,,,
2003-05-17,,,,425000.0,,,,,1.26,,,,,,3716000.0,,,,,,,,,,,,,,,,,,
2003-05-18,,,,,,,,,1.26,,,,,,,,,,,,,,,,,,,,,,,,
2003-05-19,,,,,,,,,1.26,,,,1.498,28.84,,,,,20.51,,2.11,,,,1.1686,10.347,2.9825,1.3604,,,,,
2003-05-20,,,,,,,,,1.23,,,,,29.29,,,,,21.29,,2.07,,,,1.1685,10.251,3.01,1.3446,,,,,
2003-05-21,,,,,,,,,1.23,,,,,29.51,,,,,21.21,,2.01,,,,1.1707,10.2685,3.0025,1.3498,,,,,
2003-05-22,,,,,,,,,1.25,,,,,29.09,,,,,19.78,,1.98,,,,1.17,10.244,2.99,1.3679,,,,,
2003-05-23,,,,,,,,,1.21,,,,,29.74,,,,,19.17,,1.96,,,,1.1786,10.235,2.927,1.3783,,,,,
2003-05-24,,,,419000.0,,,,,1.21,,,,,,3672000.0,,,,,,,,,,,,,,,,,,
2003-05-25,,,,,,,,,1.21,,,,,,,,,,,,,,,,,,,,,,,,
2003-05-26,,,,,,,,,1.21,,,,1.487,,,,,,,,,,,,,,,,,,,,
2003-05-27,,,,,,,,,1.32,,,,,29.24,,,,,19.99,,2.08,,,,1.1853,10.354,3.034,1.3754,,,,,
2003-05-28,,,,,,,,,1.29,,,,,28.46,,,,,20.03,,2.09,,,,1.1742,10.424,3.02,1.3867,,,,,
2003-05-29,,,,,,,,,1.29,,,,,29.15,,,,,20.43,,2.04,,,,1.1835,10.322,2.933,1.3769,,,,,
2003-05-30,,,,,,,,,1.28,,,,,29.56,,,,,19.47,,2.04,,,,1.1766,10.34,2.979,1.3712,,,,,
2003-05-31,,,,431000.0,,,,,1.28,,,,,,3774000.0,,,,,,,,,,,,,,,,,,
2003-06-01,130186.0,6.3,,,89.7,2.1,183.1,14493.0,1.28,,66.5,,,,,2221.9,40.3,100.5095,,4.97,,138.0,265331.0,5.1,,,,,81.47552,3.75,26.0,3.5,7.6
2003-06-02,,,,,,,,,1.27,,,,1.473,30.72,,,,,20.85,,2.1,,,,1.1744,10.244,2.977,1.3696,,,,,
2003-06-03,,,,,,,,,1.21,,,,,30.78,,,,,20.84,,2.14,,,,1.1702,10.27,2.962,1.3768,,,,,
2003-06-04,,,,,,,,,1.22,,,,,29.81,,,,,20.62,,2.1,,,,1.1708,10.3875,2.925,1.3575,,,,,
2003-06-05,,,,,,,,,1.26,,,,,30.84,,,,,20.83,,2.09,,,,1.187,10.56,2.897,1.3404,,,,,
2003-06-06,,,,,,,,,1.24,,,,,31.26,,,,,21.25,,2.1,,,,1.1695,10.5075,2.885,1.354,,,,,
2003-06-07,,,,429000.0,,,,,1.24,,,,,,3682000.0,,,,,,,,,,,,,,,,,,
2003-06-08,,,,,,,,,1.24,,,,,,,,,,,,,,,,,,,,,,,,
2003-06-09,,,,,,,,,1.25,,,,1.49,31.36,,,,,22.15,,2.1,,,,1.1743,10.739,2.875,1.3585,,,,,
2003-06-10,,,,,,,,,1.22,,,,,31.72,,,,,20.64,,2.07,,,,1.1686,10.735,2.871,1.3649,,,,,
2003-06-11,,,,,,,,,1.25,,,,,32.17,,,,,20.21,,2.05,,,,1.1764,10.6175,2.877,1.3523,,,,,
2003-06-12,,,,,,,,,1.25,,,,,31.41,,,,,20.41,,2.05,,,,1.1767,10.5598,2.865,1.3492,,,,,
2003-06-13,,,,,,,,,1.24,,,,,30.63,,,,,20.66,,2.03,,,,1.183,10.6,2.856,1.3362,,,,,
2003-06-14,,,,421000.0,,,,,1.24,,,,,,3695000.0,,,,,,,,,,,,,,,,,,
2003-06-15,,,,,,,,,1.24,,,,,,,,,,,,,,,,,,,,,,,,
2003-06-16,,,,,,,,,1.33,,,,1.518,31.14,,,,,20.22,,2.0,,,,1.1843,10.475,2.855,1.3397,,,,,
2003-06-17,,,,,,,,,1.24,,,,,31.08,,,,,20.01,,2.02,,,,1.1812,10.4875,2.886,1.3393,,,,,
2003-06-18,,,,,,,,,1.22,,,,,30.28,,,,,19.76,,2.1,,,,1.171,10.598,2.907,1.3348,,,,,
2003-06-19,,,,,,,,,1.22,,,,,29.86,,,,,19.8,,2.18,,,,1.1678,10.48,2.889,1.3508,,,,,
2003-06-20,,,,,,,,,1.23,,,,,30.63,,,,,19.14,,2.18,,,,1.1616,10.468,2.883,1.359,,,,,
2003-06-21,,,,408000.0,,,,,1.23,,,,,,3692000.0,,,,,,,,,,,,,,,,,,
2003-06-22,,,,,,,,,1.23,,,,,,,,,,,,,,,,,,,,,,,,
2003-06-23,,,,,,,,,1.21,,,,1.496,30.22,,,,,20.58,,2.15,,,,1.1548,10.4745,2.887,1.3561,,,,,
2003-06-24,,,,,,,,,1.15,,,,,30.05,,,,,20.75,,2.15,,,,1.1498,10.532,2.861,1.3614,,,,,
2003-06-25,,,,,,,,,1.18,,,,,31.65,,,,,20.81,,2.08,,,,1.1592,10.4815,2.86,1.3428,,,,,
2003-06-26,,,,,,,,,1.1,,,,,28.97,,,,,19.4,,2.14,,,,1.1429,10.458,2.9,1.3542,,,,,
2003-06-27,,,,,,,,,1.08,,,,,29.18,,,,,19.16,,2.2,,,,1.1423,10.43,2.882,1.3494,,,,,
2003-06-28,,,,429000.0,,,,,1.08,,,,,,3737000.0,,,,,,,,,,,,,,,,,,
2003-06-29,,,,,,,,,1.08,,,,,,,,,,,,,,,,,,,,,,,,
2003-06-30,,,,,,,,,1.45,,,,1.487,30.15,,,,,19.52,,2.22,,,,1.1502,10.455,2.862,1.3558,,,,,
2003-07-01,130184.0,6.2,,,90.9,1.7,183.7,14403.0,1.11,81.295,66.2,,,30.41,,2247.3,40.1,100.5117,19.46,5.61,2.26,137.7,267683.0,5.1,1.158,10.455,2.849,1.3492,83.0219,3.5,24.5,3.25,7.7
2003-07-02,,,,,,,,,1.01,,,,,30.29,,,,,19.03,,2.26,,,,1.1524,10.475,2.823,1.3368,,,,,
2003-07-03,,,,,,,,,0.96,,,,,30.39,,,,,19.39,,2.35,,,,1.1503,10.435,2.833,1.3368,,,,,
2003-07-04,,,,,,,,,0.96,,,,,,,,,,,,,,,,,,,,,,,,
2003-07-05,,,,433000.0,,,,,0.96,,,,,,3627000.0,,,,,,,,,,,,,,,,,,
2003-07-06,,,,,,,,,0.96,,,,,,,,,,,,,,,,,,,,,,,,
2003-07-07,,,,,,,,,1.0,,,,1.489,30.08,,,,,20.06,,2.38,,,,1.1341,10.4223,2.8775,1.3486,,,,,
2003-07-08,,,,,,,,,0.93,,,,,30.32,,,,,19.48,,2.36,,,,1.1265,10.525,2.89,1.3702,,,,,
2003-07-09,,,,,,,,,0.96,,,,,30.87,,,,,18.93,,2.36,,,,1.1311,10.488,2.86,1.3748,,,,,
2003-07-10,,,,,,,,,1.0,,,,,31.04,,,,,19.19,,2.37,,,,1.139,10.463,2.895,1.3822,,,,,
2003-07-11,,,,,,,,,0.98,,,,,31.33,,,,,18.47,,2.37,,,,1.1304,10.4325,2.907,1.3762,,,,,
2003-07-12,,,,412000.0,,,,,0.98,,,,,,3599000.0,,,,,,,,,,,,,,,,,,
2003-07-13,,,,,,,,,0.98,,,,,,,,,,,,,,,,,,,,,,,,
2003-07-14,,,,,,,,,1.07,,,,1.521,31.2,,,,,19.59,,2.39,,,,1.1298,10.385,2.879,1.3739,,,,,
2003-07-15,,,,,,,,,1.13,,,,,31.6,,,,,19.55,,2.49,,,,1.1233,10.43,2.84,1.3927,,,,,
2003-07-16,,,,,,,,,1.01,,,,,31.2,,,,,19.76,,2.48,,,,1.1209,10.392,2.864,1.3874,,,,,
2003-07-17,,,,,,,,,1.02,,,,,31.44,,,,,20.22,,2.51,,,,1.1164,10.339,2.86,1.3973,,,,,
2003-07-18,,,,,,,,,0.99,,,,,31.96,,,,,19.11,,2.49,,,,1.1239,10.38,2.87,1.4114,,,,,
2003-07-19,,,,403000.0,,,,,0.99,,,,,,3592000.0,,,,,,,,,,,,,,,,,,
2003-07-20,,,,,,,,,0.99,,,,,,,,,,,,,,,,,,,,,,,,
2003-07-21,,,,,,,,,1.02,,,,1.524,31.67,,,,,19.78,,2.58,,,,1.1346,10.424,2.8845,1.4052,,,,,
2003-07-22,,,,,,,,,1.0,,,,,30.2,,,,,19.17,,2.6,,,,1.1325,10.4375,2.881,1.4106,,,,,
2003-07-23,,,,,,,,,1.05,,,,,30.13,,,,,18.64,,2.58,,,,1.1484,10.53,2.898,1.399,,,,,
2003-07-24,,,,,,,,,1.04,,,,,30.72,,,,,18.6,,2.66,,,,1.1441,10.528,2.885,1.3964,,,,,
2003-07-25,,,,,,,,,1.03,,,,,30.31,,,,,17.75,,2.7,,,,1.1513,10.52,2.8935,1.3813,,,,,
2003-07-26,,,,398000.0,,,,,1.03,,,,,,3647000.0,,,,,,,,,,,,,,,,,,
2003-07-27,,,,,,,,,1.03,,,,,,,,,,,,,,,,,,,,,,,,
2003-07-28,,,,,,,,,1.05,,,,1.516,29.98,,,,,18.36,,2.7,,,,1.1497,10.47,2.8985,1.3827,,,,,
2003-07-29,,,,,,,,,1.04,,,,,30.21,,,,,18.67,,2.75,,,,1.1466,10.4845,2.929,1.3857,,,,,
2003-07-30,,,,,,,,,1.03,,,,,30.69,,,,,18.85,,2.7,,,,1.1367,10.477,2.95,1.4002,,,,,
2003-07-31,,,,,,,,,1.04,,,,,30.56,,,,,19.49,,2.69,,,,1.1231,10.585,2.965,1.4074,,,,,
2003-08-01,130153.0,6.1,,,89.3,2.5,184.5,14376.0,1.0,,66.1,,,32.23,,2246.5,40.2,100.4225,20.75,5.98,2.59,138.0,270612.0,5.0,1.1252,10.59,3.005,1.396,81.37887,3.5,22.0,3.25,7.8
2003-08-02,,,,401000.0,,,,,1.0,,,,,,3601000.0,,,,,,,,,,,,,,,,,,
2003-08-03,,,,,,,,,1.0,,,,,,,,,,,,,,,,,,,,,,,,
2003-08-04,,,,,,,,,1.0,,,,1.536,31.8,,,,,21.27,,2.64,,,,1.1337,10.599,3.113,1.4065,,,,,
2003-08-05,,,,,,,,,0.86,,,,,32.34,,,,,22.68,,2.59,,,,1.1349,10.7,3.037,1.4045,,,,,
2003-08-06,,,,,,,,,0.88,,,,,31.77,,,,,21.5,,2.54,,,,1.1357,10.709,3.039,1.406,,,,,
2003-08-07,,,,,,,,,0.95,,,,,32.41,,,,,20.26,,2.56,,,,1.139,10.6775,2.9975,1.3933,,,,,
2003-08-08,,,,,,,,,0.96,,,,,32.23,,,,,19.59,,2.55,,,,1.1321,10.67,2.99,1.3935,,,,,
2003-08-09,,,,404000.0,,,,,0.96,,,,,,3596000.0,,,,,,,,,,,,,,,,,,
2003-08-10,,,,,,,,,0.96,,,,,,,,,,,,,,,,,,,,,,,,
2003-08-11,,,,,,,,,1.02,,,,1.571,31.91,,,,,19.75,,2.57,,,,1.1349,10.713,2.996,1.384,,,,,
2003-08-12,,,,,,,,,0.99,,,,,31.91,,,,,17.94,,2.66,,,,1.1304,10.7335,3.025,1.3852,,,,,
2003-08-13,,,,,,,,,1.01,,,,,30.85,,,,,18.77,,2.72,,,,1.1317,10.763,3.03,1.3836,,,,,
2003-08-14,,,,,,,,,1.22,,,,,30.85,,,,,18.47,,2.69,,,,1.1249,10.705,3.0,1.3937,,,,,
2003-08-15,,,,,,,,,1.39,,,,,31.01,,,,,18.27,,2.7,,,,1.1255,10.729,3.0,1.3873,,,,,
2003-08-16,,,,398000.0,,,,,1.39,,,,,,3603000.0,,,,,,,,,,,,,,,,,,
2003-08-17,,,,,,,,,1.39,,,,,,,,,,,,,,,,,,,,,,,,
2003-08-18,,,,,,,,,1.03,,,,1.627,30.81,,,,,18.18,,2.62,,,,1.1138,10.732,2.994,1.3913,,,,,
2003-08-19,,,,,,,,,0.93,,,,,30.76,,,,,17.86,,2.57,,,,1.1117,10.8015,2.992,1.401,,,,,
2003-08-20,,,,,,,,,0.89,,,,,30.96,,,,,17.82,,2.61,,,,1.1104,10.837,3.004,1.4028,,,,,
2003-08-21,,,,,,,,,1.01,,,,,31.78,,,,,17.84,,2.55,,,,1.0976,10.86,3.0125,1.4067,,,,,
2003-08-22,,,,,,,,,0.99,,,,,31.64,,,,,18.55,,2.51,,,,1.0871,10.862,2.995,1.41,,,,,
2003-08-23,,,,391000.0,,,,,0.99,,,,,,3574000.0,,,,,,,,,,,,,,,,,,
2003-08-24,,,,,,,,,0.99,,,,,,,,,,,,,,,,,,,,,,,,
2003-08-25,,,,,,,,,1.04,,,,1.747,31.43,,,,,19.53,,2.51,,,,1.0892,10.884,2.992,1.3985,,,,,
2003-08-26,,,,,,,,,1.0,,,,,32.01,,,,,19.49,,2.54,,,,1.0893,10.912,2.991,1.3933,,,,,
2003-08-27,,,,,,,,,0.98,,,,,31.18,,,,,19.13,,2.49,,,,1.0906,10.929,2.9815,1.4022,,,,,
2003-08-28,,,,,,,,,1.04,,,,,31.41,,,,,18.48,,2.49,,,,1.0896,10.977,2.952,1.3973,,,,,
2003-08-29,,,,,,,,,1.01,,,,,31.76,,,,,18.63,,2.5,,,,1.0986,11.06,2.965,1.385,,,,,
2003-08-30,,,,407000.0,,,,,1.01,,,,,,3608000.0,,,,,,,,,,,,,,,,,,
2003-08-31,,,,,,,,,1.01,,,,,,,,,,,,,,,,,,,,,,,,
2003-09-01,130252.0,6.1,,,87.7,2.8,185.1,14346.0,1.01,,66.1,,1.746,,,2260.9,40.5,100.3871,,5.78,,138.5,270212.0,5.0,,,,,80.89562,3.5,20.0,3.0,7.9
2003-09-02,,,,,,,,,1.06,,,,,29.57,,,,,19.02,,2.57,,,,1.0872,11.028,2.975,1.3876,,,,,
2003-09-03,,,,,,,,,0.96,,,,,29.43,,,,,19.44,,2.58,,,,1.0845,10.948,2.957,1.3816,,,,,
2003-09-04,,,,,,,,,0.98,,,,,28.87,,,,,18.71,,2.61,,,,1.0899,10.858,2.942,1.3735,,,,,
2003-09-05,,,,,,,,,0.96,,,,,28.93,,,,,18.17,,2.63,,,,1.1073,10.86,2.91,1.3714,,,,,
2003-09-06,,,,422000.0,,,,,0.96,,,,,,3598000.0,,,,,,,,,,,,,,,,,,
2003-09-07,,,,,,,,,0.96,,,,,,,,,,,,,,,,,,,,,,,,
2003-09-08,,,,,,,,,0.99,,,,1.717,28.85,,,,,18.26,,2.66,,,,1.1124,10.913,2.923,1.371,,,,,
2003-09-09,,,,,,,,,0.95,,,,,29.22,,,,,18.85,,2.66,,,,1.119,11.0275,2.93,1.3668,,,,,
2003-09-10,,,,,,,,,0.95,,,,,29.41,,,,,20.01,,2.64,,,,1.1195,10.9595,2.906,1.3659,,,,,
2003-09-11,,,,,,,,,1.0,,,,,28.86,,,,,19.25,,2.64,,,,1.1186,10.98,2.905,1.3709,,,,,
2003-09-12,,,,,,,,,1.02,,,,,28.26,,,,,18.68,,2.61,,,,1.1307,10.985,2.9,1.363,,,,,
2003-09-13,,,,394000.0,,,,,1.02,,,,,,3559000.0,,,,,,,,,,,,,,,,,,
2003-09-14,,,,,,,,,1.02,,,,,,,,,,,,,,,,,,,,,,,,
2003-09-15,,,,,,,,,1.11,,,,1.697,28.15,,,,,19.28,,2.65,,,,1.1304,10.9745,2.886,1.366,,,,,
2003-09-16,,,,,,,,,0.97,,,,,27.6,,,,,18.03,,2.66,,,,1.1166,10.89,2.897,1.369,,,,,
2003-09-17,,,,,,,,,0.97,,,,,27.0,,,,,18.15,,2.57,,,,1.1239,10.915,2.9225,1.3667,,,,,
2003-09-18,,,,,,,,,1.0,,,,,27.26,,,,,17.57,,2.51,,,,1.124,10.905,2.899,1.3644,,,,,
2003-09-19,,,,,,,,,0.99,,,,,26.93,,,,,17.54,,2.47,,,,1.1346,10.8975,2.91,1.3469,,,,,
2003-09-20,,,,379000.0,,,,,0.99,,,,,,3588000.0,,,,,,,,,,,,,,,,,,
2003-09-21,,,,,,,,,0.99,,,,,,,,,,,,,,,,,,,,,,,,
2003-09-22,,,,,,,,,1.02,,,,1.643,26.97,,,,,19.65,,2.56,,,,1.1468,10.855,2.903,1.3474,,,,,
2003-09-23,,,,,,,,,1.01,,,,,27.0,,,,,19.47,,2.56,,,,1.1487,10.771,2.922,1.3561,,,,,
2003-09-24,,,,,,,,,1.03,,,,,28.19,,,,,21.22,,2.5,,,,1.1472,10.802,2.913,1.3543,,,,,
2003-09-25,,,,,,,,,1.08,,,,,28.29,,,,,22.26,,2.47,,,,1.1484,10.831,2.932,1.3477,,,,,
2003-09-26,,,,,,,,,1.03,,,,,28.21,,,,,22.23,,2.44,,,,1.1482,10.9375,2.9325,1.3547,,,,,
2003-09-27,,,,387000.0,,,,,1.03,,,,,,3558000.0,,,,,,,,,,,,,,,,,,
2003-09-28,,,,,,,,,1.03,,,,,,,,,,,,,,,,,,,,,,,,
2003-09-29,,,,,,,,,1.04,,,,1.591,28.35,,,,,21.67,,2.48,,,,1.1578,11.04,2.936,1.3552,,,,,
2003-09-30,,,,,,,,,1.17,,,,,29.19,,,,,22.72,,2.46,,,,1.165,11.0025,2.928,1.3507,,,,,
2003-10-01,130439.0,6.0,,,89.6,2.6,184.9,14334.0,1.11,82.068,66.1,,,29.43,,2261.5,40.6,100.5351,21.07,5.72,2.49,139.3,269060.0,4.9,1.1708,10.969,2.906,1.3481,83.11855,3.5,19.0,3.0,7.6
2003-10-02,,,,,,,,,1.02,,,,,29.83,,,,,20.8,,2.55,,,,1.1717,11.1575,2.896,1.3388,,,,,
2003-10-03,,,,,,,,,0.99,,,,,30.37,,,,,19.5,,2.56,,,,1.1596,11.245,2.886,1.3418,,,,,
2003-10-04,,,,386000.0,,,,,0.99,,,,,,3570000.0,,,,,,,,,,,,,,,,,,
2003-10-05,,,,,,,,,0.99,,,,,,,,,,,,,,,,,,,,,,,,
2003-10-06,,,,,,,,,0.99,,,,1.573,30.4,,,,,19.51,,2.57,,,,1.1706,11.215,2.876,1.3413,,,,,
2003-10-07,,,,,,,,,0.98,,,,,30.48,,,,,19.41,,2.6,,,,1.1784,11.3175,2.864,1.3295,,,,,
2003-10-08,,,,,,,,,0.99,,,,,29.6,,,,,19.18,,2.62,,,,1.1805,11.262,2.8525,1.3332,,,,,
2003-10-09,,,,,,,,,1.02,,,,,30.97,,,,,18.82,,2.63,,,,1.1695,11.24,2.835,1.3401,,,,,
2003-10-10,,,,,,,,,1.0,,,,,32.01,,,,,18.45,,2.64,,,,1.1812,11.175,2.8415,1.321,,,,,
2003-10-11,,,,376000.0,,,,,1.0,,,,,,3468000.0,,,,,,,,,,,,,,,,,,
2003-10-12,,,,,,,,,1.0,,,,,,,,,,,,,,,,,,,,,,,,
2003-10-13,,,,,,,,,1.0,,,,1.568,31.91,,,,,17.55,,,,,,,,,,,,,,
2003-10-14,,,,,,,,,1.08,,,,,31.68,,,,,17.37,,2.64,,,,1.1724,11.237,2.835,1.3234,,,,,
2003-10-15,,,,,,,,,1.09,,,,,31.74,,,,,17.69,,2.64,,,,1.1652,11.198,2.827,1.3243,,,,,
2003-10-16,,,,,,,,,1.04,,,,,31.51,,,,,17.19,,2.51,,,,1.1665,11.255,2.845,1.3162,,,,,
2003-10-17,,,,,,,,,0.98,,,,,30.61,,,,,17.62,,2.51,,,,1.163,11.253,2.866,1.3145,,,,,
2003-10-18,,,,387000.0,,,,,0.98,,,,,,3466000.0,,,,,,,,,,,,,,,,,,
2003-10-19,,,,,,,,,0.98,,,,,,,,,,,,,,,,,,,,,,,,
2003-10-20,,,,,,,,,1.02,,,,1.571,30.37,,,,,17.04,,2.53,,,,1.1671,11.175,2.878,1.32,,,,,
2003-10-21,,,,,,,,,0.99,,,,,30.19,,,,,16.55,,2.49,,,,1.1676,11.1475,2.87,1.316,,,,,
2003-10-22,,,,,,,,,0.99,,,,,30.0,,,,,17.67,,2.49,,,,1.1805,11.246,2.862,1.3043,,,,,
2003-10-23,,,,,,,,,1.02,,,,,30.31,,,,,17.68,,2.5,,,,1.1795,11.188,2.87,1.3087,,,,,
2003-10-24,,,,,,,,,1.01,,,,,29.99,,,,,17.71,,2.48,,,,1.1833,11.177,2.867,1.3072,,,,,
2003-10-25,,,,379000.0,,,,,1.01,,,,,,3441000.0,,,,,,,,,,,,,,,,,,
2003-10-26,,,,,,,,,1.01,,,,,,,,,,,,,,,,,,,,,,,,
2003-10-27,,,,,,,,,1.03,,,,1.542,29.95,,,,,18.05,,2.47,,,,1.1762,11.1195,2.871,1.3107,,,,,
2003-10-28,,,,,,,,,0.98,,,,,29.57,,,,,16.82,,2.52,,,,1.1689,11.067,2.8625,1.3108,,,,,
2003-10-29,,,,,,,,,0.97,,,,,28.95,,,,,16.43,,2.52,,,,1.1673,11.15,2.854,1.3098,,,,,
2003-10-30,,,,,,,,,1.02,,,,,28.67,,,,,16.33,,2.5,,,,1.1694,11.103,2.853,1.3069,,,,,
2003-10-31,,,,,,,,,1.03,,,,,29.24,,,,,16.1,,2.48,,,,1.1609,11.055,2.8645,1.3195,,,,,
2003-11-01,130480.0,5.8,,363000.0,93.7,2.7,185.0,14316.0,1.03,,66.1,,,,3427000.0,2275.8,40.9,100.827,,5.66,,138.9,270161.0,4.9,,,,,83.69846,3.75,17.5,3.0,7.4
2003-11-02,,,,,,,,,1.03,,,,,,,,,,,,,,,,,,,,,,,,
2003-11-03,,,,,,,,,1.02,,,,1.535,28.81,,,,,16.55,,2.5,,,,1.1454,10.986,2.855,1.3323,,,,,
2003-11-04,,,,,,,,,0.98,,,,,28.86,,,,,16.55,,2.47,,,,1.1497,10.993,2.857,1.3321,,,,,
2003-11-05,,,,,,,,,0.98,,,,,30.29,,,,,16.86,,2.44,,,,1.1473,11.0015,2.861,1.3312,,,,,
2003-11-06,,,,,,,,,1.0,,,,,30.25,,,,,16.74,,2.44,,,,1.1417,10.9955,2.883,1.3362,,,,,
2003-11-07,,,,,,,,,0.98,,,,,30.73,,,,,16.93,,2.44,,,,1.1505,10.9785,2.867,1.3237,,,,,
2003-11-08,,,,371000.0,,,,,0.98,,,,,,3441000.0,,,,,,,,,,,,,,,,,,
2003-11-09,,,,,,,,,0.98,,,,,,,,,,,,,,,,,,,,,,,,
2003-11-10,,,,,,,,,0.99,,,,1.504,31.01,,,,,17.62,,2.43,,,,1.1515,11.015,2.885,1.3108,,,,,
2003-11-11,,,,,,,,,0.99,,,,,31.21,,,,,17.54,,,,,,,,,,,,,,
2003-11-12,,,,,,,,,1.0,,,,,31.37,,,,,16.75,,2.39,,,,1.1647,11.065,2.919,1.3007,,,,,
2003-11-13,,,,,,,,,0.99,,,,,31.89,,,,,16.47,,2.38,,,,1.1711,11.17,2.9375,1.3,,,,,
2003-11-14,,,,,,,,,0.98,,,,,32.31,,,,,16.94,,2.38,,,,1.1743,11.1425,2.948,1.3034,,,,,
2003-11-15,,,,370000.0,,,,,0.98,,,,,,3331000.0,,,,,,,,,,,,,,,,,,
2003-11-16,,,,,,,,,0.98,,,,,,,,,,,,,,,,,,,,,,,,
2003-11-17,,,,,,,,,1.04,,,,1.497,31.75,,,,,18.6,,2.38,,,,1.1744,11.18,2.9485,1.3143,,,,,
2003-11-18,,,,,,,,,0.98,,,,,33.16,,,,,19.11,,2.34,,,,1.1893,11.1675,2.948,1.3025,,,,,
2003-11-19,,,,,,,,,0.98,,,,,32.84,,,,,18.8,,2.34,,,,1.1909,11.1975,2.945,1.304,,,,,
2003-11-20,,,,,,,,,1.0,,,,,32.87,,,,,19.48,,2.33,,,,1.1895,11.1875,2.9465,1.3031,,,,,
2003-11-21,,,,,,,,,0.98,,,,,32.26,,,,,18.98,,2.31,,,,1.1913,11.2035,2.924,1.3042,,,,,
2003-11-22,,,,354000.0,,,,,0.98,,,,,,3337000.0,,,,,,,,,,,,,,,,,,
2003-11-23,,,,,,,,,0.98,,,,,,,,,,,,,,,,,,,,,,,,
2003-11-24,,,,,,,,,0.98,,,,1.512,29.99,,,,,17.44,,2.29,,,,1.1768,11.3125,2.919,1.321,,,,,
2003-11-25,,,,,,,,,1.02,,,,,30.02,,,,,16.71,,2.3,,,,1.1785,11.337,2.937,1.3135,,,,,
2003-11-26,,,,,,,,,1.01,,,,,30.33,,,,,16.23,,2.28,,,,1.1918,11.3625,2.945,1.3045,,,,,
2003-11-27,,,,,,,,,1.01,,,,,,,,,,,,,,,,,,,,,,,,
2003-11-28,,,,,,,,,1.01,,,,,,,,,,16.32,,2.28,,,,1.1995,11.395,2.945,1.2973,,,,,
2003-11-29,,,,357000.0,,,,,1.01,,,,,,3331000.0,,,,,,,,,,,,,,,,,,
2003-11-30,,,,,,,,,1.01,,,,,,,,,,,,,,,,,,,,,,,,
2003-12-01,130589.0,5.7,,,92.6,2.6,185.5,14299.0,1.03,,65.9,,1.49,29.89,,2294.7,40.7,101.1297,16.77,5.62,2.28,139.5,271550.0,4.8,1.1956,11.4063,2.9315,1.3023,84.08505,3.75,16.5,3.0,7.3
2003-12-02,,,,,,,,,0.97,,,,,30.74,,,,,16.27,,2.31,,,,1.2084,11.36,2.93,1.2988,,,,,
2003-12-03,,,,,,,,,0.98,,,,,30.61,,,,,16.63,,2.32,,,,1.2093,11.259,2.931,1.3,,,,,
2003-12-04,,,,,,,,,0.99,,,,,31.24,,,,,16.3,,2.32,,,,1.2077,11.229,2.943,1.3125,,,,,
2003-12-05,,,,,,,,,0.98,,,,,30.68,,,,,17.09,,2.35,,,,1.2157,11.205,2.94,1.3045,,,,,
2003-12-06,,,,367000.0,,,,,0.98,,,,,,3318000.0,,,,,,,,,,,,,,,,,,
2003-12-07,,,,,,,,,0.98,,,,,,,,,,,,,,,,,,,,,,,,
2003-12-08,,,,,,,,,0.99,,,,1.476,32.08,,,,,16.54,,2.35,,,,1.2217,11.24,2.945,1.2967,,,,,
2003-12-09,,,,,,,,,0.97,,,,,31.72,,,,,17.63,,2.35,,,,1.2229,11.1725,2.9355,1.3092,,,,,
2003-12-10,,,,,,,,,0.99,,,,,31.92,,,,,17.87,,2.36,,,,1.2215,11.226,2.945,1.3078,,,,,
2003-12-11,,,,,,,,,0.99,,,,,32.01,,,,,16.73,,2.44,,,,1.2164,11.173,2.945,1.3272,,,,,
2003-12-12,,,,,,,,,0.99,,,,,33.06,,,,,16.41,,2.42,,,,1.2284,11.24,2.944,1.315,,,,,
2003-12-13,,,,363000.0,,,,,0.99,,,,,,3251000.0,,,,,,,,,,,,,,,,,,
2003-12-14,,,,,,,,,0.99,,,,,,,,,,,,,,,,,,,,,,,,
2003-12-15,,,,,,,,,1.04,,,,1.465,33.17,,,,,17.23,,2.4,,,,1.229,11.294,2.922,1.3129,,,,,
2003-12-16,,,,,,,,,0.99,,,,,32.94,,,,,15.93,,2.41,,,,1.2328,11.292,2.9375,1.3185,,,,,
2003-12-17,,,,,,,,,0.99,,,,,33.36,,,,,15.58,,2.36,,,,1.2381,11.27,2.936,1.325,,,,,
2003-12-18,,,,,,,,,1.01,,,,,33.72,,,,,16.16,,2.31,,,,1.2376,11.208,2.933,1.3295,,,,,
2003-12-19,,,,,,,,,0.98,,,,,32.81,,,,,16.42,,2.33,,,,1.238,11.2325,2.93,1.3405,,,,,
2003-12-20,,,,354000.0,,,,,0.98,,,,,,3254000.0,,,,,,,,,,,,,,,,,,
2003-12-21,,,,,,,,,0.98,,,,,,,,,,,,,,,,,,,,,,,,
2003-12-22,,,,,,,,,1.02,,,,1.485,31.71,,,,,16.94,,2.34,,,,1.2415,11.271,2.925,1.332,,,,,
2003-12-23,,,,,,,,,1.0,,,,,32.03,,,,,16.49,,2.32,,,,1.2406,11.275,2.91,1.3244,,,,,
2003-12-24,,,,,,,,,0.97,,,,,32.99,,,,,16.66,,2.37,,,,1.2464,11.2763,2.914,1.3109,,,,,
2003-12-25,,,,,,,,,0.97,,,,,,,,,,,,,,,,,,,,,,,,
2003-12-26,,,,,,,,,0.97,,,,,,,,,,17.45,,2.35,,,,1.2441,11.227,2.9,1.3067,,,,,
2003-12-27,,,,349000.0,,,,,0.97,,,,,,3258000.0,,,,,,,,,,,,,,,,,,
2003-12-28,,,,,,,,,0.97,,,,,,,,,,,,,,,,,,,,,,,,
2003-12-29,,,,,,,,,0.98,,,,1.478,32.51,,,,,17.09,,2.38,,,,1.2485,11.235,2.87,1.3103,,,,,
2003-12-30,,,,,,,,,0.93,,,,,33.01,,,,,17.68,,2.43,,,,1.2521,11.199,2.899,1.3036,,,,,
2003-12-31,,,,,,,,,0.94,,,,,32.51,,,,,18.31,,2.43,,,,1.2597,11.242,2.895,1.2923,,,,,
2004-01-01,130756.0,5.7,,,103.8,2.7,186.3,14291.0,0.94,81.825,66.1,,,,,2298.0,40.9,101.4088,,5.44,,141.4,272465.0,4.8,,,,,84.1817,3.75,16.5,2.75,7.3
2004-01-02,,,,,,,,,1.01,,,,,,,,,,18.22,,2.44,,,,1.2592,11.095,2.884,1.29,,,,,
2004-01-03,,,,356000.0,,,,,1.01,,,,,,3188000.0,,,,,,,,,,,,,,,,,,
2004-01-04,,,,,,,,,1.01,,,,,,,,,,,,,,,,,,,,,,,,
2004-01-05,,,,,,,,,0.97,,,,1.51,33.71,,,,,17.49,,2.46,,,,1.2679,11.0011,2.858,1.2803,,,,,
2004-01-06,,,,,,,,,0.92,,,,,33.54,,,,,16.73,,2.45,,,,1.2773,10.968,2.8575,1.2824,,,,,
2004-01-07,,,,,,,,,0.94,,,,,33.57,,,,,15.5,,2.43,,,,1.2665,10.914,2.869,1.2884,,,,,
2004-01-08,,,,,,,,,0.99,,,,,34.27,,,,,15.61,,2.42,,,,1.2772,10.88,2.85,1.279,,,,,
2004-01-09,,,,,,,,,0.99,,,,,34.38,,,,,16.75,,2.43,,,,1.2853,10.845,2.845,1.269,,,,,
2004-01-10,,,,354000.0,,,,,0.99,,,,,,3154000.0,,,,,,,,,,,,,,,,,,
2004-01-11,,,,,,,,,0.99,,,,,,,,,,,,,,,,,,,,,,,,
2004-01-12,,,,,,,,,1.0,,,,1.56,34.92,,,,,16.82,,2.43,,,,1.2802,10.805,2.807,1.2735,,,,,
2004-01-13,,,,,,,,,0.99,,,,,34.26,,,,,18.04,,2.42,,,,1.2735,10.842,2.81,1.2729,,,,,
2004-01-14,,,,,,,,,1.01,,,,,34.62,,,,,16.75,,2.36,,,,1.2726,10.82,2.8215,1.2866,,,,,
2004-01-15,,,,,,,,,1.04,,,,,33.61,,,,,15.56,,2.32,,,,1.2588,10.857,2.81,1.299,,,,,
2004-01-16,,,,,,,,,0.98,,,,,35.16,,,,,15.0,,2.34,,,,1.2395,10.833,2.825,1.2975,,,,,
2004-01-17,,,,362000.0,,,,,0.98,,,,,,3139000.0,,,,,,,,,,,,,,,,,,
2004-01-18,,,,,,,,,0.98,,,,,,,,,,,,,,,,,,,,,,,,
2004-01-19,,,,,,,,,0.98,,,,1.595,,,,,,,,,,,,,,,,,,,,
2004-01-20,,,,,,,,,1.02,,,,,36.21,,,,,15.21,,2.39,,,,1.2584,10.855,2.838,1.2861,,,,,
2004-01-21,,,,,,,,,1.0,,,,,35.53,,,,,14.34,,2.36,,,,1.2617,10.94,2.846,1.3018,,,,,
2004-01-22,,,,,,,,,1.02,,,,,35.12,,,,,14.71,,2.33,,,,1.2717,11.001,2.844,1.297,,,,,
2004-01-23,,,,,,,,,1.0,,,,,34.94,,,,,14.84,,2.38,,,,1.261,10.93,2.844,1.3115,,,,,
2004-01-24,,,,353000.0,,,,,1.0,,,,,,3142000.0,,,,,,,,,,,,,,,,,,
2004-01-25,,,,,,,,,1.0,,,,,,,,,,,,,,,,,,,,,,,,
2004-01-26,,,,,,,,,1.08,,,,1.622,34.41,,,,,14.55,,2.41,,,,1.2552,10.934,2.843,1.313,,,,,
2004-01-27,,,,,,,,,1.02,,,,,33.99,,,,,15.35,,2.41,,,,1.2643,10.88,2.865,1.3048,,,,,
2004-01-28,,,,,,,,,0.99,,,,,33.63,,,,,16.78,,2.35,,,,1.262,10.897,2.88,1.3218,,,,,
2004-01-29,,,,,,,,,1.0,,,,,32.86,,,,,17.14,,2.34,,,,1.2389,11.0973,2.945,1.334,,,,,
2004-01-30,,,,,,,,,1.03,,,,,33.16,,,,,16.63,,2.32,,,,1.2452,11.012,2.924,1.3265,,,,,
2004-01-31,,,,376000.0,,,,,1.03,,,,,,3118000.0,,,,,,,,,,,,,,,,,,
2004-02-01,130821.0,5.6,,,94.4,2.6,186.7,14279.0,1.03,,66.0,,,,,2310.2,41.0,101.2953,,5.26,,142.1,274360.0,4.8,,,,,84.375,4.0,16.5,2.75,7.3
2004-02-02,,,,,,,,,1.01,,,,1.616,34.02,,,,,17.11,,2.35,,,,1.2426,10.97,2.9525,1.3385,,,,,
2004-02-03,,,,,,,,,0.97,,,,,34.2,,,,,17.34,,2.35,,,,1.2561,11.084,2.928,1.3374,,,,,
2004-02-04,,,,,,,,,1.0,,,,,33.06,,,,,17.87,,2.35,,,,1.2552,11.048,2.91,1.333,,,,,
2004-02-05,,,,,,,,,1.01,,,,,33.26,,,,,17.71,,2.35,,,,1.2606,11.245,2.932,1.3318,,,,,
2004-02-06,,,,,,,,,0.99,,,,,32.49,,,,,16.0,,2.35,,,,1.2694,11.131,2.942,1.3297,,,,,
2004-02-07,,,,380000.0,,,,,0.99,,,,,,3179000.0,,,,,,,,,,,,,,,,,,
2004-02-08,,,,,,,,,0.99,,,,,,,,,,,,,,,,,,,,,,,,
2004-02-09,,,,,,,,,1.01,,,,1.638,32.91,,,,,16.39,,2.33,,,,1.2672,11.1105,2.932,1.3304,,,,,
2004-02-10,,,,,,,,,1.0,,,,,34.03,,,,,15.94,,2.31,,,,1.2727,11.1,2.917,1.3289,,,,,
2004-02-11,,,,,,,,,1.0,,,,,33.93,,,,,15.39,,2.32,,,,1.2815,11.0011,2.919,1.3178,,,,,
2004-02-12,,,,,,,,,1.02,,,,,34.03,,,,,15.31,,2.35,,,,1.2807,10.9685,2.904,1.3188,,,,,
2004-02-13,,,,,,,,,1.01,,,,,34.51,,,,,15.58,,2.35,,,,1.2751,10.965,2.92,1.3148,,,,,
2004-02-14,,,,356000.0,,,,,1.01,,,,,,3131000.0,,,,,,,,,,,,,,,,,,
2004-02-15,,,,,,,,,1.01,,,,,,,,,,,,,,,,,,,,,,,,
2004-02-16,,,,,,,,,1.01,,,,1.648,,,,,,,,,,,,,,,,,,,,
2004-02-17,,,,,,,,,1.02,,,,,35.13,,,,,15.4,,2.35,,,,1.2848,10.939,2.912,1.3108,,,,,
2004-02-18,,,,,,,,,1.0,,,,,35.42,,,,,15.59,,2.33,,,,1.2812,10.9095,2.936,1.3182,,,,,
2004-02-19,,,,,,,,,1.0,,,,,35.81,,,,,15.8,,2.35,,,,1.2685,10.978,2.949,1.3283,,,,,
2004-02-20,,,,,,,,,0.99,,,,,35.8,,,,,16.04,,2.35,,,,1.2563,10.9415,2.972,1.3442,,,,,
2004-02-21,,,,359000.0,,,,,0.99,,,,,,3092000.0,,,,,,,,,,,,,,,,,,
2004-02-22,,,,,,,,,0.99,,,,,,,,,,,,,,,,,,,,,,,,
2004-02-23,,,,,,,,,1.0,,,,1.688,35.75,,,,,16.29,,2.36,,,,1.2569,10.949,2.962,1.3363,,,,,
2004-02-24,,,,,,,,,0.99,,,,,35.85,,,,,15.9,,2.35,,,,1.2692,11.053,2.9625,1.3283,,,,,
2004-02-25,,,,,,,,,1.02,,,,,37.28,,,,,14.93,,2.35,,,,1.2503,11.075,2.943,1.337,,,,,
2004-02-26,,,,,,,,,1.03,,,,,35.45,,,,,14.83,,2.36,,,,1.2444,11.0765,2.9425,1.3433,,,,,
2004-02-27,,,,,,,,,1.04,,,,,36.08,,,,,14.55,,2.33,,,,1.2441,11.062,2.915,1.3405,,,,,
2004-02-28,,,,348000.0,,,,,1.04,,,,,,3057000.0,,,,,,,,,,,,,,,,,,
2004-02-29,,,,,,,,,1.04,,,,,,,,,,,,,,,,,,,,,,,,
2004-03-01,131140.0,5.8,,,95.8,2.9,187.1,14287.0,1.04,,66.0,,1.717,36.85,,2313.7,40.9,101.1277,14.44,5.11,2.33,143.1,279692.0,4.8,1.2431,10.9725,2.8905,1.3395,83.69846,4.0,16.25,2.5,7.3
2004-03-02,,,,,,,,,1.0,,,,,36.6,,,,,14.86,,2.31,,,,1.2212,10.962,2.907,1.3437,,,,,
2004-03-03,,,,,,,,,1.0,,,,,35.8,,,,,14.55,,2.33,,,,1.2088,11.0475,2.882,1.348,,,,,
2004-03-04,,,,,,,,,0.99,,,,,36.81,,,,,14.4,,2.31,,,,1.2225,11.007,2.8925,1.3326,,,,,
2004-03-05,,,,,,,,,1.0,,,,,37.31,,,,,14.48,,2.28,,,,1.2401,10.918,2.877,1.3191,,,,,
2004-03-06,,,,344000.0,,,,,1.0,,,,,,3072000.0,,,,,,,,,,,,,,,,,,
2004-03-07,,,,,,,,,1.0,,,,,,,,,,,,,,,,,,,,,,,,
2004-03-08,,,,,,,,,1.0,,,,1.738,36.53,,,,,15.79,,2.26,,,,1.2371,10.945,2.8825,1.3235,,,,,
2004-03-09,,,,,,,,,0.99,,,,,36.29,,,,,16.6,,2.22,,,,1.2428,10.969,2.868,1.3188,,,,,
2004-03-10,,,,,,,,,1.0,,,,,36.21,,,,,18.67,,2.2,,,,1.2226,10.947,2.89,1.3275,,,,,
2004-03-11,,,,,,,,,1.01,,,,,36.95,,,,,20.67,,2.22,,,,1.2268,10.98,2.91,1.3228,,,,,
2004-03-12,,,,,,,,,0.99,,,,,36.21,,,,,18.3,,2.24,,,,1.2191,10.968,2.906,1.3385,,,,,
2004-03-13,,,,338000.0,,,,,0.99,,,,,,3040000.0,,,,,,,,,,,,,,,,,,
2004-03-14,,,,,,,,,0.99,,,,,,,,,,,,,,,,,,,,,,,,
2004-03-15,,,,,,,,,1.05,,,,1.724,37.44,,,,,21.13,,2.22,,,,1.2243,10.975,2.9075,1.3322,,,,,
2004-03-16,,,,,,,,,0.99,,,,,37.36,,,,,20.34,,2.19,,,,1.227,11.066,2.902,1.3333,,,,,
2004-03-17,,,,,,,,,1.0,,,,,38.21,,,,,18.11,,2.18,,,,1.2197,10.983,2.913,1.3419,,,,,
2004-03-18,,,,,,,,,1.0,,,,,37.81,,,,,18.53,,2.21,,,,1.2392,11.114,2.92,1.329,,,,,
2004-03-19,,,,,,,,,0.99,,,,,38.09,,,,,19.15,,2.24,,,,1.2269,10.989,2.901,1.331,,,,,
2004-03-20,,,,346000.0,,,,,0.99,,,,,,3066000.0,,,,,,,,,,,,,,,,,,
2004-03-21,,,,,,,,,0.99,,,,,,,,,,,,,,,,,,,,,,,,
2004-03-22,,,,,,,,,1.01,,,,1.743,37.12,,,,,21.58,,2.22,,,,1.2368,10.976,2.912,1.328,,,,,
2004-03-23,,,,,,,,,0.99,,,,,37.81,,,,,20.67,,2.21,,,,1.2311,10.973,2.921,1.332,,,,,
2004-03-24,,,,,,,,,0.99,,,,,37.06,,,,,19.81,,2.23,,,,1.2213,10.998,2.929,1.3385,,,,,
2004-03-25,,,,,,,,,1.02,,,,,35.67,,,,,17.88,,2.24,,,,1.217,11.0208,2.94,1.3303,,,,,
2004-03-26,,,,,,,,,1.0,,,,,35.61,,,,,17.33,,2.26,,,,1.2092,11.054,2.938,1.3194,,,,,
2004-03-27,,,,340000.0,,,,,1.0,,,,,,3007000.0,,,,,,,,,,,,,,,,,,
2004-03-28,,,,,,,,,1.0,,,,,,,,,,,,,,,,,,,,,,,,
2004-03-29,,,,,,,,,1.0,,,,1.758,35.41,,,,,16.5,,2.28,,,,1.2141,11.16,2.939,1.3097,,,,,
2004-03-30,,,,,,,,,0.98,,,,,36.15,,,,,16.28,,2.28,,,,1.2202,11.229,2.919,1.308,,,,,
2004-03-31,,,,,,,,,1.05,,,,,35.75,,,,,16.74,,2.26,,,,1.2292,11.183,2.907,1.31,,,,,
2004-04-01,131412.0,5.6,,,94.2,3.2,187.4,14315.0,1.03,82.678,65.9,,,34.47,,2352.7,40.7,100.9568,16.65,5.46,2.26,144.8,277625.0,4.8,1.2358,11.182,2.8925,1.3101,84.9549,4.0,16.0,2.25,7.2
2004-04-02,,,,,,,,,1.0,,,,,34.39,,,,,15.64,,2.29,,,,1.2109,11.1715,2.8985,1.314,,,,,
2004-04-03,,,,335000.0,,,,,1.0,,,,,,2990000.0,,,,,,,,,,,,,,,,,,
2004-04-04,,,,,,,,,1.0,,,,,,,,,,,,,,,,,,,,,,,,
2004-04-05,,,,,,,,,1.01,,,,1.78,34.29,,,,,14.97,,2.33,,,,1.2008,11.157,2.882,1.3152,,,,,
2004-04-06,,,,,,,,,1.0,,,,,35.09,,,,,15.32,,2.33,,,,1.2089,11.1615,2.874,1.3095,,,,,
2004-04-07,,,,,,,,,1.0,,,,,36.28,,,,,15.76,,2.32,,,,1.2171,11.2395,2.876,1.313,,,,,
2004-04-08,,,,,,,,,1.02,,,,,37.14,,,,,16.26,,2.33,,,,1.2088,11.21,2.877,1.326,,,,,
2004-04-09,,,,,,,,,1.01,,,,,,,,,,,,,,,,1.2102,11.2075,2.888,1.3292,,,,,
2004-04-10,,,,355000.0,,,,,1.01,,,,,,3022000.0,,,,,,,,,,,,,,,,,,
2004-04-11,,,,,,,,,1.01,,,,,,,,,,,,,,,,,,,,,,,,
2004-04-12,,,,,,,,,1.0,,,,1.786,37.79,,,,,15.28,,2.34,,,,1.2068,11.2285,2.888,1.3377,,,,,
2004-04-13,,,,,,,,,1.0,,,,,37.09,,,,,17.26,,2.34,,,,1.1923,11.2685,2.888,1.3363,,,,,
2004-04-14,,,,,,,,,1.01,,,,,36.62,,,,,15.62,,2.27,,,,1.194,11.2755,2.8955,1.3445,,,,,
2004-04-15,,,,,,,,,1.03,,,,,37.74,,,,,15.74,,2.32,,,,1.1914,11.269,2.916,1.3485,,,,,
2004-04-16,,,,,,,,,0.99,,,,,37.7,,,,,14.94,,2.34,,,,1.2025,11.241,2.915,1.3445,,,,,
2004-04-17,,,,364000.0,,,,,0.99,,,,,,3031000.0,,,,,,,,,,,,,,,,,,
2004-04-18,,,,,,,,,0.99,,,,,,,,,,,,,,,,,,,,,,,,
2004-04-19,,,,,,,,,1.0,,,,1.813,37.46,,,,,15.42,,2.32,,,,1.2019,11.252,2.915,1.3467,,,,,
2004-04-20,,,,,,,,,0.99,,,,,37.61,,,,,16.67,,2.32,,,,1.191,11.3175,2.921,1.3534,,,,,
2004-04-21,,,,,,,,,0.99,,,,,36.61,,,,,15.6,,2.23,,,,1.1853,11.323,2.9325,1.359,,,,,
2004-04-22,,,,,,,,,1.0,,,,,37.7,,,,,14.61,,2.25,,,,1.1861,11.317,2.927,1.359,,,,,
2004-04-23,,,,,,,,,0.99,,,,,37.22,,,,,14.01,,2.19,,,,1.1802,11.35,2.9135,1.3612,,,,,
2004-04-24,,,,339000.0,,,,,0.99,,,,,,2960000.0,,,,,,,,,,,,,,,,,,
2004-04-25,,,,,,,,,0.99,,,,,,,,,,,,,,,,,,,,,,,,
2004-04-26,,,,,,,,,1.01,,,,1.812,37.02,,,,,14.77,,2.18,,,,1.1851,11.29,2.913,1.3559,,,,,
2004-04-27,,,,,,,,,0.99,,,,,37.49,,,,,15.07,,2.22,,,,1.1927,11.306,2.9185,1.3517,,,,,
2004-04-28,,,,,,,,,1.01,,,,,37.23,,,,,16.29,,2.2,,,,1.183,11.341,2.9395,1.3672,,,,,
2004-04-29,,,,,,,,,1.03,,,,,37.5,,,,,16.6,,2.21,,,,1.1945,11.4315,2.959,1.3697,,,,,
2004-04-30,,,,,,,,,1.03,,,,,37.31,,,,,17.19,,2.22,,,,1.1975,11.402,2.944,1.3711,,,,,
2004-05-01,131697.0,5.6,,324000.0,90.2,3.3,188.2,14342.0,1.03,,66.0,,,,2998000.0,2381.3,41.1,100.8785,,5.75,,146.8,281281.0,4.8,,,,,85.63145,4.25,16.0,2.25,7.1
2004-05-02,,,,,,,,,1.03,,,,,,,,,,,,,,,,,,,,,,,,
2004-05-03,,,,,,,,,1.03,,,,1.844,38.26,,,,,16.62,,2.19,,,,1.1937,11.442,2.962,1.374,,,,,
2004-05-04,,,,,,,,,1.0,,,,,38.86,,,,,16.55,,2.24,,,,1.2076,11.415,2.968,1.3702,,,,,
2004-05-05,,,,,,,,,0.99,,,,,39.69,,,,,15.77,,2.27,,,,1.2165,11.3815,2.964,1.3725,,,,,
2004-05-06,,,,,,,,,1.0,,,,,39.41,,,,,17.05,,2.24,,,,1.209,11.4445,2.995,1.3784,,,,,
2004-05-07,,,,,,,,,0.99,,,,,39.98,,,,,18.13,,2.15,,,,1.1885,11.545,3.084,1.3858,,,,,
2004-05-08,,,,329000.0,,,,,0.99,,,,,,2978000.0,,,,,,,,,,,,,,,,,,
2004-05-09,,,,,,,,,0.99,,,,,,,,,,,,,,,,,,,,,,,,
2004-05-10,,,,,,,,,1.0,,,,1.941,38.9,,,,,19.77,,2.2,,,,1.1834,11.635,3.105,1.3934,,,,,
2004-05-11,,,,,,,,,0.96,,,,,40.3,,,,,18.57,,2.18,,,,1.1818,11.616,3.085,1.3866,,,,,
2004-05-12,,,,,,,,,0.98,,,,,40.3,,,,,18.14,,2.21,,,,1.1911,11.63,3.1265,1.3878,,,,,
2004-05-13,,,,,,,,,1.0,,,,,40.94,,,,,18.86,,2.18,,,,1.1801,11.634,3.12,1.397,,,,,
2004-05-14,,,,,,,,,1.02,,,,,41.42,,,,,18.47,,2.2,,,,1.1874,11.5695,3.092,1.3928,,,,,
2004-05-15,,,,349000.0,,,,,1.02,,,,,,2976000.0,,,,,,,,,,,,,,,,,,
2004-05-16,,,,,,,,,1.02,,,,,,,,,,,,,,,,,,,,,,,,
2004-05-17,,,,,,,,,1.05,,,,2.017,41.53,,,,,19.96,,2.19,,,,1.2009,11.5215,3.126,1.3855,,,,,
2004-05-18,,,,,,,,,1.0,,,,,40.32,,,,,19.33,,2.16,,,,1.1971,11.495,3.122,1.3913,,,,,
2004-05-19,,,,,,,,,1.0,,,,,41.61,,,,,18.93,,2.18,,,,1.2015,11.54,3.114,1.3769,,,,,
2004-05-20,,,,,,,,,1.0,,,,,40.92,,,,,18.67,,2.17,,,,1.1926,11.568,3.2085,1.3705,,,,,
2004-05-21,,,,,,,,,0.99,,,,,39.83,,,,,18.49,,2.16,,,,1.2009,11.561,3.187,1.3734,,,,,
2004-05-22,,,,342000.0,,,,,0.99,,,,,,3010000.0,,,,,,,,,,,,,,,,,,
2004-05-23,,,,,,,,,0.99,,,,,,,,,,,,,,,,,,,,,,,,
2004-05-24,,,,,,,,,1.0,,,,2.064,42.03,,,,,18.08,,2.16,,,,1.1978,11.575,3.2015,1.3697,,,,,
2004-05-25,,,,,,,,,1.0,,,,,41.45,,,,,15.96,,2.15,,,,1.2107,11.472,3.1475,1.3763,,,,,
2004-05-26,,,,,,,,,0.99,,,,,40.6,,,,,15.97,,2.15,,,,1.2102,11.4725,3.18,1.3705,,,,,
2004-05-27,,,,,,,,,1.0,,,,,39.25,,,,,15.28,,2.14,,,,1.2274,11.467,3.1475,1.358,,,,,
2004-05-28,,,,,,,,,1.02,,,,,39.9,,,,,15.5,,2.12,,,,1.2217,11.414,3.111,1.3666,,,,,
2004-05-29,,,,337000.0,,,,,1.02,,,,,,2916000.0,,,,,,,,,,,,,,,,,,
2004-05-30,,,,,,,,,1.02,,,,,,,,,,,,,,,,,,,,,,,,
2004-05-31,,,,,,,,,1.02,,,,2.051,,,,,,,,,,,,,,,,,,,,
2004-06-01,131794.0,5.6,,,95.6,3.3,188.9,14334.0,1.02,,66.1,,,42.33,,2383.6,40.8,101.0162,16.3,5.75,2.11,147.2,279141.0,4.8,1.221,11.4885,3.155,1.3687,84.9549,4.5,16.0,2.25,7.2
2004-06-02,,,,,,,,,0.98,,,,,39.96,,,,,16.08,,2.09,,,,1.225,11.44,3.13,1.3618,,,,,
2004-06-03,,,,,,,,,0.99,,,,,39.29,,,,,17.03,,2.08,,,,1.2205,11.4325,3.144,1.3606,,,,,
2004-06-04,,,,,,,,,0.99,,,,,38.44,,,,,16.78,,2.08,,,,1.2258,11.428,3.13,1.3505,,,,,
2004-06-05,,,,355000.0,,,,,0.99,,,,,,2923000.0,,,,,,,,,,,,,,,,,,
2004-06-06,,,,,,,,,0.99,,,,,,,,,,,,,,,,,,,,,,,,
2004-06-07,,,,,,,,,0.99,,,,2.034,38.72,,,,,15.39,,2.11,,,,1.232,11.344,3.116,1.345,,,,,
2004-06-08,,,,,,,,,0.97,,,,,37.18,,,,,15.01,,2.05,,,,1.2273,11.3505,3.1195,1.3468,,,,,
2004-06-09,,,,,,,,,0.99,,,,,37.6,,,,,15.39,,2.03,,,,1.2097,11.3865,3.113,1.3541,,,,,
2004-06-10,,,,,,,,,1.0,,,,,38.45,,,,,15.04,,2.0,,,,1.211,11.372,3.113,1.3572,,,,,
2004-06-11,,,,,,,,,1.0,,,,,,,,,,15.04,,,,,,1.2011,11.382,3.15,1.3656,,,,,
2004-06-12,,,,339000.0,,,,,1.0,,,,,,2990000.0,,,,,,,,,,,,,,,,,,
2004-06-13,,,,,,,,,1.0,,,,,,,,,,,,,,,,,,,,,,,,
2004-06-14,,,,,,,,,1.02,,,,1.985,37.58,,,,,16.07,,1.92,,,,1.2073,11.4248,3.162,1.3682,,,,,
2004-06-15,,,,,,,,,1.03,,,,,37.18,,,,,15.05,,1.92,,,,1.2139,11.4145,3.128,1.3699,,,,,
2004-06-16,,,,,,,,,1.0,,,,,37.33,,,,,14.79,,1.9,,,,1.2006,11.399,3.1495,1.3772,,,,,
2004-06-17,,,,,,,,,1.01,,,,,38.51,,,,,15.15,,1.9,,,,1.204,11.355,3.124,1.3752,,,,,
2004-06-18,,,,,,,,,1.0,,,,,38.68,,,,,14.99,,1.91,,,,1.2118,11.34,3.1425,1.3645,,,,,
2004-06-19,,,,354000.0,,,,,1.0,,,,,,2973000.0,,,,,,,,,,,,,,,,,,
2004-06-20,,,,,,,,,1.0,,,,,,,,,,,,,,,,,,,,,,,,
2004-06-21,,,,,,,,,1.0,,,,1.937,37.69,,,,,15.26,,1.9,,,,1.211,11.311,3.129,1.364,,,,,
2004-06-22,,,,,,,,,1.0,,,,,38.11,,,,,14.31,,1.92,,,,1.2092,11.32,3.135,1.3592,,,,,
2004-06-23,,,,,,,,,1.02,,,,,37.56,,,,,13.98,,1.93,,,,1.209,11.345,3.1285,1.3614,,,,,
2004-06-24,,,,,,,,,1.03,,,,,37.81,,,,,14.81,,1.92,,,,1.217,11.303,3.103,1.343,,,,,
2004-06-25,,,,,,,,,1.05,,,,,37.34,,,,,15.19,,1.92,,,,1.2145,11.315,3.11,1.3489,,,,,
2004-06-26,,,,348000.0,,,,,1.05,,,,,,2917000.0,,,,,,,,,,,,,,,,,,
2004-06-27,,,,,,,,,1.05,,,,,,,,,,,,,,,,,,,,,,,,
2004-06-28,,,,,,,,,1.09,,,,1.921,36.25,,,,,16.07,,1.9,,,,1.2193,11.423,3.1375,1.3435,,,,,
2004-06-29,,,,,,,,,1.13,,,,,35.6,,,,,15.47,,1.87,,,,1.2124,11.525,3.12,1.3465,,,,,
2004-06-30,,,,,,,,,1.38,,,,,36.92,,,,,14.34,,1.92,,,,1.2179,11.538,3.105,1.3407,,,,,
2004-07-01,131854.0,5.5,,,96.7,3.0,189.1,14331.0,1.4,83.061,66.1,,,38.56,,2396.8,40.8,101.1275,15.2,5.36,1.93,147.4,281350.0,4.7,1.2158,11.506,3.083,1.3325,86.11469,4.5,16.0,2.25,7.1
2004-07-02,,,,,,,,,1.25,,,,,38.37,,,,,15.08,,1.94,,,,1.2307,11.473,3.041,1.3254,,,,,
2004-07-03,,,,326000.0,,,,,1.25,,,,,,2948000.0,,,,,,,,,,,,,,,,,,
2004-07-04,,,,,,,,,1.25,,,,,,,,,,,,,,,,,,,,,,,,
2004-07-05,,,,,,,,,1.25,,,,1.895,,,,,,,,,,,,,,,,,,,,
2004-07-06,,,,,,,,,1.3,,,,,39.56,,,,,16.25,,1.93,,,,1.229,11.494,3.0435,1.3261,,,,,
2004-07-07,,,,,,,,,1.26,,,,,39.18,,,,,15.81,,1.94,,,,1.2384,11.4625,3.03,1.3196,,,,,
2004-07-08,,,,,,,,,1.26,,,,,40.27,,,,,16.2,,1.94,,,,1.239,11.535,3.043,1.3164,,,,,
2004-07-09,,,,,,,,,1.24,,,,,39.9,,,,,15.78,,1.94,,,,1.2388,11.51,3.044,1.3207,,,,,
2004-07-10,,,,345000.0,,,,,1.24,,,,,,2852000.0,,,,,,,,,,,,,,,,,,
2004-07-11,,,,,,,,,1.24,,,,,,,,,,,,,,,,,,,,,,,,
2004-07-12,,,,,,,,,1.26,,,,1.917,39.3,,,,,14.96,,1.93,,,,1.2409,11.503,3.0425,1.3188,,,,,
2004-07-13,,,,,,,,,1.24,,,,,39.55,,,,,14.46,,1.92,,,,1.2302,11.495,3.046,1.3259,,,,,
2004-07-14,,,,,,,,,1.24,,,,,40.98,,,,,13.76,,1.88,,,,1.2385,11.468,3.027,1.3225,,,,,
2004-07-15,,,,,,,,,1.3,,,,,40.7,,,,,14.71,,1.86,,,,1.2373,11.495,3.025,1.324,,,,,
2004-07-16,,,,,,,,,1.24,,,,,41.1,,,,,14.34,,1.84,,,,1.2437,11.43,3.0,1.3092,,,,,
2004-07-17,,,,355000.0,,,,,1.24,,,,,,2956000.0,,,,,,,,,,,,,,,,,,
2004-07-18,,,,,,,,,1.24,,,,,,,,,,,,,,,,,,,,,,,,
2004-07-19,,,,,,,,,1.25,,,,1.928,41.55,,,,,15.17,,1.82,,,,1.2431,11.379,2.998,1.3082,,,,,
2004-07-20,,,,,,,,,1.25,,,,,40.86,,,,,14.17,,1.8,,,,1.2377,11.401,3.0025,1.3099,,,,,
2004-07-21,,,,,,,,,1.25,,,,,40.63,,,,,16.41,,1.79,,,,1.2224,11.4655,3.0435,1.3242,,,,,
2004-07-22,,,,,,,,,1.26,,,,,41.51,,,,,15.75,,1.79,,,,1.2273,11.4455,3.043,1.3136,,,,,
2004-07-23,,,,,,,,,1.25,,,,,41.82,,,,,16.5,,1.76,,,,1.2122,11.4393,3.0455,1.3219,,,,,
2004-07-24,,,,348000.0,,,,,1.25,,,,,,2935000.0,,,,,,,,,,,,,,,,,,
2004-07-25,,,,,,,,,1.25,,,,,,,,,,,,,,,,,,,,,,,,
2004-07-26,,,,,,,,,1.27,,,,1.905,41.45,,,,,17.3,,1.74,,,,1.2135,11.483,3.072,1.332,,,,,
2004-07-27,,,,,,,,,1.27,,,,,41.83,,,,,16.55,,1.8,,,,1.2056,11.5125,3.063,1.3353,,,,,
2004-07-28,,,,,,,,,1.29,,,,,42.81,,,,,16.15,,1.83,,,,1.2046,11.478,3.054,1.3309,,,,,
2004-07-29,,,,,,,,,1.3,,,,,42.69,,,,,15.68,,1.85,,,,1.207,11.439,3.033,1.3259,,,,,
2004-07-30,,,,,,,,,1.29,,,,,43.72,,,,,15.32,,1.82,,,,1.2032,11.41,3.0275,1.3296,,,,,
2004-07-31,,,,341000.0,,,,,1.29,,,,,,2894000.0,,,,,,,,,,,,,,,,,,
2004-08-01,131939.0,5.4,,,95.9,2.8,189.2,14345.0,1.29,,66.0,,,,,2403.3,40.8,101.1028,,5.03,,148.0,281006.0,4.7,,,,,85.24484,4.75,16.0,2.25,7.0
2004-08-02,,,,,,,,,1.28,,,,1.888,43.83,,,,,15.37,,1.82,,,,1.2034,11.4298,3.0505,1.3314,,,,,
2004-08-03,,,,,,,,,1.24,,,,,44.13,,,,,16.03,,1.79,,,,1.2051,11.4,3.054,1.3185,,,,,
2004-08-04,,,,,,,,,1.22,,,,,42.73,,,,,16.21,,1.79,,,,1.2057,11.455,3.058,1.3152,,,,,
2004-08-05,,,,,,,,,1.3,,,,,44.39,,,,,18.32,,1.79,,,,1.205,11.448,3.058,1.3178,,,,,
2004-08-06,,,,,,,,,1.32,,,,,43.95,,,,,19.34,,1.84,,,,1.2272,11.417,3.04,1.31,,,,,
2004-08-07,,,,336000.0,,,,,1.32,,,,,,2920000.0,,,,,,,,,,,,,,,,,,
2004-08-08,,,,,,,,,1.32,,,,,,,,,,,,,,,,,,,,,,,,
2004-08-09,,,,,,,,,1.35,,,,1.877,44.86,,,,,18.89,,1.83,,,,1.2261,11.3743,3.0395,1.3165,,,,,
2004-08-10,,,,,,,,,1.43,,,,,44.51,,,,,17.47,,1.77,,,,1.2306,11.4025,3.022,1.3139,,,,,
2004-08-11,,,,,,,,,1.5,,,,,44.72,,,,,18.04,,1.76,,,,1.2222,11.44,3.038,1.324,,,,,
2004-08-12,,,,,,,,,1.51,,,,,45.52,,,,,19.08,,1.75,,,,1.2224,11.4458,3.0345,1.3323,,,,,
2004-08-13,,,,,,,,,1.48,,,,,46.61,,,,,17.98,,1.75,,,,1.2354,11.401,3.02,1.3092,,,,,
2004-08-14,,,,332000.0,,,,,1.48,,,,,,2889000.0,,,,,,,,,,,,,,,,,,
2004-08-15,,,,,,,,,1.48,,,,,,,,,,,,,,,,,,,,,,,,
2004-08-16,,,,,,,,,1.43,,,,1.875,46.02,,,,,17.57,,1.75,,,,1.2333,11.391,3.0155,1.3076,,,,,
2004-08-17,,,,,,,,,1.2,,,,,46.75,,,,,17.02,,1.77,,,,1.2329,11.345,2.996,1.308,,,,,
2004-08-18,,,,,,,,,1.39,,,,,47.36,,,,,16.23,,1.79,,,,1.2299,11.352,2.989,1.3074,,,,,
2004-08-19,,,,,,,,,1.5,,,,,48.66,,,,,16.96,,1.79,,,,1.2368,11.3575,2.978,1.2964,,,,,
2004-08-20,,,,,,,,,1.5,,,,,47.6,,,,,16.0,,1.78,,,,1.2324,11.348,2.978,1.298,,,,,
2004-08-21,,,,343000.0,,,,,1.5,,,,,,2877000.0,,,,,,,,,,,,,,,,,,
2004-08-22,,,,,,,,,1.5,,,,,,,,,,,,,,,,,,,,,,,,
2004-08-23,,,,,,,,,1.51,,,,1.884,46.0,,,,,15.88,,1.78,,,,1.2196,11.383,2.968,1.3065,,,,,
2004-08-24,,,,,,,,,1.51,,,,,45.68,,,,,15.33,,1.78,,,,1.2099,11.38,2.954,1.3048,,,,,
2004-08-25,,,,,,,,,1.55,,,,,43.83,,,,,14.98,,1.75,,,,1.209,11.372,2.949,1.3047,,,,,
2004-08-26,,,,,,,,,1.55,,,,,43.06,,,,,14.91,,1.74,,,,1.2084,11.367,2.956,1.3123,,,,,
2004-08-27,,,,,,,,,1.52,,,,,43.11,,,,,14.71,,1.75,,,,1.2025,11.3825,2.9585,1.3104,,,,,
2004-08-28,,,,352000.0,,,,,1.52,,,,,,2880000.0,,,,,,,,,,,,,,,,,,
2004-08-29,,,,,,,,,1.52,,,,,,,,,,,,,,,,,,,,,,,,
2004-08-30,,,,,,,,,1.54,,,,1.866,42.32,,,,,15.44,,1.72,,,,1.2049,11.429,2.944,1.3174,,,,,
2004-08-31,,,,,,,,,1.55,,,,,42.23,,,,,15.29,,1.72,,,,1.2183,11.376,2.94,1.3166,,,,,
2004-09-01,132089.0,5.4,,,94.2,2.8,189.8,14332.0,1.53,,65.8,,,43.89,,2419.3,40.7,100.9841,14.91,4.66,1.72,147.7,286866.0,4.7,1.2179,11.425,2.928,1.3071,85.05154,4.75,16.25,2.5,6.9
2004-09-02,,,,,,,,,1.51,,,,,44.04,,,,,14.28,,1.74,,,,1.2164,11.485,2.937,1.2995,,,,,
2004-09-03,,,,,,,,,1.48,,,,,43.94,,,,,13.91,,1.69,,,,1.2052,11.5185,2.9285,1.3005,,,,,
2004-09-04,,,,326000.0,,,,,1.48,,,,,,2872000.0,,,,,,,,,,,,,,,,,,
2004-09-05,,,,,,,,,1.48,,,,,,,,,,,,,,,,,,,,,,,,
2004-09-06,,,,,,,,,1.48,,,,1.85,,,,,,,,,,,,,,,,,,,,
2004-09-07,,,,,,,,,1.54,,,,,43.18,,,,,14.07,,1.68,,,,1.2093,11.5675,2.912,1.2882,,,,,
2004-09-08,,,,,,,,,1.51,,,,,42.77,,,,,14.06,,1.68,,,,1.2164,11.585,2.902,1.2905,,,,,
2004-09-09,,,,,,,,,1.49,,,,,44.53,,,,,14.01,,1.72,,,,1.2189,11.5725,2.907,1.2878,,,,,
2004-09-10,,,,,,,,,1.48,,,,,42.84,,,,,13.76,,1.69,,,,1.2282,11.603,2.902,1.288,,,,,
2004-09-11,,,,331000.0,,,,,1.48,,,,,,2875000.0,,,,,,,,,,,,,,,,,,
2004-09-12,,,,,,,,,1.48,,,,,,,,,,,,,,,,,,,,,,,,
2004-09-13,,,,,,,,,1.51,,,,1.846,43.86,,,,,13.17,,1.66,,,,1.2251,11.574,2.907,1.3,,,,,
2004-09-14,,,,,,,,,1.4,,,,,44.62,,,,,13.56,,1.68,,,,1.2268,11.5995,2.915,1.292,,,,,
2004-09-15,,,,,,,,,1.57,,,,,43.83,,,,,14.64,,1.67,,,,1.2144,11.533,2.9075,1.2987,,,,,
2004-09-16,,,,,,,,,1.61,,,,,44.03,,,,,14.39,,1.64,,,,1.2154,11.5055,2.891,1.2914,,,,,
2004-09-17,,,,,,,,,1.58,,,,,45.63,,,,,14.03,,1.61,,,,1.2174,11.4795,2.8755,1.3002,,,,,
2004-09-18,,,,341000.0,,,,,1.58,,,,,,2865000.0,,,,,,,,,,,,,,,,,,
2004-09-19,,,,,,,,,1.58,,,,,,,,,,,,,,,,,,,,,,,,
2004-09-20,,,,,,,,,1.64,,,,1.866,46.33,,,,,14.43,,1.61,,,,1.2172,11.4585,2.864,1.2944,,,,,
2004-09-21,,,,,,,,,1.7,,,,,47.11,,,,,13.66,,1.56,,,,1.2264,11.4275,2.8755,1.2886,,,,,
2004-09-22,,,,,,,,,1.78,,,,,48.41,,,,,14.74,,1.5,,,,1.2261,11.402,2.871,1.2816,,,,,
2004-09-23,,,,,,,,,1.8,,,,,48.37,,,,,14.8,,1.45,,,,1.2298,11.417,2.8725,1.2782,,,,,
2004-09-24,,,,,,,,,1.76,,,,,48.86,,,,,14.28,,1.42,,,,1.2256,11.415,2.867,1.2763,,,,,
2004-09-25,,,,351000.0,,,,,1.76,,,,,,2839000.0,,,,,,,,,,,,,,,,,,
2004-09-26,,,,,,,,,1.76,,,,,,,,,,,,,,,,,,,,,,,,
2004-09-27,,,,,,,,,1.76,,,,1.917,49.56,,,,,14.62,,1.42,,,,1.2307,11.439,2.872,1.2738,,,,,
2004-09-28,,,,,,,,,1.72,,,,,49.76,,,,,13.83,,1.47,,,,1.2306,11.405,2.865,1.2754,,,,,
2004-09-29,,,,,,,,,1.76,,,,,49.53,,,,,13.21,,1.49,,,,1.2308,11.4305,2.856,1.273,,,,,
2004-09-30,,,,,,,,,1.94,,,,,49.56,,,,,13.34,,1.51,,,,1.2417,11.385,2.864,1.2648,,,,,
2004-10-01,132429.0,5.5,,,91.7,3.1,190.8,14332.0,1.86,83.433,65.9,,,50.16,,2477.1,40.6,100.895,12.75,4.45,1.58,150.0,287700.0,4.7,1.24,11.3425,2.84,1.2629,86.11469,4.75,16.75,2.75,7.1
2004-10-02,,,,335000.0,,,,,1.86,,,,,,2799000.0,,,,,,,,,,,,,,,,,,
2004-10-03,,,,,,,,,1.86,,,,,,,,,,,,,,,,,,,,,,,,
2004-10-04,,,,,,,,,1.77,,,,1.938,49.85,,,,,13.41,,1.54,,,,1.2274,11.354,2.824,1.2726,,,,,
2004-10-05,,,,,,,,,1.73,,,,,51.08,,,,,13.95,,1.53,,,,1.2316,11.313,2.823,1.2625,,,,,
2004-10-06,,,,,,,,,1.74,,,,,51.98,,,,,13.28,,1.53,,,,1.2298,11.279,2.837,1.2592,,,,,
2004-10-07,,,,,,,,,1.76,,,,,52.56,,,,,14.5,,1.54,,,,1.2286,11.281,2.8545,1.2577,,,,,
2004-10-08,,,,,,,,,1.71,,,,,53.4,,,,,15.05,,1.54,,,,1.2418,11.2415,2.8175,1.2512,,,,,
2004-10-09,,,,338000.0,,,,,1.71,,,,,,2773000.0,,,,,,,,,,,,,,,,,,
2004-10-10,,,,,,,,,1.71,,,,,,,,,,,,,,,,,,,,,,,,
2004-10-11,,,,,,,,,1.71,,,,1.993,53.65,,,,,14.71,,,,,,,,,,,,,,
2004-10-12,,,,,,,,,1.78,,,,,53.49,,,,,15.05,,1.56,,,,1.232,11.2895,2.826,1.2575,,,,,
2004-10-13,,,,,,,,,1.73,,,,,53.86,,,,,15.42,,1.56,,,,1.2271,11.301,2.841,1.264,,,,,
2004-10-14,,,,,,,,,1.77,,,,,54.69,,,,,16.43,,1.55,,,,1.2393,11.3225,2.8675,1.2528,,,,,
2004-10-15,,,,,,,,,1.79,,,,,54.89,,,,,15.04,,1.54,,,,1.2478,11.4425,2.857,1.252,,,,,
2004-10-16,,,,327000.0,,,,,1.79,,,,,,2781000.0,,,,,,,,,,,,,,,,,,
2004-10-17,,,,,,,,,1.79,,,,,,,,,,,,,,,,,,,,,,,,
2004-10-18,,,,,,,,,1.73,,,,2.035,53.59,,,,,14.71,,1.52,,,,1.252,11.499,2.8575,1.255,,,,,
2004-10-19,,,,,,,,,1.72,,,,,53.28,,,,,15.13,,1.5,,,,1.2515,11.458,2.876,1.2542,,,,,
2004-10-20,,,,,,,,,1.74,,,,,54.93,,,,,14.85,,1.48,,,,1.2627,11.452,2.887,1.2432,,,,,
2004-10-21,,,,,,,,,1.76,,,,,54.51,,,,,14.54,,1.44,,,,1.2622,11.4765,2.851,1.2426,,,,,
2004-10-22,,,,,,,,,1.72,,,,,55.83,,,,,15.28,,1.45,,,,1.2639,11.442,2.852,1.2379,,,,,
2004-10-23,,,,338000.0,,,,,1.72,,,,,,2774000.0,,,,,,,,,,,,,,,,,,
2004-10-24,,,,,,,,,1.72,,,,,,,,,,,,,,,,,,,,,,,,
2004-10-25,,,,,,,,,1.76,,,,2.032,55.52,,,,,16.58,,1.45,,,,1.2783,11.515,2.882,1.2232,,,,,
2004-10-26,,,,,,,,,1.72,,,,,56.37,,,,,16.39,,1.47,,,,1.2758,11.499,2.871,1.2246,,,,,
2004-10-27,,,,,,,,,1.77,,,,,52.52,,,,,15.72,,1.48,,,,1.2725,11.503,2.86,1.2253,,,,,
2004-10-28,,,,,,,,,1.79,,,,,50.95,,,,,15.39,,1.5,,,,1.2759,11.527,2.864,1.2194,,,,,
2004-10-29,,,,,,,,,1.79,,,,,51.78,,,,,16.27,,1.49,,,,1.2746,11.5365,2.852,1.2209,,,,,
2004-10-30,,,,332000.0,,,,,1.79,,,,,,2763000.0,,,,,,,,,,,,,,,,,,
2004-10-31,,,,,,,,,1.79,,,,,,,,,,,,,,,,,,,,,,,,
2004-11-01,132503.0,5.4,,,92.8,2.8,191.7,14306.0,1.83,,66.0,,2.034,50.1,,2459.4,40.5,100.9591,16.27,4.27,1.5,151.4,289679.0,4.7,1.2741,11.529,2.863,1.2229,84.66495,4.75,17.25,2.75,7.2
2004-11-02,,,,,,,,,1.74,,,,,49.6,,,,,16.18,,1.5,,,,1.2703,11.481,2.8435,1.2263,,,,,
2004-11-03,,,,,,,,,1.73,,,,,50.9,,,,,14.04,,1.49,,,,1.2787,11.419,2.825,1.2121,,,,,
2004-11-04,,,,,,,,,1.77,,,,,48.8,,,,,13.97,,1.47,,,,1.2883,11.408,2.812,1.2053,,,,,
2004-11-05,,,,,,,,,1.76,,,,,49.65,,,,,13.84,,1.41,,,,1.2938,11.4015,2.815,1.1981,,,,,
2004-11-06,,,,330000.0,,,,,1.76,,,,,,2765000.0,,,,,,,,,,,,,,,,,,
2004-11-07,,,,,,,,,1.76,,,,,,,,,,,,,,,,,,,,,,,,
2004-11-08,,,,,,,,,1.8,,,,2.001,49.1,,,,,13.8,,1.42,,,,1.2936,11.3965,2.833,1.1925,,,,,
2004-11-09,,,,,,,,,1.79,,,,,47.4,,,,,13.61,,1.42,,,,1.293,11.446,2.826,1.195,,,,,
2004-11-10,,,,,,,,,1.92,,,,,48.7,,,,,13.08,,1.43,,,,1.2925,11.429,2.818,1.1977,,,,,
2004-11-11,,,,,,,,,1.92,,,,,47.5,,,,,13.04,,,,,,,,,,,,,,
2004-11-12,,,,,,,,,2.02,,,,,47.3,,,,,13.33,,1.34,,,,1.2973,11.38,2.792,1.1919,,,,,
2004-11-13,,,,337000.0,,,,,2.02,,,,,,2707000.0,,,,,,,,,,,,,,,,,,
2004-11-14,,,,,,,,,2.02,,,,,,,,,,,,,,,,,,,,,,,,
2004-11-15,,,,,,,,,2.06,,,,1.969,46.95,,,,,13.38,,1.31,,,,1.2944,11.356,2.791,1.2032,,,,,
2004-11-16,,,,,,,,,1.98,,,,,46.1,,,,,13.21,,1.3,,,,1.2979,11.35,2.778,1.1932,,,,,
2004-11-17,,,,,,,,,1.99,,,,,46.85,,,,,13.21,,1.29,,,,1.3031,11.3265,2.76,1.1925,,,,,
2004-11-18,,,,,,,,,1.99,,,,,46.3,,,,,12.98,,1.26,,,,1.2982,11.342,2.7675,1.207,,,,,
2004-11-19,,,,,,,,,1.99,,,,,48.9,,,,,13.5,,1.25,,,,1.3059,11.372,2.7753,1.1928,,,,,
2004-11-20,,,,313000.0,,,,,1.99,,,,,,2705000.0,,,,,,,,,,,,,,,,,,
2004-11-21,,,,,,,,,1.99,,,,,,,,,,,,,,,,,,,,,,,,
2004-11-22,,,,,,,,,2.01,,,,1.948,48.48,,,,,12.97,,1.23,,,,1.3048,11.389,2.7595,1.1848,,,,,
2004-11-23,,,,,,,,,2.0,,,,,48.74,,,,,12.67,,1.21,,,,1.309,11.351,2.749,1.1865,,,,,
2004-11-24,,,,,,,,,2.02,,,,,49.14,,,,,12.72,,1.19,,,,1.3162,11.2885,2.7425,1.1813,,,,,
2004-11-25,,,,,,,,,2.02,,,,,,,,,,,,,,,,,,,,,,,,
2004-11-26,,,,,,,,,2.01,,,,,,,,,,12.79,,1.21,,,,1.3288,11.243,2.7277,1.1775,,,,,
2004-11-27,,,,335000.0,,,,,2.01,,,,,,2761000.0,,,,,,,,,,,,,,,,,,
2004-11-28,,,,,,,,,2.01,,,,,,,,,,,,,,,,,,,,,,,,
2004-11-29,,,,,,,,,2.03,,,,1.945,49.71,,,,,13.3,,1.27,,,,1.3286,11.2705,2.744,1.1846,,,,,
2004-11-30,,,,,,,,,2.02,,,,,49.16,,,,,13.24,,1.34,,,,1.3259,11.2411,2.731,1.1902,,,,,
2004-12-01,132630.0,5.4,,,97.1,3.0,191.7,14285.0,2.04,,65.9,,,45.56,,2430.2,40.6,101.0947,12.97,3.99,1.37,150.2,293401.0,4.7,1.3308,11.153,2.703,1.1856,84.7616,4.75,17.75,2.75,7.1
2004-12-02,,,,,,,,,2.0,,,,,43.31,,,,,12.98,,1.36,,,,1.3268,11.159,2.7285,1.1899,,,,,
2004-12-03,,,,,,,,,1.98,,,,,42.56,,,,,12.96,,1.33,,,,1.339,11.111,2.6965,1.1976,,,,,
2004-12-04,,,,343000.0,,,,,1.98,,,,,,2725000.0,,,,,,,,,,,,,,,,,,
2004-12-05,,,,,,,,,1.98,,,,,,,,,,,,,,,,,,,,,,,,
2004-12-06,,,,,,,,,2.04,,,,1.911,42.96,,,,,13.19,,1.31,,,,1.3431,11.131,2.717,1.2012,,,,,
2004-12-07,,,,,,,,,1.99,,,,,41.51,,,,,13.67,,1.28,,,,1.3437,11.168,2.737,1.2088,,,,,
2004-12-08,,,,,,,,,2.01,,,,,41.96,,,,,13.19,,1.23,,,,1.3252,11.2825,2.761,1.2248,,,,,
2004-12-09,,,,,,,,,2.05,,,,,42.41,,,,,12.88,,1.26,,,,1.3274,11.29,2.78,1.2253,,,,,
2004-12-10,,,,,,,,,2.09,,,,,40.71,,,,,12.76,,1.21,,,,1.3224,11.3285,2.778,1.2273,,,,,
2004-12-11,,,,316000.0,,,,,2.09,,,,,,2692000.0,,,,,,,,,,,,,,,,,,
2004-12-12,,,,,,,,,2.09,,,,,,,,,,,,,,,,,,,,,,,,
2004-12-13,,,,,,,,,2.18,,,,1.847,41.06,,,,,12.54,,1.18,,,,1.3309,11.291,2.76,1.2286,,,,,
2004-12-14,,,,,,,,,2.24,,,,,41.76,,,,,12.73,,1.15,,,,1.328,11.2925,2.7678,1.2377,,,,,
2004-12-15,,,,,,,,,2.31,,,,,44.21,,,,,12.35,,1.12,,,,1.3429,11.1905,2.735,1.2229,,,,,
2004-12-16,,,,,,,,,2.26,,,,,44.16,,,,,12.27,,1.18,,,,1.3287,11.238,2.735,1.2363,,,,,
2004-12-17,,,,,,,,,2.23,,,,,46.31,,,,,11.95,,1.18,,,,1.3295,11.227,2.713,1.2257,,,,,
2004-12-18,,,,322000.0,,,,,2.23,,,,,,2688000.0,,,,,,,,,,,,,,,,,,
2004-12-19,,,,,,,,,2.23,,,,,,,,,,,,,,,,,,,,,,,,
2004-12-20,,,,,,,,,2.26,,,,1.815,45.57,,,,,11.83,,1.15,,,,1.3396,11.1515,2.684,1.2297,,,,,
2004-12-21,,,,,,,,,2.24,,,,,45.76,,,,,11.55,,1.13,,,,1.3377,11.185,2.689,1.2271,,,,,
2004-12-22,,,,,,,,,2.25,,,,,44.05,,,,,11.45,,1.17,,,,1.339,11.18,2.704,1.2401,,,,,
2004-12-23,,,,,,,,,2.34,,,,,42.19,,,,,11.23,,1.21,,,,1.3491,11.1375,2.693,1.2358,,,,,
2004-12-24,,,,,,,,,2.27,,,,,,,,,,,,,,,,1.3536,11.143,2.69,1.2291,,,,,
2004-12-25,,,,320000.0,,,,,2.27,,,,,,2771000.0,,,,,,,,,,,,,,,,,,
2004-12-26,,,,,,,,,2.27,,,,,,,,,,,,,,,,,,,,,,,,
2004-12-27,,,,,,,,,2.24,,,,1.791,41.26,,,,,12.14,,1.23,,,,1.3625,11.135,2.694,1.216,,,,,
2004-12-28,,,,,,,,,2.24,,,,,41.78,,,,,12.0,,1.23,,,,1.3621,11.2061,2.69,1.2185,,,,,
2004-12-29,,,,,,,,,2.23,,,,,43.69,,,,,11.62,,1.21,,,,1.3568,11.2545,2.6825,1.2165,,,,,
2004-12-30,,,,,,,,,2.24,,,,,43.36,,,,,12.56,,1.17,,,,1.3623,11.218,2.651,1.2064,,,,,
2004-12-31,,,,,,,,,1.97,,,,,,,,,,13.29,,1.16,,,,1.3538,11.154,2.655,1.2034,,,,,
2005-01-01,132781.0,5.3,,356000.0,95.5,2.9,191.6,14257.0,1.97,84.324,65.8,,,,2672000.0,2459.4,40.7,101.08,,3.74,,150.9,290111.0,4.8,,,,,86.59794,4.75,18.25,2.75,6.9
2005-01-02,,,,,,,,,1.97,,,,,,,,,,,,,,,,,,,,,,,,
2005-01-03,,,,,,,,,2.31,,,,1.778,42.16,,,,,14.08,,1.13,,,,1.3476,11.215,2.6695,1.2108,,,,,
2005-01-04,,,,,,,,,2.25,,,,,43.96,,,,,13.98,,1.09,,,,1.3295,11.3191,2.702,1.2248,,,,,
2005-01-05,,,,,,,,,2.25,,,,,43.41,,,,,14.09,,1.07,,,,1.3292,11.334,2.697,1.2236,,,,,
2005-01-06,,,,,,,,,2.25,,,,,45.51,,,,,13.58,,1.11,,,,1.3187,11.411,2.719,1.2371,,,,,
2005-01-07,,,,,,,,,2.24,,,,,45.32,,,,,13.49,,1.09,,,,1.3062,11.36,2.7095,1.2333,,,,,
2005-01-08,,,,369000.0,,,,,2.24,,,,,,2720000.0,,,,,,,,,,,,,,,,,,
2005-01-09,,,,,,,,,2.24,,,,,,,,,,,,,,,,,,,,,,,,
2005-01-10,,,,,,,,,2.26,,,,1.793,45.31,,,,,13.23,,1.06,,,,1.3109,11.255,2.6955,1.2194,,,,,
2005-01-11,,,,,,,,,2.24,,,,,45.66,,,,,13.19,,1.02,,,,1.3161,11.217,2.712,1.2142,,,,,
2005-01-12,,,,,,,,,2.25,,,,,46.46,,,,,12.56,,1.03,,,,1.3281,11.1715,2.6961,1.1982,,,,,
2005-01-13,,,,,,,,,2.29,,,,,48.11,,,,,12.84,,0.99,,,,1.3207,11.198,2.699,1.2005,,,,,
2005-01-14,,,,,,,,,2.29,,,,,48.41,,,,,12.43,,0.99,,,,1.3106,11.2375,2.704,1.2188,,,,,
2005-01-15,,,,332000.0,,,,,2.29,,,,,,2790000.0,,,,,,,,,,,,,,,,,,
2005-01-16,,,,,,,,,2.29,,,,,,,,,,,,,,,,,,,,,,,,
2005-01-17,,,,,,,,,2.29,,,,1.819,,,,,,,,,,,,,,,,,,,,
2005-01-18,,,,,,,,,2.31,,,,,48.46,,,,,12.47,,0.95,,,,1.3043,11.2485,2.713,1.2217,,,,,
2005-01-19,,,,,,,,,2.19,,,,,47.61,,,,,13.18,,0.94,,,,1.3036,11.2335,2.704,1.2268,,,,,
2005-01-20,,,,,,,,,2.25,,,,,47.01,,,,,13.83,,0.96,,,,1.2959,11.2501,2.7227,1.2334,,,,,
2005-01-21,,,,,,,,,2.26,,,,,48.31,,,,,14.36,,1.0,,,,1.3049,11.2445,2.6902,1.2211,,,,,
2005-01-22,,,,329000.0,,,,,2.26,,,,,,2706000.0,,,,,,,,,,,,,,,,,,
2005-01-23,,,,,,,,,2.26,,,,,,,,,,,,,,,,,,,,,,,,
2005-01-24,,,,,,,,,2.26,,,,1.853,48.61,,,,,14.65,,0.94,,,,1.3041,11.2375,2.6795,1.2258,,,,,
2005-01-25,,,,,,,,,2.29,,,,,49.43,,,,,14.06,,0.97,,,,1.2954,11.297,2.686,1.2381,,,,,
2005-01-26,,,,,,,,,2.33,,,,,48.8,,,,,13.44,,0.94,,,,1.3081,11.2625,2.6673,1.2307,,,,,
2005-01-27,,,,,,,,,2.39,,,,,48.8,,,,,13.24,,0.94,,,,1.3032,11.301,2.6635,1.2366,,,,,
2005-01-28,,,,,,,,,2.48,,,,,47.15,,,,,13.24,,0.91,,,,1.3033,11.255,2.6477,1.2422,,,,,
2005-01-29,,,,331000.0,,,,,2.48,,,,,,2731000.0,,,,,,,,,,,,,,,,,,
2005-01-30,,,,,,,,,2.48,,,,,,,,,,,,,,,,,,,,,,,,
2005-01-31,,,,,,,,,2.5,,,,1.911,48.25,,,,,12.82,,0.85,,,,1.3049,11.2065,2.6115,1.2396,,,,,
2005-02-01,133034.0,5.4,,,94.1,2.9,192.4,14272.0,2.4,,65.9,,,47.1,,2491.5,40.7,100.9246,12.03,3.32,0.86,151.6,293710.0,4.7,1.3017,11.165,2.605,1.2405,85.63145,4.75,18.75,2.75,7.0
2005-02-02,,,,,,,,,2.29,,,,,46.65,,,,,11.66,,0.83,,,,1.3015,11.1695,2.6175,1.2408,,,,,
2005-02-03,,,,,,,,,2.49,,,,,46.4,,,,,11.79,,0.84,,,,1.2959,11.166,2.6042,1.2424,,,,,
2005-02-04,,,,,,,,,2.51,,,,,46.45,,,,,11.21,,0.8,,,,1.2927,11.1345,2.6,1.2495,,,,,
2005-02-05,,,,307000.0,,,,,2.51,,,,,,2710000.0,,,,,,,,,,,,,,,,,,
2005-02-06,,,,,,,,,2.51,,,,,,,,,,,,,,,,,,,,,,,,
2005-02-07,,,,,,,,,2.5,,,,1.909,45.35,,,,,11.73,,0.76,,,,1.2773,11.182,2.6015,1.2562,,,,,
2005-02-08,,,,,,,,,2.48,,,,,45.4,,,,,11.6,,0.72,,,,1.2783,11.206,2.631,1.2476,,,,,
2005-02-09,,,,,,,,,2.5,,,,,45.45,,,,,12.0,,0.76,,,,1.2797,11.19,2.6075,1.2511,,,,,
2005-02-10,,,,,,,,,2.51,,,,,47.05,,,,,11.51,,0.78,,,,1.2882,11.154,2.611,1.2406,,,,,
2005-02-11,,,,,,,,,2.5,,,,,47.15,,,,,11.43,,0.76,,,,1.2864,11.16,2.6065,1.238,,,,,
2005-02-12,,,,308000.0,,,,,2.5,,,,,,2666000.0,,,,,,,,,,,,,,,,,,
2005-02-13,,,,,,,,,2.5,,,,,,,,,,,,,,,,,,,,,,,,
2005-02-14,,,,,,,,,2.51,,,,1.898,47.5,,,,,11.52,,0.7,,,,1.2981,11.1535,2.582,1.2342,,,,,
2005-02-15,,,,,,,,,2.53,,,,,47.3,,,,,11.27,,0.73,,,,1.2986,11.1495,2.5728,1.2336,,,,,
2005-02-16,,,,,,,,,2.48,,,,,48.35,,,,,11.1,,0.75,,,,1.2994,11.152,2.591,1.2421,,,,,
2005-02-17,,,,,,,,,2.5,,,,,47.5,,,,,11.77,,0.81,,,,1.3083,11.141,2.564,1.231,,,,,
2005-02-18,,,,,,,,,2.51,,,,,48.45,,,,,11.18,,0.82,,,,1.3075,11.0755,2.566,1.2294,,,,,
2005-02-19,,,,318000.0,,,,,2.51,,,,,,2667000.0,,,,,,,,,,,,,,,,,,
2005-02-20,,,,,,,,,2.51,,,,,,,,,,,,,,,,,,,,,,,,
2005-02-21,,,,,,,,,2.51,,,,1.905,,,,,,,,,,,,,,,,,,,,
2005-02-22,,,,,,,,,2.57,,,,,51.0,,,,,13.14,,0.83,,,,1.323,11.043,2.5922,1.2301,,,,,
2005-02-23,,,,,,,,,2.53,,,,,51.73,,,,,12.39,,0.81,,,,1.3208,11.087,2.58,1.2402,,,,,
2005-02-24,,,,,,,,,2.55,,,,,52.05,,,,,11.57,,0.77,,,,1.3205,11.1015,2.6025,1.2435,,,,,
2005-02-25,,,,,,,,,2.54,,,,,52.2,,,,,11.49,,0.73,,,,1.3195,11.091,2.6265,1.2407,,,,,
2005-02-26,,,,314000.0,,,,,2.54,,,,,,2703000.0,,,,,,,,,,,,,,,,,,
2005-02-27,,,,,,,,,2.54,,,,,,,,,,,,,,,,,,,,,,,,
2005-02-28,,,,,,,,,2.52,,,,1.928,51.75,,,,,12.08,,0.77,,,,1.3274,11.0885,2.5846,1.2295,,,,,
2005-03-01,133154.0,5.2,,,92.6,3.2,193.1,14268.0,2.39,,65.9,,,51.67,,2491.9,40.4,100.6953,12.04,3.43,0.79,153.7,294743.0,4.7,1.3189,11.1005,2.6103,1.2425,86.59794,4.75,19.25,2.75,6.9
2005-03-02,,,,,,,,,2.48,,,,,53.0,,,,,12.5,,0.81,,,,1.3127,11.107,2.627,1.2395,,,,,
2005-03-03,,,,,,,,,2.51,,,,,53.6,,,,,12.93,,0.8,,,,1.313,11.0905,2.698,1.2463,,,,,
2005-03-04,,,,,,,,,2.5,,,,,53.7,,,,,11.94,,0.75,,,,1.3244,11.0495,2.6513,1.2324,,,,,
2005-03-05,,,,333000.0,,,,,2.5,,,,,,2658000.0,,,,,,,,,,,,,,,,,,
2005-03-06,,,,,,,,,2.5,,,,,,,,,,,,,,,,,,,,,,,,
2005-03-07,,,,,,,,,2.51,,,,1.999,53.9,,,,,12.26,,0.7,,,,1.3203,11.0305,2.6539,1.23,,,,,
2005-03-08,,,,,,,,,2.49,,,,,54.55,,,,,12.4,,0.76,,,,1.3342,10.9755,2.6925,1.2163,,,,,
2005-03-09,,,,,,,,,2.5,,,,,54.75,,,,,12.7,,0.86,,,,1.3384,11.004,2.7186,1.2064,,,,,
2005-03-10,,,,,,,,,2.52,,,,,53.52,,,,,12.49,,0.8,,,,1.3409,11.039,2.729,1.205,,,,,
2005-03-11,,,,,,,,,2.51,,,,,54.4,,,,,12.8,,0.83,,,,1.3465,11.0215,2.6975,1.2041,,,,,
2005-03-12,,,,324000.0,,,,,2.51,,,,,,2681000.0,,,,,,,,,,,,,,,,,,
2005-03-13,,,,,,,,,2.51,,,,,,,,,,,,,,,,,,,,,,,,
2005-03-14,,,,,,,,,2.59,,,,2.056,54.9,,,,,12.39,,0.77,,,,1.3346,11.1335,2.753,1.2087,,,,,
2005-03-15,,,,,,,,,2.61,,,,,55.05,,,,,13.15,,0.79,,,,1.3315,11.208,2.7755,1.2064,,,,,
2005-03-16,,,,,,,,,2.57,,,,,56.5,,,,,13.49,,0.8,,,,1.3423,11.204,2.744,1.2038,,,,,
2005-03-17,,,,,,,,,2.68,,,,,56.4,,,,,13.29,,0.77,,,,1.3373,11.2085,2.7345,1.2028,,,,,
2005-03-18,,,,,,,,,2.7,,,,,56.8,,,,,13.14,,0.79,,,,1.3311,11.1715,2.709,1.2027,,,,,
2005-03-19,,,,329000.0,,,,,2.7,,,,,,2616000.0,,,,,,,,,,,,,,,,,,
2005-03-20,,,,,,,,,2.7,,,,,,,,,,,,,,,,,,,,,,,,
2005-03-21,,,,,,,,,2.71,,,,2.109,56.7,,,,,13.61,,0.81,,,,1.3165,11.221,2.722,1.211,,,,,
2005-03-22,,,,,,,,,2.72,,,,,55.95,,,,,14.27,,0.77,,,,1.321,11.1895,2.708,1.2017,,,,,
2005-03-23,,,,,,,,,2.73,,,,,49.43,,,,,14.06,,0.77,,,,1.3005,11.245,2.7455,1.2133,,,,,
2005-03-24,,,,,,,,,2.75,,,,,49.7,,,,,13.42,,0.72,,,,1.2957,11.2725,2.7415,1.215,,,,,
2005-03-25,,,,,,,,,2.8,,,,,,,,,,,,,,,,1.2954,11.272,2.7385,1.218,,,,,
2005-03-26,,,,342000.0,,,,,2.8,,,,,,2683000.0,,,,,,,,,,,,,,,,,,
2005-03-27,,,,,,,,,2.8,,,,,,,,,,,,,,,,,,,,,,,,
2005-03-28,,,,,,,,,2.79,,,,2.153,54.06,,,,,13.75,,0.74,,,,1.2877,11.3295,2.7439,1.2234,,,,,
2005-03-29,,,,,,,,,2.72,,,,,54.26,,,,,14.49,,0.73,,,,1.2913,11.2938,2.7053,1.2135,,,,,
2005-03-30,,,,,,,,,2.74,,,,,53.96,,,,,13.64,,0.7,,,,1.2944,11.2265,2.6755,1.2164,,,,,
2005-03-31,,,,,,,,,2.96,,,,,55.31,,,,,14.02,,0.7,,,,1.2969,11.177,2.666,1.2094,,,,,
2005-04-01,133520.0,5.2,,,87.7,3.3,193.7,14249.0,2.83,84.249,66.1,,,57.26,,2508.2,40.4,100.5071,14.09,3.26,0.71,155.0,297153.0,4.8,1.2896,11.185,2.6572,1.2146,87.17783,4.75,19.5,2.75,6.7
2005-04-02,,,,335000.0,,,,,2.83,,,,,,2653000.0,,,,,,,,,,,,,,,,,,
2005-04-03,,,,,,,,,2.83,,,,,,,,,,,,,,,,,,,,,,,,
2005-04-04,,,,,,,,,2.78,,,,2.217,56.86,,,,,14.11,,0.73,,,,1.2838,11.207,2.657,1.2202,,,,,
2005-04-05,,,,,,,,,2.72,,,,,55.83,,,,,13.68,,0.73,,,,1.2842,11.2145,2.6248,1.2198,,,,,
2005-04-06,,,,,,,,,2.73,,,,,55.88,,,,,13.15,,0.74,,,,1.2868,11.2298,2.6023,1.2216,,,,,
2005-04-07,,,,,,,,,2.76,,,,,54.16,,,,,12.33,,0.77,,,,1.2906,11.181,2.595,1.2205,,,,,
2005-04-08,,,,,,,,,2.75,,,,,53.46,,,,,12.62,,0.73,,,,1.2912,11.13,2.591,1.2252,,,,,
2005-04-09,,,,323000.0,,,,,2.75,,,,,,2626000.0,,,,,,,,,,,,,,,,,,
2005-04-10,,,,,,,,,2.75,,,,,,,,,,,,,,,,,,,,,,,,
2005-04-11,,,,,,,,,2.78,,,,2.28,53.71,,,,,11.98,,0.7,,,,1.2972,11.0885,2.5753,1.233,,,,,
2005-04-12,,,,,,,,,2.77,,,,,51.54,,,,,11.3,,0.67,,,,1.2873,11.119,2.598,1.2408,,,,,
2005-04-13,,,,,,,,,2.76,,,,,50.21,,,,,13.31,,0.72,,,,1.2918,11.0605,2.555,1.2365,,,,,
2005-04-14,,,,,,,,,2.79,,,,,51.11,,,,,14.53,,0.77,,,,1.2819,11.098,2.571,1.2417,,,,,
2005-04-15,,,,,,,,,2.82,,,,,50.61,,,,,17.74,,0.73,,,,1.2928,11.0875,2.5875,1.242,,,,,
2005-04-16,,,,307000.0,,,,,2.82,,,,,,2559000.0,,,,,,,,,,,,,,,,,,
2005-04-17,,,,,,,,,2.82,,,,,,,,,,,,,,,,,,,,,,,,
2005-04-18,,,,,,,,,2.75,,,,2.237,50.52,,,,,16.56,,0.72,,,,1.3037,11.1305,2.619,1.2482,,,,,
2005-04-19,,,,,,,,,2.74,,,,,52.33,,,,,14.96,,0.71,,,,1.3034,11.079,2.584,1.2409,,,,,
2005-04-20,,,,,,,,,2.74,,,,,52.45,,,,,16.92,,0.7,,,,1.308,11.0615,2.56,1.2388,,,,,
2005-04-21,,,,,,,,,2.75,,,,,52.49,,,,,14.41,,0.67,,,,1.3093,11.039,2.5485,1.2384,,,,,
2005-04-22,,,,,,,,,2.74,,,,,54.16,,,,,15.38,,0.64,,,,1.3068,11.036,2.5339,1.2342,,,,,
2005-04-23,,,,317000.0,,,,,2.74,,,,,,2588000.0,,,,,,,,,,,,,,,,,,
2005-04-24,,,,,,,,,2.74,,,,,,,,,,,,,,,,,,,,,,,,
2005-04-25,,,,,,,,,2.82,,,,2.236,53.16,,,,,14.62,,0.62,,,,1.2984,11.053,2.526,1.2372,,,,,
2005-04-26,,,,,,,,,2.78,,,,,54.33,,,,,14.91,,0.61,,,,1.2964,11.059,2.542,1.2462,,,,,
2005-04-27,,,,,,,,,2.63,,,,,51.37,,,,,14.87,,0.61,,,,1.2938,11.098,2.5135,1.2465,,,,,
2005-04-28,,,,,,,,,2.89,,,,,51.92,,,,,16.86,,0.6,,,,1.2916,11.115,2.523,1.2508,,,,,
2005-04-29,,,,,,,,,2.97,,,,,49.2,,,,,15.31,,0.55,,,,1.2919,11.082,2.533,1.2568,,,,,
2005-04-30,,,,334000.0,,,,,2.97,,,,,,2596000.0,,,,,,,,,,,,,,,,,,
2005-05-01,133689.0,5.1,,,86.9,3.2,193.6,14255.0,2.97,,66.1,,,,,2505.9,40.4,100.575,,3.01,,154.3,295314.0,4.8,,,,,86.21134,4.75,19.75,2.75,7.0
2005-05-02,,,,,,,,,2.98,,,,2.235,50.94,,,,,15.12,,0.57,,,,1.2857,11.027,2.5147,1.2552,,,,,
2005-05-03,,,,,,,,,2.95,,,,,49.6,,,,,14.53,,0.53,,,,1.2889,11.0255,2.502,1.2541,,,,,
2005-05-04,,,,,,,,,2.99,,,,,50.22,,,,,13.85,,0.57,,,,1.2936,10.986,2.475,1.2502,,,,,
2005-05-05,,,,,,,,,2.99,,,,,51.12,,,,,13.98,,0.61,,,,1.2936,10.948,2.47,1.2448,,,,,
2005-05-06,,,,,,,,,2.98,,,,,51.3,,,,,14.05,,0.55,,,,1.2832,10.9455,2.4668,1.2429,,,,,
2005-05-07,,,,327000.0,,,,,2.98,,,,,,2605000.0,,,,,,,,,,,,,,,,,,
2005-05-08,,,,,,,,,2.98,,,,,,,,,,,,,,,,,,,,,,,,
2005-05-09,,,,,,,,,2.99,,,,2.186,52.04,,,,,13.75,,0.53,,,,1.2839,10.9715,2.4528,1.2377,,,,,
2005-05-10,,,,,,,,,2.99,,,,,51.76,,,,,14.91,,0.54,,,,1.2877,11.02,2.4742,1.2373,,,,,
2005-05-11,,,,,,,,,2.99,,,,,50.39,,,,,14.45,,0.53,,,,1.2803,11.03,2.48,1.2474,,,,,
2005-05-12,,,,,,,,,3.01,,,,,48.83,,,,,16.12,,0.52,,,,1.2706,10.996,2.461,1.2493,,,,,
2005-05-13,,,,,,,,,3.01,,,,,48.65,,,,,16.32,,0.51,,,,1.2645,11.021,2.463,1.2625,,,,,
2005-05-14,,,,321000.0,,,,,3.01,,,,,,2568000.0,,,,,,,,,,,,,,,,,,
2005-05-15,,,,,,,,,3.01,,,,,,,,,,,,,,,,,,,,,,,,
2005-05-16,,,,,,,,,3.06,,,,2.163,48.64,,,,,15.68,,0.52,,,,1.263,11.033,2.478,1.2703,,,,,
2005-05-17,,,,,,,,,2.99,,,,,48.97,,,,,14.57,,0.51,,,,1.2644,10.9942,2.4775,1.2664,,,,,
2005-05-18,,,,,,,,,3.0,,,,,46.99,,,,,13.63,,0.51,,,,1.266,10.961,2.4625,1.2618,,,,,
2005-05-19,,,,,,,,,3.02,,,,,47.0,,,,,13.32,,0.47,,,,1.2628,10.9305,2.4455,1.2627,,,,,
2005-05-20,,,,,,,,,3.01,,,,,47.25,,,,,13.14,,0.44,,,,1.2553,10.972,2.4525,1.2627,,,,,
2005-05-21,,,,320000.0,,,,,3.01,,,,,,2595000.0,,,,,,,,,,,,,,,,,,
2005-05-22,,,,,,,,,3.01,,,,,,,,,,,,,,,,,,,,,,,,
2005-05-23,,,,,,,,,3.01,,,,2.125,48.68,,,,,12.95,,0.42,,,,1.2575,10.9575,2.43,1.2578,,,,,
2005-05-24,,,,,,,,,2.99,,,,,49.14,,,,,12.69,,0.43,,,,1.2588,10.982,2.4339,1.2612,,,,,
2005-05-25,,,,,,,,,3.01,,,,,50.37,,,,,12.58,,0.47,,,,1.2602,10.9385,2.4075,1.2641,,,,,
2005-05-26,,,,,,,,,3.01,,,,,50.89,,,,,12.24,,0.44,,,,1.2517,10.9685,2.409,1.268,,,,,
2005-05-27,,,,,,,,,3.01,,,,,51.65,,,,,12.15,,0.44,,,,1.2568,10.885,2.396,1.2585,,,,,
2005-05-28,,,,340000.0,,,,,3.01,,,,,,2577000.0,,,,,,,,,,,,,,,,,,
2005-05-29,,,,,,,,,3.01,,,,,,,,,,,,,,,,,,,,,,,,
2005-05-30,,,,,,,,,3.01,,,,2.097,,,,,,,,,,,,,,,,,,,,
2005-05-31,,,,,,,,,3.09,,,,,52.08,,,,,13.29,,0.4,,,,1.2349,10.9125,2.411,1.2512,,,,,
2005-06-01,133948.0,5.0,,,96.0,3.2,193.7,14227.0,3.02,,66.1,,,54.4,,2529.3,40.4,100.8249,12.36,2.82,0.41,154.3,305083.0,4.7,1.2232,10.845,2.442,1.2471,87.95103,4.75,19.75,2.75,6.8
2005-06-02,,,,,,,,,3.0,,,,,53.46,,,,,11.84,,0.37,,,,1.2266,10.8125,2.4166,1.2473,,,,,
2005-06-03,,,,,,,,,2.99,,,,,55.08,,,,,12.15,,0.41,,,,1.2227,10.824,2.4081,1.2483,,,,,
2005-06-04,,,,338000.0,,,,,2.99,,,,,,2630000.0,,,,,,,,,,,,,,,,,,
2005-06-05,,,,,,,,,2.99,,,,,,,,,,,,,,,,,,,,,,,,
2005-06-06,,,,,,,,,3.0,,,,2.116,54.46,,,,,12.28,,0.37,,,,1.2268,10.8825,2.476,1.2447,,,,,
2005-06-07,,,,,,,,,2.96,,,,,53.84,,,,,12.39,,0.35,,,,1.2277,10.86,2.456,1.2471,,,,,
2005-06-08,,,,,,,,,2.96,,,,,52.51,,,,,12.7,,0.35,,,,1.232,10.838,2.4398,1.244,,,,,
2005-06-09,,,,,,,,,3.01,,,,,54.36,,,,,12.08,,0.34,,,,1.2216,10.8725,2.4887,1.2549,,,,,
2005-06-10,,,,,,,,,3.01,,,,,53.55,,,,,11.96,,0.34,,,,1.2127,10.868,2.467,1.2492,,,,,
2005-06-11,,,,333000.0,,,,,3.01,,,,,,2599000.0,,,,,,,,,,,,,,,,,,
2005-06-12,,,,,,,,,3.01,,,,,,,,,,,,,,,,,,,,,,,,
2005-06-13,,,,,,,,,3.04,,,,2.13,55.47,,,,,11.65,,0.38,,,,1.2035,10.8725,2.4588,1.2578,,,,,
2005-06-14,,,,,,,,,3.01,,,,,55.03,,,,,11.79,,0.42,,,,1.2038,10.8399,2.461,1.2554,,,,,
2005-06-15,,,,,,,,,3.05,,,,,55.53,,,,,11.46,,0.4,,,,1.2106,10.8305,2.4443,1.2397,,,,,
2005-06-16,,,,,,,,,3.0,,,,,56.48,,,,,11.15,,0.39,,,,1.2089,10.7929,2.4095,1.2376,,,,,
2005-06-17,,,,,,,,,2.99,,,,,58.4,,,,,11.48,,0.37,,,,1.224,10.785,2.392,1.235,,,,,
2005-06-18,,,,321000.0,,,,,2.99,,,,,,2602000.0,,,,,,,,,,,,,,,,,,
2005-06-19,,,,,,,,,2.99,,,,,,,,,,,,,,,,,,,,,,,,
2005-06-20,,,,,,,,,3.01,,,,2.161,59.19,,,,,11.47,,0.39,,,,1.214,10.83,2.3825,1.2319,,,,,
2005-06-21,,,,,,,,,2.96,,,,,58.9,,,,,11.08,,0.35,,,,1.2134,10.7905,2.379,1.231,,,,,
2005-06-22,,,,,,,,,2.93,,,,,58.27,,,,,11.05,,0.33,,,,1.213,10.7585,2.376,1.2351,,,,,
2005-06-23,,,,,,,,,3.05,,,,,59.23,,,,,12.13,,0.33,,,,1.2054,10.788,2.3925,1.2311,,,,,
2005-06-24,,,,,,,,,3.07,,,,,59.63,,,,,12.18,,0.33,,,,1.2088,10.7638,2.38,1.2329,,,,,
2005-06-25,,,,311000.0,,,,,3.07,,,,,,2569000.0,,,,,,,,,,,,,,,,,,
2005-06-26,,,,,,,,,3.07,,,,,,,,,,,,,,,,,,,,,,,,
2005-06-27,,,,,,,,,3.17,,,,2.215,59.78,,,,,12.52,,0.3,,,,1.2152,10.8089,2.3812,1.2307,,,,,
2005-06-28,,,,,,,,,3.17,,,,,58.32,,,,,11.58,,0.32,,,,1.2078,10.8415,2.3693,1.231,,,,,
2005-06-29,,,,,,,,,3.2,,,,,57.23,,,,,11.77,,0.34,,,,1.2101,10.756,2.3493,1.2263,,,,,
2005-06-30,,,,,,,,,3.35,,,,,56.63,,,,,12.04,,0.28,,,,1.2098,10.772,2.357,1.2256,,,,,
2005-07-01,134300.0,5.0,,,96.5,3.0,194.9,14225.0,3.36,84.825,66.1,,,59.11,,2538.8,40.5,100.7314,11.4,2.69,0.3,156.3,307320.0,4.7,1.1957,10.737,2.348,1.2418,89.11082,4.75,19.75,2.75,6.7
2005-07-02,,,,327000.0,,,,,3.36,,,,,,2612000.0,,,,,,,,,,,,,,,,,,
2005-07-03,,,,,,,,,3.36,,,,,,,,,,,,,,,,,,,,,,,,
2005-07-04,,,,,,,,,3.36,,,,2.226,,,,,,,,,,,,,,,,,,,,
2005-07-05,,,,,,,,,3.27,,,,,59.71,,,,,11.68,,0.32,,,,1.1917,10.755,2.3623,1.2437,,,,,
2005-07-06,,,,,,,,,2.99,,,,,61.24,,,,,12.27,,0.31,,,,1.1918,10.7715,2.3867,1.2365,,,,,
2005-07-07,,,,,,,,,3.18,,,,,60.76,,,,,12.49,,0.34,,,,1.1928,10.801,2.3854,1.2288,,,,,
2005-07-08,,,,,,,,,3.22,,,,,59.71,,,,,11.45,,0.33,,,,1.1934,10.744,2.3693,1.2207,,,,,
2005-07-09,,,,338000.0,,,,,3.22,,,,,,2583000.0,,,,,,,,,,,,,,,,,,
2005-07-10,,,,,,,,,3.22,,,,,,,,,,,,,,,,,,,,,,,,
2005-07-11,,,,,,,,,3.23,,,,2.328,59.23,,,,,11.28,,0.3,,,,1.2066,10.701,2.3455,1.2115,,,,,
2005-07-12,,,,,,,,,3.23,,,,,60.49,,,,,10.95,,0.33,,,,1.22,10.689,2.3353,1.2048,,,,,
2005-07-13,,,,,,,,,3.27,,,,,60.0,,,,,10.84,,0.33,,,,1.209,10.6922,2.3455,1.2073,,,,,
2005-07-14,,,,,,,,,3.32,,,,,57.83,,,,,10.81,,0.33,,,,1.2089,10.636,2.337,1.2071,,,,,
2005-07-15,,,,,,,,,3.32,,,,,58.36,,,,,10.33,,0.32,,,,1.2037,10.6175,2.3384,1.2206,,,,,
2005-07-16,,,,323000.0,,,,,3.32,,,,,,2619000.0,,,,,,,,,,,,,,,,,,
2005-07-17,,,,,,,,,3.32,,,,,,,,,,,,,,,,,,,,,,,,
2005-07-18,,,,,,,,,3.19,,,,2.317,57.12,,,,,10.77,,0.33,,,,1.2077,10.5855,2.3265,1.2154,,,,,
2005-07-19,,,,,,,,,3.13,,,,,57.61,,,,,10.45,,0.32,,,,1.2001,10.62,2.342,1.2186,,,,,
2005-07-20,,,,,,,,,3.25,,,,,56.73,,,,,10.23,,0.27,,,,1.2046,10.6565,2.3575,1.2218,,,,,
2005-07-21,,,,,,,,,3.27,,,,,57.31,,,,,10.97,,0.32,,,,1.2113,10.591,2.35,1.2177,,,,,
2005-07-22,,,,,,,,,3.25,,,,,57.75,,,,,10.52,,0.31,,,,1.2079,10.631,2.3773,1.218,,,,,
2005-07-23,,,,318000.0,,,,,3.25,,,,,,2592000.0,,,,,,,,,,,,,,,,,,
2005-07-24,,,,,,,,,3.25,,,,,,,,,,,,,,,,,,,,,,,,
2005-07-25,,,,,,,,,3.28,,,,2.289,58.16,,,,,11.1,,0.3,,,,1.2054,10.6705,2.419,1.2194,,,,,
2005-07-26,,,,,,,,,3.25,,,,,59.05,,,,,10.99,,0.29,,,,1.2007,10.696,2.4365,1.2291,,,,,
2005-07-27,,,,,,,,,3.27,,,,,59.12,,,,,10.36,,0.28,,,,1.2048,10.6375,2.443,1.2341,,,,,
2005-07-28,,,,,,,,,3.27,,,,,59.91,,,,,10.52,,0.24,,,,1.2121,10.616,2.414,1.2345,,,,,
2005-07-29,,,,,,,,,3.31,,,,,60.71,,,,,11.57,,0.26,,,,1.2129,10.5995,2.3855,1.2257,,,,,
2005-07-30,,,,316000.0,,,,,3.31,,,,,,2570000.0,,,,,,,,,,,,,,,,,,
2005-07-31,,,,,,,,,3.31,,,,,,,,,,,,,,,,,,,,,,,,
2005-08-01,134502.0,4.9,,,89.1,3.1,196.1,14200.0,3.3,,66.2,,2.291,61.51,,2558.5,40.5,100.1407,12.08,2.46,0.28,157.6,303216.0,4.7,1.2195,10.598,2.377,1.2136,86.79124,4.5,19.75,2.75,6.7
2005-08-02,,,,,,,,,3.2,,,,,61.87,,,,,11.75,,0.28,,,,1.2209,10.598,2.3497,1.2122,,,,,
2005-08-03,,,,,,,,,3.35,,,,,60.76,,,,,11.83,,0.28,,,,1.2337,10.595,2.309,1.2128,,,,,
2005-08-04,,,,,,,,,3.44,,,,,61.6,,,,,12.52,,0.28,,,,1.2383,10.578,2.2965,1.2119,,,,,
2005-08-05,,,,,,,,,3.49,,,,,62.44,,,,,12.48,,0.29,,,,1.2327,10.596,2.3005,1.2185,,,,,
2005-08-06,,,,311000.0,,,,,3.49,,,,,,2584000.0,,,,,,,,,,,,,,,,,,
2005-08-07,,,,,,,,,3.49,,,,,,,,,,,,,,,,,,,,,,,,
2005-08-08,,,,,,,,,3.5,,,,2.368,63.92,,,,,13.21,,0.26,,,,1.2361,10.605,2.3095,1.2132,,,,,
2005-08-09,,,,,,,,,3.47,,,,,63.13,,,,,12.4,,0.28,,,,1.2347,10.6375,2.312,1.214,,,,,
2005-08-10,,,,,,,,,3.48,,,,,64.8,,,,,12.38,,0.27,,,,1.2345,10.592,2.2745,1.2113,,,,,
2005-08-11,,,,,,,,,3.51,,,,,65.67,,,,,12.42,,0.22,,,,1.2434,10.585,2.3305,1.2025,,,,,
2005-08-12,,,,,,,,,3.55,,,,,66.71,,,,,12.74,,0.19,,,,1.2428,10.635,2.3735,1.1946,,,,,
2005-08-13,,,,319000.0,,,,,3.55,,,,,,2573000.0,,,,,,,,,,,,,,,,,,
2005-08-14,,,,,,,,,3.55,,,,,,,,,,,,,,,,,,,,,,,,
2005-08-15,,,,,,,,,3.61,,,,2.55,66.21,,,,,12.26,,0.19,,,,1.2362,10.5965,2.342,1.1968,,,,,
2005-08-16,,,,,,,,,3.46,,,,,66.11,,,,,13.52,,0.2,,,,1.2342,10.575,2.345,1.198,,,,,
2005-08-17,,,,,,,,,3.57,,,,,63.29,,,,,13.3,,0.21,,,,1.229,10.6075,2.351,1.207,,,,,
2005-08-18,,,,,,,,,3.5,,,,,63.47,,,,,13.42,,0.2,,,,1.2178,10.652,2.369,1.2178,,,,,
2005-08-19,,,,,,,,,3.54,,,,,65.51,,,,,13.42,,0.18,,,,1.2147,10.7575,2.45,1.2152,,,,,
2005-08-20,,,,315000.0,,,,,3.54,,,,,,2598000.0,,,,,,,,,,,,,,,,,,
2005-08-21,,,,,,,,,3.54,,,,,,,,,,,,,,,,,,,,,,,,
2005-08-22,,,,,,,,,3.51,,,,2.612,65.46,,,,,13.42,,0.19,,,,1.2235,10.728,2.3971,1.204,,,,,
2005-08-23,,,,,,,,,3.49,,,,,65.81,,,,,13.34,,0.19,,,,1.2213,10.7765,2.402,1.1981,,,,,
2005-08-24,,,,,,,,,3.5,,,,,67.1,,,,,14.17,,0.2,,,,1.2239,10.8815,2.4205,1.1956,,,,,
2005-08-25,,,,,,,,,3.55,,,,,67.29,,,,,13.73,,0.18,,,,1.2311,10.806,2.4186,1.1888,,,,,
2005-08-26,,,,,,,,,3.54,,,,,66.05,,,,,13.72,,0.14,,,,1.2324,10.8575,2.42,1.1949,,,,,
2005-08-27,,,,318000.0,,,,,3.54,,,,,,2568000.0,,,,,,,,,,,,,,,,,,
2005-08-28,,,,,,,,,3.54,,,,,,,,,,,,,,,,,,,,,,,,
2005-08-29,,,,,,,,,3.54,,,,2.61,67.41,,,,,13.52,,0.14,,,,1.2248,10.895,2.4106,1.1965,,,,,
2005-08-30,,,,,,,,,3.52,,,,,69.91,,,,,13.65,,0.19,,,,1.2204,10.837,2.3884,1.1919,,,,,
2005-08-31,,,,,,,,,3.63,,,,,68.63,,,,,12.6,,0.18,,,,1.233,10.794,2.354,1.1893,,,,,
2005-09-01,134552.0,5.0,,,76.9,4.3,198.8,14173.0,3.57,,66.1,,,69.5,,2600.1,40.7,99.42278,13.15,2.41,0.3,162.2,304187.0,4.9,1.2447,10.728,2.3645,1.1855,88.82088,4.5,19.5,3.0,6.7
2005-09-02,,,,,,,,,3.49,,,,,66.91,,,,,13.57,,0.28,,,,1.2538,10.68,2.3405,1.188,,,,,
2005-09-03,,,,326000.0,,,,,3.49,,,,,,2575000.0,,,,,,,,,,,,,,,,,,
2005-09-04,,,,,,,,,3.49,,,,,,,,,,,,,,,,,,,,,,,,
2005-09-05,,,,,,,,,3.49,,,,3.069,,,,,,,,,,,,,,,,,,,,
2005-09-06,,,,,,,,,3.57,,,,,65.83,,,,,12.93,,0.29,,,,1.2483,10.6906,2.3281,1.1867,,,,,
2005-09-07,,,,,,,,,3.48,,,,,64.38,,,,,12.52,,0.28,,,,1.2439,10.718,2.3285,1.1855,,,,,
2005-09-08,,,,,,,,,3.49,,,,,64.8,,,,,12.93,,0.28,,,,1.24,10.711,2.3153,1.1822,,,,,
2005-09-09,,,,,,,,,3.49,,,,,64.21,,,,,11.98,,0.26,,,,1.2433,10.705,2.3209,1.1749,,,,,
2005-09-10,,,,422000.0,,,,,3.49,,,,,,2651000.0,,,,,,,,,,,,,,,,,,
2005-09-11,,,,,,,,,3.49,,,,,,,,,,,,,,,,,,,,,,,,
2005-09-12,,,,,,,,,3.5,,,,2.955,63.29,,,,,11.65,,0.26,,,,1.2288,10.6985,2.3193,1.1854,,,,,
2005-09-13,,,,,,,,,3.45,,,,,63.18,,,,,12.39,,0.26,,,,1.2263,10.76,2.3288,1.18,,,,,
2005-09-14,,,,,,,,,3.54,,,,,65.2,,,,,12.91,,0.27,,,,1.2282,10.837,2.3345,1.1823,,,,,
2005-09-15,,,,,,,,,3.67,,,,,64.64,,,,,12.49,,0.32,,,,1.2216,10.7955,2.301,1.1863,,,,,
2005-09-16,,,,,,,,,3.62,,,,,62.91,,,,,11.22,,0.29,,,,1.2214,10.8155,2.292,1.1826,,,,,
2005-09-17,,,,424000.0,,,,,3.62,,,,,,2787000.0,,,,,,,,,,,,,,,,,,
2005-09-18,,,,,,,,,3.62,,,,,,,,,,,,,,,,,,,,,,,,
2005-09-19,,,,,,,,,3.62,,,,2.786,67.21,,,,,12.14,,0.32,,,,1.2153,10.8575,2.2875,1.1691,,,,,
2005-09-20,,,,,,,,,3.67,,,,,66.24,,,,,12.64,,0.26,,,,1.2177,10.8275,2.2963,1.1704,,,,,
2005-09-21,,,,,,,,,3.72,,,,,66.96,,,,,13.79,,0.23,,,,1.2208,10.78,2.2823,1.1682,,,,,
2005-09-22,,,,,,,,,3.77,,,,,67.07,,,,,13.33,,0.24,,,,1.2153,10.847,2.287,1.1668,,,,,
2005-09-23,,,,,,,,,3.76,,,,,64.67,,,,,12.96,,0.23,,,,1.2077,10.8402,2.2725,1.1713,,,,,
2005-09-24,,,,359000.0,,,,,3.76,,,,,,2853000.0,,,,,,,,,,,,,,,,,,
2005-09-25,,,,,,,,,3.76,,,,,,,,,,,,,,,,,,,,,,,,
2005-09-26,,,,,,,,,3.83,,,,2.803,65.98,,,,,13.04,,0.23,,,,1.2036,10.882,2.2628,1.177,,,,,
2005-09-27,,,,,,,,,3.73,,,,,64.94,,,,,12.76,,0.22,,,,1.2011,10.888,2.2555,1.1777,,,,,
2005-09-28,,,,,,,,,3.76,,,,,66.36,,,,,12.63,,0.17,,,,1.2016,10.841,2.2417,1.1782,,,,,
2005-09-29,,,,,,,,,3.82,,,,,66.83,,,,,12.24,,0.16,,,,1.202,10.8091,2.2215,1.1725,,,,,
2005-09-30,,,,,,,,,3.93,,,,,66.21,,,,,11.92,,0.16,,,,1.2058,10.791,2.2125,1.1607,,,,,
2005-10-01,134641.0,5.0,,384000.0,74.2,4.6,199.1,14189.0,3.93,84.834,66.1,,,,2841000.0,2604.8,41.0,99.18978,,2.52,,166.2,303989.0,5.1,,,,,90.46392,4.5,19.0,3.25,6.7
2005-10-02,,,,,,,,,3.93,,,,,,,,,,,,,,,,,,,,,,,,
2005-10-03,,,,,,,,,3.87,,,,2.928,65.36,,,,,12.46,,0.18,,,,1.1914,10.763,2.235,1.1657,,,,,
2005-10-04,,,,,,,,,3.75,,,,,63.74,,,,,13.2,,0.16,,,,1.1918,10.687,2.244,1.172,,,,,
2005-10-05,,,,,,,,,3.75,,,,,62.56,,,,,14.55,,0.15,,,,1.1984,10.711,2.263,1.1793,,,,,
2005-10-06,,,,,,,,,3.76,,,,,61.81,,,,,14.96,,0.17,,,,1.2133,10.7705,2.2755,1.1815,,,,,
2005-10-07,,,,,,,,,3.73,,,,,61.81,,,,,14.59,,0.17,,,,1.2115,10.79,2.253,1.1746,,,,,
2005-10-08,,,,383000.0,,,,,3.73,,,,,,2831000.0,,,,,,,,,,,,,,,,,,
2005-10-09,,,,,,,,,3.73,,,,,,,,,,,,,,,,,,,,,,,,
2005-10-10,,,,,,,,,3.73,,,,2.848,60.71,,,,,15.55,,,,,,,,,,,,,,
2005-10-11,,,,,,,,,3.72,,,,,63.84,,,,,15.63,,0.17,,,,1.2015,10.8045,2.235,1.1754,,,,,
2005-10-12,,,,,,,,,3.36,,,,,64.13,,,,,16.22,,0.21,,,,1.204,10.8825,2.2315,1.1706,,,,,
2005-10-13,,,,,,,,,3.75,,,,,63.05,,,,,16.47,,0.24,,,,1.1938,10.938,2.2625,1.1836,,,,,
2005-10-14,,,,,,,,,3.77,,,,,62.61,,,,,14.87,,0.21,,,,1.2073,10.9155,2.2475,1.1854,,,,,
2005-10-15,,,,348000.0,,,,,3.77,,,,,,2821000.0,,,,,,,,,,,,,,,,,,
2005-10-16,,,,,,,,,3.77,,,,,,,,,,,,,,,,,,,,,,,,
2005-10-17,,,,,,,,,3.82,,,,2.725,64.26,,,,,14.67,,0.21,,,,1.204,10.8465,2.2295,1.1801,,,,,
2005-10-18,,,,,,,,,3.71,,,,,62.94,,,,,15.33,,0.22,,,,1.1939,10.834,2.2405,1.1802,,,,,
2005-10-19,,,,,,,,,3.71,,,,,62.11,,,,,13.5,,0.22,,,,1.1988,10.88,2.2513,1.1776,,,,,
2005-10-20,,,,,,,,,3.77,,,,,61.04,,,,,16.11,,0.19,,,,1.1982,10.848,2.236,1.1763,,,,,
2005-10-21,,,,,,,,,3.76,,,,,61.05,,,,,16.13,,0.17,,,,1.1958,10.919,2.276,1.1842,,,,,
2005-10-22,,,,324000.0,,,,,3.76,,,,,,2772000.0,,,,,,,,,,,,,,,,,,
2005-10-23,,,,,,,,,3.76,,,,,,,,,,,,,,,,,,,,,,,,
2005-10-24,,,,,,,,,3.76,,,,2.603,60.63,,,,,14.74,,0.2,,,,1.1998,10.8605,2.263,1.1887,,,,,
2005-10-25,,,,,,,,,3.74,,,,,62.83,,,,,14.53,,0.2,,,,1.2099,10.844,2.2582,1.1768,,,,,
2005-10-26,,,,,,,,,3.75,,,,,60.85,,,,,14.59,,0.22,,,,1.2082,10.8885,2.2686,1.1703,,,,,
2005-10-27,,,,,,,,,3.85,,,,,61.03,,,,,16.02,,0.21,,,,1.2148,10.906,2.2868,1.1695,,,,,
2005-10-28,,,,,,,,,3.9,,,,,61.3,,,,,14.25,,0.18,,,,1.2089,10.83,2.2665,1.1769,,,,,
2005-10-29,,,,322000.0,,,,,3.9,,,,,,2752000.0,,,,,,,,,,,,,,,,,,
2005-10-30,,,,,,,,,3.9,,,,,,,,,,,,,,,,,,,,,,,,
2005-10-31,,,,,,,,,4.02,,,,2.48,59.8,,,,,15.32,,0.17,,,,1.1995,10.789,2.2478,1.1796,,,,,
2005-11-01,134997.0,5.0,,,81.6,3.3,198.1,14184.0,3.99,,66.0,,,59.85,,2630.9,40.9,99.57593,14.85,2.39,0.16,163.7,306566.0,5.1,1.1998,10.77,2.2515,1.1765,89.59407,4.5,18.5,3.25,6.3
2005-11-02,,,,,,,,,3.99,,,,,59.75,,,,,13.48,,0.18,,,,1.2067,10.743,2.241,1.1806,,,,,
2005-11-03,,,,,,,,,4.01,,,,,61.7,,,,,13.0,,0.18,,,,1.1971,10.722,2.22,1.1817,,,,,
2005-11-04,,,,,,,,,4.0,,,,,60.6,,,,,13.17,,0.19,,,,1.1828,10.7465,2.222,1.1815,,,,,
2005-11-05,,,,325000.0,,,,,4.0,,,,,,2746000.0,,,,,,,,,,,,,,,,,,
2005-11-06,,,,,,,,,4.0,,,,,,,,,,,,,,,,,,,,,,,,
2005-11-07,,,,,,,,,3.99,,,,2.376,59.4,,,,,13.1,,0.18,,,,1.1795,10.706,2.1979,1.1898,,,,,
2005-11-08,,,,,,,,,3.95,,,,,59.7,,,,,13.08,,0.14,,,,1.1773,10.7415,2.2025,1.1885,,,,,
2005-11-09,,,,,,,,,4.02,,,,,59.65,,,,,12.8,,0.15,,,,1.1748,10.71,2.1698,1.1857,,,,,
2005-11-10,,,,,,,,,3.98,,,,,57.8,,,,,11.9,,0.11,,,,1.174,10.723,2.1714,1.1876,,,,,
2005-11-11,,,,,,,,,3.98,,,,,57.45,,,,,11.63,,,,,,,,,,,,,,
2005-11-12,,,,309000.0,,,,,3.98,,,,,,2760000.0,,,,,,,,,,,,,,,,,,
2005-11-13,,,,,,,,,3.98,,,,,,,,,,,,,,,,,,,,,,,,
2005-11-14,,,,,,,,,4.03,,,,2.296,57.6,,,,,12.18,,0.11,,,,1.1667,10.6865,2.2025,1.196,,,,,
2005-11-15,,,,,,,,,3.97,,,,,57.05,,,,,12.23,,0.09,,,,1.1695,10.65,2.204,1.1942,,,,,
2005-11-16,,,,,,,,,3.96,,,,,57.85,,,,,12.26,,0.07,,,,1.1672,10.6445,2.198,1.1918,,,,,
2005-11-17,,,,,,,,,3.98,,,,,56.2,,,,,11.25,,0.09,,,,1.1706,10.6795,2.184,1.1864,,,,,
2005-11-18,,,,,,,,,4.0,,,,,56.3,,,,,11.12,,0.1,,,,1.1741,10.6655,2.2259,1.1907,,,,,
2005-11-19,,,,324000.0,,,,,4.0,,,,,,2712000.0,,,,,,,,,,,,,,,,,,
2005-11-20,,,,,,,,,4.0,,,,,,,,,,,,,,,,,,,,,,,,
2005-11-21,,,,,,,,,4.03,,,,2.201,57.75,,,,,10.82,,0.07,,,,1.1734,10.6415,2.213,1.182,,,,,
2005-11-22,,,,,,,,,3.99,,,,,58.3,,,,,10.6,,0.11,,,,1.1737,10.658,2.2545,1.1771,,,,,
2005-11-23,,,,,,,,,4.01,,,,,58.35,,,,,10.96,,0.11,,,,1.1799,10.6175,2.2335,1.172,,,,,
2005-11-24,,,,,,,,,4.01,,,,,,,,,,,,,,,,,,,,,,,,
2005-11-25,,,,,,,,,4.03,,,,,,,,,,10.88,,0.1,,,,1.1724,10.6072,2.2304,1.1691,,,,,
2005-11-26,,,,311000.0,,,,,4.03,,,,,,2587000.0,,,,,,,,,,,,,,,,,,
2005-11-27,,,,,,,,,4.03,,,,,,,,,,,,,,,,,,,,,,,,
2005-11-28,,,,,,,,,4.01,,,,2.154,57.36,,,,,11.84,,0.08,,,,1.1804,10.5715,2.204,1.1656,,,,,
2005-11-29,,,,,,,,,3.99,,,,,56.46,,,,,11.89,,0.08,,,,1.1786,10.57,2.1908,1.1671,,,,,
2005-11-30,,,,,,,,,4.03,,,,,57.33,,,,,12.06,,0.07,,,,1.179,10.5765,2.201,1.167,,,,,
2005-12-01,135159.0,4.9,,,91.5,3.1,198.1,14189.0,4.03,,66.0,,,58.46,,2633.5,40.8,100.1521,11.24,2.16,0.07,163.0,306723.0,5.1,1.1702,10.508,2.209,1.1682,89.59407,4.5,18.0,3.5,6.6
2005-12-02,,,,,,,,,4.0,,,,,59.31,,,,,11.01,,0.09,,,,1.1699,10.456,2.204,1.1627,,,,,
2005-12-03,,,,321000.0,,,,,4.0,,,,,,2589000.0,,,,,,,,,,,,,,,,,,
2005-12-04,,,,,,,,,4.0,,,,,,,,,,,,,,,,,,,,,,,,
2005-12-05,,,,,,,,,4.02,,,,2.147,59.91,,,,,11.6,,0.1,,,,1.1787,10.485,2.1945,1.1565,,,,,
2005-12-06,,,,,,,,,3.97,,,,,59.96,,,,,11.52,,0.07,,,,1.1784,10.4135,2.1695,1.1563,,,,,
2005-12-07,,,,,,,,,3.98,,,,,59.21,,,,,12.18,,0.1,,,,1.1722,10.4565,2.187,1.1582,,,,,
2005-12-08,,,,,,,,,4.09,,,,,60.66,,,,,12.21,,0.1,,,,1.183,10.503,2.212,1.1572,,,,,
2005-12-09,,,,,,,,,4.16,,,,,59.41,,,,,11.69,,0.11,,,,1.1824,10.64,2.242,1.158,,,,,
2005-12-10,,,,327000.0,,,,,4.16,,,,,,2620000.0,,,,,,,,,,,,,,,,,,
2005-12-11,,,,,,,,,4.16,,,,,,,,,,,,,,,,,,,,,,,,
2005-12-12,,,,,,,,,4.24,,,,2.185,61.36,,,,,11.47,,0.11,,,,1.1969,10.6225,2.259,1.1507,,,,,
2005-12-13,,,,,,,,,4.23,,,,,61.36,,,,,11.11,,0.11,,,,1.1926,10.6325,2.255,1.1516,,,,,
2005-12-14,,,,,,,,,4.26,,,,,60.86,,,,,10.48,,0.08,,,,1.2041,10.7455,2.2848,1.1531,,,,,
2005-12-15,,,,,,,,,4.29,,,,,60.01,,,,,10.73,,0.1,,,,1.1965,10.727,2.2965,1.158,,,,,
2005-12-16,,,,,,,,,4.25,,,,,58.01,,,,,10.68,,0.08,,,,1.2012,10.765,2.3365,1.156,,,,,
2005-12-17,,,,312000.0,,,,,4.25,,,,,,2660000.0,,,,,,,,,,,,,,,,,,
2005-12-18,,,,,,,,,4.25,,,,,,,,,,,,,,,,,,,,,,,,
2005-12-19,,,,,,,,,4.25,,,,2.211,57.31,,,,,11.38,,0.07,,,,1.1996,10.7165,2.3755,1.1633,,,,,
2005-12-20,,,,,,,,,4.3,,,,,57.81,,,,,11.19,,0.05,,,,1.1848,10.687,2.3523,1.1733,,,,,
2005-12-21,,,,,,,,,4.08,,,,,58.56,,,,,10.81,,0.06,,,,1.1816,10.642,2.3085,1.1691,,,,,
2005-12-22,,,,,,,,,4.25,,,,,58.08,,,,,10.29,,0.04,,,,1.1883,10.6505,2.323,1.1665,,,,,
2005-12-23,,,,,,,,,4.21,,,,,58.08,,,,,10.27,,0.01,,,,1.1857,10.6775,2.3115,1.1654,,,,,
2005-12-24,,,,320000.0,,,,,4.21,,,,,,2668000.0,,,,,,,,,,,,,,,,,,
2005-12-25,,,,,,,,,4.21,,,,,,,,,,,,,,,,,,,,,,,,
2005-12-26,,,,,,,,,4.21,,,,2.197,,,,,,,,,,,,,,,,,,,,
2005-12-27,,,,,,,,,4.26,,,,,58.16,,,,,11.57,,-0.01,,,,1.1856,10.7355,2.364,1.1736,,,,,
2005-12-28,,,,,,,,,4.19,,,,,59.81,,,,,11.35,,0.01,,,,1.1875,10.7725,2.35,1.1636,,,,,
2005-12-29,,,,,,,,,4.18,,,,,60.26,,,,,11.61,,-0.01,,,,1.1846,10.696,2.3297,1.1642,,,,,
2005-12-30,,,,,,,,,4.09,,,,,61.06,,,,,12.07,,-0.02,,,,1.1842,10.6275,2.334,1.1656,,,,,
2005-12-31,,,,302000.0,,,,,4.09,,,,,,2660000.0,,,,,,,,,,,,,,,,,,
2006-01-01,135427.0,4.7,,,91.2,3.0,199.3,14208.0,4.09,85.416,66.0,,,,,2624.2,41.0,100.4121,,1.95,,164.3,315566.0,5.2,,,,,90.56057,4.5,17.25,3.75,6.7
2006-01-02,,,,,,,,,4.09,,,,2.238,,,,,,,,,,,,,,,,,,,,
2006-01-03,,,,,,,,,4.34,,,,,63.11,,,,,11.14,,0.03,,,,1.198,10.643,2.332,1.1565,,,,,
2006-01-04,,,,,,,,,4.22,,,,,63.41,,,,,11.37,,0.05,,,,1.2091,10.5872,2.302,1.1515,,,,,
2006-01-05,,,,,,,,,4.24,,,,,62.81,,,,,11.31,,0.04,,,,1.2101,10.591,2.281,1.1619,,,,,
2006-01-06,,,,,,,,,4.22,,,,,64.21,,,,,11.0,,0.02,,,,1.2148,10.562,2.2875,1.165,,,,,
2006-01-07,,,,326000.0,,,,,4.22,,,,,,2561000.0,,,,,,,,,,,,,,,,,,
2006-01-08,,,,,,,,,4.22,,,,,,,,,,,,,,,,,,,,,,,,
2006-01-09,,,,,,,,,4.25,,,,2.327,63.56,,,,,11.13,,0.02,,,,1.2064,10.558,2.26,1.1691,,,,,
2006-01-10,,,,,,,,,4.24,,,,,63.41,,,,,10.86,,0.02,,,,1.2063,10.6026,2.2564,1.1628,,,,,
2006-01-11,,,,,,,,,4.24,,,,,63.91,,,,,10.94,,0.02,,,,1.2135,10.608,2.272,1.1579,,,,,
2006-01-12,,,,,,,,,4.28,,,,,63.96,,,,,11.2,,0.03,,,,1.2035,10.5655,2.2616,1.1624,,,,,
2006-01-13,,,,,,,,,4.3,,,,,63.86,,,,,11.23,,0.02,,,,1.2103,10.574,2.2652,1.1612,,,,,
2006-01-14,,,,285000.0,,,,,4.3,,,,,,2586000.0,,,,,,,,,,,,,,,,,,
2006-01-15,,,,,,,,,4.3,,,,,,,,,,,,,,,,,,,,,,,,
2006-01-16,,,,,,,,,4.3,,,,2.32,,,,,,,,,,,,,,,,,,,,
2006-01-17,,,,,,,,,4.32,,,,,66.36,,,,,11.91,,0.01,,,,1.2073,10.547,2.2945,1.1642,,,,,
2006-01-18,,,,,,,,,4.24,,,,,65.76,,,,,12.25,,0.01,,,,1.2083,10.572,2.323,1.1726,,,,,
2006-01-19,,,,,,,,,4.23,,,,,66.86,,,,,11.98,,0.01,,,,1.211,10.553,2.331,1.1662,,,,,
2006-01-20,,,,,,,,,4.24,,,,,68.16,,,,,14.56,,0.0,,,,1.2101,10.522,2.278,1.1531,,,,,
2006-01-21,,,,290000.0,,,,,4.24,,,,,,2516000.0,,,,,,,,,,,,,,,,,,
2006-01-22,,,,,,,,,4.24,,,,,,,,,,,,,,,,,,,,,,,,
2006-01-23,,,,,,,,,4.26,,,,2.336,68.06,,,,,13.93,,0.01,,,,1.2276,10.5215,2.257,1.1511,,,,,
2006-01-24,,,,,,,,,4.28,,,,,66.83,,,,,13.31,,0.03,,,,1.2287,10.505,2.236,1.1547,,,,,
2006-01-25,,,,,,,,,4.36,,,,,65.6,,,,,12.87,,0.03,,,,1.2252,10.498,2.243,1.148,,,,,
2006-01-26,,,,,,,,,4.37,,,,,65.8,,,,,12.42,,0.04,,,,1.2229,10.5025,2.2304,1.1502,,,,,
2006-01-27,,,,,,,,,4.42,,,,,67.81,,,,,11.97,,0.01,,,,1.213,10.4555,2.2045,1.147,,,,,
2006-01-28,,,,282000.0,,,,,4.42,,,,,,2565000.0,,,,,,,,,,,,,,,,,,
2006-01-29,,,,,,,,,4.42,,,,,,,,,,,,,,,,,,,,,,,,
2006-01-30,,,,,,,,,4.48,,,,2.357,68.36,,,,,12.39,,0.02,,,,1.2091,10.4369,2.2075,1.1443,,,,,
2006-01-31,,,,,,,,,4.47,,,,,67.86,,,,,12.95,,-0.01,,,,1.2158,10.44,2.2094,1.1436,,,,,
2006-02-01,135733.0,4.8,,,86.7,3.0,199.4,14208.0,4.47,,66.1,,,66.61,,2631.9,41.0,100.3635,12.36,1.78,-0.02,161.8,313440.0,5.2,1.2092,10.4315,2.217,1.1401,90.75387,4.5,17.25,3.75,6.6
2006-02-02,,,,,,,,,4.48,,,,,64.71,,,,,13.23,,-0.02,,,,1.21,10.487,2.225,1.1432,,,,,
2006-02-03,,,,,,,,,4.51,,,,,65.41,,,,,12.96,,-0.05,,,,1.2021,10.491,2.2184,1.147,,,,,
2006-02-04,,,,289000.0,,,,,4.51,,,,,,2520000.0,,,,,,,,,,,,,,,,,,
2006-02-05,,,,,,,,,4.51,,,,,,,,,,,,,,,,,,,,,,,,
2006-02-06,,,,,,,,,4.51,,,,2.342,65.11,,,,,13.04,,-0.07,,,,1.1971,10.459,2.1845,1.1455,,,,,
2006-02-07,,,,,,,,,4.47,,,,,63.01,,,,,13.59,,-0.04,,,,1.1974,10.4775,2.1901,1.149,,,,,
2006-02-08,,,,,,,,,4.48,,,,,62.51,,,,,12.83,,-0.08,,,,1.1935,10.5286,2.1952,1.1535,,,,,
2006-02-09,,,,,,,,,4.52,,,,,62.66,,,,,13.12,,-0.12,,,,1.1963,10.475,2.17,1.1455,,,,,
2006-02-10,,,,,,,,,4.51,,,,,62.01,,,,,12.87,,-0.1,,,,1.192,10.508,2.1632,1.1543,,,,,
2006-02-11,,,,298000.0,,,,,4.51,,,,,,2517000.0,,,,,,,,,,,,,,,,,,
2006-02-12,,,,,,,,,4.51,,,,,,,,,,,,,,,,,,,,,,,,
2006-02-13,,,,,,,,,4.44,,,,2.284,61.26,,,,,13.35,,-0.1,,,,1.1905,10.5085,2.1519,1.1548,,,,,
2006-02-14,,,,,,,,,4.45,,,,,59.61,,,,,12.25,,-0.07,,,,1.1895,10.5125,2.1375,1.1546,,,,,
2006-02-15,,,,,,,,,4.5,,,,,57.61,,,,,12.31,,-0.1,,,,1.1884,10.5226,2.1295,1.1541,,,,,
2006-02-16,,,,,,,,,4.48,,,,,58.61,,,,,11.48,,-0.1,,,,1.1882,10.513,2.116,1.1577,,,,,
2006-02-17,,,,,,,,,4.48,,,,,59.76,,,,,12.01,,-0.12,,,,1.1906,10.4525,2.117,1.1522,,,,,
2006-02-18,,,,283000.0,,,,,4.48,,,,,,2488000.0,,,,,,,,,,,,,,,,,,
2006-02-19,,,,,,,,,4.48,,,,,,,,,,,,,,,,,,,,,,,,
2006-02-20,,,,,,,,,4.48,,,,2.24,,,,,,,,,,,,,,,,,,,,
2006-02-21,,,,,,,,,4.54,,,,,61.21,,,,,12.41,,-0.14,,,,1.1912,10.443,2.124,1.1464,,,,,
2006-02-22,,,,,,,,,4.49,,,,,59.03,,,,,11.88,,-0.15,,,,1.1905,10.4885,2.143,1.1482,,,,,
2006-02-23,,,,,,,,,4.47,,,,,58.03,,,,,11.87,,-0.16,,,,1.1923,10.505,2.1375,1.1512,,,,,
2006-02-24,,,,,,,,,4.48,,,,,61.46,,,,,11.46,,-0.16,,,,1.1882,10.476,2.1293,1.152,,,,,
2006-02-25,,,,293000.0,,,,,4.48,,,,,,2504000.0,,,,,,,,,,,,,,,,,,
2006-02-26,,,,,,,,,4.48,,,,,,,,,,,,,,,,,,,,,,,,
2006-02-27,,,,,,,,,4.52,,,,2.254,61.01,,,,,11.59,,-0.15,,,,1.186,10.466,2.1485,1.1418,,,,,
2006-02-28,,,,,,,,,4.52,,,,,61.37,,,,,12.34,,-0.14,,,,1.1925,10.4542,2.118,1.1379,,,,,
2006-03-01,136038.0,4.7,20.04,,88.9,3.0,199.7,14210.0,4.52,,66.2,,,62.01,,2640.3,41.1,100.2323,11.54,1.82,-0.12,162.2,314471.0,5.3,1.1899,10.462,2.12,1.1365,89.88402,4.5,16.5,4.0,6.5
2006-03-02,,,,,,,,,4.5,,,,,63.36,,,,,11.72,,-0.08,,,,1.2003,10.525,2.1141,1.132,,,,,
2006-03-03,,,,,,,,,4.51,,,,,63.61,,,,,11.96,,-0.08,,,,1.2028,10.5775,2.122,1.1352,,,,,
2006-03-04,,,,302000.0,,,,,4.51,,,,,,2453000.0,,,,,,,,,,,,,,,,,,
2006-03-05,,,,,,,,,4.51,,,,,,,,,,,,,,,,,,,,,,,,
2006-03-06,,,,,,,,,4.51,,,,2.331,62.46,,,,,12.74,,-0.03,,,,1.2002,10.609,2.119,1.1401,,,,,
2006-03-07,,,,,,,,,4.51,,,,,61.51,,,,,12.66,,-0.03,,,,1.1888,10.697,2.1667,1.1468,,,,,
2006-03-08,,,,,,,,,4.51,,,,,60.06,,,,,12.32,,0.01,,,,1.1914,10.775,2.1933,1.1575,,,,,
2006-03-09,,,,,,,,,4.51,,,,,60.51,,,,,12.68,,0.02,,,,1.192,10.707,2.165,1.1593,,,,,
2006-03-10,,,,,,,,,4.51,,,,,59.91,,,,,11.85,,0.02,,,,1.1886,10.7031,2.1485,1.1605,,,,,
2006-03-11,,,,307000.0,,,,,4.51,,,,,,2474000.0,,,,,,,,,,,,,,,,,,
2006-03-12,,,,,,,,,4.51,,,,,,,,,,,,,,,,,,,,,,,,
2006-03-13,,,,,,,,,4.52,,,,2.366,61.81,,,,,11.37,,0.03,,,,1.1942,10.7185,2.132,1.1616,,,,,
2006-03-14,,,,,,,,,4.51,,,,,63.01,,,,,10.74,,0.05,,,,1.2025,10.686,2.1231,1.1548,,,,,
2006-03-15,,,,,,,,,4.47,,,,,62.11,,,,,11.35,,0.04,,,,1.2045,10.67,2.1256,1.1553,,,,,
2006-03-16,,,,,,,,,4.55,,,,,63.46,,,,,11.98,,0.03,,,,1.2151,10.621,2.103,1.154,,,,,
2006-03-17,,,,,,,,,4.6,,,,,62.81,,,,,12.12,,0.03,,,,1.2197,10.7,2.1207,1.1587,,,,,
2006-03-18,,,,303000.0,,,,,4.6,,,,,,2456000.0,,,,,,,,,,,,,,,,,,
2006-03-19,,,,,,,,,4.6,,,,,,,,,,,,,,,,,,,,,,,,
2006-03-20,,,,,,,,,4.55,,,,2.504,60.31,,,,,11.79,,0.01,,,,1.2168,10.744,2.1349,1.1627,,,,,
2006-03-21,,,,,,,,,4.54,,,,,60.41,,,,,11.62,,-0.01,,,,1.2079,10.798,2.1557,1.1647,,,,,
2006-03-22,,,,,,,,,4.58,,,,,60.03,,,,,11.21,,-0.04,,,,1.2095,10.871,2.1594,1.1651,,,,,
2006-03-23,,,,,,,,,4.64,,,,,62.13,,,,,11.17,,-0.04,,,,1.1984,10.8555,2.154,1.1657,,,,,
2006-03-24,,,,,,,,,4.69,,,,,63.9,,,,,11.19,,-0.05,,,,1.2034,10.858,2.152,1.1675,,,,,
2006-03-25,,,,295000.0,,,,,4.69,,,,,,2439000.0,,,,,,,,,,,,,,,,,,
2006-03-26,,,,,,,,,4.69,,,,,,,,,,,,,,,,,,,,,,,,
2006-03-27,,,,,,,,,4.77,,,,2.498,63.75,,,,,11.46,,-0.02,,,,1.2015,10.939,2.201,1.1685,,,,,
2006-03-28,,,,,,,,,4.7,,,,,65.65,,,,,11.58,,-0.02,,,,1.2078,10.942,2.2233,1.1696,,,,,
2006-03-29,,,,,,,,,4.69,,,,,66.0,,,,,10.95,,-0.01,,,,1.203,10.9475,2.2175,1.1722,,,,,
2006-03-30,,,,,,,,,4.76,,,,,66.7,,,,,11.57,,0.02,,,,1.2132,10.9295,2.191,1.1628,,,,,
2006-03-31,,,,,,,,,5.0,,,,,66.25,,,,,11.39,,0.04,,,,1.2139,10.898,2.172,1.167,,,,,
2006-04-01,136210.0,4.7,20.17,291000.0,87.4,3.3,200.7,14223.0,5.0,85.322,66.1,,,,2405000.0,2636.0,41.2,99.981,,1.89,,164.3,316094.0,5.4,,,,,91.72036,4.5,15.75,4.25,6.5
2006-04-02,,,,,,,,,5.0,,,,,,,,,,,,,,,,,,,,,,,,
2006-04-03,,,,,,,,,4.87,,,,2.588,66.07,,,,,11.57,,0.02,,,,1.2124,10.856,2.143,1.1718,,,,,
2006-04-04,,,,,,,,,4.76,,,,,65.75,,,,,11.14,,0.03,,,,1.2258,10.8665,2.13,1.1662,,,,,
2006-04-05,,,,,,,,,4.76,,,,,66.76,,,,,11.13,,0.03,,,,1.2272,10.94,2.129,1.1619,,,,,
2006-04-06,,,,,,,,,4.76,,,,,67.22,,,,,11.45,,0.06,,,,1.2216,11.0785,2.1355,1.1532,,,,,
2006-04-07,,,,,,,,,4.76,,,,,67.02,,,,,12.26,,0.08,,,,1.2109,11.16,2.139,1.1464,,,,,
2006-04-08,,,,299000.0,,,,,4.76,,,,,,2411000.0,,,,,,,,,,,,,,,,,,
2006-04-09,,,,,,,,,4.76,,,,,,,,,,,,,,,,,,,,,,,,
2006-04-10,,,,,,,,,4.78,,,,2.683,68.29,,,,,12.19,,0.08,,,,1.2091,11.0875,2.1483,1.1466,,,,,
2006-04-11,,,,,,,,,4.74,,,,,69.03,,,,,13.0,,0.05,,,,1.2125,11.072,2.1485,1.1457,,,,,
2006-04-12,,,,,,,,,4.78,,,,,68.53,,,,,12.76,,0.07,,,,1.2107,11.053,2.1385,1.1479,,,,,
2006-04-13,,,,,,,,,4.82,,,,,69.53,,,,,12.38,,0.09,,,,1.2107,11.1001,2.138,1.1514,,,,,
2006-04-14,,,,,,,,,4.8,,,,,,,,,,,,,,,,1.2106,11.095,2.139,1.1513,,,,,
2006-04-15,,,,299000.0,,,,,4.8,,,,,,2408000.0,,,,,,,,,,,,,,,,,,
2006-04-16,,,,,,,,,4.8,,,,,,,,,,,,,,,,,,,,,,,,
2006-04-17,,,,,,,,,4.78,,,,2.783,70.3,,,,,12.58,,0.1,,,,1.2267,11.083,2.1339,1.1452,,,,,
2006-04-18,,,,,,,,,4.72,,,,,71.28,,,,,11.4,,0.15,,,,1.2274,10.9875,2.128,1.1421,,,,,
2006-04-19,,,,,,,,,4.7,,,,,72.07,,,,,11.32,,0.18,,,,1.2345,10.998,2.12,1.1367,,,,,
2006-04-20,,,,,,,,,4.73,,,,,71.96,,,,,11.64,,0.15,,,,1.2326,11.027,2.1235,1.1386,,,,,
2006-04-21,,,,,,,,,4.74,,,,,73.73,,,,,11.59,,0.11,,,,1.234,11.0715,2.1199,1.1372,,,,,
2006-04-22,,,,308000.0,,,,,4.74,,,,,,2424000.0,,,,,,,,,,,,,,,,,,
2006-04-23,,,,,,,,,4.74,,,,,,,,,,,,,,,,,,,,,,,,
2006-04-24,,,,,,,,,4.77,,,,2.914,70.19,,,,,11.75,,0.1,,,,1.2373,11.069,2.1154,1.1373,,,,,
2006-04-25,,,,,,,,,4.74,,,,,67.43,,,,,11.75,,0.12,,,,1.2412,11.085,2.1195,1.1317,,,,,
2006-04-26,,,,,,,,,4.73,,,,,71.71,,,,,11.76,,0.13,,,,1.2464,11.1595,2.119,1.1271,,,,,
2006-04-27,,,,,,,,,4.79,,,,,70.76,,,,,11.84,,0.18,,,,1.2525,11.099,2.104,1.1235,,,,,
2006-04-28,,,,,,,,,4.86,,,,,71.8,,,,,11.59,,0.2,,,,1.2624,11.089,2.09,1.1203,,,,,
2006-04-29,,,,321000.0,,,,,4.86,,,,,,2357000.0,,,,,,,,,,,,,,,,,,
2006-04-30,,,,,,,,,4.86,,,,,,,,,,,,,,,,,,,,,,,,
2006-05-01,136249.0,4.6,20.13,,79.1,4.0,201.3,14200.0,4.84,,66.1,,2.919,73.75,,2654.3,41.2,99.69939,12.54,1.81,0.2,165.8,314919.0,5.5,1.2607,11.0525,2.0785,1.113,92.59021,4.5,15.75,4.5,6.2
2006-05-02,,,,,,,,,4.79,,,,,74.62,,,,,11.99,,0.2,,,,1.2644,11.012,2.068,1.1069,,,,,
2006-05-03,,,,,,,,,4.81,,,,,72.26,,,,,11.99,,0.21,,,,1.2639,10.964,2.0685,1.1072,,,,,
2006-05-04,,,,,,,,,4.83,,,,,69.98,,,,,11.86,,0.19,,,,1.2684,10.971,2.0635,1.1066,,,,,
2006-05-05,,,,,,,,,4.83,,,,,70.09,,,,,11.62,,0.18,,,,1.2733,10.9485,2.0549,1.1071,,,,,
2006-05-06,,,,347000.0,,,,,4.83,,,,,,2372000.0,,,,,,,,,,,,,,,,,,
2006-05-07,,,,,,,,,4.83,,,,,,,,,,,,,,,,,,,,,,,,
2006-05-08,,,,,,,,,4.88,,,,2.909,69.75,,,,,12.0,,0.15,,,,1.272,10.946,2.0605,1.1116,,,,,
2006-05-09,,,,,,,,,4.78,,,,,70.71,,,,,11.99,,0.16,,,,1.2747,10.933,2.06,1.1022,,,,,
2006-05-10,,,,,,,,,4.88,,,,,72.15,,,,,11.78,,0.12,,,,1.2799,10.841,2.0555,1.1005,,,,,
2006-05-11,,,,,,,,,4.99,,,,,73.0,,,,,12.49,,0.15,,,,1.2855,10.865,2.0925,1.0989,,,,,
2006-05-12,,,,,,,,,5.01,,,,,71.87,,,,,14.19,,0.18,,,,1.2888,11.0525,2.134,1.1085,,,,,
2006-05-13,,,,335000.0,,,,,5.01,,,,,,2383000.0,,,,,,,,,,,,,,,,,,
2006-05-14,,,,,,,,,5.01,,,,,,,,,,,,,,,,,,,,,,,,
2006-05-15,,,,,,,,,5.01,,,,2.947,69.25,,,,,13.57,,0.16,,,,1.2826,11.1465,2.168,1.1142,,,,,
2006-05-16,,,,,,,,,4.98,,,,,69.4,,,,,13.35,,0.14,,,,1.2817,11.054,2.1446,1.1112,,,,,
2006-05-17,,,,,,,,,4.96,,,,,68.65,,,,,16.26,,0.19,,,,1.2722,11.1525,2.187,1.1116,,,,,
2006-05-18,,,,,,,,,5.0,,,,,69.63,,,,,16.99,,0.14,,,,1.2795,11.224,2.2045,1.1209,,,,,
2006-05-19,,,,,,,,,5.0,,,,,68.44,,,,,17.18,,0.09,,,,1.275,11.186,2.2,1.1232,,,,,
2006-05-20,,,,319000.0,,,,,5.0,,,,,,2399000.0,,,,,,,,,,,,,,,,,,
2006-05-21,,,,,,,,,5.0,,,,,,,,,,,,,,,,,,,,,,,,
2006-05-22,,,,,,,,,5.0,,,,2.892,69.23,,,,,17.72,,0.1,,,,1.285,11.284,2.2973,1.1194,,,,,
2006-05-23,,,,,,,,,4.94,,,,,70.78,,,,,18.26,,0.1,,,,1.2844,11.183,2.2535,1.1174,,,,,
2006-05-24,,,,,,,,,4.9,,,,,69.47,,,,,17.36,,0.09,,,,1.2747,11.305,2.358,1.1228,,,,,
2006-05-25,,,,,,,,,5.01,,,,,70.92,,,,,15.5,,0.09,,,,1.2777,11.188,2.3105,1.1072,,,,,
2006-05-26,,,,,,,,,4.99,,,,,71.35,,,,,14.26,,0.1,,,,1.2739,11.143,2.258,1.1072,,,,,
2006-05-27,,,,330000.0,,,,,4.99,,,,,,2381000.0,,,,,,,,,,,,,,,,,,
2006-05-28,,,,,,,,,4.99,,,,,,,,,,,,,,,,,,,,,,,,
2006-05-29,,,,,,,,,4.99,,,,2.867,,,,,,,,,,,,,,,,,,,,
2006-05-30,,,,,,,,,5.02,,,,,71.85,,,,,18.66,,0.1,,,,1.2868,11.2575,2.315,1.0995,,,,,
2006-05-31,,,,,,,,,5.05,,,,,71.42,,,,,16.44,,0.08,,,,1.2833,11.288,2.3007,1.1027,,,,,
2006-06-01,136337.0,4.6,20.22,,84.9,3.3,201.8,14210.0,5.02,,66.2,,,70.11,,2648.7,41.2,99.67864,14.52,1.79,0.07,166.1,316978.0,5.5,1.2824,11.282,2.2697,1.1003,92.30025,4.5,15.25,4.5,6.3
2006-06-02,,,,,,,,,4.97,,,,,72.73,,,,,14.32,,0.08,,,,1.2912,11.346,2.2855,1.1001,,,,,
2006-06-03,,,,307000.0,,,,,4.97,,,,,,2408000.0,,,,,,,,,,,,,,,,,,
2006-06-04,,,,,,,,,4.97,,,,,,,,,,,,,,,,,,,,,,,,
2006-06-05,,,,,,,,,5.01,,,,2.892,72.5,,,,,16.65,,0.03,,,,1.2953,11.285,2.251,1.1011,,,,,
2006-06-06,,,,,,,,,4.99,,,,,72.43,,,,,17.34,,0.02,,,,1.2828,11.3675,2.2695,1.115,,,,,
2006-06-07,,,,,,,,,4.99,,,,,70.9,,,,,17.8,,0.0,,,,1.2799,11.325,2.2585,1.1117,,,,,
2006-06-08,,,,,,,,,5.02,,,,,70.25,,,,,18.35,,-0.01,,,,1.2648,11.4425,2.2865,1.1233,,,,,
2006-06-09,,,,,,,,,5.0,,,,,71.62,,,,,18.12,,-0.03,,,,1.2636,11.383,2.2645,1.1071,,,,,
2006-06-10,,,,298000.0,,,,,5.0,,,,,,2412000.0,,,,,,,,,,,,,,,,,,
2006-06-11,,,,,,,,,5.0,,,,,,,,,,,,,,,,,,,,,,,,
2006-06-12,,,,,,,,,5.01,,,,2.906,70.28,,,,,20.96,,-0.03,,,,1.2587,11.3825,2.2625,1.0991,,,,,
2006-06-13,,,,,,,,,5.0,,,,,68.48,,,,,23.81,,-0.05,,,,1.2574,11.428,2.292,1.1077,,,,,
2006-06-14,,,,,,,,,5.0,,,,,69.12,,,,,21.46,,-0.06,,,,1.2631,11.46,2.2825,1.1121,,,,,
2006-06-15,,,,,,,,,5.02,,,,,69.78,,,,,15.9,,-0.04,,,,1.2616,11.417,2.261,1.1172,,,,,
2006-06-16,,,,,,,,,4.94,,,,,69.75,,,,,17.25,,-0.03,,,,1.2623,11.4228,2.251,1.1223,,,,,
2006-06-17,,,,308000.0,,,,,4.94,,,,,,2395000.0,,,,,,,,,,,,,,,,,,
2006-06-18,,,,,,,,,4.94,,,,,,,,,,,,,,,,,,,,,,,,
2006-06-19,,,,,,,,,4.95,,,,2.871,69.21,,,,,17.83,,-0.05,,,,1.2577,11.456,2.232,1.1232,,,,,
2006-06-20,,,,,,,,,4.92,,,,,69.3,,,,,16.69,,-0.04,,,,1.2568,11.456,2.2416,1.1163,,,,,
2006-06-21,,,,,,,,,4.91,,,,,70.07,,,,,15.52,,-0.04,,,,1.2665,11.423,2.2415,1.1042,,,,,
2006-06-22,,,,,,,,,4.98,,,,,70.62,,,,,15.88,,-0.03,,,,1.2582,11.435,2.2335,1.1175,,,,,
2006-06-23,,,,,,,,,4.98,,,,,70.5,,,,,15.89,,-0.04,,,,1.2522,11.44,2.247,1.1241,,,,,
2006-06-24,,,,309000.0,,,,,4.98,,,,,,2419000.0,,,,,,,,,,,,,,,,,,
2006-06-25,,,,,,,,,4.98,,,,,,,,,,,,,,,,,,,,,,,,
2006-06-26,,,,,,,,,5.03,,,,2.869,71.63,,,,,15.62,,-0.02,,,,1.2554,11.412,2.2277,1.1241,,,,,
2006-06-27,,,,,,,,,5.02,,,,,72.05,,,,,16.4,,-0.03,,,,1.2589,11.418,2.23,1.121,,,,,
2006-06-28,,,,,,,,,5.06,,,,,72.15,,,,,15.79,,-0.04,,,,1.2532,11.394,2.2275,1.124,,,,,
2006-06-29,,,,,,,,,5.08,,,,,73.5,,,,,13.03,,0.01,,,,1.2534,11.3925,2.2055,1.1156,,,,,
2006-06-30,,,,,,,,,5.05,,,,,73.94,,,,,13.08,,-0.01,,,,1.2779,11.2865,2.164,1.115,,,,,
2006-07-01,136529.0,4.7,20.29,316000.0,84.7,3.2,202.9,14185.0,5.05,85.157,66.1,,,,2399000.0,2642.5,41.4,99.71475,,1.52,,166.8,317984.0,5.5,,,,,93.84665,4.5,14.75,4.5,6.5
2006-07-02,,,,,,,,,5.05,,,,,,,,,,,,,,,,,,,,,,,,
2006-07-03,,,,,,,,,5.25,,,,2.934,,,,,,13.05,,-0.02,,,,1.2793,11.154,2.1595,1.1112,,,,,
2006-07-04,,,,,,,,,5.25,,,,,,,,,,,,,,,,,,,,,,,,
2006-07-05,,,,,,,,,5.25,,,,,75.2,,,,,14.15,,-0.01,,,,1.2726,11.18,2.191,1.1115,,,,,
2006-07-06,,,,,,,,,5.24,,,,,75.0,,,,,13.65,,-0.03,,,,1.2757,11.122,2.1815,1.1116,,,,,
2006-07-07,,,,,,,,,5.22,,,,,73.76,,,,,13.97,,-0.03,,,,1.2822,11.0315,2.1683,1.1132,,,,,
2006-07-08,,,,343000.0,,,,,5.22,,,,,,2491000.0,,,,,,,,,,,,,,,,,,
2006-07-09,,,,,,,,,5.22,,,,,,,,,,,,,,,,,,,,,,,,
2006-07-10,,,,,,,,,5.24,,,,2.973,73.5,,,,,14.02,,-0.04,,,,1.2751,10.956,2.1712,1.1246,,,,,
2006-07-11,,,,,,,,,5.25,,,,,74.05,,,,,13.14,,-0.07,,,,1.2754,10.994,2.1835,1.1339,,,,,
2006-07-12,,,,,,,,,5.27,,,,,74.99,,,,,14.49,,-0.07,,,,1.2706,11.028,2.189,1.1353,,,,,
2006-07-13,,,,,,,,,5.26,,,,,76.7,,,,,17.79,,-0.04,,,,1.2673,11.045,2.2053,1.1319,,,,,
2006-07-14,,,,,,,,,5.26,,,,,76.8,,,,,18.05,,-0.01,,,,1.2641,11.029,2.213,1.1274,,,,,
2006-07-15,,,,318000.0,,,,,5.26,,,,,,2475000.0,,,,,,,,,,,,,,,,,,
2006-07-16,,,,,,,,,5.26,,,,,,,,,,,,,,,,,,,,,,,,
2006-07-17,,,,,,,,,5.28,,,,2.989,75.7,,,,,18.64,,-0.05,,,,1.2529,10.9825,2.2117,1.1322,,,,,
2006-07-18,,,,,,,,,5.22,,,,,73.87,,,,,17.74,,-0.06,,,,1.25,10.9615,2.1963,1.1335,,,,,
2006-07-19,,,,,,,,,5.23,,,,,72.79,,,,,15.55,,-0.06,,,,1.256,10.908,2.1853,1.1353,,,,,
2006-07-20,,,,,,,,,5.24,,,,,74.0,,,,,16.21,,-0.03,,,,1.2639,10.866,2.1847,1.1344,,,,,
2006-07-21,,,,,,,,,5.23,,,,,73.52,,,,,17.4,,-0.03,,,,1.2684,10.9095,2.1909,1.1373,,,,,
2006-07-22,,,,306000.0,,,,,5.23,,,,,,2422000.0,,,,,,,,,,,,,,,,,,
2006-07-23,,,,,,,,,5.23,,,,,,,,,,,,,,,,,,,,,,,,
2006-07-24,,,,,,,,,5.24,,,,3.003,74.29,,,,,14.98,,-0.05,,,,1.263,10.927,2.1886,1.1414,,,,,
2006-07-25,,,,,,,,,5.24,,,,,73.46,,,,,14.85,,-0.04,,,,1.2576,10.919,2.2018,1.1415,,,,,
2006-07-26,,,,,,,,,5.24,,,,,73.82,,,,,14.62,,-0.02,,,,1.2628,10.941,2.2054,1.1375,,,,,
2006-07-27,,,,,,,,,5.27,,,,,74.5,,,,,14.94,,0.0,,,,1.2732,10.8952,2.187,1.1346,,,,,
2006-07-28,,,,,,,,,5.26,,,,,73.3,,,,,14.33,,0.02,,,,1.2748,10.895,2.1776,1.1297,,,,,
2006-07-29,,,,311000.0,,,,,5.26,,,,,,2460000.0,,,,,,,,,,,,,,,,,,
2006-07-30,,,,,,,,,5.26,,,,,,,,,,,,,,,,,,,,,,,,
2006-07-31,,,,,,,,,5.31,,,,3.004,74.56,,,,,14.95,,0.02,,,,1.2764,10.916,2.1745,1.1309,,,,,
2006-08-01,136692.0,4.7,20.32,,82.0,3.8,203.8,14154.0,5.27,,66.2,,,74.93,,2651.4,41.1,99.81288,15.05,1.34,0.02,167.9,318802.0,5.5,1.2778,11.022,2.1875,1.1312,94.3299,4.75,14.25,4.5,6.5
2006-08-02,,,,,,,,,5.25,,,,,76.16,,,,,14.34,,-0.01,,,,1.2798,10.9555,2.1769,1.1258,,,,,
2006-08-03,,,,,,,,,5.27,,,,,75.59,,,,,14.46,,-0.02,,,,1.2779,10.98,2.1812,1.1262,,,,,
2006-08-04,,,,,,,,,5.25,,,,,74.78,,,,,14.34,,0.0,,,,1.2894,10.891,2.172,1.1269,,,,,
2006-08-05,,,,318000.0,,,,,5.25,,,,,,2477000.0,,,,,,,,,,,,,,,,,,
2006-08-06,,,,,,,,,5.25,,,,,,,,,,,,,,,,,,,,,,,,
2006-08-07,,,,,,,,,5.24,,,,3.038,77.05,,,,,15.23,,-0.03,,,,1.2867,10.8805,2.1775,1.1182,,,,,
2006-08-08,,,,,,,,,5.26,,,,,76.29,,,,,15.23,,0.02,,,,1.2839,10.911,2.1849,1.1203,,,,,
2006-08-09,,,,,,,,,5.25,,,,,76.28,,,,,15.2,,0.01,,,,1.2888,10.8315,2.167,1.1197,,,,,
2006-08-10,,,,,,,,,5.24,,,,,74.17,,,,,14.46,,0.0,,,,1.2765,10.895,2.1655,1.1262,,,,,
2006-08-11,,,,,,,,,5.24,,,,,74.38,,,,,14.3,,0.01,,,,1.2757,10.816,2.1615,1.1206,,,,,
2006-08-12,,,,310000.0,,,,,5.24,,,,,,2467000.0,,,,,,,,,,,,,,,,,,
2006-08-13,,,,,,,,,5.24,,,,,,,,,,,,,,,,,,,,,,,,
2006-08-14,,,,,,,,,5.26,,,,3.0,73.33,,,,,14.26,,-0.01,,,,1.2735,10.8005,2.1555,1.124,,,,,
2006-08-15,,,,,,,,,5.24,,,,,72.95,,,,,13.42,,-0.01,,,,1.2788,10.8135,2.1458,1.1225,,,,,
2006-08-16,,,,,,,,,5.17,,,,,71.64,,,,,12.41,,0.0,,,,1.2864,10.7405,2.129,1.116,,,,,
2006-08-17,,,,,,,,,5.2,,,,,70.12,,,,,12.24,,-0.02,,,,1.287,10.7505,2.1315,1.116,,,,,
2006-08-18,,,,,,,,,5.25,,,,,70.93,,,,,11.64,,-0.03,,,,1.281,10.839,2.149,1.1234,,,,,
2006-08-19,,,,315000.0,,,,,5.25,,,,,,2464000.0,,,,,,,,,,,,,,,,,,
2006-08-20,,,,,,,,,5.25,,,,,,,,,,,,,,,,,,,,,,,,
2006-08-21,,,,,,,,,5.24,,,,2.924,72.45,,,,,12.22,,-0.03,,,,1.2914,10.8055,2.1364,1.1183,,,,,
2006-08-22,,,,,,,,,5.24,,,,,72.55,,,,,12.19,,-0.05,,,,1.2804,10.8,2.1303,1.1153,,,,,
2006-08-23,,,,,,,,,5.25,,,,,71.45,,,,,12.4,,-0.05,,,,1.2794,10.848,2.1346,1.11,,,,,
2006-08-24,,,,,,,,,5.25,,,,,72.02,,,,,12.4,,-0.07,,,,1.276,10.922,2.1633,1.111,,,,,
2006-08-25,,,,,,,,,5.25,,,,,72.13,,,,,12.31,,-0.07,,,,1.2767,10.964,2.1593,1.1078,,,,,
2006-08-26,,,,314000.0,,,,,5.25,,,,,,2457000.0,,,,,,,,,,,,,,,,,,
2006-08-27,,,,,,,,,5.25,,,,,,,,,,,,,,,,,,,,,,,,
2006-08-28,,,,,,,,,5.25,,,,2.845,70.47,,,,,12.18,,-0.08,,,,1.2784,10.932,2.1468,1.112,,,,,
2006-08-29,,,,,,,,,5.23,,,,,69.74,,,,,12.28,,-0.08,,,,1.2768,10.903,2.1431,1.111,,,,,
2006-08-30,,,,,,,,,5.25,,,,,70.2,,,,,12.22,,-0.07,,,,1.2825,10.8765,2.1325,1.1099,,,,,
2006-08-31,,,,,,,,,5.31,,,,,70.38,,,,,12.31,,-0.05,,,,1.2793,10.912,2.141,1.1066,,,,,
2006-09-01,136826.0,4.5,20.4,,85.4,3.1,202.8,14120.0,5.25,,66.1,,,69.24,,2642.7,41.1,100.1277,11.96,1.18,-0.04,165.4,316400.0,5.5,1.2833,10.894,2.1397,1.1056,94.03995,4.75,14.25,4.5,6.5
2006-09-02,,,,315000.0,,,,,5.25,,,,,,2467000.0,,,,,,,,,,,,,,,,,,
2006-09-03,,,,,,,,,5.25,,,,,,,,,,,,,,,,,,,,,,,,
2006-09-04,,,,,,,,,5.25,,,,2.727,,,,,,,,,,,,,,,,,,,,
2006-09-05,,,,,,,,,5.26,,,,,68.7,,,,,12.63,,-0.02,,,,1.281,10.836,2.125,1.1111,,,,,
2006-09-06,,,,,,,,,5.21,,,,,67.75,,,,,13.74,,-0.02,,,,1.2787,10.9355,2.1452,1.1052,,,,,
2006-09-07,,,,,,,,,5.23,,,,,67.37,,,,,13.88,,-0.02,,,,1.2757,11.015,2.153,1.1099,,,,,
2006-09-08,,,,,,,,,5.23,,,,,66.3,,,,,13.16,,-0.02,,,,1.2673,11.01,2.1545,1.1191,,,,,
2006-09-09,,,,314000.0,,,,,5.23,,,,,,2449000.0,,,,,,,,,,,,,,,,,,
2006-09-10,,,,,,,,,5.23,,,,,,,,,,,,,,,,,,,,,,,,
2006-09-11,,,,,,,,,5.24,,,,2.618,65.42,,,,,12.99,,-0.03,,,,1.2699,11.0651,2.1756,1.1216,,,,,
2006-09-12,,,,,,,,,5.21,,,,,63.81,,,,,11.92,,-0.04,,,,1.2693,11.032,2.1696,1.1186,,,,,
2006-09-13,,,,,,,,,5.26,,,,,64.09,,,,,11.18,,-0.03,,,,1.2708,11.001,2.163,1.1191,,,,,
2006-09-14,,,,,,,,,5.26,,,,,63.27,,,,,11.55,,-0.04,,,,1.2736,10.9846,2.155,1.1158,,,,,
2006-09-15,,,,,,,,,5.25,,,,,63.3,,,,,11.76,,-0.07,,,,1.2648,10.9455,2.1535,1.1192,,,,,
2006-09-16,,,,324000.0,,,,,5.25,,,,,,2438000.0,,,,,,,,,,,,,,,,,,
2006-09-17,,,,,,,,,5.25,,,,,,,,,,,,,,,,,,,,,,,,
2006-09-18,,,,,,,,,5.23,,,,2.497,63.84,,,,,11.78,,-0.07,,,,1.2671,10.9275,2.1405,1.1169,,,,,
2006-09-19,,,,,,,,,5.21,,,,,61.77,,,,,11.98,,-0.05,,,,1.2683,10.9385,2.156,1.1229,,,,,
2006-09-20,,,,,,,,,5.23,,,,,60.0,,,,,11.39,,-0.08,,,,1.2701,10.94,2.1729,1.1272,,,,,
2006-09-21,,,,,,,,,5.24,,,,,61.62,,,,,12.25,,-0.06,,,,1.273,10.9905,2.1805,1.12,,,,,
2006-09-22,,,,,,,,,5.27,,,,,59.79,,,,,12.59,,-0.07,,,,1.2796,11.0705,2.2126,1.1171,,,,,
2006-09-23,,,,319000.0,,,,,5.27,,,,,,2440000.0,,,,,,,,,,,,,,,,,,
2006-09-24,,,,,,,,,5.27,,,,,,,,,,,,,,,,,,,,,,,,
2006-09-25,,,,,,,,,5.3,,,,2.378,60.74,,,,,12.12,,-0.07,,,,1.2747,11.103,2.2308,1.1163,,,,,
2006-09-26,,,,,,,,,5.25,,,,,60.63,,,,,11.53,,-0.09,,,,1.2687,11.045,2.205,1.1159,,,,,
2006-09-27,,,,,,,,,5.3,,,,,62.96,,,,,11.58,,-0.06,,,,1.2699,11.0135,2.1851,1.115,,,,,
2006-09-28,,,,,,,,,5.28,,,,,62.46,,,,,11.72,,-0.05,,,,1.2697,11.0505,2.174,1.1108,,,,,
2006-09-29,,,,,,,,,5.34,,,,,62.9,,,,,11.98,,-0.07,,,,1.2687,10.9775,2.1664,1.1151,,,,,
2006-09-30,,,,309000.0,,,,,5.34,,,,,,2437000.0,,,,,,,,,,,,,,,,,,
2006-10-01,136843.0,4.4,20.42,,93.6,3.1,201.9,14068.0,5.34,85.708,66.2,,,,,2630.3,41.1,100.5471,,1.17,,162.2,316145.0,5.4,,,,,93.65335,4.75,13.75,4.5,6.3
2006-10-02,,,,,,,,,5.33,,,,2.31,60.96,,,,,12.57,,-0.04,,,,1.2744,10.971,2.157,1.1154,,,,,
2006-10-03,,,,,,,,,5.25,,,,,58.64,,,,,12.24,,-0.05,,,,1.2727,11.0435,2.1713,1.121,,,,,
2006-10-04,,,,,,,,,5.23,,,,,59.53,,,,,11.86,,-0.03,,,,1.2687,11.056,2.167,1.1286,,,,,
2006-10-05,,,,,,,,,5.23,,,,,60.02,,,,,11.98,,-0.04,,,,1.2687,11.0166,2.1656,1.1269,,,,,
2006-10-06,,,,,,,,,5.22,,,,,59.68,,,,,11.56,,-0.04,,,,1.26,11.0576,2.166,1.1261,,,,,
2006-10-07,,,,316000.0,,,,,5.22,,,,,,2449000.0,,,,,,,,,,,,,,,,,,
2006-10-08,,,,,,,,,5.22,,,,,,,,,,,,,,,,,,,,,,,,
2006-10-09,,,,,,,,,5.22,,,,2.261,59.93,,,,,11.68,,,,,,,,,,,,,,
2006-10-10,,,,,,,,,5.28,,,,,58.5,,,,,11.52,,-0.07,,,,1.2541,11.059,2.1451,1.1318,,,,,
2006-10-11,,,,,,,,,5.25,,,,,57.56,,,,,11.62,,-0.07,,,,1.2547,11.012,2.15,1.1357,,,,,
2006-10-12,,,,,,,,,5.25,,,,,58.23,,,,,11.09,,-0.06,,,,1.2537,10.94,2.149,1.1356,,,,,
2006-10-13,,,,,,,,,5.21,,,,,58.69,,,,,10.75,,-0.06,,,,1.2502,10.875,2.141,1.1367,,,,,
2006-10-14,,,,305000.0,,,,,5.21,,,,,,2459000.0,,,,,,,,,,,,,,,,,,
2006-10-15,,,,,,,,,5.21,,,,,,,,,,,,,,,,,,,,,,,,
2006-10-16,,,,,,,,,5.28,,,,2.226,59.91,,,,,11.09,,-0.06,,,,1.2518,10.833,2.132,1.1384,,,,,
2006-10-17,,,,,,,,,5.21,,,,,58.91,,,,,11.73,,-0.05,,,,1.2564,10.8685,2.136,1.1379,,,,,
2006-10-18,,,,,,,,,5.23,,,,,57.66,,,,,11.34,,-0.08,,,,1.2516,10.8238,2.131,1.1375,,,,,
2006-10-19,,,,,,,,,5.22,,,,,58.55,,,,,10.9,,-0.06,,,,1.2594,10.7985,2.1355,1.1325,,,,,
2006-10-20,,,,,,,,,5.25,,,,,57.35,,,,,10.63,,-0.08,,,,1.2613,10.8205,2.1425,1.125,,,,,
2006-10-21,,,,313000.0,,,,,5.25,,,,,,2428000.0,,,,,,,,,,,,,,,,,,
2006-10-22,,,,,,,,,5.25,,,,,,,,,,,,,,,,,,,,,,,,
2006-10-23,,,,,,,,,5.24,,,,2.208,56.74,,,,,11.08,,-0.07,,,,1.2544,10.8495,2.1375,1.1281,,,,,
2006-10-24,,,,,,,,,5.24,,,,,57.55,,,,,10.78,,-0.08,,,,1.2565,10.8175,2.1435,1.1271,,,,,
2006-10-25,,,,,,,,,5.26,,,,,59.09,,,,,10.66,,-0.1,,,,1.2591,10.783,2.1463,1.1249,,,,,
2006-10-26,,,,,,,,,5.23,,,,,60.27,,,,,10.56,,-0.08,,,,1.2669,10.733,2.134,1.1254,,,,,
2006-10-27,,,,,,,,,5.23,,,,,60.75,,,,,10.8,,-0.08,,,,1.2725,10.7065,2.135,1.1185,,,,,
2006-10-28,,,,328000.0,,,,,5.23,,,,,,2449000.0,,,,,,,,,,,,,,,,,,
2006-10-29,,,,,,,,,5.23,,,,,,,,,,,,,,,,,,,,,,,,
2006-10-30,,,,,,,,,5.27,,,,2.218,58.41,,,,,11.2,,-0.1,,,,1.2717,10.762,2.1405,1.1235,,,,,
2006-10-31,,,,,,,,,5.31,,,,,58.72,,,,,11.1,,-0.1,,,,1.2773,10.767,2.135,1.1227,,,,,
2006-11-01,137060.0,4.5,20.49,,92.1,3.0,202.0,14034.0,5.23,,66.3,,,58.64,,2626.8,41.0,100.7777,11.51,0.95,-0.09,164.6,317123.0,5.5,1.2771,10.7505,2.1388,1.1313,95.29639,5.0,13.25,4.5,6.5
2006-11-02,,,,,,,,,5.22,,,,,57.87,,,,,11.42,,-0.07,,,,1.278,10.8355,2.1425,1.1361,,,,,
2006-11-03,,,,,,,,,5.25,,,,,59.13,,,,,11.16,,-0.1,,,,1.2705,10.802,2.1432,1.129,,,,,
2006-11-04,,,,319000.0,,,,,5.25,,,,,,2414000.0,,,,,,,,,,,,,,,,,,
2006-11-05,,,,,,,,,5.25,,,,,,,,,,,,,,,,,,,,,,,,
2006-11-06,,,,,,,,,5.24,,,,2.2,60.11,,,,,11.16,,-0.11,,,,1.2715,10.825,2.1337,1.129,,,,,
2006-11-07,,,,,,,,,5.22,,,,,58.94,,,,,11.09,,-0.11,,,,1.2806,10.811,2.135,1.1276,,,,,
2006-11-08,,,,,,,,,5.22,,,,,59.93,,,,,10.75,,-0.11,,,,1.2775,10.866,2.1428,1.1275,,,,,
2006-11-09,,,,,,,,,5.23,,,,,61.18,,,,,11.01,,-0.13,,,,1.2835,10.8628,2.141,1.1291,,,,,
2006-11-10,,,,,,,,,5.23,,,,,59.66,,,,,10.79,,-0.14,,,,1.2861,10.912,2.149,1.1306,,,,,
2006-11-11,,,,311000.0,,,,,5.23,,,,,,2467000.0,,,,,,,,,,,,,,,,,,
2006-11-12,,,,,,,,,5.23,,,,,,,,,,,,,,,,,,,,,,,,
2006-11-13,,,,,,,,,5.27,,,,2.232,58.59,,,,,10.86,,-0.15,,,,1.281,10.924,2.1635,1.1377,,,,,
2006-11-14,,,,,,,,,5.25,,,,,58.28,,,,,10.5,,-0.17,,,,1.2812,10.8655,2.1555,1.1393,,,,,
2006-11-15,,,,,,,,,5.29,,,,,58.79,,,,,10.31,,-0.19,,,,1.2808,10.86,2.1475,1.1389,,,,,
2006-11-16,,,,,,,,,5.25,,,,,56.23,,,,,10.16,,-0.19,,,,1.2808,10.8505,2.149,1.1401,,,,,
2006-11-17,,,,,,,,,5.2,,,,,55.9,,,,,10.05,,-0.15,,,,1.2823,10.967,2.164,1.1458,,,,,
2006-11-18,,,,326000.0,,,,,5.2,,,,,,2506000.0,,,,,,,,,,,,,,,,,,
2006-11-19,,,,,,,,,5.2,,,,,,,,,,,,,,,,,,,,,,,,
2006-11-20,,,,,,,,,5.25,,,,2.239,56.42,,,,,9.97,,-0.16,,,,1.281,10.959,2.158,1.1472,,,,,
2006-11-21,,,,,,,,,5.29,,,,,58.01,,,,,9.9,,-0.17,,,,1.2824,10.9973,2.164,1.1474,,,,,
2006-11-22,,,,,,,,,5.26,,,,,57.28,,,,,10.14,,-0.17,,,,1.2928,10.9705,2.162,1.1414,,,,,
2006-11-23,,,,,,,,,5.26,,,,,,,,,,,,,,,,,,,,,,,,
2006-11-24,,,,,,,,,5.24,,,,,,,,,,10.73,,-0.18,,,,1.3081,11.0225,2.1659,1.1346,,,,,
2006-11-25,,,,349000.0,,,,,5.24,,,,,,2517000.0,,,,,,,,,,,,,,,,,,
2006-11-26,,,,,,,,,5.24,,,,,,,,,,,,,,,,,,,,,,,,
2006-11-27,,,,,,,,,5.32,,,,2.246,60.3,,,,,12.3,,-0.17,,,,1.312,11.0536,2.1805,1.133,,,,,
2006-11-28,,,,,,,,,5.24,,,,,60.97,,,,,11.62,,-0.16,,,,1.3162,11.0331,2.185,1.131,,,,,
2006-11-29,,,,,,,,,5.26,,,,,62.45,,,,,10.83,,-0.17,,,,1.3146,11.011,2.1775,1.1356,,,,,
2006-11-30,,,,,,,,,5.31,,,,,62.97,,,,,10.91,,-0.16,,,,1.3261,11.0,2.1665,1.1413,,,,,
2006-12-01,137249.0,4.4,20.58,,91.7,2.9,203.1,14009.0,5.27,,66.4,,,63.43,,2637.5,41.1,100.893,11.66,0.98,-0.09,165.6,320312.0,5.5,1.3316,10.986,2.161,1.1445,96.16624,5.0,13.25,4.5,6.3
2006-12-02,,,,327000.0,,,,,5.27,,,,,,2472000.0,,,,,,,,,,,,,,,,,,
2006-12-03,,,,,,,,,5.27,,,,,,,,,,,,,,,,,,,,,,,,
2006-12-04,,,,,,,,,5.22,,,,2.297,62.39,,,,,11.23,,-0.09,,,,1.3327,10.9631,2.1675,1.1454,,,,,
2006-12-05,,,,,,,,,5.21,,,,,62.4,,,,,11.27,,-0.07,,,,1.3327,10.8885,2.155,1.1415,,,,,
2006-12-06,,,,,,,,,5.22,,,,,62.2,,,,,11.33,,-0.11,,,,1.3307,10.861,2.1474,1.1468,,,,,
2006-12-07,,,,,,,,,5.25,,,,,62.54,,,,,12.67,,-0.09,,,,1.3296,10.8675,2.141,1.1482,,,,,
2006-12-08,,,,,,,,,5.25,,,,,62.06,,,,,12.07,,-0.12,,,,1.3215,10.8525,2.1382,1.1499,,,,,
2006-12-09,,,,311000.0,,,,,5.25,,,,,,2517000.0,,,,,,,,,,,,,,,,,,
2006-12-10,,,,,,,,,5.25,,,,,,,,,,,,,,,,,,,,,,,,
2006-12-11,,,,,,,,,5.25,,,,2.293,61.26,,,,,10.71,,-0.15,,,,1.3223,10.8365,2.136,1.1474,,,,,
2006-12-12,,,,,,,,,5.23,,,,,61.06,,,,,10.65,,-0.12,,,,1.3233,10.8451,2.149,1.1546,,,,,
2006-12-13,,,,,,,,,5.23,,,,,61.34,,,,,10.18,,-0.12,,,,1.3215,10.826,2.1427,1.1544,,,,,
2006-12-14,,,,,,,,,5.29,,,,,62.48,,,,,9.97,,-0.13,,,,1.3174,10.792,2.141,1.1565,,,,,
2006-12-15,,,,,,,,,5.27,,,,,63.4,,,,,10.05,,-0.13,,,,1.3095,10.7675,2.145,1.1574,,,,,
2006-12-16,,,,318000.0,,,,,5.27,,,,,,2513000.0,,,,,,,,,,,,,,,,,,
2006-12-17,,,,,,,,,5.27,,,,,,,,,,,,,,,,,,,,,,,,
2006-12-18,,,,,,,,,5.21,,,,2.32,62.19,,,,,10.6,,-0.11,,,,1.3073,10.8175,2.146,1.1571,,,,,
2006-12-19,,,,,,,,,5.21,,,,,62.87,,,,,10.3,,-0.11,,,,1.3194,10.847,2.1575,1.1557,,,,,
2006-12-20,,,,,,,,,5.26,,,,,63.08,,,,,10.26,,-0.11,,,,1.3183,10.8133,2.1565,1.1483,,,,,
2006-12-21,,,,,,,,,5.25,,,,,62.05,,,,,10.53,,-0.11,,,,1.3175,10.842,2.158,1.1538,,,,,
2006-12-22,,,,,,,,,5.24,,,,,61.81,,,,,11.36,,-0.08,,,,1.3131,10.858,2.15,1.1575,,,,,
2006-12-23,,,,323000.0,,,,,5.24,,,,,,2449000.0,,,,,,,,,,,,,,,,,,
2006-12-24,,,,,,,,,5.24,,,,,,,,,,,,,,,,,,,,,,,,
2006-12-25,,,,,,,,,5.24,,,,2.341,,,,,,,,,,,,,,,,,,,,
2006-12-26,,,,,,,,,5.29,,,,,61.07,,,,,11.26,,-0.1,,,,1.3132,10.8725,2.143,1.1596,,,,,
2006-12-27,,,,,,,,,5.17,,,,,60.31,,,,,10.64,,-0.11,,,,1.3125,10.882,2.1472,1.161,,,,,
2006-12-28,,,,,,,,,5.25,,,,,60.39,,,,,10.99,,-0.12,,,,1.3158,10.874,2.136,1.1599,,,,,
2006-12-29,,,,,,,,,5.17,,,,,60.85,,,,,11.56,,-0.11,,,,1.3197,10.7995,2.1342,1.1652,,,,,
2006-12-30,,,,341000.0,,,,,5.17,,,,,,2455000.0,,,,,,,,,,,,,,,,,,
2006-12-31,,,,,,,,,5.17,,,,,,,,,,,,,,,,,,,,,,,,
2007-01-01,137472.0,4.6,20.59,,96.9,3.0,203.437,14004.0,5.17,86.014,66.4,,2.334,,,2652.7,41.0,100.9249,,1.09,,164.0,320305.0,5.5,,,,,95.87629,5.25,13.0,4.5,6.4
2007-01-02,,,,,,,,,5.3,,,,,60.77,,,,,,,-0.12,,,,1.3286,10.779,2.134,1.1647,,,,,
2007-01-03,,,,,,,,,5.28,,,,,58.31,,,,,12.04,,-0.09,,,,1.3169,10.765,2.139,1.1699,,,,,
2007-01-04,,,,,,,,,5.24,,,,,55.65,,,,,11.51,,-0.09,,,,1.3094,10.8675,2.142,1.1766,,,,,
2007-01-05,,,,,,,,,5.21,,,,,56.29,,,,,12.14,,-0.11,,,,1.3005,10.959,2.1505,1.1753,,,,,
2007-01-06,,,,330000.0,,,,,5.21,,,,,,2518000.0,,,,,,,,,,,,,,,,,,
2007-01-07,,,,,,,,,5.21,,,,,,,,,,,,,,,,,,,,,,,,
2007-01-08,,,,,,,,,5.23,,,,2.306,56.08,,,,,12.0,,-0.12,,,,1.3023,10.9735,2.15,1.1777,,,,,
2007-01-09,,,,,,,,,5.25,,,,,55.65,,,,,11.91,,-0.13,,,,1.2995,11.0245,2.152,1.1782,,,,,
2007-01-10,,,,,,,,,5.26,,,,,53.95,,,,,11.47,,-0.12,,,,1.294,11.02,2.1516,1.177,,,,,
2007-01-11,,,,,,,,,5.27,,,,,51.91,,,,,10.87,,-0.12,,,,1.2904,10.959,2.145,1.1761,,,,,
2007-01-12,,,,,,,,,5.22,,,,,52.96,,,,,10.15,,-0.11,,,,1.2926,10.979,2.141,1.1706,,,,,
2007-01-13,,,,296000.0,,,,,5.22,,,,,,2507000.0,,,,,,,,,,,,,,,,,,
2007-01-14,,,,,,,,,5.22,,,,,,,,,,,,,,,,,,,,,,,,
2007-01-15,,,,,,,,,5.22,,,,2.229,,,,,,,,,,,,,,,,,,,,
2007-01-16,,,,,,,,,5.28,,,,,51.23,,,,,10.74,,-0.11,,,,1.2918,10.9921,2.1426,1.1748,,,,,
2007-01-17,,,,,,,,,5.25,,,,,52.3,,,,,10.59,,-0.12,,,,1.2948,10.9175,2.1317,1.1737,,,,,
2007-01-18,,,,,,,,,5.23,,,,,50.51,,,,,10.85,,-0.14,,,,1.2942,10.9226,2.13,1.1752,,,,,
2007-01-19,,,,,,,,,5.25,,,,,51.98,,,,,10.4,,-0.15,,,,1.2968,10.886,2.128,1.1722,,,,,
2007-01-20,,,,335000.0,,,,,5.25,,,,,,2552000.0,,,,,,,,,,,,,,,,,,
2007-01-21,,,,,,,,,5.25,,,,,,,,,,,,,,,,,,,,,,,,
2007-01-22,,,,,,,,,5.24,,,,2.165,51.11,,,,,10.77,,-0.15,,,,1.2957,10.9085,2.132,1.1758,,,,,
2007-01-23,,,,,,,,,5.26,,,,,53.61,,,,,10.34,,-0.13,,,,1.3025,10.961,2.134,1.1813,,,,,
2007-01-24,,,,,,,,,5.27,,,,,54.24,,,,,9.89,,-0.12,,,,1.2964,10.9487,2.128,1.1824,,,,,
2007-01-25,,,,,,,,,5.31,,,,,53.49,,,,,11.22,,-0.11,,,,1.298,10.9875,2.13,1.1781,,,,,
2007-01-26,,,,,,,,,5.26,,,,,55.38,,,,,11.13,,-0.11,,,,1.2909,11.043,2.135,1.1798,,,,,
2007-01-27,,,,308000.0,,,,,5.26,,,,,,2520000.0,,,,,,,,,,,,,,,,,,
2007-01-28,,,,,,,,,5.26,,,,,,,,,,,,,,,,,,,,,,,,
2007-01-29,,,,,,,,,5.26,,,,2.165,54.01,,,,,11.45,,-0.09,,,,1.2948,11.092,2.137,1.1815,,,,,
2007-01-30,,,,,,,,,5.23,,,,,57.03,,,,,10.96,,-0.1,,,,1.2954,11.0505,2.133,1.1814,,,,,
2007-01-31,,,,,,,,,5.33,,,,,58.17,,,,,10.42,,-0.11,,,,1.2998,11.0381,2.1225,1.1792,,,,,
2007-02-01,137560.0,4.5,20.68,,91.3,3.0,204.226,13993.0,5.29,,66.3,,,57.35,,2642.9,40.9,100.7022,10.31,1.02,-0.12,166.8,321434.0,5.5,1.3021,10.984,2.1052,1.1756,96.74613,5.25,13.0,4.5,6.3
2007-02-02,,,,,,,,,5.24,,,,,59.01,,,,,10.08,,-0.11,,,,1.296,11.0025,2.096,1.1838,,,,,
2007-02-03,,,,310000.0,,,,,5.24,,,,,,2575000.0,,,,,,,,,,,,,,,,,,
2007-02-04,,,,,,,,,5.24,,,,,,,,,,,,,,,,,,,,,,,,
2007-02-05,,,,,,,,,5.25,,,,2.191,58.69,,,,,10.55,,-0.11,,,,1.2933,10.9275,2.0925,1.1816,,,,,
2007-02-06,,,,,,,,,5.24,,,,,58.91,,,,,10.65,,-0.13,,,,1.2969,10.922,2.0852,1.1819,,,,,
2007-02-07,,,,,,,,,5.23,,,,,57.75,,,,,10.32,,-0.13,,,,1.302,10.94,2.085,1.1851,,,,,
2007-02-08,,,,,,,,,5.25,,,,,59.76,,,,,10.44,,-0.14,,,,1.3034,10.967,2.097,1.1852,,,,,
2007-02-09,,,,,,,,,5.25,,,,,59.86,,,,,11.1,,-0.13,,,,1.3005,10.9555,2.0993,1.1736,,,,,
2007-02-10,,,,338000.0,,,,,5.25,,,,,,2527000.0,,,,,,,,,,,,,,,,,,
2007-02-11,,,,,,,,,5.25,,,,,,,,,,,,,,,,,,,,,,,,
2007-02-12,,,,,,,,,5.28,,,,2.241,57.76,,,,,11.61,,-0.14,,,,1.2962,11.012,2.1135,1.1746,,,,,
2007-02-13,,,,,,,,,5.26,,,,,58.98,,,,,10.34,,-0.13,,,,1.3024,10.99,2.108,1.1686,,,,,
2007-02-14,,,,,,,,,5.27,,,,,58.0,,,,,10.23,,-0.13,,,,1.3126,10.917,2.098,1.166,,,,,
2007-02-15,,,,,,,,,5.29,,,,,57.92,,,,,10.22,,-0.13,,,,1.314,10.952,2.087,1.1642,,,,,
2007-02-16,,,,,,,,,5.24,,,,,59.38,,,,,10.02,,-0.14,,,,1.3137,10.9924,2.0898,1.1638,,,,,
2007-02-17,,,,321000.0,,,,,5.24,,,,,,2626000.0,,,,,,,,,,,,,,,,,,
2007-02-18,,,,,,,,,5.24,,,,,,,,,,,,,,,,,,,,,,,,
2007-02-19,,,,,,,,,5.24,,,,2.296,,,,,,,,,,,,,,,,,,,,
2007-02-20,,,,,,,,,5.27,,,,,58.32,,,,,10.24,,-0.13,,,,1.3134,10.9735,2.081,1.1697,,,,,
2007-02-21,,,,,,,,,5.23,,,,,59.4,,,,,10.2,,-0.13,,,,1.3126,10.9895,2.0791,1.1609,,,,,
2007-02-22,,,,,,,,,5.26,,,,,60.28,,,,,10.18,,-0.14,,,,1.3134,10.9765,2.074,1.1616,,,,,
2007-02-23,,,,,,,,,5.24,,,,,60.28,,,,,10.58,,-0.14,,,,1.3164,11.0285,2.087,1.1586,,,,,
2007-02-24,,,,322000.0,,,,,5.24,,,,,,2549000.0,,,,,,,,,,,,,,,,,,
2007-02-25,,,,,,,,,5.24,,,,,,,,,,,,,,,,,,,,,,,,
2007-02-26,,,,,,,,,5.3,,,,2.383,61.41,,,,,11.15,,-0.14,,,,1.3159,11.0715,2.0828,1.1601,,,,,
2007-02-27,,,,,,,,,5.27,,,,,61.46,,,,,18.31,,-0.09,,,,1.3246,11.1475,2.1045,1.1639,,,,,
2007-02-28,,,,,,,,,5.41,,,,,61.78,,,,,15.42,,-0.09,,,,1.323,11.1575,2.12,1.17,,,,,
2007-03-01,137784.0,4.4,20.72,,88.4,3.0,205.288,13964.0,5.31,,66.2,,,61.97,,2646.7,41.3,100.4308,15.82,1.01,-0.07,169.3,323708.0,5.5,1.3173,11.1846,2.123,1.1711,97.22938,5.25,12.75,4.5,6.3
2007-03-02,,,,,,,,,5.23,,,,,61.58,,,,,18.61,,-0.04,,,,1.3182,11.1765,2.121,1.1752,,,,,
2007-03-03,,,,320000.0,,,,,5.23,,,,,,2581000.0,,,,,,,,,,,,,,,,,,
2007-03-04,,,,,,,,,5.23,,,,,,,,,,,,,,,,,,,,,,,,
2007-03-05,,,,,,,,,5.27,,,,2.505,60.05,,,,,19.63,,-0.02,,,,1.3094,11.174,2.1385,1.181,,,,,
2007-03-06,,,,,,,,,5.22,,,,,60.66,,,,,15.96,,-0.05,,,,1.3108,11.1403,2.1235,1.1759,,,,,
2007-03-07,,,,,,,,,5.24,,,,,61.85,,,,,15.24,,-0.04,,,,1.3148,11.155,2.114,1.1785,,,,,
2007-03-08,,,,,,,,,5.24,,,,,61.63,,,,,14.29,,-0.05,,,,1.3129,11.1451,2.1034,1.1802,,,,,
2007-03-09,,,,,,,,,5.24,,,,,60.06,,,,,14.09,,-0.07,,,,1.3118,11.117,2.0955,1.1712,,,,,
2007-03-10,,,,308000.0,,,,,5.24,,,,,,2511000.0,,,,,,,,,,,,,,,,,,
2007-03-11,,,,,,,,,5.24,,,,,,,,,,,,,,,,,,,,,,,,
2007-03-12,,,,,,,,,5.25,,,,2.559,58.94,,,,,13.99,,-0.06,,,,1.3186,11.157,2.0915,1.1689,,,,,
2007-03-13,,,,,,,,,5.25,,,,,58.03,,,,,18.13,,-0.02,,,,1.3199,11.1615,2.0885,1.1687,,,,,
2007-03-14,,,,,,,,,5.27,,,,,58.15,,,,,17.27,,-0.01,,,,1.3227,11.18,2.106,1.1755,,,,,
2007-03-15,,,,,,,,,5.29,,,,,57.52,,,,,16.43,,-0.03,,,,1.3249,11.142,2.09,1.1757,,,,,
2007-03-16,,,,,,,,,5.25,,,,,57.06,,,,,16.79,,-0.03,,,,1.3307,11.158,2.09,1.1738,,,,,
2007-03-17,,,,309000.0,,,,,5.25,,,,,,2515000.0,,,,,,,,,,,,,,,,,,
2007-03-18,,,,,,,,,5.25,,,,,,,,,,,,,,,,,,,,,,,,
2007-03-19,,,,,,,,,5.26,,,,2.577,56.65,,,,,14.59,,-0.03,,,,1.3299,11.149,2.079,1.175,,,,,
2007-03-20,,,,,,,,,5.26,,,,,56.41,,,,,13.27,,-0.04,,,,1.3291,11.1075,2.0753,1.1638,,,,,
2007-03-21,,,,,,,,,5.26,,,,,56.98,,,,,12.19,,0.02,,,,1.3305,11.0795,2.072,1.1578,,,,,
2007-03-22,,,,,,,,,5.27,,,,,60.21,,,,,12.93,,0.02,,,,1.3359,11.014,2.0555,1.1574,,,,,
2007-03-23,,,,,,,,,5.24,,,,,61.07,,,,,12.95,,0.02,,,,1.3302,11.013,2.067,1.1601,,,,,
2007-03-24,,,,303000.0,,,,,5.24,,,,,,2489000.0,,,,,,,,,,,,,,,,,,
2007-03-25,,,,,,,,,5.24,,,,,,,,,,,,,,,,,,,,,,,,
2007-03-26,,,,,,,,,5.28,,,,2.61,61.77,,,,,13.16,,0.04,,,,1.3336,11.0255,2.061,1.1627,,,,,
2007-03-27,,,,,,,,,5.25,,,,,62.98,,,,,13.48,,0.04,,,,1.3357,11.0495,2.0612,1.1584,,,,,
2007-03-28,,,,,,,,,5.27,,,,,64.11,,,,,14.98,,0.09,,,,1.3331,11.0875,2.074,1.1579,,,,,
2007-03-29,,,,,,,,,5.29,,,,,66.1,,,,,15.14,,0.06,,,,1.3336,11.058,2.054,1.1577,,,,,
2007-03-30,,,,,,,,,5.3,,,,,65.94,,,,,14.64,,0.07,,,,1.3374,11.0427,2.058,1.153,,,,,
2007-03-31,,,,307000.0,,,,,5.3,,,,,,2499000.0,,,,,,,,,,,,,,,,,,
2007-04-01,137847.0,4.5,20.79,,87.1,3.3,205.904,13939.0,5.3,86.272,65.9,,,,,2629.6,41.3,100.257,,1.14,,171.4,322878.0,5.4,,,,,96.45618,5.25,12.5,4.5,6.3
2007-04-02,,,,,,,,,5.25,,,,2.707,66.03,,,,,14.53,,0.05,,,,1.3374,11.0305,2.0465,1.1556,,,,,
2007-04-03,,,,,,,,,5.2,,,,,64.59,,,,,13.46,,0.04,,,,1.3363,10.9785,2.037,1.1573,,,,,
2007-04-04,,,,,,,,,5.21,,,,,64.4,,,,,13.24,,0.05,,,,1.3364,10.9965,2.0308,1.1583,,,,,
2007-04-05,,,,,,,,,5.3,,,,,64.26,,,,,13.23,,0.05,,,,1.3426,10.99,2.0304,1.1509,,,,,
2007-04-06,,,,,,,,,5.3,,,,,,,,,,,,0.01,,,,1.338,10.97,2.0306,1.1511,,,,,
2007-04-07,,,,332000.0,,,,,5.3,,,,,,2497000.0,,,,,,,,,,,,,,,,,,
2007-04-08,,,,,,,,,5.3,,,,,,,,,,,,,,,,,,,,,,,,
2007-04-09,,,,,,,,,5.28,,,,2.802,61.51,,,,,13.14,,0.02,,,,1.3367,10.971,2.0215,1.1522,,,,,
2007-04-10,,,,,,,,,5.26,,,,,61.92,,,,,12.68,,0.02,,,,1.3436,11.0161,2.031,1.1479,,,,,
2007-04-11,,,,,,,,,5.24,,,,,61.98,,,,,13.49,,0.01,,,,1.3436,10.988,2.0305,1.1449,,,,,
2007-04-12,,,,,,,,,5.27,,,,,63.87,,,,,12.71,,0.01,,,,1.3484,11.0125,2.0367,1.1362,,,,,
2007-04-13,,,,,,,,,5.25,,,,,63.63,,,,,12.2,,0.0,,,,1.3518,10.9915,2.0192,1.1379,,,,,
2007-04-14,,,,327000.0,,,,,5.25,,,,,,2538000.0,,,,,,,,,,,,,,,,,,
2007-04-15,,,,,,,,,5.25,,,,,,,,,,,,,,,,,,,,,,,,
2007-04-16,,,,,,,,,5.29,,,,2.876,63.63,,,,,11.98,,0.0,,,,1.355,10.9865,2.0316,1.1309,,,,,
2007-04-17,,,,,,,,,5.2,,,,,63.14,,,,,12.14,,0.01,,,,1.3569,10.987,2.0317,1.1293,,,,,
2007-04-18,,,,,,,,,5.19,,,,,63.14,,,,,12.42,,0.02,,,,1.3574,10.9905,2.038,1.1288,,,,,
2007-04-19,,,,,,,,,5.23,,,,,61.81,,,,,12.54,,0.04,,,,1.3605,11.0005,2.031,1.1286,,,,,
2007-04-20,,,,,,,,,5.25,,,,,63.56,,,,,12.07,,0.04,,,,1.3601,10.9864,2.024,1.1227,,,,,
2007-04-21,,,,321000.0,,,,,5.25,,,,,,2463000.0,,,,,,,,,,,,,,,,,,
2007-04-22,,,,,,,,,5.25,,,,,,,,,,,,,,,,,,,,,,,,
2007-04-23,,,,,,,,,5.23,,,,2.869,65.33,,,,,13.04,,0.04,,,,1.358,10.9685,2.0231,1.1225,,,,,
2007-04-24,,,,,,,,,5.2,,,,,64.1,,,,,13.12,,0.05,,,,1.3622,11.003,2.0359,1.1228,,,,,
2007-04-25,,,,,,,,,5.19,,,,,65.33,,,,,13.21,,0.03,,,,1.3647,10.9385,2.0221,1.1146,,,,,
2007-04-26,,,,,,,,,5.24,,,,,65.08,,,,,12.79,,0.02,,,,1.359,10.926,2.021,1.1202,,,,,
2007-04-27,,,,,,,,,5.24,,,,,66.45,,,,,12.45,,0.04,,,,1.3625,10.924,2.0305,1.1152,,,,,
2007-04-28,,,,301000.0,,,,,5.24,,,,,,2486000.0,,,,,,,,,,,,,,,,,,
2007-04-29,,,,,,,,,5.24,,,,,,,,,,,,,,,,,,,,,,,,
2007-04-30,,,,,,,,,5.29,,,,2.971,65.78,,,,,14.22,,0.03,,,,1.366,10.9295,2.0308,1.1068,,,,,
2007-05-01,137992.0,4.4,20.84,,88.3,3.3,206.755,13922.0,5.26,,66.0,,,64.43,,2611.4,41.1,100.1968,13.51,1.14,0.01,173.3,327266.0,5.4,1.36,10.9308,2.033,1.1088,98.19588,5.5,12.5,4.5,6.2
2007-05-02,,,,,,,,,5.21,,,,,63.78,,,,,13.08,,0.0,,,,1.3598,10.9285,2.0243,1.1087,,,,,
2007-05-03,,,,,,,,,5.24,,,,,63.23,,,,,13.09,,-0.03,,,,1.3566,10.8966,2.022,1.1069,,,,,
2007-05-04,,,,,,,,,5.24,,,,,61.89,,,,,12.91,,-0.03,,,,1.3587,10.8825,2.0283,1.1069,,,,,
2007-05-05,,,,300000.0,,,,,5.24,,,,,,2429000.0,,,,,,,,,,,,,,,,,,
2007-05-06,,,,,,,,,5.24,,,,,,,,,,,,,,,,,,,,,,,,
2007-05-07,,,,,,,,,5.24,,,,3.054,61.48,,,,,13.15,,-0.04,,,,1.3616,10.8504,2.0235,1.1024,,,,,
2007-05-08,,,,,,,,,5.21,,,,,62.26,,,,,13.21,,-0.05,,,,1.3532,10.8475,2.0245,1.1048,,,,,
2007-05-09,,,,,,,,,5.21,,,,,61.54,,,,,12.88,,-0.06,,,,1.3549,10.8231,2.022,1.1063,,,,,
2007-05-10,,,,,,,,,5.25,,,,,61.85,,,,,13.6,,-0.05,,,,1.3512,10.8175,2.0167,1.1073,,,,,
2007-05-11,,,,,,,,,5.27,,,,,62.35,,,,,12.95,,-0.04,,,,1.3519,10.8125,2.0173,1.1136,,,,,
2007-05-12,,,,297000.0,,,,,5.27,,,,,,2465000.0,,,,,,,,,,,,,,,,,,
2007-05-13,,,,,,,,,5.27,,,,,,,,,,,,,,,,,,,,,,,,
2007-05-14,,,,,,,,,5.26,,,,3.103,62.55,,,,,13.96,,-0.04,,,,1.3544,10.7981,2.0103,1.1067,,,,,
2007-05-15,,,,,,,,,5.29,,,,,63.16,,,,,14.01,,-0.04,,,,1.3603,10.7975,1.9888,1.0976,,,,,
2007-05-16,,,,,,,,,5.25,,,,,62.57,,,,,13.5,,-0.02,,,,1.3522,10.7951,1.9636,1.1028,,,,,
2007-05-17,,,,,,,,,5.25,,,,,64.83,,,,,13.51,,-0.02,,,,1.3494,10.8,1.9541,1.0976,,,,,
2007-05-18,,,,,,,,,5.24,,,,,64.93,,,,,12.76,,-0.01,,,,1.3511,10.8222,1.9631,1.0883,,,,,
2007-05-19,,,,310000.0,,,,,5.24,,,,,,2417000.0,,,,,,,,,,,,,,,,,,
2007-05-20,,,,,,,,,5.24,,,,,,,,,,,,,,,,,,,,,,,,
2007-05-21,,,,,,,,,5.24,,,,3.218,66.25,,,,,13.3,,-0.02,,,,1.3457,10.794,1.9426,1.0854,,,,,
2007-05-22,,,,,,,,,5.23,,,,,64.91,,,,,13.06,,0.0,,,,1.3464,10.7641,1.9376,1.0854,,,,,
2007-05-23,,,,,,,,,5.25,,,,,65.1,,,,,13.24,,0.01,,,,1.3482,10.7705,1.9415,1.0816,,,,,
2007-05-24,,,,,,,,,5.24,,,,,63.62,,,,,14.08,,0.01,,,,1.3429,10.8332,1.965,1.0841,,,,,
2007-05-25,,,,,,,,,5.29,,,,,64.59,,,,,13.34,,0.01,,,,1.3452,10.775,1.9456,1.0794,,,,,
2007-05-26,,,,310000.0,,,,,5.29,,,,,,2480000.0,,,,,,,,,,,,,,,,,,
2007-05-27,,,,,,,,,5.29,,,,,,,,,,,,,,,,,,,,,,,,
2007-05-28,,,,,,,,,5.29,,,,3.209,,,,,,,,,,,,,,,,,,,,
2007-05-29,,,,,,,,,5.29,,,,,63.19,,,,,13.53,,0.0,,,,1.3483,10.7965,1.942,1.0719,,,,,
2007-05-30,,,,,,,,,5.25,,,,,63.47,,,,,12.83,,-0.01,,,,1.3419,10.8125,1.9498,1.0753,,,,,
2007-05-31,,,,,,,,,5.28,,,,,64.02,,,,,13.05,,-0.02,,,,1.3453,10.738,1.9225,1.0701,,,,,
2007-06-01,138070.0,4.6,20.95,,85.3,3.4,207.234,13903.0,5.23,,66.0,,,65.09,,2604.3,41.4,100.1562,12.78,1.45,-0.02,173.8,324076.0,5.3,1.344,10.7116,1.901,1.0602,98.38918,5.5,12.0,4.5,6.1
2007-06-02,,,,313000.0,,,,,5.23,,,,,,2452000.0,,,,,,,,,,,,,,,,,,
2007-06-03,,,,,,,,,5.23,,,,,,,,,,,,,,,,,,,,,,,,
2007-06-04,,,,,,,,,5.24,,,,3.157,66.17,,,,,13.29,,-0.04,,,,1.3488,10.7465,1.9182,1.0579,,,,,
2007-06-05,,,,,,,,,5.19,,,,,65.63,,,,,13.63,,-0.01,,,,1.3526,10.795,1.9401,1.0605,,,,,
2007-06-06,,,,,,,,,5.25,,,,,65.97,,,,,14.87,,0.0,,,,1.3492,10.8575,1.968,1.0586,,,,,
2007-06-07,,,,,,,,,5.25,,,,,66.93,,,,,17.06,,0.08,,,,1.3456,10.8985,1.9673,1.0611,,,,,
2007-06-08,,,,,,,,,5.26,,,,,64.78,,,,,14.84,,0.11,,,,1.3359,10.9785,1.9666,1.0622,,,,,
2007-06-09,,,,313000.0,,,,,5.26,,,,,,2484000.0,,,,,,,,,,,,,,,,,,
2007-06-10,,,,,,,,,5.26,,,,,,,,,,,,,,,,,,,,,,,,
2007-06-11,,,,,,,,,5.27,,,,3.076,65.93,,,,,14.71,,0.13,,,,1.3359,10.9146,1.943,1.0614,,,,,
2007-06-12,,,,,,,,,5.26,,,,,65.36,,,,,16.67,,0.18,,,,1.3325,10.9243,1.939,1.0636,,,,,
2007-06-13,,,,,,,,,5.26,,,,,66.17,,,,,14.73,,0.12,,,,1.3295,10.958,1.9467,1.0668,,,,,
2007-06-14,,,,,,,,,5.28,,,,,67.62,,,,,13.64,,0.13,,,,1.3311,10.9085,1.931,1.0684,,,,,
2007-06-15,,,,,,,,,5.26,,,,,68.04,,,,,13.94,,0.11,,,,1.3365,10.8095,1.9098,1.0678,,,,,
2007-06-16,,,,320000.0,,,,,5.26,,,,,,2453000.0,,,,,,,,,,,,,,,,,,
2007-06-17,,,,,,,,,5.26,,,,,,,,,,,,,,,,,,,,,,,,
2007-06-18,,,,,,,,,5.23,,,,3.009,69.06,,,,,13.42,,0.14,,,,1.3401,10.7665,1.9029,1.072,,,,,
2007-06-19,,,,,,,,,5.21,,,,,69.15,,,,,12.85,,0.15,,,,1.3416,10.7404,1.9017,1.0638,,,,,
2007-06-20,,,,,,,,,5.27,,,,,68.5,,,,,14.67,,0.17,,,,1.3426,10.7785,1.9175,1.0646,,,,,
2007-06-21,,,,,,,,,5.26,,,,,68.35,,,,,14.21,,0.18,,,,1.3399,10.8175,1.919,1.0727,,,,,
2007-06-22,,,,,,,,,5.24,,,,,68.85,,,,,15.75,,0.22,,,,1.3438,10.795,1.923,1.0676,,,,,
2007-06-23,,,,313000.0,,,,,5.24,,,,,,2520000.0,,,,,,,,,,,,,,,,,,
2007-06-24,,,,,,,,,5.24,,,,,,,,,,,,,,,,,,,,,,,,
2007-06-25,,,,,,,,,5.29,,,,2.982,68.83,,,,,16.65,,0.22,,,,1.345,10.8151,1.9362,1.0712,,,,,
2007-06-26,,,,,,,,,5.25,,,,,67.78,,,,,18.89,,0.2,,,,1.3468,10.835,1.943,1.0692,,,,,
2007-06-27,,,,,,,,,5.26,,,,,68.98,,,,,15.53,,0.18,,,,1.3433,10.8671,1.95,1.0716,,,,,
2007-06-28,,,,,,,,,5.26,,,,,69.61,,,,,15.54,,0.16,,,,1.3466,10.7855,1.9239,1.0626,,,,,
2007-06-29,,,,,,,,,5.31,,,,,70.47,,,,,16.23,,0.16,,,,1.352,10.7901,1.9301,1.0634,,,,,
2007-06-30,,,,317000.0,,,,,5.31,,,,,,2501000.0,,,,,,,,,,,,,,,,,,
2007-07-01,138044.0,4.7,20.94,,90.4,3.4,207.603,13881.0,5.31,87.03,66.0,,,,,2593.1,41.3,100.1331,,1.39,,175.1,325455.0,5.3,,,,,99.06572,5.75,11.5,4.75,6.0
2007-07-02,,,,,,,,,5.31,,,,2.959,71.11,,,,,15.4,,0.14,,,,1.3627,10.771,1.916,1.0553,,,,,
2007-07-03,,,,,,,,,5.24,,,,,71.41,,,,,14.92,,0.16,,,,1.3615,10.7681,1.9142,1.0593,,,,,
2007-07-04,,,,,,,,,5.24,,,,,,,,,,,,,,,,,,,,,,,,
2007-07-05,,,,,,,,,5.25,,,,,71.81,,,,,15.48,,0.17,,,,1.3592,10.793,1.9134,1.0567,,,,,
2007-07-06,,,,,,,,,5.22,,,,,72.8,,,,,14.72,,0.2,,,,1.3626,10.7805,1.9015,1.0478,,,,,
2007-07-07,,,,321000.0,,,,,5.22,,,,,,2563000.0,,,,,,,,,,,,,,,,,,
2007-07-08,,,,,,,,,5.22,,,,,,,,,,,,,,,,,,,,,,,,
2007-07-09,,,,,,,,,5.22,,,,2.981,72.14,,,,,15.16,,0.19,,,,1.3623,10.7562,1.898,1.0479,,,,,
2007-07-10,,,,,,,,,5.24,,,,,72.8,,,,,17.57,,0.18,,,,1.3714,10.78,1.891,1.052,,,,,
2007-07-11,,,,,,,,,5.24,,,,,72.58,,,,,16.64,,0.2,,,,1.3757,10.825,1.889,1.0557,,,,,
2007-07-12,,,,,,,,,5.26,,,,,72.55,,,,,15.54,,0.19,,,,1.3776,10.7805,1.8758,1.0467,,,,,
2007-07-13,,,,,,,,,5.25,,,,,73.89,,,,,15.15,,0.17,,,,1.3788,10.7651,1.8713,1.0476,,,,,
2007-07-14,,,,317000.0,,,,,5.25,,,,,,2555000.0,,,,,,,,,,,,,,,,,,
2007-07-15,,,,,,,,,5.25,,,,,,,,,,,,,,,,,,,,,,,,
2007-07-16,,,,,,,,,5.32,,,,3.049,74.11,,,,,15.59,,0.16,,,,1.3785,10.7706,1.8694,1.043,,,,,
2007-07-17,,,,,,,,,5.28,,,,,74.03,,,,,15.63,,0.17,,,,1.3782,10.76,1.8639,1.0435,,,,,
2007-07-18,,,,,,,,,5.26,,,,,75.03,,,,,16.0,,0.18,,,,1.3808,10.751,1.8573,1.0435,,,,,
2007-07-19,,,,,,,,,5.25,,,,,75.9,,,,,15.23,,0.17,,,,1.3811,10.7276,1.8538,1.0425,,,,,
2007-07-20,,,,,,,,,5.25,,,,,75.53,,,,,16.95,,0.17,,,,1.3831,10.7966,1.8619,1.044,,,,,
2007-07-21,,,,310000.0,,,,,5.25,,,,,,2514000.0,,,,,,,,,,,,,,,,,,
2007-07-22,,,,,,,,,5.25,,,,,,,,,,,,,,,,,,,,,,,,
2007-07-23,,,,,,,,,5.26,,,,2.958,74.65,,,,,16.81,,0.17,,,,1.3817,10.7574,1.8413,1.045,,,,,
2007-07-24,,,,,,,,,5.25,,,,,73.38,,,,,18.55,,0.17,,,,1.3824,10.7895,1.849,1.0372,,,,,
2007-07-25,,,,,,,,,5.32,,,,,75.74,,,,,18.1,,0.18,,,,1.3711,10.868,1.8705,1.0423,,,,,
2007-07-26,,,,,,,,,5.28,,,,,74.96,,,,,20.74,,0.23,,,,1.373,10.9445,1.8953,1.0504,,,,,
2007-07-27,,,,,,,,,5.25,,,,,77.03,,,,,24.17,,0.24,,,,1.3647,11.011,1.917,1.059,,,,,
2007-07-28,,,,305000.0,,,,,5.25,,,,,,2537000.0,,,,,,,,,,,,,,,,,,
2007-07-29,,,,,,,,,5.25,,,,,,,,,,,,,,,,,,,,,,,,
2007-07-30,,,,,,,,,5.29,,,,2.876,76.82,,,,,20.87,,0.23,,,,1.3681,10.979,1.8865,1.0689,,,,,
2007-07-31,,,,,,,,,5.28,,,,,78.2,,,,,23.52,,0.22,,,,1.3711,10.9311,1.869,1.0656,,,,,
2007-08-01,138013.0,4.6,21.0,,83.4,3.2,207.667,13821.0,5.3,,65.8,,,76.49,,2586.7,41.3,99.90429,23.67,1.63,0.2,172.4,327444.0,5.3,1.3682,10.9605,1.881,1.0565,99.25902,5.75,11.5,4.75,6.0
2007-08-02,,,,,,,,,5.24,,,,,76.84,,,,,21.22,,0.18,,,,1.3693,10.933,1.8692,1.0528,,,,,
2007-08-03,,,,,,,,,5.24,,,,,75.41,,,,,25.16,,0.25,,,,1.3785,10.9645,1.8781,1.0526,,,,,
2007-08-04,,,,314000.0,,,,,5.24,,,,,,2531000.0,,,,,,,,,,,,,,,,,,
2007-08-05,,,,,,,,,5.24,,,,,,,,,,,,,,,,,,,,,,,,
2007-08-06,,,,,,,,,5.26,,,,2.838,72.03,,,,,22.94,,0.26,,,,1.3789,10.978,1.8985,1.0513,,,,,
2007-08-07,,,,,,,,,5.26,,,,,72.25,,,,,21.56,,0.21,,,,1.3747,10.9625,1.907,1.0553,,,,,
2007-08-08,,,,,,,,,5.27,,,,,72.23,,,,,21.45,,0.2,,,,1.3808,10.9265,1.8851,1.0497,,,,,
2007-08-09,,,,,,,,,5.41,,,,,71.62,,,,,26.48,,0.3,,,,1.3701,10.977,1.9144,1.0566,,,,,
2007-08-10,,,,,,,,,4.68,,,,,71.49,,,,,28.3,,0.34,,,,1.3686,10.9988,1.9423,1.0538,,,,,
2007-08-11,,,,316000.0,,,,,4.68,,,,,,2556000.0,,,,,,,,,,,,,,,,,,
2007-08-12,,,,,,,,,4.68,,,,,,,,,,,,,,,,,,,,,,,,
2007-08-13,,,,,,,,,4.81,,,,2.771,71.6,,,,,26.57,,0.32,,,,1.3624,10.9865,1.938,1.0508,,,,,
2007-08-14,,,,,,,,,4.54,,,,,72.4,,,,,27.68,,0.34,,,,1.3581,11.045,1.9752,1.0635,,,,,
2007-08-15,,,,,,,,,4.71,,,,,73.36,,,,,30.67,,0.42,,,,1.3479,11.122,1.9963,1.0746,,,,,
2007-08-16,,,,,,,,,4.97,,,,,70.99,,,,,30.83,,0.52,,,,1.3402,11.2692,2.105,1.0754,,,,,
2007-08-17,,,,,,,,,4.91,,,,,71.9,,,,,29.99,,0.5,,,,1.3492,11.132,2.032,1.0635,,,,,
2007-08-18,,,,321000.0,,,,,4.91,,,,,,2556000.0,,,,,,,,,,,,,,,,,,
2007-08-19,,,,,,,,,4.91,,,,,,,,,,,,,,,,,,,,,,,,
2007-08-20,,,,,,,,,5.03,,,,2.785,71.12,,,,,26.33,,0.53,,,,1.3468,11.123,2.037,1.058,,,,,
2007-08-21,,,,,,,,,4.89,,,,,69.49,,,,,25.25,,0.55,,,,1.3483,11.1185,2.0286,1.0601,,,,,
2007-08-22,,,,,,,,,4.77,,,,,69.3,,,,,22.89,,0.48,,,,1.3535,11.063,2.0131,1.062,,,,,
2007-08-23,,,,,,,,,4.88,,,,,69.86,,,,,22.62,,0.42,,,,1.356,11.0755,1.9992,1.0566,,,,,
2007-08-24,,,,,,,,,5.11,,,,,71.17,,,,,20.72,,0.33,,,,1.3645,11.031,1.9745,1.0525,,,,,
2007-08-25,,,,329000.0,,,,,5.11,,,,,,2569000.0,,,,,,,,,,,,,,,,,,
2007-08-26,,,,,,,,,5.11,,,,,,,,,,,,,,,,,,,,,,,,
2007-08-27,,,,,,,,,5.27,,,,2.749,71.98,,,,,22.72,,0.32,,,,1.3645,11.0405,1.955,1.0515,,,,,
2007-08-28,,,,,,,,,5.3,,,,,71.79,,,,,26.3,,0.4,,,,1.3626,11.099,1.9876,1.0616,,,,,
2007-08-29,,,,,,,,,5.0,,,,,73.52,,,,,23.81,,0.43,,,,1.3675,11.085,1.9741,1.0592,,,,,
2007-08-30,,,,,,,,,5.0,,,,,73.37,,,,,25.06,,0.43,,,,1.3648,11.0845,1.9665,1.0567,,,,,
2007-08-31,,,,,,,,,4.96,,,,,73.98,,,,,23.38,,0.39,,,,1.3641,11.032,1.9672,1.056,,,,,
2007-09-01,138099.0,4.7,21.04,314000.0,83.4,3.1,208.547,13784.0,4.96,,66.0,,,,2565000.0,2557.0,41.3,99.64957,,1.65,,173.5,328668.0,5.2,,,,,100.1289,5.75,11.25,4.75,6.0
2007-09-02,,,,,,,,,4.96,,,,,,,,,,,,,,,,,,,,,,,,
2007-09-03,,,,,,,,,4.96,,,,2.796,,,,,,,,,,,,1.3641,11.032,1.9672,1.056,,,,,
2007-09-04,,,,,,,,,5.22,,,,,75.07,,,,,22.78,,0.43,,,,1.3606,11.0286,1.9465,1.0493,,,,,
2007-09-05,,,,,,,,,5.18,,,,,75.74,,,,,24.58,,0.45,,,,1.3669,11.0866,1.9678,1.0508,,,,,
2007-09-06,,,,,,,,,4.98,,,,,76.34,,,,,23.99,,0.43,,,,1.3697,11.055,1.949,1.0534,,,,,
2007-09-07,,,,,,,,,4.86,,,,,76.7,,,,,26.23,,0.48,,,,1.3772,11.1255,1.9595,1.0546,,,,,
2007-09-08,,,,321000.0,,,,,4.86,,,,,,2537000.0,,,,,,,,,,,,,,,,,,
2007-09-09,,,,,,,,,4.86,,,,,,,,,,,,,,,,,,,,,,,,
2007-09-10,,,,,,,,,5.07,,,,2.818,77.53,,,,,27.38,,0.47,,,,1.3794,11.1475,1.96,1.0532,,,,,
2007-09-11,,,,,,,,,5.06,,,,,78.16,,,,,25.27,,0.42,,,,1.3837,11.1076,1.9305,1.043,,,,,
2007-09-12,,,,,,,,,5.18,,,,,79.85,,,,,24.96,,0.46,,,,1.3904,11.0675,1.9095,1.0372,,,,,
2007-09-13,,,,,,,,,5.09,,,,,80.05,,,,,24.76,,0.41,,,,1.3885,11.0731,1.8979,1.0324,,,,,
2007-09-14,,,,,,,,,5.25,,,,,79.14,,,,,24.92,,0.42,,,,1.3848,11.1095,1.8945,1.0292,,,,,
2007-09-15,,,,313000.0,,,,,5.25,,,,,,2536000.0,,,,,,,,,,,,,,,,,,
2007-09-16,,,,,,,,,5.25,,,,,,,,,,,,,,,,,,,,,,,,
2007-09-17,,,,,,,,,5.33,,,,2.787,80.55,,,,,26.48,,0.4,,,,1.386,11.1482,1.9129,1.0307,,,,,
2007-09-18,,,,,,,,,4.92,,,,,81.51,,,,,20.35,,0.5,,,,1.3869,11.0925,1.9005,1.0234,,,,,
2007-09-19,,,,,,,,,4.74,,,,,81.99,,,,,20.03,,0.53,,,,1.395,10.988,1.87,1.0147,,,,,
2007-09-20,,,,,,,,,4.77,,,,,83.85,,,,,20.45,,0.59,,,,1.4092,10.9676,1.856,1.0011,,,,,
2007-09-21,,,,,,,,,4.76,,,,,83.38,,,,,19.0,,0.58,,,,1.4076,10.9456,1.862,1.0008,,,,,
2007-09-22,,,,302000.0,,,,,4.76,,,,,,2530000.0,,,,,,,,,,,,,,,,,,
2007-09-23,,,,,,,,,4.76,,,,,,,,,,,,,,,,,,,,,,,,
2007-09-24,,,,,,,,,4.74,,,,2.812,82.51,,,,,19.37,,0.58,,,,1.4086,10.9385,1.87,1.0011,,,,,
2007-09-25,,,,,,,,,4.82,,,,,81.2,,,,,18.6,,0.63,,,,1.4128,10.9413,1.865,1.0005,,,,,
2007-09-26,,,,,,,,,4.88,,,,,80.31,,,,,17.63,,0.66,,,,1.4126,10.9265,1.853,1.0045,,,,,
2007-09-27,,,,,,,,,4.93,,,,,82.86,,,,,17.0,,0.63,,,,1.4138,10.9255,1.838,1.0031,,,,,
2007-09-28,,,,,,,,,4.58,,,,,81.64,,,,,18.0,,0.62,,,,1.4219,10.9315,1.836,0.9959,,,,,
2007-09-29,,,,317000.0,,,,,4.58,,,,,,2518000.0,,,,,,,,,,,,,,,,,,
2007-09-30,,,,,,,,,4.58,,,,,,,,,,,,,,,,,,,,,,,,
2007-10-01,138175.0,4.7,21.06,,80.9,3.1,209.19,13756.0,4.92,87.716,65.8,,2.788,80.31,,2568.0,41.2,99.35554,17.84,1.72,0.54,174.7,330544.0,5.2,1.4229,10.913,1.8179,0.9929,100.3222,5.75,11.25,4.75,6.0
2007-10-02,,,,,,,,,4.78,,,,,80.0,,,,,18.49,,0.56,,,,1.4163,10.9101,1.822,1.0002,,,,,
2007-10-03,,,,,,,,,4.68,,,,,79.97,,,,,18.8,,0.53,,,,1.4135,10.873,1.827,0.9961,,,,,
2007-10-04,,,,,,,,,4.74,,,,,81.48,,,,,18.44,,0.54,,,,1.4128,10.891,1.8288,0.998,,,,,
2007-10-05,,,,,,,,,4.77,,,,,81.2,,,,,16.91,,0.57,,,,1.4154,10.8474,1.8057,0.9815,,,,,
2007-10-06,,,,316000.0,,,,,4.77,,,,,,2521000.0,,,,,,,,,,,,,,,,,,
2007-10-07,,,,,,,,,4.77,,,,,,,,,,,,,,,,,,,,,,,,
2007-10-08,,,,,,,,,4.77,,,,2.77,78.97,,,,,17.46,,,,,,1.4154,10.8474,1.8057,0.9815,,,,,
2007-10-09,,,,,,,,,4.91,,,,,80.23,,,,,16.12,,0.52,,,,1.4092,10.8281,1.801,0.9846,,,,,
2007-10-10,,,,,,,,,4.52,,,,,81.3,,,,,16.67,,0.5,,,,1.4157,10.8402,1.8015,0.9813,,,,,
2007-10-11,,,,,,,,,4.75,,,,,83.05,,,,,18.88,,0.53,,,,1.4228,10.812,1.7897,0.9744,,,,,
2007-10-12,,,,,,,,,4.75,,,,,83.73,,,,,17.73,,0.47,,,,1.4168,10.825,1.7998,0.9737,,,,,
2007-10-13,,,,335000.0,,,,,4.75,,,,,,2541000.0,,,,,,,,,,,,,,,,,,
2007-10-14,,,,,,,,,4.75,,,,,,,,,,,,,,,,,,,,,,,,
2007-10-15,,,,,,,,,4.81,,,,2.762,86.19,,,,,19.25,,0.47,,,,1.4216,10.8085,1.8068,0.9756,,,,,
2007-10-16,,,,,,,,,4.68,,,,,87.58,,,,,20.02,,0.54,,,,1.4165,10.8368,1.8229,0.9778,,,,,
2007-10-17,,,,,,,,,4.7,,,,,87.19,,,,,18.54,,0.57,,,,1.4208,10.8145,1.806,0.9736,,,,,
2007-10-18,,,,,,,,,4.69,,,,,89.48,,,,,18.5,,0.59,,,,1.4291,10.815,1.8048,0.9733,,,,,
2007-10-19,,,,,,,,,4.77,,,,,88.58,,,,,22.96,,0.61,,,,1.4263,10.7945,1.7963,0.9637,,,,,
2007-10-20,,,,334000.0,,,,,4.77,,,,,,2598000.0,,,,,,,,,,,,,,,,,,
2007-10-21,,,,,,,,,4.77,,,,,,,,,,,,,,,,,,,,,,,,
2007-10-22,,,,,,,,,4.71,,,,2.823,87.6,,,,,21.64,,0.57,,,,1.4138,10.8381,1.8187,0.9811,,,,,
2007-10-23,,,,,,,,,4.67,,,,,86.45,,,,,20.41,,0.6,,,,1.4248,10.8288,1.797,0.9673,,,,,
2007-10-24,,,,,,,,,4.74,,,,,88.3,,,,,20.8,,0.62,,,,1.4237,10.8425,1.8033,0.971,,,,,
2007-10-25,,,,,,,,,4.86,,,,,92.09,,,,,21.17,,0.63,,,,1.4299,10.8385,1.7931,0.9673,,,,,
2007-10-26,,,,,,,,,4.8,,,,,91.73,,,,,19.56,,0.64,,,,1.439,10.762,1.7779,0.9619,,,,,
2007-10-27,,,,328000.0,,,,,4.8,,,,,,2587000.0,,,,,,,,,,,,,,,,,,
2007-10-28,,,,,,,,,4.8,,,,,,,,,,,,,,,,,,,,,,,,
2007-10-29,,,,,,,,,4.84,,,,2.872,93.45,,,,,19.87,,0.6,,,,1.4405,10.7087,1.7555,0.9547,,,,,
2007-10-30,,,,,,,,,4.78,,,,,90.33,,,,,21.07,,0.58,,,,1.4424,10.718,1.7502,0.9534,,,,,
2007-10-31,,,,,,,,,4.6,,,,,94.16,,,,,18.53,,0.54,,,,1.4468,10.6996,1.7386,0.9496,,,,,
2007-11-01,138290.0,4.7,21.12,,76.1,3.4,210.834,13751.0,4.59,,66.0,,,93.53,,2553.5,41.3,99.07018,23.21,1.91,0.59,179.0,334021.0,5.2,1.4435,10.667,1.7473,0.9497,100.0322,5.75,11.25,4.75,6.1
2007-11-02,,,,,,,,,4.28,,,,,95.81,,,,,23.01,,0.65,,,,1.4481,10.7002,1.755,0.936,,,,,
2007-11-03,,,,327000.0,,,,,4.28,,,,,,2617000.0,,,,,,,,,,,,,,,,,,
2007-11-04,,,,,,,,,4.28,,,,,,,,,,,,,,,,,,,,,,,,
2007-11-05,,,,,,,,,4.29,,,,3.013,94.06,,,,,24.31,,0.66,,,,1.4469,10.7306,1.754,0.9337,,,,,
2007-11-06,,,,,,,,,4.22,,,,,96.65,,,,,21.39,,0.68,,,,1.4555,10.703,1.7298,0.9243,,,,,
2007-11-07,,,,,,,,,4.39,,,,,96.46,,,,,26.49,,0.73,,,,1.4667,10.737,1.7304,0.9168,,,,,
2007-11-08,,,,,,,,,4.58,,,,,95.51,,,,,26.16,,0.81,,,,1.4691,10.8165,1.7352,0.9303,,,,,
2007-11-09,,,,,,,,,4.49,,,,,96.36,,,,,28.5,,0.81,,,,1.4665,10.8806,1.7505,0.9385,,,,,
2007-11-10,,,,333000.0,,,,,4.49,,,,,,2607000.0,,,,,,,,,,,,,,,,,,
2007-11-11,,,,,,,,,4.49,,,,,,,,,,,,,,,,,,,,,,,,
2007-11-12,,,,,,,,,4.49,,,,3.111,94.4,,,,,31.09,,,,,,,,,,,,,,
2007-11-13,,,,,,,,,4.61,,,,,91.18,,,,,24.1,,0.72,,,,1.4598,10.8921,1.7682,0.9639,,,,,
2007-11-14,,,,,,,,,4.6,,,,,94.02,,,,,25.94,,0.71,,,,1.467,10.869,1.7335,0.9608,,,,,
2007-11-15,,,,,,,,,4.54,,,,,93.37,,,,,28.06,,0.82,,,,1.4639,10.92,1.7448,0.9804,,,,,
2007-11-16,,,,,,,,,4.51,,,,,94.81,,,,,25.49,,0.82,,,,1.4652,10.9291,1.7422,0.9727,,,,,
2007-11-17,,,,332000.0,,,,,4.51,,,,,,2609000.0,,,,,,,,,,,,,,,,,,
2007-11-18,,,,,,,,,4.51,,,,,,,,,,,,,,,,,,,,,,,,
2007-11-19,,,,,,,,,4.51,,,,3.099,95.75,,,,,26.01,,0.89,,,,1.4658,10.9925,1.761,0.9839,,,,,
2007-11-20,,,,,,,,,4.51,,,,,99.16,,,,,24.88,,0.92,,,,1.4787,10.96,1.757,0.9848,,,,,
2007-11-21,,,,,,,,,4.5,,,,,98.57,,,,,26.84,,1.01,,,,1.4829,11.0005,1.7859,0.9894,,,,,
2007-11-22,,,,,,,,,4.5,,,,,,,,,,,,,,,,1.4829,11.0005,1.7859,0.9894,,,,,
2007-11-23,,,,,,,,,4.56,,,,,98.24,,,,,25.61,,0.94,,,,1.4825,10.9755,1.802,0.9887,,,,,
2007-11-24,,,,352000.0,,,,,4.56,,,,,,2634000.0,,,,,,,,,,,,,,,,,,
2007-11-25,,,,,,,,,4.56,,,,,,,,,,,,,,,,,,,,,,,,
2007-11-26,,,,,,,,,4.62,,,,3.097,97.66,,,,,28.91,,0.91,,,,1.4862,10.987,1.8302,0.9877,,,,,
2007-11-27,,,,,,,,,4.39,,,,,94.39,,,,,26.28,,0.9,,,,1.4817,10.9745,1.838,0.9968,,,,,
2007-11-28,,,,,,,,,4.53,,,,,90.71,,,,,24.11,,0.86,,,,1.475,10.934,1.7976,0.9907,,,,,
2007-11-29,,,,,,,,,4.55,,,,,90.98,,,,,23.97,,0.88,,,,1.4766,10.9385,1.776,0.9928,,,,,
2007-11-30,,,,,,,,,4.66,,,,,88.6,,,,,22.87,,0.93,,,,1.4688,10.896,1.78,1.0007,,,,,
2007-12-01,138395.0,5.0,21.16,344000.0,75.5,3.4,211.445,13739.0,4.66,,66.0,,,,2639000.0,2541.9,41.1,98.9023,,2.41,,178.6,329259.0,5.2,,,,,100.9021,5.5,11.25,4.5,6.2
2007-12-02,,,,,,,,,4.66,,,,,,,,,,,,,,,,,,,,,,,,
2007-12-03,,,,,,,,,4.52,,,,3.061,89.29,,,,,23.61,,0.99,,,,1.4657,10.907,1.784,1.0,,,,,
2007-12-04,,,,,,,,,4.5,,,,,88.31,,,,,23.79,,0.99,,,,1.4759,10.908,1.8204,1.0106,,,,,
2007-12-05,,,,,,,,,4.31,,,,,87.45,,,,,22.53,,1.02,,,,1.4666,10.853,1.7928,1.0127,,,,,
2007-12-06,,,,,,,,,4.49,,,,,90.25,,,,,20.96,,0.99,,,,1.4638,10.8346,1.7868,1.0125,,,,,
2007-12-07,,,,,,,,,4.41,,,,,88.23,,,,,20.85,,1.0,,,,1.4664,10.814,1.762,1.0051,,,,,
2007-12-08,,,,332000.0,,,,,4.41,,,,,,2672000.0,,,,,,,,,,,,,,,,,,
2007-12-09,,,,,,,,,4.41,,,,,,,,,,,,,,,,,,,,,,,,
2007-12-10,,,,,,,,,4.46,,,,3.0,87.72,,,,,20.74,,0.98,,,,1.4714,10.8195,1.7625,1.0103,,,,,
2007-12-11,,,,,,,,,4.29,,,,,90.12,,,,,23.59,,1.04,,,,1.4702,10.8001,1.758,1.0107,,,,,
2007-12-12,,,,,,,,,4.28,,,,,94.41,,,,,22.47,,0.98,,,,1.4702,10.8105,1.7583,1.0107,,,,,
2007-12-13,,,,,,,,,4.3,,,,,92.35,,,,,22.56,,0.97,,,,1.4591,10.83,1.776,1.0216,,,,,
2007-12-14,,,,,,,,,4.24,,,,,91.31,,,,,23.27,,0.93,,,,1.4433,10.824,1.7959,1.0135,,,,,
2007-12-15,,,,350000.0,,,,,4.24,,,,,,2737000.0,,,,,,,,,,,,,,,,,,
2007-12-16,,,,,,,,,4.24,,,,,,,,,,,,,,,,,,,,,,,,
2007-12-17,,,,,,,,,4.31,,,,2.998,90.69,,,,,24.52,,0.96,,,,1.4369,10.8509,1.8158,1.0072,,,,,
2007-12-18,,,,,,,,,4.16,,,,,89.93,,,,,22.64,,0.95,,,,1.4392,10.8601,1.8092,1.0105,,,,,
2007-12-19,,,,,,,,,3.98,,,,,91.11,,,,,21.68,,0.94,,,,1.4344,10.8455,1.8025,1.0056,,,,,
2007-12-20,,,,,,,,,4.37,,,,,90.88,,,,,20.58,,0.95,,,,1.4353,10.8405,1.8021,0.9983,,,,,
2007-12-21,,,,,,,,,4.28,,,,,93.19,,,,,18.47,,0.99,,,,1.4361,10.8225,1.7906,0.9943,,,,,
2007-12-22,,,,355000.0,,,,,4.28,,,,,,2752000.0,,,,,,,,,,,,,,,,,,
2007-12-23,,,,,,,,,4.28,,,,,,,,,,,,,,,,,,,,,,,,
2007-12-24,,,,,,,,,4.0,,,,2.98,94.0,,,,,18.6,,0.99,,,,1.4409,10.813,1.7915,0.9871,,,,,
2007-12-25,,,,,,,,,4.0,,,,,,,,,,,,,,,,,,,,,,,,
2007-12-26,,,,,,,,,4.26,,,,,95.89,,,,,18.66,,0.99,,,,1.45,10.813,1.7735,0.9834,,,,,
2007-12-27,,,,,,,,,4.15,,,,,96.63,,,,,20.26,,0.97,,,,1.4601,10.867,1.7655,0.9808,,,,,
2007-12-28,,,,,,,,,4.01,,,,,96.03,,,,,20.74,,0.99,,,,1.4718,10.8958,1.7771,0.9784,,,,,
2007-12-29,,,,360000.0,,,,,4.01,,,,,,2760000.0,,,,,,,,,,,,,,,,,,
2007-12-30,,,,,,,,,4.01,,,,,,,,,,,,,,,,,,,,,,,,
2007-12-31,,,,,,,,,3.06,,,,3.053,95.95,,,,,22.5,,0.99,,,,1.4603,10.9169,1.779,0.9881,,,,,
2008-01-01,138391.0,5.0,21.19,,78.4,3.4,212.174,13717.0,3.06,87.136,66.2,,,,,2548.8,41.1,98.74091,,2.6,,181.0,330478.0,5.2,,,,,101.7719,5.5,11.25,4.25,6.1
2008-01-02,,,,,,,,,4.11,,,,,99.64,,,,,23.17,,1.03,,,,1.4738,10.902,1.7681,0.9922,,,,,
2008-01-03,,,,,,,,,4.25,,,,,99.17,,,,,22.49,,1.08,,,,1.4736,10.8821,1.7496,0.9905,,,,,
2008-01-04,,,,,,,,,4.18,,,,,97.9,,,,,23.94,,1.14,,,,1.4786,10.927,1.7607,0.9988,,,,,
2008-01-05,,,,346000.0,,,,,4.18,,,,,,2828000.0,,,,,,,,,,,,,,,,,,
2008-01-06,,,,,,,,,4.18,,,,,,,,,,,,,,,,,,,,,,,,
2008-01-07,,,,,,,,,4.27,,,,3.109,95.08,,,,,23.79,,1.1,,,,1.4684,10.9175,1.7679,1.005,,,,,
2008-01-08,,,,,,,,,4.27,,,,,96.43,,,,,25.43,,1.1,,,,1.4717,10.8887,1.7565,0.9985,,,,,
2008-01-09,,,,,,,,,4.26,,,,,95.64,,,,,24.12,,1.13,,,,1.4663,10.973,1.7725,1.0083,,,,,
2008-01-10,,,,,,,,,4.26,,,,,93.92,,,,,23.45,,1.2,,,,1.474,10.9575,1.764,1.0139,,,,,
2008-01-11,,,,,,,,,4.23,,,,,92.74,,,,,23.68,,1.23,,,,1.4787,10.922,1.749,1.0198,,,,,
2008-01-12,,,,322000.0,,,,,4.23,,,,,,2752000.0,,,,,,,,,,,,,,,,,,
2008-01-13,,,,,,,,,4.23,,,,,,,,,,,,,,,,,,,,,,,,
2008-01-14,,,,,,,,,4.24,,,,3.068,94.23,,,,,22.9,,1.23,,,,1.4877,10.9155,1.7346,1.021,,,,,
2008-01-15,,,,,,,,,4.24,,,,,91.87,,,,,23.34,,1.19,,,,1.4842,10.9177,1.7481,1.0167,,,,,
2008-01-16,,,,,,,,,4.22,,,,,90.8,,,,,24.38,,1.23,,,,1.4643,10.936,1.7685,1.0238,,,,,
2008-01-17,,,,,,,,,4.23,,,,,90.11,,,,,28.46,,1.22,,,,1.469,10.941,1.7769,1.029,,,,,
2008-01-18,,,,,,,,,4.17,,,,,90.55,,,,,27.18,,1.3,,,,1.4616,10.9375,1.793,1.0294,,,,,
2008-01-19,,,,321000.0,,,,,4.17,,,,,,2770000.0,,,,,,,,,,,,,,,,,,
2008-01-20,,,,,,,,,4.17,,,,,,,,,,,,,,,,,,,,,,,,
2008-01-21,,,,,,,,,4.17,,,,3.017,,,,,,,,,,,,,,,,,,,,
2008-01-22,,,,,,,,,3.68,,,,,89.64,,,,,31.01,,1.44,,,,1.4609,10.926,1.8013,1.0248,,,,,
2008-01-23,,,,,,,,,3.43,,,,,87.65,,,,,29.02,,1.42,,,,1.4574,10.9529,1.8175,1.0282,,,,,
2008-01-24,,,,,,,,,3.47,,,,,89.98,,,,,27.78,,1.43,,,,1.4737,10.891,1.7848,1.0071,,,,,
2008-01-25,,,,,,,,,3.6,,,,,90.37,,,,,29.08,,1.38,,,,1.4673,10.868,1.786,1.0044,,,,,
2008-01-26,,,,366000.0,,,,,3.6,,,,,,2845000.0,,,,,,,,,,,,,,,,,,
2008-01-27,,,,,,,,,3.6,,,,,,,,,,,,,,,,,,,,,,,,
2008-01-28,,,,,,,,,3.5,,,,2.977,90.99,,,,,27.78,,1.41,,,,1.4789,10.873,1.7828,1.0042,,,,,
2008-01-29,,,,,,,,,3.47,,,,,91.66,,,,,27.32,,1.4,,,,1.4767,10.8405,1.7728,0.9978,,,,,
2008-01-30,,,,,,,,,3.26,,,,,92.34,,,,,27.62,,1.48,,,,1.4782,10.8315,1.7778,0.9936,,,,,
2008-01-31,,,,,,,,,3.22,,,,,91.67,,,,,26.2,,1.5,,,,1.4841,10.819,1.7578,1.0018,,,,,
2008-02-01,138329.0,4.9,21.27,,70.8,3.6,212.687,13690.0,3.12,,66.0,,,89.03,,2505.9,41.1,98.35253,24.02,3.84,1.53,182.7,327869.0,5.2,1.4851,10.812,1.7438,0.9939,101.3853,5.25,11.25,4.25,6.1
2008-02-02,,,,350000.0,,,,,3.12,,,,,,2810000.0,,,,,,,,,,,,,,,,,,
2008-02-03,,,,,,,,,3.12,,,,,,,,,,,,,,,,,,,,,,,,
2008-02-04,,,,,,,,,2.82,,,,2.978,90.07,,,,,25.99,,1.6,,,,1.4832,10.7925,1.7455,0.9927,,,,,
2008-02-05,,,,,,,,,2.71,,,,,88.32,,,,,28.24,,1.68,,,,1.4638,10.8236,1.7605,1.0043,,,,,
2008-02-06,,,,,,,,,2.94,,,,,87.16,,,,,28.97,,1.65,,,,1.4647,10.8178,1.7508,1.0023,,,,,
2008-02-07,,,,,,,,,3.03,,,,,88.07,,,,,27.66,,1.75,,,,1.4495,10.7946,1.761,1.0115,,,,,
2008-02-08,,,,,,,,,3.05,,,,,91.77,,,,,28.01,,1.71,,,,1.4505,10.758,1.7655,0.9994,,,,,
2008-02-09,,,,344000.0,,,,,3.05,,,,,,2846000.0,,,,,,,,,,,,,,,,,,
2008-02-10,,,,,,,,,3.05,,,,,,,,,,,,,,,,,,,,,,,,
2008-02-11,,,,,,,,,2.88,,,,2.96,93.56,,,,,27.6,,1.69,,,,1.4506,10.7725,1.7605,1.0018,,,,,
2008-02-12,,,,,,,,,2.91,,,,,92.82,,,,,26.33,,1.72,,,,1.4592,10.7481,1.745,0.9963,,,,,
2008-02-13,,,,,,,,,3.02,,,,,93.28,,,,,24.88,,1.79,,,,1.4569,10.75,1.7458,0.9992,,,,,
2008-02-14,,,,,,,,,3.03,,,,,95.42,,,,,25.54,,1.92,,,,1.4635,10.7457,1.7463,0.9967,,,,,
2008-02-15,,,,,,,,,2.97,,,,,95.57,,,,,25.02,,1.85,,,,1.4674,10.766,1.7513,1.0013,,,,,
2008-02-16,,,,339000.0,,,,,2.97,,,,,,2837000.0,,,,,,,,,,,,,,,,,,
2008-02-17,,,,,,,,,2.97,,,,,,,,,,,,,,,,,,,,,,,,
2008-02-18,,,,,,,,,2.97,,,,3.042,,,,,,,,,,,,,,,,,,,,
2008-02-19,,,,,,,,,2.94,,,,,99.99,,,,,25.59,,1.83,,,,1.4742,10.746,1.7315,1.0159,,,,,
2008-02-20,,,,,,,,,3.0,,,,,100.86,,,,,24.4,,1.79,,,,1.4663,10.799,1.734,1.0188,,,,,
2008-02-21,,,,,,,,,3.01,,,,,98.57,,,,,25.12,,1.79,,,,1.4813,10.798,1.707,1.0083,,,,,
2008-02-22,,,,,,,,,2.97,,,,,99.03,,,,,24.06,,1.81,,,,1.4825,10.7751,1.7086,1.0155,,,,,
2008-02-23,,,,354000.0,,,,,2.97,,,,,,2884000.0,,,,,,,,,,,,,,,,,,
2008-02-24,,,,,,,,,2.97,,,,,,,,,,,,,,,,,,,,,,,,
2008-02-25,,,,,,,,,3.0,,,,3.13,99.4,,,,,23.03,,1.78,,,,1.4822,10.7915,1.7052,0.9982,,,,,
2008-02-26,,,,,,,,,2.85,,,,,100.83,,,,,21.9,,1.84,,,,1.4889,10.732,1.686,0.9861,,,,,
2008-02-27,,,,,,,,,2.93,,,,,99.59,,,,,22.69,,1.84,,,,1.5132,10.736,1.6671,0.9776,,,,,
2008-02-28,,,,,,,,,3.06,,,,,102.6,,,,,23.53,,1.84,,,,1.5172,10.673,1.68,0.9717,,,,,
2008-02-29,,,,,,,,,3.01,,,,,101.78,,,,,26.54,,1.88,,,,1.5187,10.7263,1.6845,0.9796,,,,,
2008-03-01,138259.0,5.1,21.36,345000.0,69.5,4.3,213.448,13650.0,3.01,,66.1,,,,2867000.0,2485.8,41.3,97.88428,,4.28,,187.9,328493.0,5.3,,,,,101.2887,5.25,11.25,3.75,6.2
2008-03-02,,,,,,,,,3.01,,,,,,,,,,,,,,,,,,,,,,,,
2008-03-03,,,,,,,,,3.1,,,,3.162,102.42,,,,,26.28,,1.93,,,,1.5195,10.7001,1.6779,0.9867,,,,,
2008-03-04,,,,,,,,,2.9,,,,,99.72,,,,,25.52,,1.98,,,,1.521,10.7175,1.6818,0.9954,,,,,
2008-03-05,,,,,,,,,2.93,,,,,104.45,,,,,24.6,,2.04,,,,1.5282,10.7015,1.6673,0.9897,,,,,
2008-03-06,,,,,,,,,2.99,,,,,105.51,,,,,27.55,,2.09,,,,1.5356,10.765,1.669,0.9847,,,,,
2008-03-07,,,,,,,,,2.96,,,,,105.12,,,,,27.49,,2.03,,,,1.5333,10.8441,1.6873,0.9916,,,,,
2008-03-08,,,,348000.0,,,,,2.96,,,,,,2895000.0,,,,,,,,,,,,,,,,,,
2008-03-09,,,,,,,,,2.96,,,,,,,,,,,,,,,,,,,,,,,,
2008-03-10,,,,,,,,,2.99,,,,3.225,107.9,,,,,29.38,,1.99,,,,1.5369,10.849,1.7037,0.9975,,,,,
2008-03-11,,,,,,,,,2.95,,,,,108.73,,,,,26.36,,1.86,,,,1.5329,10.797,1.7011,0.9953,,,,,
2008-03-12,,,,,,,,,2.97,,,,,109.86,,,,,27.22,,1.86,,,,1.5495,10.781,1.6802,0.9895,,,,,
2008-03-13,,,,,,,,,2.98,,,,,110.21,,,,,27.29,,1.93,,,,1.5584,10.7775,1.6994,0.9841,,,,,
2008-03-14,,,,,,,,,2.99,,,,,110.03,,,,,31.16,,1.97,,,,1.5604,10.7615,1.704,0.9867,,,,,
2008-03-15,,,,369000.0,,,,,2.99,,,,,,2897000.0,,,,,,,,,,,,,,,,,,
2008-03-16,,,,,,,,,2.99,,,,,,,,,,,,,,,,,,,,,,,,
2008-03-17,,,,,,,,,2.69,,,,3.284,105.74,,,,,32.24,,1.99,,,,1.5765,10.7822,1.7221,0.9977,,,,,
2008-03-18,,,,,,,,,2.16,,,,,109.57,,,,,25.79,,1.9,,,,1.5784,10.7165,1.706,0.9938,,,,,
2008-03-19,,,,,,,,,2.08,,,,,103.25,,,,,29.84,,1.84,,,,1.5642,10.6965,1.6996,1.0027,,,,,
2008-03-20,,,,,,,,,2.22,,,,,102.57,,,,,26.62,,1.75,,,,1.5417,10.723,1.7392,1.0265,,,,,
2008-03-21,,,,,,,,,2.08,,,,,,,,,,,,,,,,1.5447,10.717,1.7308,1.0239,,,,,
2008-03-22,,,,368000.0,,,,,2.08,,,,,,2938000.0,,,,,,,,,,,,,,,,,,
2008-03-23,,,,,,,,,2.08,,,,,,,,,,,,,,,,,,,,,,,,
2008-03-24,,,,,,,,,2.08,,,,3.259,101.7,,,,,25.73,,1.72,,,,1.5394,10.67,1.7303,1.0203,,,,,
2008-03-25,,,,,,,,,2.42,,,,,101.78,,,,,25.72,,1.72,,,,1.5595,10.681,1.7403,1.0176,,,,,
2008-03-26,,,,,,,,,2.3,,,,,105.83,,,,,26.08,,1.8,,,,1.5761,10.6915,1.7353,1.018,,,,,
2008-03-27,,,,,,,,,2.27,,,,,107.56,,,,,25.88,,1.83,,,,1.5798,10.6935,1.7313,1.0146,,,,,
2008-03-28,,,,,,,,,2.09,,,,,105.59,,,,,25.71,,1.8,,,,1.5759,10.6925,1.7393,1.018,,,,,
2008-03-29,,,,387000.0,,,,,2.09,,,,,,2967000.0,,,,,,,,,,,,,,,,,,
2008-03-30,,,,,,,,,2.09,,,,,,,,,,,,,,,,,,,,,,,,
2008-03-31,,,,,,,,,2.51,,,,3.29,101.54,,,,,25.61,,1.83,,,,1.5805,10.63,1.7441,1.0275,,,,,
2008-04-01,138040.0,5.0,21.38,,62.6,4.8,213.942,13589.0,2.38,88.158,65.9,,,100.92,,2463.2,41.2,97.35648,22.68,4.69,1.77,190.9,328037.0,5.2,1.5615,10.6005,1.741,1.0268,101.8686,5.0,11.75,3.25,6.2
2008-04-02,,,,,,,,,2.18,,,,,104.83,,,,,23.43,,1.72,,,,1.5618,10.5525,1.7241,1.0173,,,,,
2008-04-03,,,,,,,,,2.19,,,,,103.92,,,,,23.21,,1.7,,,,1.5667,10.5665,1.7211,1.0079,,,,,
2008-04-04,,,,,,,,,2.26,,,,,106.09,,,,,22.45,,1.67,,,,1.5735,10.5661,1.71,1.0088,,,,,
2008-04-05,,,,354000.0,,,,,2.26,,,,,,2969000.0,,,,,,,,,,,,,,,,,,
2008-04-06,,,,,,,,,2.26,,,,,,,,,,,,,,,,,,,,,,,,
2008-04-07,,,,,,,,,2.24,,,,3.332,108.91,,,,,22.42,,1.62,,,,1.5713,10.54,1.6985,1.0108,,,,,
2008-04-08,,,,,,,,,2.23,,,,,108.54,,,,,22.36,,1.71,,,,1.5705,10.561,1.6983,1.0151,,,,,
2008-04-09,,,,,,,,,2.2,,,,,110.89,,,,,22.81,,1.72,,,,1.5804,10.5565,1.6914,1.0192,,,,,
2008-04-10,,,,,,,,,2.3,,,,,110.07,,,,,21.98,,1.71,,,,1.5744,10.549,1.6775,1.0178,,,,,
2008-04-11,,,,,,,,,2.37,,,,,110.14,,,,,23.46,,1.73,,,,1.5796,10.527,1.681,1.0216,,,,,
2008-04-12,,,,365000.0,,,,,2.37,,,,,,2937000.0,,,,,,,,,,,,,,,,,,
2008-04-13,,,,,,,,,2.37,,,,,,,,,,,,,,,,,,,,,,,,
2008-04-14,,,,,,,,,2.32,,,,3.389,111.71,,,,,23.82,,1.75,,,,1.5827,10.4788,1.6795,1.0207,,,,,
2008-04-15,,,,,,,,,2.32,,,,,113.77,,,,,22.78,,1.76,,,,1.5801,10.484,1.6845,1.0181,,,,,
2008-04-16,,,,,,,,,2.35,,,,,114.8,,,,,20.53,,1.74,,,,1.5978,10.4616,1.672,1.0021,,,,,
2008-04-17,,,,,,,,,2.37,,,,,114.8,,,,,20.37,,1.62,,,,1.5924,10.4775,1.6625,1.0107,,,,,
2008-04-18,,,,,,,,,2.32,,,,,116.56,,,,,20.13,,1.58,,,,1.5742,10.4605,1.664,1.0084,,,,,
2008-04-19,,,,349000.0,,,,,2.32,,,,,,2964000.0,,,,,,,,,,,,,,,,,,
2008-04-20,,,,,,,,,2.32,,,,,,,,,,,,,,,,,,,,,,,,
2008-04-21,,,,,,,,,2.28,,,,3.508,117.48,,,,,20.5,,1.55,,,,1.5881,10.5245,1.666,1.0066,,,,,
2008-04-22,,,,,,,,,1.99,,,,,119.17,,,,,20.87,,1.5,,,,1.601,10.5165,1.6547,1.0033,,,,,
2008-04-23,,,,,,,,,2.18,,,,,119.28,,,,,20.26,,1.55,,,,1.5898,10.4915,1.6571,1.0194,,,,,
2008-04-24,,,,,,,,,2.26,,,,,117.1,,,,,20.06,,1.46,,,,1.5668,10.456,1.669,1.0131,,,,,
2008-04-25,,,,,,,,,2.28,,,,,119.64,,,,,19.59,,1.47,,,,1.5634,10.4675,1.6686,1.0163,,,,,
2008-04-26,,,,370000.0,,,,,2.28,,,,,,2986000.0,,,,,,,,,,,,,,,,,,
2008-04-27,,,,,,,,,2.28,,,,,,,,,,,,,,,,,,,,,,,,
2008-04-28,,,,,,,,,2.29,,,,3.603,118.78,,,,,19.64,,1.5,,,,1.5648,10.4415,1.6778,1.0158,,,,,
2008-04-29,,,,,,,,,2.21,,,,,115.67,,,,,20.24,,1.5,,,,1.5604,10.5322,1.706,1.0128,,,,,
2008-04-30,,,,,,,,,2.37,,,,,113.7,,,,,20.79,,1.48,,,,1.5568,10.5101,1.695,1.0092,,,,,
2008-05-01,137851.0,5.4,21.47,,59.8,5.2,215.208,13555.0,2.16,,66.1,,,112.6,,2428.0,41.0,96.97754,18.88,4.95,1.41,196.6,331088.0,5.4,1.5458,10.489,1.6618,1.0187,99.54897,5.0,11.75,3.25,6.2
2008-05-02,,,,,,,,,1.88,,,,,116.36,,,,,18.18,,1.42,,,,1.5431,10.4575,1.6463,1.0182,,,,,
2008-05-03,,,,370000.0,,,,,1.88,,,,,,2993000.0,,,,,,,,,,,,,,,,,,
2008-05-04,,,,,,,,,1.88,,,,,,,,,,,,,,,,,,,,,,,,
2008-05-05,,,,,,,,,1.85,,,,3.613,119.94,,,,,18.9,,1.46,,,,1.5491,10.4711,1.6599,1.0125,,,,,
2008-05-06,,,,,,,,,1.91,,,,,121.82,,,,,18.21,,1.55,,,,1.5548,10.4915,1.6605,1.0036,,,,,
2008-05-07,,,,,,,,,2.01,,,,,123.56,,,,,19.73,,1.56,,,,1.537,10.5411,1.6743,1.002,,,,,
2008-05-08,,,,,,,,,1.99,,,,,123.77,,,,,19.4,,1.54,,,,1.5409,10.5335,1.679,1.0149,,,,,
2008-05-09,,,,,,,,,1.97,,,,,125.94,,,,,19.41,,1.52,,,,1.5447,10.5701,1.688,1.0062,,,,,
2008-05-10,,,,366000.0,,,,,1.97,,,,,,2997000.0,,,,,,,,,,,,,,,,,,
2008-05-11,,,,,,,,,1.97,,,,,,,,,,,,,,,,,,,,,,,,
2008-05-12,,,,,,,,,1.88,,,,3.722,124.02,,,,,17.79,,1.48,,,,1.5536,10.4855,1.667,1.0037,,,,,
2008-05-13,,,,,,,,,1.93,,,,,125.83,,,,,17.98,,1.43,,,,1.5509,10.487,1.66,0.9996,,,,,
2008-05-14,,,,,,,,,2.03,,,,,124.21,,,,,17.66,,1.39,,,,1.5467,10.4885,1.6618,1.0018,,,,,
2008-05-15,,,,,,,,,2.03,,,,,124.25,,,,,16.3,,1.38,,,,1.5492,10.467,1.6518,0.9996,,,,,
2008-05-16,,,,,,,,,1.91,,,,,126.5,,,,,16.47,,1.38,,,,1.5591,10.43,1.643,0.9966,,,,,
2008-05-17,,,,367000.0,,,,,1.91,,,,,,3016000.0,,,,,,,,,,,,,,,,,,
2008-05-18,,,,,,,,,1.91,,,,,,,,,,,,,,,,,,,,,,,,
2008-05-19,,,,,,,,,1.95,,,,3.791,127.15,,,,,17.01,,1.41,,,,1.5516,10.375,1.647,0.9914,,,,,
2008-05-20,,,,,,,,,1.99,,,,,128.93,,,,,17.58,,1.44,,,,1.5667,10.3965,1.6539,0.9928,,,,,
2008-05-21,,,,,,,,,2.03,,,,,132.99,,,,,18.59,,1.4,,,,1.5772,10.365,1.65,0.984,,,,,
2008-05-22,,,,,,,,,2.05,,,,,130.04,,,,,18.05,,1.36,,,,1.5703,10.384,1.6563,0.9861,,,,,
2008-05-23,,,,,,,,,1.99,,,,,131.58,,,,,19.55,,1.39,,,,1.5784,10.3945,1.655,0.9883,,,,,
2008-05-24,,,,369000.0,,,,,1.99,,,,,,3007000.0,,,,,,,,,,,,,,,,,,
2008-05-25,,,,,,,,,1.99,,,,,,,,,,,,,,,,,,,,,,,,
2008-05-26,,,,,,,,,1.99,,,,3.937,,,,,,,,,,,,,,,,,,,,
2008-05-27,,,,,,,,,2.23,,,,,128.81,,,,,19.64,,1.38,,,,1.5731,10.397,1.6709,0.9932,,,,,
2008-05-28,,,,,,,,,2.08,,,,,131.0,,,,,19.07,,1.41,,,,1.5628,10.3425,1.6684,0.9913,,,,,
2008-05-29,,,,,,,,,2.01,,,,,126.7,,,,,18.14,,1.41,,,,1.5527,10.3055,1.6476,0.9871,,,,,
2008-05-30,,,,,,,,,1.98,,,,,127.35,,,,,17.83,,1.4,,,,1.556,10.329,1.6252,0.9938,,,,,
2008-05-31,,,,362000.0,,,,,1.98,,,,,,3055000.0,,,,,,,,,,,,,,,,,,
2008-06-01,137700.0,5.6,21.52,,56.4,5.1,217.463,13494.0,1.98,,66.1,,,,,2403.1,41.0,96.85837,,5.07,,200.5,331764.0,5.5,,,,,100.6121,5.0,12.25,3.25,6.1
2008-06-02,,,,,,,,,2.06,,,,3.976,127.75,,,,,19.83,,1.47,,,,1.555,10.339,1.6305,1.0011,,,,,
2008-06-03,,,,,,,,,1.95,,,,,124.33,,,,,20.24,,1.47,,,,1.5454,10.29,1.6227,1.0051,,,,,
2008-06-04,,,,,,,,,1.98,,,,,122.3,,,,,20.8,,1.51,,,,1.5453,10.32,1.6293,1.0145,,,,,
2008-06-05,,,,,,,,,1.98,,,,,127.93,,,,,18.63,,1.54,,,,1.556,10.312,1.6345,1.0195,,,,,
2008-06-06,,,,,,,,,2.01,,,,,138.51,,,,,23.56,,1.54,,,,1.5731,10.368,1.6261,1.0187,,,,,
2008-06-07,,,,382000.0,,,,,2.01,,,,,,3010000.0,,,,,,,,,,,,,,,,,,
2008-06-08,,,,,,,,,2.01,,,,,,,,,,,,,,,,,,,,,,,,
2008-06-09,,,,,,,,,2.02,,,,4.039,134.44,,,,,23.12,,1.29,,,,1.5718,10.364,1.6226,1.0223,,,,,
2008-06-10,,,,,,,,,1.96,,,,,131.38,,,,,23.18,,1.2,,,,1.5473,10.388,1.6403,1.0241,,,,,
2008-06-11,,,,,,,,,1.95,,,,,136.43,,,,,24.12,,1.27,,,,1.5562,10.4365,1.6405,1.017,,,,,
2008-06-12,,,,,,,,,2.01,,,,,136.91,,,,,23.33,,1.2,,,,1.5418,10.389,1.6392,1.023,,,,,
2008-06-13,,,,,,,,,2.02,,,,,134.84,,,,,21.22,,1.22,,,,1.5368,10.3665,1.6316,1.0282,,,,,
2008-06-14,,,,378000.0,,,,,2.02,,,,,,3057000.0,,,,,,,,,,,,,,,,,,
2008-06-15,,,,,,,,,2.02,,,,,,,,,,,,,,,,,,,,,,,,
2008-06-16,,,,,,,,,2.06,,,,4.082,134.52,,,,,20.95,,1.23,,,,1.5472,10.3341,1.6249,1.021,,,,,
2008-06-17,,,,,,,,,1.87,,,,,133.99,,,,,21.13,,1.29,,,,1.5519,10.317,1.6128,1.0201,,,,,
2008-06-18,,,,,,,,,1.84,,,,,136.54,,,,,22.24,,1.27,,,,1.5502,10.294,1.6088,1.0186,,,,,
2008-06-19,,,,,,,,,1.94,,,,,131.88,,,,,21.58,,1.23,,,,1.5502,10.318,1.6036,1.013,,,,,
2008-06-20,,,,,,,,,1.99,,,,,134.78,,,,,22.87,,1.28,,,,1.5626,10.2735,1.6018,1.0173,,,,,
2008-06-21,,,,381000.0,,,,,1.99,,,,,,3054000.0,,,,,,,,,,,,,,,,,,
2008-06-22,,,,,,,,,1.99,,,,,,,,,,,,,,,,,,,,,,,,
2008-06-23,,,,,,,,,1.98,,,,4.079,135.98,,,,,22.64,,1.21,,,,1.5492,10.297,1.6137,1.0161,,,,,
2008-06-24,,,,,,,,,1.93,,,,,136.49,,,,,22.42,,1.23,,,,1.5591,10.2925,1.603,1.0135,,,,,
2008-06-25,,,,,,,,,1.97,,,,,133.92,,,,,21.14,,1.3,,,,1.557,10.2895,1.5996,1.0134,,,,,
2008-06-26,,,,,,,,,2.05,,,,,138.91,,,,,23.93,,1.39,,,,1.5738,10.2721,1.5925,1.0121,,,,,
2008-06-27,,,,,,,,,1.99,,,,,139.69,,,,,23.44,,1.34,,,,1.5749,10.3011,1.6038,1.012,,,,,
2008-06-28,,,,392000.0,,,,,1.99,,,,,,3110000.0,,,,,,,,,,,,,,,,,,
2008-06-29,,,,,,,,,1.99,,,,,,,,,,,,,,,,,,,,,,,,
2008-06-30,,,,,,,,,2.47,,,,4.095,139.96,,,,,23.95,,1.36,,,,1.5748,10.3035,1.5945,1.0185,,,,,
2008-07-01,137497.0,5.8,21.6,,61.2,5.1,219.016,13419.0,2.11,88.374,66.1,,,141.06,,2369.5,41.0,97.06129,23.65,5.15,1.38,205.5,330301.0,5.7,1.5778,10.385,1.609,1.022,99.06572,5.0,13.0,3.25,6.2
2008-07-02,,,,,,,,,1.95,,,,,143.74,,,,,25.92,,1.39,,,,1.5869,10.371,1.6003,1.0127,,,,,
2008-07-03,,,,,,,,,1.92,,,,,145.31,,,,,24.79,,1.45,,,,1.5708,10.3695,1.6061,1.0204,,,,,
2008-07-04,,,,,,,,,1.92,,,,,,,,,,,,,,,,,,,,,,,,
2008-07-05,,,,371000.0,,,,,1.92,,,,,,3113000.0,,,,,,,,,,,,,,,,,,
2008-07-06,,,,,,,,,1.92,,,,,,,,,,,,,,,,,,,,,,,,
2008-07-07,,,,,,,,,1.99,,,,4.114,141.38,,,,,25.78,,1.48,,,,1.5646,10.3216,1.5999,1.0174,,,,,
2008-07-08,,,,,,,,,1.97,,,,,136.06,,,,,23.15,,1.44,,,,1.5653,10.3385,1.611,1.0205,,,,,
2008-07-09,,,,,,,,,1.99,,,,,135.88,,,,,25.23,,1.44,,,,1.5744,10.3035,1.6067,1.0108,,,,,
2008-07-10,,,,,,,,,2.01,,,,,141.47,,,,,25.59,,1.39,,,,1.5771,10.3051,1.6082,1.0103,,,,,
2008-07-11,,,,,,,,,1.97,,,,,144.96,,,,,27.49,,1.37,,,,1.5898,10.3085,1.603,1.0093,,,,,
2008-07-12,,,,385000.0,,,,,1.97,,,,,,3104000.0,,,,,,,,,,,,,,,,,,
2008-07-13,,,,,,,,,1.97,,,,,,,,,,,,,,,,,,,,,,,,
2008-07-14,,,,,,,,,2.06,,,,4.113,145.16,,,,,28.48,,1.43,,,,1.5914,10.2955,1.5928,1.006,,,,,
2008-07-15,,,,,,,,,2.16,,,,,138.68,,,,,28.54,,1.48,,,,1.5923,10.3215,1.5935,1.0015,,,,,
2008-07-16,,,,,,,,,1.95,,,,,134.63,,,,,25.1,,1.53,,,,1.5847,10.2593,1.5954,1.002,,,,,
2008-07-17,,,,,,,,,2.03,,,,,129.43,,,,,25.01,,1.49,,,,1.5861,10.2235,1.5877,1.0018,,,,,
2008-07-18,,,,,,,,,1.96,,,,,128.94,,,,,24.05,,1.45,,,,1.5855,10.203,1.5898,1.0053,,,,,
2008-07-19,,,,402000.0,,,,,1.96,,,,,,3227000.0,,,,,,,,,,,,,,,,,,
2008-07-20,,,,,,,,,1.96,,,,,,,,,,,,,,,,,,,,,,,,
2008-07-21,,,,,,,,,1.98,,,,4.064,131.43,,,,,23.05,,1.43,,,,1.5877,10.171,1.5842,1.0019,,,,,
2008-07-22,,,,,,,,,1.97,,,,,127.25,,,,,21.18,,1.4,,,,1.5811,10.1259,1.5841,1.0083,,,,,
2008-07-23,,,,,,,,,2.04,,,,,123.73,,,,,21.31,,1.35,,,,1.5708,10.047,1.5838,1.0088,,,,,
2008-07-24,,,,,,,,,2.06,,,,,124.62,,,,,23.44,,1.42,,,,1.5657,10.0265,1.5775,1.0114,,,,,
2008-07-25,,,,,,,,,2.13,,,,,122.59,,,,,22.91,,1.43,,,,1.5687,10.0255,1.5728,1.0167,,,,,
2008-07-26,,,,434000.0,,,,,2.13,,,,,,3261000.0,,,,,,,,,,,,,,,,,,
2008-07-27,,,,,,,,,2.13,,,,,,,,,,,,,,,,,,,,,,,,
2008-07-28,,,,,,,,,2.0,,,,3.955,124.72,,,,,24.23,,1.47,,,,1.5747,10.074,1.5752,1.022,,,,,
2008-07-29,,,,,,,,,2.05,,,,,122.21,,,,,22.03,,1.44,,,,1.5588,10.062,1.5715,1.026,,,,,
2008-07-30,,,,,,,,,2.03,,,,,126.74,,,,,21.21,,1.43,,,,1.5559,10.0345,1.5605,1.024,,,,,
2008-07-31,,,,,,,,,2.09,,,,,124.17,,,,,22.94,,1.47,,,,1.5589,10.0345,1.566,1.0261,,,,,
2008-08-01,137211.0,6.1,21.7,,63.0,4.8,218.69,13348.0,2.04,,66.1,,,125.03,,2338.8,40.9,97.31839,22.57,5.15,1.46,199.0,327296.0,5.9,1.5567,9.972,1.558,1.0251,100.6121,5.0,13.0,3.25,6.2
2008-08-02,,,,448000.0,,,,,2.04,,,,,,3330000.0,,,,,,,,,,,,,,,,,,
2008-08-03,,,,,,,,,2.04,,,,,,,,,,,,,,,,,,,,,,,,
2008-08-04,,,,,,,,,1.97,,,,3.88,121.45,,,,,23.49,,1.45,,,,1.5569,9.9355,1.5683,1.0355,,,,,
2008-08-05,,,,,,,,,1.97,,,,,118.71,,,,,21.14,,1.5,,,,1.5468,9.9166,1.5734,1.0425,,,,,
2008-08-06,,,,,,,,,2.01,,,,,118.57,,,,,20.23,,1.5,,,,1.5409,9.9518,1.5801,1.047,,,,,
2008-08-07,,,,,,,,,1.96,,,,,119.84,,,,,21.15,,1.49,,,,1.5341,10.007,1.5897,1.051,,,,,
2008-08-08,,,,,,,,,2.01,,,,,115.42,,,,,20.66,,1.43,,,,1.5047,10.1261,1.6107,1.0677,,,,,
2008-08-09,,,,430000.0,,,,,2.01,,,,,,3327000.0,,,,,,,,,,,,,,,,,,
2008-08-10,,,,,,,,,2.01,,,,,,,,,,,,,,,,,,,,,,,,
2008-08-11,,,,,,,,,1.99,,,,3.809,114.44,,,,,20.12,,1.43,,,,1.4958,10.136,1.6089,1.0673,,,,,
2008-08-12,,,,,,,,,1.95,,,,,113.1,,,,,21.17,,1.46,,,,1.4905,10.1671,1.6223,1.0641,,,,,
2008-08-13,,,,,,,,,1.98,,,,,115.96,,,,,21.55,,1.44,,,,1.4895,10.2055,1.624,1.0658,,,,,
2008-08-14,,,,,,,,,2.09,,,,,115.05,,,,,20.34,,1.44,,,,1.4856,10.168,1.6225,1.0621,,,,,
2008-08-15,,,,,,,,,2.08,,,,,113.46,,,,,19.58,,1.44,,,,1.4695,10.2045,1.6361,1.0609,,,,,
2008-08-16,,,,424000.0,,,,,2.08,,,,,,3385000.0,,,,,,,,,,,,,,,,,,
2008-08-17,,,,,,,,,2.08,,,,,,,,,,,,,,,,,,,,,,,,
2008-08-18,,,,,,,,,1.91,,,,3.74,112.92,,,,,20.98,,1.47,,,,1.473,10.1411,1.6303,1.0603,,,,,
2008-08-19,,,,,,,,,1.94,,,,,114.39,,,,,21.28,,1.51,,,,1.4746,10.1885,1.638,1.0606,,,,,
2008-08-20,,,,,,,,,1.98,,,,,115.48,,,,,20.42,,1.54,,,,1.4701,10.14,1.624,1.0627,,,,,
2008-08-21,,,,,,,,,2.01,,,,,121.23,,,,,19.82,,1.51,,,,1.4875,10.106,1.6135,1.0454,,,,,
2008-08-22,,,,,,,,,2.02,,,,,114.48,,,,,18.81,,1.45,,,,1.48,10.1167,1.6184,1.0456,,,,,
2008-08-23,,,,421000.0,,,,,2.02,,,,,,3384000.0,,,,,,,,,,,,,,,,,,
2008-08-24,,,,,,,,,2.02,,,,,,,,,,,,,,,,,,,,,,,,
2008-08-25,,,,,,,,,2.01,,,,3.685,114.85,,,,,20.97,,1.46,,,,1.4803,10.121,1.6269,1.0463,,,,,
2008-08-26,,,,,,,,,1.88,,,,,116.31,,,,,20.49,,1.44,,,,1.466,10.1781,1.639,1.0486,,,,,
2008-08-27,,,,,,,,,1.98,,,,,118.17,,,,,19.76,,1.46,,,,1.4684,10.142,1.622,1.0483,,,,,
2008-08-28,,,,,,,,,1.99,,,,,115.58,,,,,19.43,,1.42,,,,1.4685,10.2035,1.6265,1.0527,,,,,
2008-08-29,,,,,,,,,1.94,,,,,115.55,,,,,20.65,,1.47,,,,1.4669,10.297,1.6349,1.0631,,,,,
2008-08-30,,,,442000.0,,,,,1.94,,,,,,3464000.0,,,,,,,,,,,,,,,,,,
2008-08-31,,,,,,,,,1.94,,,,,,,,,,,,,,,,,,,,,,,,
2008-09-01,136760.0,6.1,21.73,,70.3,4.3,218.877,13267.0,1.94,,66.0,,3.68,,,2305.9,40.5,97.39437,,5.5,,196.9,321568.0,6.0,,,,,98.67912,5.0,13.75,3.25,6.3
2008-09-02,,,,,,,,,1.96,,,,,109.63,,,,,21.99,,1.48,,,,1.4522,10.385,1.6573,1.0698,,,,,
2008-09-03,,,,,,,,,2.01,,,,,109.38,,,,,21.43,,1.45,,,,1.4489,10.3803,1.6741,1.061,,,,,
2008-09-04,,,,,,,,,1.99,,,,,107.99,,,,,24.03,,1.44,,,,1.436,10.4625,1.6968,1.064,,,,,
2008-09-05,,,,,,,,,1.97,,,,,106.47,,,,,23.06,,1.43,,,,1.4273,10.4965,1.7339,1.0637,,,,,
2008-09-06,,,,441000.0,,,,,1.97,,,,,,3420000.0,,,,,,,,,,,,,,,,,,
2008-09-07,,,,,,,,,1.97,,,,,,,,,,,,,,,,,,,,,,,,
2008-09-08,,,,,,,,,1.92,,,,3.648,106.35,,,,,22.64,,1.36,,,,1.4126,10.5185,1.7429,1.0694,,,,,
2008-09-09,,,,,,,,,1.96,,,,,103.23,,,,,25.47,,1.39,,,,1.4173,10.507,1.7569,1.0677,,,,,
2008-09-10,,,,,,,,,2.12,,,,,102.66,,,,,24.52,,1.43,,,,1.402,10.6025,1.7823,1.0735,,,,,
2008-09-11,,,,,,,,,2.0,,,,,100.95,,,,,24.39,,1.46,,,,1.3939,10.659,1.8163,1.0797,,,,,
2008-09-12,,,,,,,,,2.1,,,,,101.19,,,,,25.66,,1.51,,,,1.4172,10.5755,1.781,1.0606,,,,,
2008-09-13,,,,449000.0,,,,,2.1,,,,,,3493000.0,,,,,,,,,,,,,,,,,,
2008-09-14,,,,,,,,,2.1,,,,,,,,,,,,,,,,,,,,,,,,
2008-09-15,,,,,,,,,2.64,,,,3.835,95.52,,,,,31.7,,1.69,,,,1.4175,10.7116,1.805,1.067,,,,,
2008-09-16,,,,,,,,,1.98,,,,,91.49,,,,,30.3,,1.59,,,,1.4155,10.735,1.8281,1.0737,,,,,
2008-09-17,,,,,,,,,2.8,,,,,97.39,,,,,36.22,,1.77,,,,1.4215,10.8809,1.8785,1.0788,,,,,
2008-09-18,,,,,,,,,2.16,,,,,97.5,,,,,33.1,,1.76,,,,1.4382,10.849,1.9095,1.0696,,,,,
2008-09-19,,,,,,,,,1.48,,,,,104.05,,,,,32.07,,1.62,,,,1.4384,10.606,1.823,1.0469,,,,,
2008-09-20,,,,483000.0,,,,,1.48,,,,,,3551000.0,,,,,,,,,,,,,,,,,,
2008-09-21,,,,,,,,,1.48,,,,,,,,,,,,,,,,,,,,,,,,
2008-09-22,,,,,,,,,1.51,,,,3.718,122.61,,,,,33.85,,1.7,,,,1.4697,10.5935,1.7985,1.0383,,,,,
2008-09-23,,,,,,,,,1.46,,,,,107.85,,,,,35.72,,1.74,,,,1.4737,10.722,1.8167,1.0355,,,,,
2008-09-24,,,,,,,,,1.19,,,,,106.84,,,,,35.19,,1.77,,,,1.4655,10.792,1.8432,1.0351,,,,,
2008-09-25,,,,,,,,,1.23,,,,,111.54,,,,,32.82,,1.72,,,,1.4643,10.768,1.8327,1.0338,,,,,
2008-09-26,,,,,,,,,1.08,,,,,106.77,,,,,34.74,,1.74,,,,1.4596,10.7955,1.854,1.0352,,,,,
2008-09-27,,,,483000.0,,,,,1.08,,,,,,3623000.0,,,,,,,,,,,,,,,,,,
2008-09-28,,,,,,,,,1.08,,,,,,,,,,,,,,,,,,,,,,,,
2008-09-29,,,,,,,,,1.56,,,,3.632,96.29,,,,,46.72,,1.91,,,,1.4381,10.916,1.9115,1.0393,,,,,
2008-09-30,,,,,,,,,2.03,,,,,100.7,,,,,39.39,,1.85,,,,1.4081,10.9726,1.9225,1.0597,,,,,
2008-10-01,136291.0,6.5,21.76,,57.6,3.9,216.995,13138.0,1.15,87.901,66.0,,,98.23,,2231.2,40.5,97.04175,39.81,7.91,1.95,186.4,308968.0,6.2,1.4058,10.9705,1.935,1.0607,96.64948,4.5,13.75,2.5,6.4
2008-10-02,,,,,,,,,0.67,,,,,93.84,,,,,45.26,,2.04,,,,1.3854,11.115,1.9958,1.0769,,,,,
2008-10-03,,,,,,,,,1.1,,,,,93.91,,,,,45.14,,2.03,,,,1.3816,11.1245,2.008,1.0815,,,,,
2008-10-04,,,,482000.0,,,,,1.1,,,,,,3676000.0,,,,,,,,,,,,,,,,,,
2008-10-05,,,,,,,,,1.1,,,,,,,,,,,,,,,,,,,,,,,,
2008-10-06,,,,,,,,,1.96,,,,3.484,88.15,,,,,52.05,,2.05,,,,1.3508,11.703,2.1646,1.1027,,,,,
2008-10-07,,,,,,,,,2.97,,,,,90.18,,,,,53.68,,2.03,,,,1.3649,12.115,2.231,1.1055,,,,,
2008-10-08,,,,,,,,,2.24,,,,,88.94,,,,,57.53,,2.07,,,,1.368,13.139,2.406,1.1246,,,,,
2008-10-09,,,,,,,,,1.4,,,,,86.5,,,,,63.92,,2.19,,,,1.3646,12.3788,2.2,1.1483,,,,,
2008-10-10,,,,,,,,,0.79,,,,,77.44,,,,,69.95,,2.27,,,,1.3471,12.9806,2.2972,1.19,,,,,
2008-10-11,,,,461000.0,,,,,0.79,,,,,,3696000.0,,,,,,,,,,,,,,,,,,
2008-10-12,,,,,,,,,0.79,,,,,,,,,,,,,,,,,,,,,,,,
2008-10-13,,,,,,,,,0.79,,,,3.151,81.17,,,,,54.99,,,,,,,,,,,,,,
2008-10-14,,,,,,,,,1.1,,,,,78.69,,,,,55.13,,2.26,,,,1.3658,12.4251,2.0855,1.1599,,,,,
2008-10-15,,,,,,,,,1.04,,,,,74.38,,,,,69.25,,2.4,,,,1.3567,12.724,2.165,1.1804,,,,,
2008-10-16,,,,,,,,,0.83,,,,,69.81,,,,,67.61,,2.38,,,,1.3416,13.11,2.1925,1.1953,,,,,
2008-10-17,,,,,,,,,0.6,,,,,71.9,,,,,70.33,,2.34,,,,1.3462,12.8303,2.12,1.182,,,,,
2008-10-18,,,,478000.0,,,,,0.6,,,,,,3729000.0,,,,,,,,,,,,,,,,,,
2008-10-19,,,,,,,,,0.6,,,,,,,,,,,,,,,,,,,,,,,,
2008-10-20,,,,,,,,,0.7,,,,2.914,74.08,,,,,52.97,,2.2,,,,1.3314,12.781,2.106,1.1977,,,,,
2008-10-21,,,,,,,,,0.67,,,,,71.29,,,,,53.11,,2.18,,,,1.3102,13.185,2.213,1.2208,,,,,
2008-10-22,,,,,,,,,0.81,,,,,66.92,,,,,69.65,,2.12,,,,1.2835,13.5938,2.376,1.2496,,,,,
2008-10-23,,,,,,,,,0.93,,,,,67.17,,,,,67.8,,2.09,,,,1.2878,13.61,2.277,1.2573,,,,,
2008-10-24,,,,,,,,,0.95,,,,,63.34,,,,,79.13,,2.19,,,,1.2639,13.5885,2.3881,1.2735,,,,,
2008-10-25,,,,480000.0,,,,,0.95,,,,,,3823000.0,,,,,,,,,,,,,,,,,,
2008-10-26,,,,,,,,,0.95,,,,,,,,,,,,,,,,,,,,,,,,
2008-10-27,,,,,,,,,0.92,,,,2.656,61.92,,,,,80.06,,2.2,,,,1.2446,13.2743,2.255,1.2935,,,,,
2008-10-28,,,,,,,,,0.67,,,,,62.8,,,,,66.96,,2.24,,,,1.2476,13.3625,2.1862,1.2942,,,,,
2008-10-29,,,,,,,,,0.36,,,,,67.45,,,,,69.96,,2.35,,,,1.2851,12.9232,2.126,1.2302,,,,,
2008-10-30,,,,,,,,,0.3,,,,,65.79,,,,,62.9,,2.41,,,,1.285,12.865,2.131,1.2229,,,,,
2008-10-31,,,,,,,,,0.22,,,,,68.1,,,,,59.89,,2.45,,,,1.2682,12.705,2.123,1.2158,,,,,
2008-11-01,135541.0,6.8,21.86,490000.0,55.3,2.9,213.153,13026.0,0.22,,65.9,,,,3928000.0,2127.1,40.1,96.78537,,8.82,,176.8,295396.0,6.4,,,,,92.3969,3.0,13.75,2.5,6.7
2008-11-02,,,,,,,,,0.22,,,,,,,,,,,,,,,,,,,,,,,,
2008-11-03,,,,,,,,,0.23,,,,2.4,63.93,,,,,53.68,,2.51,,,,1.2719,12.7977,2.1736,1.1866,,,,,
2008-11-04,,,,,,,,,0.23,,,,,70.41,,,,,47.73,,2.42,,,,1.3021,12.4705,2.0995,1.1502,,,,,
2008-11-05,,,,,,,,,0.23,,,,,65.41,,,,,54.56,,2.37,,,,1.3039,12.636,2.121,1.159,,,,,
2008-11-06,,,,,,,,,0.23,,,,,60.72,,,,,63.68,,2.47,,,,1.2756,12.96,2.1865,1.1816,,,,,
2008-11-07,,,,,,,,,0.27,,,,,61.06,,,,,56.1,,2.5,,,,1.2777,12.8525,2.1523,1.183,,,,,
2008-11-08,,,,512000.0,,,,,0.27,,,,,,4011000.0,,,,,,,,,,,,,,,,,,
2008-11-09,,,,,,,,,0.27,,,,,,,,,,,,,,,,,,,,,,,,
2008-11-10,,,,,,,,,0.29,,,,2.224,62.19,,,,,59.98,,2.55,,,,1.276,12.815,2.17,1.1948,,,,,
2008-11-11,,,,,,,,,0.29,,,,,59.38,,,,,61.44,,,,,,,,,,,,,,
2008-11-12,,,,,,,,,0.35,,,,,55.95,,,,,66.46,,2.56,,,,1.2558,13.095,2.2785,1.2296,,,,,
2008-11-13,,,,,,,,,0.35,,,,,58.31,,,,,59.83,,2.6,,,,1.2526,13.29,2.3325,1.2311,,,,,
2008-11-14,,,,,,,,,0.34,,,,,57.18,,,,,66.31,,2.5,,,,1.2731,13.0028,2.2756,1.2241,,,,,
2008-11-15,,,,536000.0,,,,,0.34,,,,,,4002000.0,,,,,,,,,,,,,,,,,,
2008-11-16,,,,,,,,,0.34,,,,,,,,,,,,,,,,,,,,,,,,
2008-11-17,,,,,,,,,0.37,,,,2.072,55.14,,,,,69.15,,2.46,,,,1.2726,13.08,2.3035,1.2213,,,,,
2008-11-18,,,,,,,,,0.38,,,,,54.42,,,,,67.64,,2.38,,,,1.269,13.145,2.2985,1.2237,,,,,
2008-11-19,,,,,,,,,0.38,,,,,53.64,,,,,74.26,,2.29,,,,1.2595,13.1513,2.3894,1.237,,,,,
2008-11-20,,,,,,,,,0.49,,,,,48.86,,,,,80.86,,2.1,,,,1.2525,13.561,2.395,1.285,,,,,
2008-11-21,,,,,,,,,0.57,,,,,49.22,,,,,72.67,,2.11,,,,1.2531,13.935,2.456,1.2849,,,,,
2008-11-22,,,,532000.0,,,,,0.57,,,,,,4095000.0,,,,,,,,,,,,,,,,,,
2008-11-23,,,,,,,,,0.57,,,,,,,,,,,,,,,,,,,,,,,,
2008-11-24,,,,,,,,,0.62,,,,1.892,53.63,,,,,64.7,,2.04,,,,1.289,13.462,2.3213,1.2246,,,,,
2008-11-25,,,,,,,,,0.59,,,,,50.02,,,,,60.9,,1.96,,,,1.303,13.2705,2.3012,1.2214,,,,,
2008-11-26,,,,,,,,,0.53,,,,,54.2,,,,,54.92,,1.9,,,,1.2828,13.22,2.306,1.2338,,,,,
2008-11-27,,,,,,,,,0.53,,,,,,,,,,,,,,,,,,,,,,,,
2008-11-28,,,,,,,,,0.52,,,,,55.21,,,,,55.84,,1.93,,,,1.2694,13.39,2.3074,1.236,,,,,
2008-11-29,,,,529000.0,,,,,0.52,,,,,,4447000.0,,,,,,,,,,,,,,,,,,
2008-11-30,,,,,,,,,0.52,,,,,,,,,,,,,,,,,,,,,,,,
2008-12-01,134847.0,7.3,21.95,,60.1,1.7,211.398,12842.0,0.52,,65.8,,1.811,49.34,,2050.5,39.8,96.77791,68.51,8.27,1.82,170.9,287571.0,6.5,1.2634,13.57,2.3625,1.237,89.01418,2.0,13.75,1.75,7.0
2008-12-02,,,,,,,,,0.47,,,,,47.05,,,,,62.98,,1.78,,,,1.2724,13.4653,2.378,1.2422,,,,,
2008-12-03,,,,,,,,,0.36,,,,,46.79,,,,,60.72,,1.8,,,,1.2669,13.55,2.3955,1.2573,,,,,
2008-12-04,,,,,,,,,0.2,,,,,43.8,,,,,63.64,,1.73,,,,1.284,13.51,2.479,1.254,,,,,
2008-12-05,,,,,,,,,0.12,,,,,41.01,,,,,59.93,,1.74,,,,1.2654,13.8002,2.6187,1.2971,,,,,
2008-12-06,,,,570000.0,,,,,0.12,,,,,,4417000.0,,,,,,,,,,,,,,,,,,
2008-12-07,,,,,,,,,0.12,,,,,,,,,,,,,,,,,,,,,,,,
2008-12-08,,,,,,,,,0.12,,,,1.699,43.69,,,,,58.49,,1.8,,,,1.2942,13.465,2.4625,1.257,,,,,
2008-12-09,,,,,,,,,0.13,,,,,42.0,,,,,58.91,,1.83,,,,1.2937,13.5055,2.4835,1.2602,,,,,
2008-12-10,,,,,,,,,0.11,,,,,43.1,,,,,55.73,,1.83,,,,1.3024,13.4665,2.433,1.2553,,,,,
2008-12-11,,,,,,,,,0.14,,,,,47.77,,,,,55.78,,1.85,,,,1.3294,13.091,2.2905,1.2181,,,,,
2008-12-12,,,,,,,,,0.15,,,,,46.27,,,,,54.28,,1.82,,,,1.3349,13.53,2.399,1.2453,,,,,
2008-12-13,,,,566000.0,,,,,0.15,,,,,,4445000.0,,,,,,,,,,,,,,,,,,
2008-12-14,,,,,,,,,0.15,,,,,,,,,,,,,,,,,,,,,,,,
2008-12-15,,,,,,,,,0.18,,,,1.659,44.61,,,,,56.76,,1.78,,,,1.3664,13.3055,2.3585,1.235,,,,,
2008-12-16,,,,,,,,,0.17,,,,,43.84,,,,,52.37,,1.72,,,,1.381,13.223,2.367,1.2238,,,,,
2008-12-17,,,,,,,,,0.12,,,,,40.17,,,,,49.84,,1.47,,,,1.4358,13.17,2.369,1.2058,,,,,
2008-12-18,,,,,,,,,0.11,,,,,36.73,,,,,47.34,,1.4,,,,1.4298,13.18,2.356,1.1962,,,,,
2008-12-19,,,,,,,,,0.11,,,,,33.17,,,,,44.93,,1.39,,,,1.3875,13.1225,2.3785,1.2273,,,,,
2008-12-20,,,,587000.0,,,,,0.11,,,,,,4548000.0,,,,,,,,,,,,,,,,,,
2008-12-21,,,,,,,,,0.11,,,,,,,,,,,,,,,,,,,,,,,,
2008-12-22,,,,,,,,,0.11,,,,1.653,31.1,,,,,44.56,,1.29,,,,1.3952,13.183,2.405,1.2188,,,,,
2008-12-23,,,,,,,,,0.11,,,,,30.28,,,,,45.02,,1.28,,,,1.3966,13.221,2.3752,1.216,,,,,
2008-12-24,,,,,,,,,0.11,,,,,32.94,,,,,44.21,,1.3,,,,1.3964,13.33,2.375,1.2125,,,,,
2008-12-25,,,,,,,,,0.11,,,,,,,,,,,,,,,,,,,,,,,,
2008-12-26,,,,,,,,,0.09,,,,,37.58,,,,,43.38,,1.27,,,,1.4062,13.365,2.3727,1.2207,,,,,
2008-12-27,,,,533000.0,,,,,0.09,,,,,,4679000.0,,,,,,,,,,,,,,,,,,
2008-12-28,,,,,,,,,0.09,,,,,,,,,,,,,,,,,,,,,,,,
2008-12-29,,,,,,,,,0.1,,,,1.613,39.89,,,,,43.9,,1.35,,,,1.4232,13.5225,2.3975,1.2162,,,,,
2008-12-30,,,,,,,,,0.09,,,,,38.95,,,,,41.63,,1.36,,,,1.4085,13.76,2.3291,1.2215,,,,,
2008-12-31,,,,,,,,,0.14,,,,,44.6,,,,,40.0,,1.49,,,,1.3919,13.832,2.313,1.224,,,,,
2009-01-01,134079.0,7.8,21.96,,61.2,2.2,211.933,12552.0,0.14,88.901,65.7,,,,,1967.0,39.7,96.78511,,7.99,,171.2,292449.0,6.7,,,,,82.82861,1.5,12.75,1.25,7.5
2009-01-02,,,,,,,,,0.08,,,,,46.17,,,,,39.19,,1.58,,,,1.3946,13.7815,2.323,1.2101,,,,,
2009-01-03,,,,503000.0,,,,,0.08,,,,,,4692000.0,,,,,,,,,,,,,,,,,,
2009-01-04,,,,,,,,,0.08,,,,,,,,,,,,,,,,,,,,,,,,
2009-01-05,,,,,,,,,0.11,,,,1.684,48.61,,,,,39.08,,1.71,,,,1.3576,13.5225,2.264,1.192,,,,,
2009-01-06,,,,,,,,,0.09,,,,,48.56,,,,,38.56,,1.71,,,,1.3445,13.33,2.1895,1.1822,,,,,
2009-01-07,,,,,,,,,0.11,,,,,42.75,,,,,43.39,,1.7,,,,1.3718,13.3955,2.2209,1.185,,,,,
2009-01-08,,,,,,,,,0.1,,,,,41.68,,,,,42.56,,1.64,,,,1.3714,13.495,2.265,1.189,,,,,
2009-01-09,,,,,,,,,0.09,,,,,40.69,,,,,42.82,,1.68,,,,1.3495,13.708,2.2888,1.192,,,,,
2009-01-10,,,,551000.0,,,,,0.09,,,,,,4760000.0,,,,,,,,,,,,,,,,,,
2009-01-11,,,,,,,,,0.09,,,,,,,,,,,,,,,,,,,,,,,,
2009-01-12,,,,,,,,,0.1,,,,1.784,37.65,,,,,45.84,,1.6,,,,1.3347,13.7725,2.3194,1.2075,,,,,
2009-01-13,,,,,,,,,0.1,,,,,37.77,,,,,43.27,,1.57,,,,1.3198,13.836,2.2945,1.2255,,,,,
2009-01-14,,,,,,,,,0.15,,,,,37.43,,,,,49.14,,1.51,,,,1.3174,14.0805,2.3537,1.2373,,,,,
2009-01-15,,,,,,,,,0.18,,,,,35.41,,,,,51.0,,1.5,,,,1.3094,14.16,2.3698,1.2623,,,,,
2009-01-16,,,,,,,,,0.19,,,,,35.38,,,,,46.11,,1.63,,,,1.3244,13.925,2.338,1.254,,,,,
2009-01-17,,,,591000.0,,,,,0.19,,,,,,4864000.0,,,,,,,,,,,,,,,,,,
2009-01-18,,,,,,,,,0.19,,,,,,,,,,,,,,,,,,,,,,,,
2009-01-19,,,,,,,,,0.19,,,,1.847,,,,,,,,,,,,,,,,,,,,
2009-01-20,,,,,,,,,0.2,,,,,38.57,,,,,56.65,,1.67,,,,1.2946,13.9155,2.3617,1.2604,,,,,
2009-01-21,,,,,,,,,0.23,,,,,42.56,,,,,46.42,,1.78,,,,1.287,13.9275,2.3525,1.2749,,,,,
2009-01-22,,,,,,,,,0.21,,,,,42.33,,,,,47.29,,1.87,,,,1.2955,13.9675,2.3515,1.2624,,,,,
2009-01-23,,,,,,,,,0.18,,,,,45.12,,,,,47.27,,1.82,,,,1.2849,14.07,2.3467,1.2478,,,,,
2009-01-24,,,,586000.0,,,,,0.18,,,,,,4980000.0,,,,,,,,,,,,,,,,,,
2009-01-25,,,,,,,,,0.18,,,,,,,,,,,,,,,,,,,,,,,,
2009-01-26,,,,,,,,,0.19,,,,1.838,46.5,,,,,45.69,,1.85,,,,1.3123,13.948,2.3123,1.22,,,,,
2009-01-27,,,,,,,,,0.18,,,,,41.67,,,,,42.25,,1.72,,,,1.3159,14.185,2.3183,1.2292,,,,,
2009-01-28,,,,,,,,,0.19,,,,,42.04,,,,,39.66,,1.82,,,,1.3244,14.122,2.289,1.2096,,,,,
2009-01-29,,,,,,,,,0.23,,,,,41.58,,,,,42.63,,1.92,,,,1.2988,14.2021,2.2871,1.2187,,,,,
2009-01-30,,,,,,,,,0.23,,,,,41.73,,,,,44.84,,1.93,,,,1.2804,14.333,2.313,1.2365,,,,,
2009-01-31,,,,629000.0,,,,,0.23,,,,,,5010000.0,,,,,,,,,,,,,,,,,,
2009-02-01,133318.0,8.3,21.98,,56.3,1.9,212.705,12371.0,0.23,,65.8,,,,,1898.3,39.6,96.7591,,7.86,,169.3,291429.0,7.1,,,,,80.12242,1.0,12.75,1.25,8.1
2009-02-02,,,,,,,,,0.24,,,,1.892,41.35,,,,,45.52,,1.87,,,,1.2808,14.496,2.3262,1.2408,,,,,
2009-02-03,,,,,,,,,0.24,,,,,40.87,,,,,43.06,,1.93,,,,1.301,14.5825,2.3151,1.2334,,,,,
2009-02-04,,,,,,,,,0.24,,,,,40.27,,,,,43.85,,1.97,,,,1.2857,14.465,2.291,1.2268,,,,,
2009-02-05,,,,,,,,,0.23,,,,,41.15,,,,,43.73,,1.97,,,,1.2838,14.318,2.2966,1.2307,,,,,
2009-02-06,,,,,,,,,0.23,,,,,40.24,,,,,43.37,,2.06,,,,1.2874,14.1777,2.262,1.2388,,,,,
2009-02-07,,,,637000.0,,,,,0.23,,,,,,5157000.0,,,,,,,,,,,,,,,,,,
2009-02-08,,,,,,,,,0.23,,,,,,,,,,,,,,,,,,,,,,,,
2009-02-09,,,,,,,,,0.22,,,,1.926,39.58,,,,,43.64,,2.02,,,,1.3064,14.134,2.2375,1.219,,,,,
2009-02-10,,,,,,,,,0.24,,,,,37.54,,,,,46.67,,1.98,,,,1.2966,14.3775,2.2663,1.2332,,,,,
2009-02-11,,,,,,,,,0.22,,,,,35.93,,,,,44.53,,1.85,,,,1.2893,14.5423,2.2649,1.2418,,,,,
2009-02-12,,,,,,,,,0.23,,,,,34.03,,,,,41.25,,1.86,,,,1.2822,14.588,2.294,1.2478,,,,,
2009-02-13,,,,,,,,,0.22,,,,,37.63,,,,,42.93,,1.92,,,,1.2879,14.465,2.2765,1.2435,,,,,
2009-02-14,,,,632000.0,,,,,0.22,,,,,,5279000.0,,,,,,,,,,,,,,,,,,
2009-02-15,,,,,,,,,0.22,,,,,,,,,,,,,,,,,,,,,,,,
2009-02-16,,,,,,,,,0.22,,,,1.964,,,,,,,,,,,,,,,,,,,,
2009-02-17,,,,,,,,,0.25,,,,,34.96,,,,,48.66,,1.77,,,,1.2571,14.6205,2.3192,1.2606,,,,,
2009-02-18,,,,,,,,,0.23,,,,,34.67,,,,,48.46,,1.77,,,,1.2547,14.653,2.3572,1.2592,,,,,
2009-02-19,,,,,,,,,0.21,,,,,39.6,,,,,47.08,,1.84,,,,1.2675,14.5886,2.3554,1.259,,,,,
2009-02-20,,,,,,,,,0.2,,,,,39.35,,,,,49.3,,1.82,,,,1.269,14.836,2.3898,1.2543,,,,,
2009-02-21,,,,655000.0,,,,,0.2,,,,,,5307000.0,,,,,,,,,,,,,,,,,,
2009-02-22,,,,,,,,,0.2,,,,,,,,,,,,,,,,,,,,,,,,
2009-02-23,,,,,,,,,0.19,,,,1.909,37.66,,,,,52.62,,1.82,,,,1.2747,14.86,2.388,1.2508,,,,,
2009-02-24,,,,,,,,,0.21,,,,,38.86,,,,,45.49,,1.77,,,,1.2742,14.835,2.383,1.2468,,,,,
2009-02-25,,,,,,,,,0.21,,,,,41.64,,,,,44.67,,1.86,,,,1.2731,14.926,2.388,1.2558,,,,,
2009-02-26,,,,,,,,,0.22,,,,,43.18,,,,,44.66,,1.9,,,,1.2764,14.9728,2.3508,1.2455,,,,,
2009-02-27,,,,,,,,,0.22,,,,,44.15,,,,,46.35,,2.02,,,,1.2662,15.088,2.375,1.271,,,,,
2009-02-28,,,,652000.0,,,,,0.22,,,,,,5445000.0,,,,,,,,,,,,,,,,,,
2009-03-01,132494.0,8.7,22.05,,57.3,2.0,212.495,12196.0,0.22,,65.6,,,,,1835.8,39.3,96.96084,,8.24,,168.1,286022.0,7.3,,,,,80.21907,0.5,11.25,0.75,8.4
2009-03-02,,,,,,,,,0.22,,,,1.934,40.07,,,,,52.65,,2.02,,,,1.258,15.406,2.4365,1.2891,,,,,
2009-03-03,,,,,,,,,0.2,,,,,41.57,,,,,50.93,,2.02,,,,1.2549,15.341,2.442,1.2937,,,,,
2009-03-04,,,,,,,,,0.21,,,,,45.28,,,,,47.56,,2.04,,,,1.2607,15.175,2.3738,1.2768,,,,,
2009-03-05,,,,,,,,,0.2,,,,,43.54,,,,,50.17,,1.93,,,,1.2565,15.3153,2.386,1.2875,,,,,
2009-03-06,,,,,,,,,0.2,,,,,45.43,,,,,49.33,,1.92,,,,1.2674,15.254,2.3735,1.2865,,,,,
2009-03-07,,,,660000.0,,,,,0.2,,,,,,5600000.0,,,,,,,,,,,,,,,,,,
2009-03-08,,,,,,,,,0.2,,,,,,,,,,,,,,,,,,,,,,,,
2009-03-09,,,,,,,,,0.2,,,,1.941,47.01,,,,,49.68,,1.93,,,,1.2636,15.3815,2.3698,1.2995,,,,,
2009-03-10,,,,,,,,,0.2,,,,,45.68,,,,,44.37,,1.98,,,,1.2752,15.2872,2.3472,1.2796,,,,,
2009-03-11,,,,,,,,,0.19,,,,,42.46,,,,,43.61,,1.92,,,,1.2774,15.1683,2.3357,1.2808,,,,,
2009-03-12,,,,,,,,,0.18,,,,,46.91,,,,,41.18,,1.86,,,,1.2799,14.9222,2.3265,1.2909,,,,,
2009-03-13,,,,,,,,,0.15,,,,,46.22,,,,,42.36,,1.91,,,,1.2891,14.585,2.3125,1.2752,,,,,
2009-03-14,,,,651000.0,,,,,0.15,,,,,,5699000.0,,,,,,,,,,,,,,,,,,
2009-03-15,,,,,,,,,0.15,,,,,,,,,,,,,,,,,,,,,,,,
2009-03-16,,,,,,,,,0.2,,,,1.91,47.33,,,,,43.74,,1.97,,,,1.2997,14.101,2.2635,1.2723,,,,,
2009-03-17,,,,,,,,,0.2,,,,,48.97,,,,,40.8,,1.97,,,,1.2972,14.024,2.2792,1.2717,,,,,
2009-03-18,,,,,,,,,0.18,,,,,48.12,,,,,40.06,,1.69,,,,1.311,14.1305,2.3033,1.2715,,,,,
2009-03-19,,,,,,,,,0.17,,,,,51.46,,,,,43.68,,1.74,,,,1.373,14.06,2.2516,1.2336,,,,,
2009-03-20,,,,,,,,,0.18,,,,,51.55,,,,,45.89,,1.76,,,,1.3566,14.14,2.25,1.237,,,,,
2009-03-21,,,,661000.0,,,,,0.18,,,,,,5829000.0,,,,,,,,,,,,,,,,,,
2009-03-22,,,,,,,,,0.18,,,,,,,,,,,,,,,,,,,,,,,,
2009-03-23,,,,,,,,,0.17,,,,1.962,53.05,,,,,43.23,,1.75,,,,1.3569,14.2725,2.2709,1.2322,,,,,
2009-03-24,,,,,,,,,0.17,,,,,53.36,,,,,42.93,,1.75,,,,1.3524,14.303,2.2548,1.2263,,,,,
2009-03-25,,,,,,,,,0.17,,,,,52.24,,,,,42.25,,1.85,,,,1.3539,14.221,2.2383,1.2245,,,,,
2009-03-26,,,,,,,,,0.16,,,,,53.87,,,,,40.36,,1.86,,,,1.356,14.231,2.2371,1.2327,,,,,
2009-03-27,,,,,,,,,0.15,,,,,52.41,,,,,41.04,,1.88,,,,1.3306,14.315,2.2761,1.2392,,,,,
2009-03-28,,,,665000.0,,,,,0.15,,,,,,5935000.0,,,,,,,,,,,,,,,,,,
2009-03-29,,,,,,,,,0.15,,,,,,,,,,,,,,,,,,,,,,,,
2009-03-30,,,,,,,,,0.16,,,,2.046,48.49,,,,,45.54,,1.89,,,,1.3146,14.382,2.3251,1.2582,,,,,
2009-03-31,,,,,,,,,0.16,,,,,49.64,,,,,44.14,,1.9,,,,1.3261,14.21,2.3007,1.2606,,,,,
2009-04-01,131822.0,9.0,22.1,,65.1,2.8,212.709,12017.0,0.16,90.943,65.7,,,48.46,,1778.1,39.4,97.40855,42.28,8.24,1.85,169.1,287530.0,7.6,1.3223,13.8882,2.286,1.264,77.80283,0.5,10.25,0.5,8.4
2009-04-02,,,,,,,,,0.16,,,,,52.61,,,,,42.04,,1.89,,,,1.3458,13.83,2.24,1.238,,,,,
2009-04-03,,,,,,,,,0.13,,,,,52.52,,,,,39.7,,1.95,,,,1.3447,13.631,2.2024,1.2335,,,,,
2009-04-04,,,,653000.0,,,,,0.13,,,,,,6044000.0,,,,,,,,,,,,,,,,,,
2009-04-05,,,,,,,,,0.13,,,,,,,,,,,,,,,,,,,,,,,,
2009-04-06,,,,,,,,,0.14,,,,2.037,51.1,,,,,40.93,,2.01,,,,1.3363,13.65,2.2274,1.2427,,,,,
2009-04-07,,,,,,,,,0.14,,,,,49.13,,,,,40.39,,2.02,,,,1.3282,13.575,2.2255,1.2339,,,,,
2009-04-08,,,,,,,,,0.14,,,,,49.37,,,,,38.85,,1.93,,,,1.3288,13.3625,2.195,1.2353,,,,,
2009-04-09,,,,,,,,,0.14,,,,,52.24,,,,,36.53,,2.0,,,,1.3149,13.1725,2.1774,1.2273,,,,,
2009-04-10,,,,,,,,,0.15,,,,,,,,,,,,,,,,1.3143,13.1275,2.17,1.2273,,,,,
2009-04-11,,,,599000.0,,,,,0.15,,,,,,6130000.0,,,,,,,,,,,,,,,,,,
2009-04-12,,,,,,,,,0.15,,,,,,,,,,,,,,,,,,,,,,,,
2009-04-13,,,,,,,,,0.13,,,,2.051,50.22,,,,,37.81,,1.99,,,,1.3354,13.088,2.1745,1.221,,,,,
2009-04-14,,,,,,,,,0.16,,,,,49.51,,,,,37.67,,1.94,,,,1.3277,13.0835,2.1778,1.2093,,,,,
2009-04-15,,,,,,,,,0.16,,,,,49.26,,,,,36.17,,1.96,,,,1.3182,13.1685,2.1955,1.204,,,,,
2009-04-16,,,,,,,,,0.15,,,,,49.97,,,,,35.79,,1.95,,,,1.3197,13.047,2.1756,1.2062,,,,,
2009-04-17,,,,,,,,,0.13,,,,,50.36,,,,,33.94,,1.99,,,,1.303,13.135,2.1856,1.2146,,,,,
2009-04-18,,,,639000.0,,,,,0.13,,,,,,6264000.0,,,,,,,,,,,,,,,,,,
2009-04-19,,,,,,,,,0.13,,,,,,,,,,,,,,,,,,,,,,,,
2009-04-20,,,,,,,,,0.14,,,,2.059,45.82,,,,,39.18,,1.95,,,,1.2903,13.3285,2.2322,1.2338,,,,,
2009-04-21,,,,,,,,,0.15,,,,,46.65,,,,,37.14,,1.98,,,,1.2978,13.122,2.239,1.2373,,,,,
2009-04-22,,,,,,,,,0.15,,,,,47.41,,,,,38.1,,1.98,,,,1.3012,13.1288,2.2045,1.2361,,,,,
2009-04-23,,,,,,,,,0.17,,,,,48.46,,,,,37.15,,1.99,,,,1.3048,13.327,2.2185,1.2291,,,,,
2009-04-24,,,,,,,,,0.16,,,,,50.65,,,,,36.82,,2.04,,,,1.3277,13.2445,2.196,1.2095,,,,,
2009-04-25,,,,620000.0,,,,,0.16,,,,,,6300000.0,,,,,,,,,,,,,,,,,,
2009-04-26,,,,,,,,,0.16,,,,,,,,,,,,,,,,,,,,,,,,
2009-04-27,,,,,,,,,0.17,,,,2.049,49.29,,,,,38.32,,2.05,,,,1.3136,13.7072,2.1963,1.2106,,,,,
2009-04-28,,,,,,,,,0.16,,,,,49.01,,,,,37.95,,2.1,,,,1.3061,13.885,2.206,1.2238,,,,,
2009-04-29,,,,,,,,,0.18,,,,,50.19,,,,,36.08,,2.18,,,,1.3324,13.575,2.1617,1.2008,,,,,
2009-04-30,,,,,,,,,0.2,,,,,50.35,,,,,36.5,,2.25,,,,1.3244,13.801,2.1724,1.1939,,,,,
2009-05-01,131466.0,9.4,22.12,,68.7,2.8,213.022,11850.0,0.22,,65.7,,,52.18,,1773.7,39.3,97.79377,35.3,7.88,2.29,170.8,290215.0,7.8,1.3267,13.823,2.173,1.1868,81.18557,0.5,10.25,0.5,8.7
2009-05-02,,,,602000.0,,,,,0.22,,,,,,6416000.0,,,,,,,,,,,,,,,,,,
2009-05-03,,,,,,,,,0.22,,,,,,,,,,,,,,,,,,,,,,,,
2009-05-04,,,,,,,,,0.22,,,,2.078,54.45,,,,,34.53,,2.25,,,,1.3365,13.3005,2.1363,1.1779,,,,,
2009-05-05,,,,,,,,,0.2,,,,,53.81,,,,,33.36,,2.22,,,,1.3375,13.203,2.1495,1.1758,,,,,
2009-05-06,,,,,,,,,0.18,,,,,56.29,,,,,32.45,,2.22,,,,1.3313,13.1975,2.1199,1.1726,,,,,
2009-05-07,,,,,,,,,0.18,,,,,56.67,,,,,33.44,,2.29,,,,1.3411,13.086,2.1052,1.1714,,,,,
2009-05-08,,,,,,,,,0.17,,,,,58.58,,,,,32.05,,2.29,,,,1.3494,13.1061,2.0742,1.158,,,,,
2009-05-09,,,,625000.0,,,,,0.17,,,,,,6516000.0,,,,,,,,,,,,,,,,,,
2009-05-10,,,,,,,,,0.17,,,,,,,,,,,,,,,,,,,,,,,,
2009-05-11,,,,,,,,,0.17,,,,2.24,57.79,,,,,32.87,,2.25,,,,1.362,13.11,2.0528,1.1591,,,,,
2009-05-12,,,,,,,,,0.16,,,,,58.81,,,,,31.8,,2.27,,,,1.3638,13.2325,2.0687,1.1671,,,,,
2009-05-13,,,,,,,,,0.16,,,,,58.0,,,,,33.65,,2.22,,,,1.3612,13.3153,2.101,1.1686,,,,,
2009-05-14,,,,,,,,,0.16,,,,,58.58,,,,,31.37,,2.23,,,,1.3608,13.301,2.0939,1.1726,,,,,
2009-05-15,,,,,,,,,0.17,,,,,56.52,,,,,33.12,,2.26,,,,1.3539,13.2075,2.0815,1.1756,,,,,
2009-05-16,,,,620000.0,,,,,0.17,,,,,,6539000.0,,,,,,,,,,,,,,,,,,
2009-05-17,,,,,,,,,0.17,,,,,,,,,,,,,,,,,,,,,,,,
2009-05-18,,,,,,,,,0.16,,,,2.309,58.99,,,,,30.24,,2.29,,,,1.3503,13.12,2.0798,1.1656,,,,,
2009-05-19,,,,,,,,,0.15,,,,,59.52,,,,,28.8,,2.34,,,,1.3608,12.953,2.0489,1.1567,,,,,
2009-05-20,,,,,,,,,0.14,,,,,61.45,,,,,29.03,,2.32,,,,1.3765,12.8845,2.0205,1.1434,,,,,
2009-05-21,,,,,,,,,0.17,,,,,60.49,,,,,31.35,,2.46,,,,1.3804,13.0875,2.0332,1.1412,,,,,
2009-05-22,,,,,,,,,0.17,,,,,61.15,,,,,32.63,,2.53,,,,1.4005,13.1675,2.0274,1.1234,,,,,
2009-05-23,,,,606000.0,,,,,0.17,,,,,,6522000.0,,,,,,,,,,,,,,,,,,
2009-05-24,,,,,,,,,0.17,,,,,,,,,,,,,,,,,,,,,,,,
2009-05-25,,,,,,,,,0.17,,,,2.435,,,,,,,,,,,,,,,,,,,,
2009-05-26,,,,,,,,,0.18,,,,,62.48,,,,,30.62,,2.54,,,,1.3992,13.1335,2.0221,1.1199,,,,,
2009-05-27,,,,,,,,,0.17,,,,,63.41,,,,,32.36,,2.75,,,,1.3924,13.1501,2.0148,1.112,,,,,
2009-05-28,,,,,,,,,0.17,,,,,65.09,,,,,31.67,,2.7,,,,1.3948,13.23,2.0074,1.1123,,,,,
2009-05-29,,,,,,,,,0.19,,,,,66.31,,,,,28.92,,2.55,,,,1.4126,13.182,1.9678,1.0957,,,,,
2009-05-30,,,,607000.0,,,,,0.19,,,,,,6635000.0,,,,,,,,,,,,,,,,,,
2009-05-31,,,,,,,,,0.19,,,,,,,,,,,,,,,,,,,,,,,,
2009-06-01,131008.0,9.5,22.14,,70.8,3.1,214.79,11713.0,0.21,,65.7,,2.524,68.59,,1753.8,39.6,97.95326,30.04,7.29,2.74,174.1,295458.0,7.9,1.4192,13.1565,1.9452,1.087,82.53866,0.5,9.25,0.5,8.8
2009-06-02,,,,,,,,,0.2,,,,,68.58,,,,,29.63,,2.69,,,,1.427,13.2825,1.9402,1.0828,,,,,
2009-06-03,,,,,,,,,0.21,,,,,66.14,,,,,31.02,,2.65,,,,1.4194,13.305,1.9474,1.0973,,,,,
2009-06-04,,,,,,,,,0.2,,,,,68.8,,,,,30.18,,2.76,,,,1.4187,13.2557,1.9457,1.0997,,,,,
2009-06-05,,,,,,,,,0.21,,,,,68.43,,,,,29.62,,2.52,,,,1.399,13.295,1.9606,1.1144,,,,,
2009-06-06,,,,596000.0,,,,,0.21,,,,,,6506000.0,,,,,,,,,,,,,,,,,,
2009-06-07,,,,,,,,,0.21,,,,,,,,,,,,,,,,,,,,,,,,
2009-06-08,,,,,,,,,0.21,,,,2.624,68.05,,,,,29.77,,2.49,,,,1.3884,13.457,1.9779,1.1228,,,,,
2009-06-09,,,,,,,,,0.18,,,,,70.02,,,,,28.27,,2.53,,,,1.4014,13.5,1.9448,1.1042,,,,,
2009-06-10,,,,,,,,,0.18,,,,,71.38,,,,,28.46,,2.6,,,,1.3983,13.636,1.9494,1.11,,,,,
2009-06-11,,,,,,,,,0.17,,,,,72.69,,,,,28.11,,2.53,,,,1.4093,13.44,1.9487,1.0977,,,,,
2009-06-12,,,,,,,,,0.17,,,,,72.13,,,,,28.15,,2.51,,,,1.404,13.401,1.9214,1.117,,,,,
2009-06-13,,,,595000.0,,,,,0.17,,,,,,6525000.0,,,,,,,,,,,,,,,,,,
2009-06-14,,,,,,,,,0.17,,,,,,,,,,,,,,,,,,,,,,,,
2009-06-15,,,,,,,,,0.22,,,,2.672,70.54,,,,,30.81,,2.5,,,,1.3784,13.4305,1.948,1.1338,,,,,
2009-06-16,,,,,,,,,0.22,,,,,70.47,,,,,32.68,,2.44,,,,1.3878,13.342,1.9475,1.1325,,,,,
2009-06-17,,,,,,,,,0.24,,,,,71.07,,,,,31.54,,2.49,,,,1.385,13.47,1.9855,1.1371,,,,,
2009-06-18,,,,,,,,,0.25,,,,,71.42,,,,,30.03,,2.58,,,,1.3978,13.341,1.9611,1.1273,,,,,
2009-06-19,,,,,,,,,0.25,,,,,69.6,,,,,27.99,,2.54,,,,1.3998,13.338,1.954,1.1287,,,,,
2009-06-20,,,,608000.0,,,,,0.25,,,,,,6488000.0,,,,,,,,,,,,,,,,,,
2009-06-21,,,,,,,,,0.25,,,,,,,,,,,,,,,,,,,,,,,,
2009-06-22,,,,,,,,,0.24,,,,2.691,67.09,,,,,31.17,,2.55,,,,1.3846,13.3715,2.0138,1.1547,,,,,
2009-06-23,,,,,,,,,0.24,,,,,68.81,,,,,30.58,,2.51,,,,1.4035,13.3219,2.0026,1.1557,,,,,
2009-06-24,,,,,,,,,0.21,,,,,68.14,,,,,29.05,,2.53,,,,1.4015,13.2825,1.965,1.1462,,,,,
2009-06-25,,,,,,,,,0.19,,,,,69.7,,,,,26.36,,2.43,,,,1.3953,13.289,1.9632,1.1576,,,,,
2009-06-26,,,,,,,,,0.18,,,,,69.16,,,,,25.93,,2.42,,,,1.4056,13.2425,1.9444,1.1527,,,,,
2009-06-27,,,,594000.0,,,,,0.18,,,,,,6618000.0,,,,,,,,,,,,,,,,,,
2009-06-28,,,,,,,,,0.18,,,,,,,,,,,,,,,,,,,,,,,,
2009-06-29,,,,,,,,,0.17,,,,2.642,71.47,,,,,25.35,,2.4,,,,1.4058,13.1835,1.957,1.158,,,,,
2009-06-30,,,,,,,,,0.22,,,,,69.82,,,,,26.35,,2.42,,,,1.402,13.17,1.9653,1.1626,,,,,
2009-07-01,130662.0,9.5,22.18,,66.0,2.9,214.726,11654.0,0.2,92.392,65.5,,,69.32,,1762.3,39.9,97.90809,26.22,6.93,2.5,172.5,296928.0,7.9,1.4186,13.0965,1.9299,1.1446,81.57217,0.5,8.75,0.5,8.8
2009-07-02,,,,,,,,,0.17,,,,,66.68,,,,,27.95,,2.53,,,,1.4018,13.16,1.9565,1.16,,,,,
2009-07-03,,,,,,,,,0.16,,,,,,,,,,,,,,,,1.3991,13.245,1.9509,1.1625,,,,,
2009-07-04,,,,573000.0,,,,,0.16,,,,,,6145000.0,,,,,,,,,,,,,,,,,,
2009-07-05,,,,,,,,,0.16,,,,,,,,,,,,,,,,,,,,,,,,
2009-07-06,,,,,,,,,0.18,,,,2.612,64.06,,,,,29.0,,2.56,,,,1.3938,13.2535,1.9727,1.1608,,,,,
2009-07-07,,,,,,,,,0.18,,,,,62.88,,,,,30.85,,2.49,,,,1.3965,13.2698,1.9667,1.163,,,,,
2009-07-08,,,,,,,,,0.16,,,,,60.15,,,,,31.3,,2.42,,,,1.3852,13.479,2.0035,1.165,,,,,
2009-07-09,,,,,,,,,0.15,,,,,60.36,,,,,29.78,,2.5,,,,1.4026,13.5545,1.991,1.1623,,,,,
2009-07-10,,,,,,,,,0.15,,,,,59.93,,,,,29.02,,2.41,,,,1.3926,13.72,2.0141,1.1649,,,,,
2009-07-11,,,,546000.0,,,,,0.15,,,,,,6136000.0,,,,,,,,,,,,,,,,,,
2009-07-12,,,,,,,,,0.15,,,,,,,,,,,,,,,,,,,,,,,,
2009-07-13,,,,,,,,,0.13,,,,2.528,59.69,,,,,26.31,,2.46,,,,1.3973,13.8025,1.9897,1.1541,,,,,
2009-07-14,,,,,,,,,0.13,,,,,59.62,,,,,25.02,,2.53,,,,1.3971,13.785,1.9721,1.1401,,,,,
2009-07-15,,,,,,,,,0.14,,,,,61.49,,,,,25.89,,2.6,,,,1.4116,13.5965,1.9358,1.1192,,,,,
2009-07-16,,,,,,,,,0.15,,,,,62.07,,,,,25.42,,2.59,,,,1.4115,13.568,1.9362,1.1172,,,,,
2009-07-17,,,,,,,,,0.15,,,,,63.56,,,,,24.34,,2.65,,,,1.412,13.39,1.9278,1.1168,,,,,
2009-07-18,,,,560000.0,,,,,0.15,,,,,,6118000.0,,,,,,,,,,,,,,,,,,
2009-07-19,,,,,,,,,0.15,,,,,,,,,,,,,,,,,,,,,,,,
2009-07-20,,,,,,,,,0.15,,,,2.463,63.93,,,,,24.4,,2.62,,,,1.4211,13.318,1.9056,1.1065,,,,,
2009-07-21,,,,,,,,,0.14,,,,,64.81,,,,,23.87,,2.54,,,,1.4196,13.3053,1.9085,1.1077,,,,,
2009-07-22,,,,,,,,,0.14,,,,,64.58,,,,,23.47,,2.6,,,,1.422,13.2335,1.9046,1.098,,,,,
2009-07-23,,,,,,,,,0.15,,,,,66.1,,,,,23.43,,2.64,,,,1.4266,13.1625,1.887,1.0867,,,,,
2009-07-24,,,,,,,,,0.15,,,,,66.96,,,,,23.09,,2.65,,,,1.4213,13.221,1.8958,1.0843,,,,,
2009-07-25,,,,587000.0,,,,,0.15,,,,,,6157000.0,,,,,,,,,,,,,,,,,,
2009-07-26,,,,,,,,,0.15,,,,,,,,,,,,,,,,,,,,,,,,
2009-07-27,,,,,,,,,0.16,,,,2.503,68.34,,,,,24.28,,2.67,,,,1.4212,13.2205,1.8857,1.0833,,,,,
2009-07-28,,,,,,,,,0.15,,,,,67.24,,,,,25.01,,2.6,,,,1.4215,13.259,1.8785,1.0802,,,,,
2009-07-29,,,,,,,,,0.17,,,,,63.42,,,,,25.61,,2.52,,,,1.4033,13.27,1.8987,1.0881,,,,,
2009-07-30,,,,,,,,,0.17,,,,,66.9,,,,,25.4,,2.48,,,,1.4066,13.221,1.878,1.0814,,,,,
2009-07-31,,,,,,,,,0.18,,,,,69.26,,,,,25.92,,2.39,,,,1.4279,13.2025,1.8653,1.0791,,,,,
2009-08-01,130472.0,9.6,22.23,555000.0,65.7,2.8,215.445,11612.0,0.18,,65.4,,,,6111000.0,1758.7,40.0,97.95174,,6.42,,175.0,302871.0,7.8,,,,,82.73196,0.5,8.75,0.5,8.7
2009-08-02,,,,,,,,,0.18,,,,,,,,,,,,,,,,,,,,,,,,
2009-08-03,,,,,,,,,0.18,,,,2.557,71.59,,,,,25.56,,2.48,,,,1.4416,13.131,1.8353,1.065,,,,,
2009-08-04,,,,,,,,,0.17,,,,,71.4,,,,,24.89,,2.5,,,,1.44,13.1025,1.8326,1.0685,,,,,
2009-08-05,,,,,,,,,0.17,,,,,71.97,,,,,24.9,,2.57,,,,1.4391,13.1095,1.8291,1.0722,,,,,
2009-08-06,,,,,,,,,0.17,,,,,71.96,,,,,25.67,,2.57,,,,1.4357,12.997,1.8304,1.076,,,,,
2009-08-07,,,,,,,,,0.17,,,,,70.97,,,,,24.76,,2.57,,,,1.418,12.9305,1.8211,1.0838,,,,,
2009-08-08,,,,555000.0,,,,,0.17,,,,,,6090000.0,,,,,,,,,,,,,,,,,,
2009-08-09,,,,,,,,,0.17,,,,,,,,,,,,,,,,,,,,,,,,
2009-08-10,,,,,,,,,0.17,,,,2.647,70.59,,,,,24.99,,2.56,,,,1.4143,12.9192,1.8435,1.0848,,,,,
2009-08-11,,,,,,,,,0.16,,,,,69.46,,,,,25.99,,2.5,,,,1.4141,12.9925,1.853,1.0987,,,,,
2009-08-12,,,,,,,,,0.15,,,,,70.08,,,,,25.45,,2.54,,,,1.4215,12.9668,1.8318,1.0875,,,,,
2009-08-13,,,,,,,,,0.15,,,,,70.57,,,,,24.71,,2.47,,,,1.4283,12.8705,1.834,1.0881,,,,,
2009-08-14,,,,,,,,,0.15,,,,,67.51,,,,,24.27,,2.48,,,,1.4216,12.8799,1.844,1.0973,,,,,
2009-08-15,,,,562000.0,,,,,0.15,,,,,,6008000.0,,,,,,,,,,,,,,,,,,
2009-08-16,,,,,,,,,0.15,,,,,,,,,,,,,,,,,,,,,,,,
2009-08-17,,,,,,,,,0.17,,,,2.637,66.72,,,,,27.89,,2.44,,,,1.4088,12.985,1.8665,1.1077,,,,,
2009-08-18,,,,,,,,,0.17,,,,,69.22,,,,,26.18,,2.45,,,,1.4075,12.9598,1.8683,1.1097,,,,,
2009-08-19,,,,,,,,,0.17,,,,,72.54,,,,,26.26,,2.44,,,,1.4262,12.882,1.8325,1.0968,,,,,
2009-08-20,,,,,,,,,0.17,,,,,72.4,,,,,25.09,,2.39,,,,1.4235,12.8675,1.8453,1.0902,,,,,
2009-08-21,,,,,,,,,0.16,,,,,73.12,,,,,25.01,,2.43,,,,1.4305,12.82,1.8297,1.0799,,,,,
2009-08-22,,,,560000.0,,,,,0.16,,,,,,6060000.0,,,,,,,,,,,,,,,,,,
2009-08-23,,,,,,,,,0.16,,,,,,,,,,,,,,,,,,,,,,,,
2009-08-24,,,,,,,,,0.16,,,,2.628,73.68,,,,,25.14,,2.43,,,,1.432,12.847,1.8333,1.074,,,,,
2009-08-25,,,,,,,,,0.15,,,,,71.6,,,,,24.92,,2.4,,,,1.435,12.8722,1.83,1.0727,,,,,
2009-08-26,,,,,,,,,0.15,,,,,71.38,,,,,24.95,,2.38,,,,1.423,13.159,1.8672,1.0988,,,,,
2009-08-27,,,,,,,,,0.14,,,,,72.49,,,,,24.68,,2.43,,,,1.4272,13.237,1.881,1.0961,,,,,
2009-08-28,,,,,,,,,0.14,,,,,72.72,,,,,24.76,,2.45,,,,1.4358,13.267,1.873,1.0875,,,,,
2009-08-29,,,,564000.0,,,,,0.14,,,,,,5970000.0,,,,,,,,,,,,,,,,,,
2009-08-30,,,,,,,,,0.14,,,,,,,,,,,,,,,,,,,,,,,,
2009-08-31,,,,,,,,,0.15,,,,2.613,69.97,,,,,26.01,,2.43,,,,1.4354,13.3361,1.87,1.0967,,,,,
2009-09-01,130246.0,9.8,22.27,,73.5,2.2,215.861,11580.0,0.15,,65.1,,,68.11,,1778.3,40.1,98.1294,29.15,6.16,2.46,174.1,294449.0,7.9,1.4235,13.5725,1.8936,1.1028,86.01804,0.5,8.75,0.5,8.5
2009-09-02,,,,,,,,,0.16,,,,,68.03,,,,,28.9,,2.4,,,,1.4246,13.578,1.8936,1.106,,,,,
2009-09-03,,,,,,,,,0.15,,,,,67.9,,,,,27.1,,2.42,,,,1.4278,13.5681,1.873,1.1034,,,,,
2009-09-04,,,,,,,,,0.15,,,,,67.95,,,,,25.26,,2.51,,,,1.4278,13.426,1.8458,1.0894,,,,,
2009-09-05,,,,558000.0,,,,,0.15,,,,,,6079000.0,,,,,,,,,,,,,,,,,,
2009-09-06,,,,,,,,,0.15,,,,,,,,,,,,,,,,,,,,,,,,
2009-09-07,,,,,,,,,0.15,,,,2.588,,,,,,,,,,,,,,,,,,,,
2009-09-08,,,,,,,,,0.15,,,,,71.08,,,,,25.62,,2.54,,,,1.4497,13.288,1.8245,1.0762,,,,,
2009-09-09,,,,,,,,,0.15,,,,,71.27,,,,,24.32,,2.55,,,,1.4573,13.436,1.8295,1.0783,,,,,
2009-09-10,,,,,,,,,0.16,,,,,71.95,,,,,23.55,,2.46,,,,1.4568,13.4,1.8206,1.0811,,,,,
2009-09-11,,,,,,,,,0.15,,,,,69.34,,,,,24.15,,2.44,,,,1.4586,13.329,1.8129,1.0742,,,,,
2009-09-12,,,,542000.0,,,,,0.15,,,,,,6006000.0,,,,,,,,,,,,,,,,,,
2009-09-13,,,,,,,,,0.15,,,,,,,,,,,,,,,,,,,,,,,,
2009-09-14,,,,,,,,,0.16,,,,2.577,68.86,,,,,23.86,,2.48,,,,1.4613,13.399,1.8161,1.0859,,,,,
2009-09-15,,,,,,,,,0.17,,,,,70.81,,,,,23.42,,2.51,,,,1.4617,13.3365,1.8058,1.076,,,,,
2009-09-16,,,,,,,,,0.17,,,,,72.5,,,,,23.69,,2.47,,,,1.4698,13.181,1.7983,1.0662,,,,,
2009-09-17,,,,,,,,,0.16,,,,,72.48,,,,,23.65,,2.44,,,,1.4735,13.2466,1.8097,1.0615,,,,,
2009-09-18,,,,,,,,,0.16,,,,,71.95,,,,,23.92,,2.46,,,,1.4704,13.249,1.808,1.0721,,,,,
2009-09-19,,,,536000.0,,,,,0.16,,,,,,5942000.0,,,,,,,,,,,,,,,,,,
2009-09-20,,,,,,,,,0.16,,,,,,,,,,,,,,,,,,,,,,,,
2009-09-21,,,,,,,,,0.15,,,,2.552,69.74,,,,,24.06,,2.47,,,,1.4692,13.3425,1.8137,1.0775,,,,,
2009-09-22,,,,,,,,,0.15,,,,,71.5,,,,,23.08,,2.44,,,,1.4795,13.324,1.8028,1.0683,,,,,
2009-09-23,,,,,,,,,0.15,,,,,68.74,,,,,23.49,,2.48,,,,1.4752,13.3475,1.7877,1.0722,,,,,
2009-09-24,,,,,,,,,0.14,,,,,65.74,,,,,24.95,,2.47,,,,1.4696,13.4605,1.8025,1.0864,,,,,
2009-09-25,,,,,,,,,0.13,,,,,65.91,,,,,25.61,,2.36,,,,1.4682,13.521,1.8002,1.0918,,,,,
2009-09-26,,,,554000.0,,,,,0.13,,,,,,5912000.0,,,,,,,,,,,,,,,,,,
2009-09-27,,,,,,,,,0.13,,,,,,,,,,,,,,,,,,,,,,,,
2009-09-28,,,,,,,,,0.13,,,,2.499,66.69,,,,,24.88,,2.33,,,,1.465,13.4885,1.7886,1.086,,,,,
2009-09-29,,,,,,,,,0.11,,,,,66.56,,,,,25.19,,2.31,,,,1.4553,13.5525,1.7905,1.0872,,,,,
2009-09-30,,,,,,,,,0.07,,,,,70.46,,,,,25.61,,2.36,,,,1.463,13.4805,1.7743,1.0719,,,,,
2009-10-01,130061.0,10.0,22.31,,70.6,2.9,216.509,11527.0,0.11,93.644,65.0,,,70.67,,1811.2,40.2,98.15902,28.27,6.17,2.34,175.2,298067.0,7.8,1.4532,13.654,1.781,1.0773,84.375,0.5,8.75,0.5,8.6
2009-10-02,,,,,,,,,0.13,,,,,69.8,,,,,28.68,,2.36,,,,1.459,13.67,1.7814,1.0843,,,,,
2009-10-03,,,,533000.0,,,,,0.13,,,,,,5900000.0,,,,,,,,,,,,,,,,,,
2009-10-04,,,,,,,,,0.13,,,,,,,,,,,,,,,,,,,,,,,,
2009-10-05,,,,,,,,,0.13,,,,2.468,70.26,,,,,26.84,,2.36,,,,1.4647,13.662,1.7702,1.0755,,,,,
2009-10-06,,,,,,,,,0.12,,,,,70.71,,,,,25.7,,2.36,,,,1.4744,13.489,1.7493,1.057,,,,,
2009-10-07,,,,,,,,,0.13,,,,,69.6,,,,,24.68,,2.34,,,,1.4675,13.4675,1.7613,1.0619,,,,,
2009-10-08,,,,,,,,,0.12,,,,,71.69,,,,,24.18,,2.37,,,,1.4777,13.32,1.745,1.0533,,,,,
2009-10-09,,,,,,,,,0.12,,,,,71.75,,,,,23.12,,2.42,,,,1.4715,13.262,1.7395,1.0425,,,,,
2009-10-10,,,,511000.0,,,,,0.12,,,,,,5828000.0,,,,,,,,,,,,,,,,,,
2009-10-11,,,,,,,,,0.12,,,,,,,,,,,,,,,,,,,,,,,,
2009-10-12,,,,,,,,,0.12,,,,2.489,73.24,,,,,23.01,,,,,,,,,,,,,,
2009-10-13,,,,,,,,,0.12,,,,,74.1,,,,,22.99,,2.43,,,,1.4839,13.161,1.731,1.0297,,,,,
2009-10-14,,,,,,,,,0.12,,,,,75.2,,,,,22.86,,2.49,,,,1.4899,13.065,1.7055,1.0289,,,,,
2009-10-15,,,,,,,,,0.13,,,,,77.55,,,,,21.72,,2.52,,,,1.4945,13.093,1.701,1.0304,,,,,
2009-10-16,,,,,,,,,0.12,,,,,78.54,,,,,21.43,,2.46,,,,1.4889,13.081,1.707,1.0389,,,,,
2009-10-17,,,,531000.0,,,,,0.12,,,,,,5746000.0,,,,,,,,,,,,,,,,,,
2009-10-18,,,,,,,,,0.12,,,,,,,,,,,,,,,,,,,,,,,,
2009-10-19,,,,,,,,,0.12,,,,2.574,79.47,,,,,21.49,,2.42,,,,1.4947,13.0832,1.7085,1.0307,,,,,
2009-10-20,,,,,,,,,0.12,,,,,78.87,,,,,20.9,,2.4,,,,1.4905,12.9587,1.7555,1.0494,,,,,
2009-10-21,,,,,,,,,0.11,,,,,81.03,,,,,22.22,,2.42,,,,1.5009,12.899,1.7335,1.0413,,,,,
2009-10-22,,,,,,,,,0.11,,,,,80.82,,,,,20.69,,2.47,,,,1.5003,12.9515,1.7258,1.0476,,,,,
2009-10-23,,,,,,,,,0.11,,,,,80.11,,,,,22.27,,2.47,,,,1.5029,13.0132,1.7143,1.0507,,,,,
2009-10-24,,,,530000.0,,,,,0.11,,,,,,5705000.0,,,,,,,,,,,,,,,,,,
2009-10-25,,,,,,,,,0.11,,,,,,,,,,,,,,,,,,,,,,,,
2009-10-26,,,,,,,,,0.11,,,,2.674,78.61,,,,,24.31,,2.53,,,,1.4941,13.122,1.7166,1.0618,,,,,
2009-10-27,,,,,,,,,0.11,,,,,79.45,,,,,24.83,,2.5,,,,1.4821,13.23,1.7308,1.0644,,,,,
2009-10-28,,,,,,,,,0.11,,,,,77.39,,,,,27.91,,2.49,,,,1.4763,13.2815,1.7541,1.0757,,,,,
2009-10-29,,,,,,,,,0.11,,,,,79.84,,,,,24.76,,2.55,,,,1.4819,13.1577,1.738,1.0702,,,,,
2009-10-30,,,,,,,,,0.11,,,,,77.04,,,,,30.69,,2.51,,,,1.4755,13.1555,1.7445,1.0767,,,,,
2009-10-31,,,,522000.0,,,,,0.11,,,,,,5649000.0,,,,,,,,,,,,,,,,,,
2009-11-01,130057.0,9.9,22.34,,67.4,2.7,217.234,11498.0,0.11,,65.0,,,,,1868.2,40.5,98.17303,,6.2,,177.4,300583.0,7.8,,,,,84.85825,0.5,8.75,0.5,8.6
2009-11-02,,,,,,,,,0.12,,,,2.694,78.08,,,,,29.78,,2.53,,,,1.4828,13.0988,1.7485,1.0742,,,,,
2009-11-03,,,,,,,,,0.12,,,,,79.58,,,,,28.81,,2.58,,,,1.4658,13.315,1.753,1.0701,,,,,
2009-11-04,,,,,,,,,0.13,,,,,80.3,,,,,27.72,,2.66,,,,1.4836,13.2855,1.7229,1.0644,,,,,
2009-11-05,,,,,,,,,0.13,,,,,79.64,,,,,25.43,,2.67,,,,1.4857,13.3318,1.7222,1.0649,,,,,
2009-11-06,,,,,,,,,0.12,,,,,77.4,,,,,24.19,,2.68,,,,1.4835,13.3754,1.7165,1.0717,,,,,
2009-11-07,,,,512000.0,,,,,0.12,,,,,,5568000.0,,,,,,,,,,,,,,,,,,
2009-11-08,,,,,,,,,0.12,,,,,,,,,,,,,,,,,,,,,,,,
2009-11-09,,,,,,,,,0.12,,,,2.666,79.44,,,,,23.15,,2.65,,,,1.4999,13.3058,1.6995,1.0563,,,,,
2009-11-10,,,,,,,,,0.13,,,,,79.01,,,,,22.84,,2.65,,,,1.496,13.2451,1.7088,1.0516,,,,,
2009-11-11,,,,,,,,,0.13,,,,,79.16,,,,,23.04,,,,,,,,,,,,,,
2009-11-12,,,,,,,,,0.12,,,,,77.25,,,,,24.24,,2.63,,,,1.4865,13.2526,1.735,1.0513,,,,,
2009-11-13,,,,,,,,,0.12,,,,,76.34,,,,,23.36,,2.61,,,,1.4886,13.0735,1.727,1.05,,,,,
2009-11-14,,,,507000.0,,,,,0.12,,,,,,5462000.0,,,,,,,,,,,,,,,,,,
2009-11-15,,,,,,,,,0.12,,,,,,,,,,,,,,,,,,,,,,,,
2009-11-16,,,,,,,,,0.12,,,,2.629,78.91,,,,,22.89,,2.55,,,,1.4977,12.993,1.7102,1.0458,,,,,
2009-11-17,,,,,,,,,0.12,,,,,79.08,,,,,22.41,,2.55,,,,1.483,13.1,1.7205,1.0589,,,,,
2009-11-18,,,,,,,,,0.11,,,,,79.55,,,,,21.63,,2.59,,,,1.499,12.976,1.7078,1.0496,,,,,
2009-11-19,,,,,,,,,0.11,,,,,77.47,,,,,22.63,,2.62,,,,1.4905,13.047,1.7325,1.0634,,,,,
2009-11-20,,,,,,,,,0.11,,,,,76.83,,,,,22.19,,2.61,,,,1.487,13.085,1.734,1.0698,,,,,
2009-11-21,,,,482000.0,,,,,0.11,,,,,,5489000.0,,,,,,,,,,,,,,,,,,
2009-11-22,,,,,,,,,0.11,,,,,,,,,,,,,,,,,,,,,,,,
2009-11-23,,,,,,,,,0.12,,,,2.639,76.49,,,,,21.16,,2.6,,,,1.4968,13.0081,1.7255,1.055,,,,,
2009-11-24,,,,,,,,,0.12,,,,,74.88,,,,,20.47,,2.59,,,,1.4937,12.9315,1.7308,1.0608,,,,,
2009-11-25,,,,,,,,,0.11,,,,,77.25,,,,,20.48,,2.55,,,,1.5085,12.8585,1.7271,1.0499,,,,,
2009-11-26,,,,,,,,,0.11,,,,,,,,,,,,,,,,,,,,,,,,
2009-11-27,,,,,,,,,0.12,,,,,75.95,,,,,24.85,,2.53,,,,1.4963,12.9195,1.7369,1.062,,,,,
2009-11-28,,,,475000.0,,,,,0.12,,,,,,5323000.0,,,,,,,,,,,,,,,,,,
2009-11-29,,,,,,,,,0.12,,,,,,,,,,,,,,,,,,,,,,,,
2009-11-30,,,,,,,,,0.13,,,,2.629,77.19,,,,,24.51,,2.54,,,,1.4994,12.916,1.7505,1.057,,,,,
2009-12-01,129808.0,9.9,22.37,,72.5,2.5,217.347,11465.0,0.13,,64.6,,,78.39,,1905.5,40.6,98.34699,21.92,6.25,2.61,178.1,301959.0,7.7,1.51,12.8537,1.7253,1.043,85.24484,0.5,8.75,0.5,8.6
2009-12-02,,,,,,,,,0.13,,,,,76.62,,,,,21.12,,2.6,,,,1.5059,12.774,1.7195,1.0465,,,,,
2009-12-03,,,,,,,,,0.13,,,,,76.42,,,,,22.46,,2.65,,,,1.5081,12.6335,1.705,1.0539,,,,,
2009-12-04,,,,,,,,,0.12,,,,,75.41,,,,,21.25,,2.64,,,,1.4885,12.6318,1.7234,1.0515,,,,,
2009-12-05,,,,497000.0,,,,,0.12,,,,,,5289000.0,,,,,,,,,,,,,,,,,,
2009-12-06,,,,,,,,,0.12,,,,,,,,,,,,,,,,,,,,,,,,
2009-12-07,,,,,,,,,0.12,,,,2.634,73.89,,,,,22.1,,2.66,,,,1.482,12.645,1.7265,1.0508,,,,,
2009-12-08,,,,,,,,,0.12,,,,,72.59,,,,,23.69,,2.67,,,,1.4741,12.841,1.75,1.0599,,,,,
2009-12-09,,,,,,,,,0.12,,,,,70.67,,,,,22.66,,2.69,,,,1.4725,12.967,1.763,1.055,,,,,
2009-12-10,,,,,,,,,0.12,,,,,70.54,,,,,22.32,,2.71,,,,1.4716,12.9805,1.7723,1.0518,,,,,
2009-12-11,,,,,,,,,0.12,,,,,69.86,,,,,21.59,,2.72,,,,1.4601,12.935,1.7605,1.0583,,,,,
2009-12-12,,,,498000.0,,,,,0.12,,,,,,5191000.0,,,,,,,,,,,,,,,,,,
2009-12-13,,,,,,,,,0.12,,,,,,,,,,,,,,,,,,,,,,,,
2009-12-14,,,,,,,,,0.12,,,,2.599,69.48,,,,,21.15,,2.69,,,,1.4645,12.783,1.7465,1.059,,,,,
2009-12-15,,,,,,,,,0.13,,,,,70.62,,,,,21.49,,2.72,,,,1.4514,12.7121,1.751,1.0622,,,,,
2009-12-16,,,,,,,,,0.14,,,,,72.64,,,,,20.54,,2.76,,,,1.4577,12.7065,1.7469,1.0579,,,,,
2009-12-17,,,,,,,,,0.13,,,,,72.58,,,,,22.51,,2.73,,,,1.4317,12.9601,1.7905,1.0713,,,,,
2009-12-18,,,,,,,,,0.12,,,,,73.3,,,,,21.68,,2.73,,,,1.4281,12.8688,1.789,1.0679,,,,,
2009-12-19,,,,479000.0,,,,,0.12,,,,,,5100000.0,,,,,,,,,,,,,,,,,,
2009-12-20,,,,,,,,,0.12,,,,,,,,,,,,,,,,,,,,,,,,
2009-12-21,,,,,,,,,0.12,,,,2.589,72.71,,,,,20.49,,2.8,,,,1.4319,12.821,1.782,1.0592,,,,,
2009-12-22,,,,,,,,,0.12,,,,,73.48,,,,,19.54,,2.81,,,,1.4243,12.953,1.7827,1.0555,,,,,
2009-12-23,,,,,,,,,0.11,,,,,76.03,,,,,19.71,,2.81,,,,1.4341,12.881,1.7605,1.0476,,,,,
2009-12-24,,,,,,,,,0.11,,,,,76.83,,,,,19.47,,2.82,,,,1.4367,12.881,1.7618,1.0485,,,,,
2009-12-25,,,,,,,,,0.11,,,,,,,,,,,,,,,,,,,,,,,,
2009-12-26,,,,468000.0,,,,,0.11,,,,,,4987000.0,,,,,,,,,,,,,,,,,,
2009-12-27,,,,,,,,,0.11,,,,,,,,,,,,,,,,,,,,,,,,
2009-12-28,,,,,,,,,0.12,,,,2.607,78.67,,,,,19.93,,2.76,,,,1.4392,12.9355,1.7385,1.043,,,,,
2009-12-29,,,,,,,,,0.12,,,,,78.87,,,,,20.01,,2.73,,,,1.4356,13.0775,1.738,1.04,,,,,
2009-12-30,,,,,,,,,0.11,,,,,79.35,,,,,19.96,,2.72,,,,1.4316,13.07,1.7423,1.0523,,,,,
2009-12-31,,,,,,,,,0.05,,,,,79.39,,,,,21.68,,2.71,,,,1.4332,13.0576,1.7425,1.0461,,,,,
2010-01-01,129802.0,9.8,22.4,,74.4,2.8,217.488,11447.0,0.05,93.743,64.8,,,,,1954.6,40.9,98.50824,,6.14,,181.9,302325.0,7.9,,,,,86.40464,0.5,8.75,0.5,8.4
2010-01-02,,,,456000.0,,,,,0.05,,,,,,4870000.0,,,,,,,,,,,,,,,,,,
2010-01-03,,,,,,,,,0.05,,,,,,,,,,,,,,,,,,,,,,,,
2010-01-04,,,,,,,,,0.12,,,,2.665,81.52,,,,,20.04,,2.76,,,,1.4419,12.911,1.72,1.0377,,,,,
2010-01-05,,,,,,,,,0.12,,,,,81.74,,,,,19.35,,2.76,,,,1.4402,12.816,1.7296,1.0371,,,,,
2010-01-06,,,,,,,,,0.12,,,,,83.12,,,,,19.16,,2.84,,,,1.4404,12.742,1.7292,1.0333,,,,,
2010-01-07,,,,,,,,,0.1,,,,,82.6,,,,,19.06,,2.82,,,,1.4314,12.759,1.7409,1.0351,,,,,
2010-01-08,,,,,,,,,0.11,,,,,82.74,,,,,18.13,,2.87,,,,1.4357,12.7256,1.7342,1.0345,,,,,
2010-01-09,,,,469000.0,,,,,0.11,,,,,,4879000.0,,,,,,,,,,,,,,,,,,
2010-01-10,,,,,,,,,0.11,,,,,,,,,,,,,,,,,,,,,,,,
2010-01-11,,,,,,,,,0.11,,,,2.751,82.54,,,,,17.55,,2.9,,,,1.4536,12.666,1.733,1.0317,,,,,
2010-01-12,,,,,,,,,0.11,,,,,80.79,,,,,18.25,,2.82,,,,1.4523,12.7155,1.7407,1.0374,,,,,
2010-01-13,,,,,,,,,0.11,,,,,79.66,,,,,17.85,,2.83,,,,1.4492,12.762,1.748,1.0319,,,,,
2010-01-14,,,,,,,,,0.11,,,,,79.35,,,,,17.63,,2.82,,,,1.4478,12.72,1.7684,1.026,,,,,
2010-01-15,,,,,,,,,0.12,,,,,77.96,,,,,17.91,,2.81,,,,1.4376,12.6845,1.7681,1.0287,,,,,
2010-01-16,,,,507000.0,,,,,0.12,,,,,,4809000.0,,,,,,,,,,,,,,,,,,
2010-01-17,,,,,,,,,0.12,,,,,,,,,,,,,,,,,,,,,,,,
2010-01-18,,,,,,,,,0.12,,,,2.739,,,,,,,,,,,,,,,,,,,,
2010-01-19,,,,,,,,,0.13,,,,,78.98,,,,,17.58,,2.8,,,,1.4269,12.65,1.7767,1.0325,,,,,
2010-01-20,,,,,,,,,0.13,,,,,77.42,,,,,18.68,,2.76,,,,1.4094,12.77,1.792,1.0477,,,,,
2010-01-21,,,,,,,,,0.12,,,,,75.84,,,,,22.27,,2.75,,,,1.4106,12.7825,1.8021,1.0483,,,,,
2010-01-22,,,,,,,,,0.11,,,,,74.25,,,,,27.31,,2.78,,,,1.4154,12.9295,1.821,1.0561,,,,,
2010-01-23,,,,471000.0,,,,,0.11,,,,,,4841000.0,,,,,,,,,,,,,,,,,,
2010-01-24,,,,,,,,,0.11,,,,,,,,,,,,,,,,,,,,,,,,
2010-01-25,,,,,,,,,0.12,,,,2.705,74.9,,,,,25.41,,2.8,,,,1.4146,12.9101,1.82,1.0582,,,,,
2010-01-26,,,,,,,,,0.12,,,,,74.67,,,,,24.55,,2.78,,,,1.4063,12.9525,1.8466,1.0669,,,,,
2010-01-27,,,,,,,,,0.12,,,,,73.64,,,,,23.14,,2.76,,,,1.4053,12.9275,1.8529,1.0657,,,,,
2010-01-28,,,,,,,,,0.12,,,,,73.62,,,,,23.73,,2.81,,,,1.3993,12.9293,1.8525,1.0584,,,,,
2010-01-29,,,,,,,,,0.12,,,,,72.85,,,,,24.62,,2.81,,,,1.387,13.0285,1.8755,1.0652,,,,,
2010-01-30,,,,496000.0,,,,,0.12,,,,,,4796000.0,,,,,,,,,,,,,,,,,,
2010-01-31,,,,,,,,,0.12,,,,,,,,,,,,,,,,,,,,,,,,
2010-02-01,129706.0,9.8,22.46,,73.6,2.7,217.281,11439.0,0.14,,64.9,,2.661,74.41,,1965.5,40.5,98.56321,22.59,6.21,2.82,181.0,302310.0,8.0,1.3904,12.94,1.8645,1.0651,85.53479,0.5,8.75,0.5,8.4
2010-02-02,,,,,,,,,0.14,,,,,77.21,,,,,21.48,,2.81,,,,1.3955,12.862,1.8325,1.0607,,,,,
2010-02-03,,,,,,,,,0.13,,,,,76.96,,,,,21.6,,2.85,,,,1.3907,12.97,1.8507,1.0608,,,,,
2010-02-04,,,,,,,,,0.14,,,,,73.13,,,,,26.08,,2.82,,,,1.3759,13.089,1.8865,1.0735,,,,,
2010-02-05,,,,,,,,,0.13,,,,,71.15,,,,,26.11,,2.82,,,,1.3608,13.194,1.8845,1.0727,,,,,
2010-02-06,,,,466000.0,,,,,0.13,,,,,,4838000.0,,,,,,,,,,,,,,,,,,
2010-02-07,,,,,,,,,0.13,,,,,,,,,,,,,,,,,,,,,,,,
2010-02-08,,,,,,,,,0.13,,,,2.652,71.87,,,,,26.51,,2.83,,,,1.3699,13.1436,1.8648,1.0692,,,,,
2010-02-09,,,,,,,,,0.13,,,,,73.71,,,,,26.0,,2.83,,,,1.3795,13.068,1.845,1.069,,,,,
2010-02-10,,,,,,,,,0.12,,,,,74.48,,,,,25.4,,2.81,,,,1.3722,13.052,1.8575,1.0667,,,,,
2010-02-11,,,,,,,,,0.12,,,,,75.23,,,,,23.96,,2.82,,,,1.364,13.0415,1.8551,1.0522,,,,,
2010-02-12,,,,,,,,,0.12,,,,,74.11,,,,,22.73,,2.85,,,,1.3625,12.982,1.8624,1.0529,,,,,
2010-02-13,,,,489000.0,,,,,0.12,,,,,,4815000.0,,,,,,,,,,,,,,,,,,
2010-02-14,,,,,,,,,0.12,,,,,,,,,,,,,,,,,,,,,,,,
2010-02-15,,,,,,,,,0.12,,,,2.608,,,,,,,,,,,,,,,,,,,,
2010-02-16,,,,,,,,,0.13,,,,,76.98,,,,,22.25,,2.84,,,,1.3742,12.851,1.8394,1.0427,,,,,
2010-02-17,,,,,,,,,0.12,,,,,77.27,,,,,21.72,,2.87,,,,1.3623,12.8771,1.8355,1.0455,,,,,
2010-02-18,,,,,,,,,0.12,,,,,78.97,,,,,20.63,,2.89,,,,1.3563,12.8455,1.8229,1.045,,,,,
2010-02-19,,,,,,,,,0.13,,,,,79.77,,,,,20.02,,2.83,,,,1.3538,12.8235,1.805,1.0419,,,,,
2010-02-20,,,,500000.0,,,,,0.13,,,,,,4767000.0,,,,,,,,,,,,,,,,,,
2010-02-21,,,,,,,,,0.13,,,,,,,,,,,,,,,,,,,,,,,,
2010-02-22,,,,,,,,,0.12,,,,2.655,80.04,,,,,19.94,,2.89,,,,1.359,12.7987,1.808,1.0428,,,,,
2010-02-23,,,,,,,,,0.12,,,,,78.61,,,,,21.37,,2.82,,,,1.3537,12.8535,1.8225,1.0517,,,,,
2010-02-24,,,,,,,,,0.11,,,,,79.75,,,,,20.27,,2.83,,,,1.3576,12.85,1.8203,1.0551,,,,,
2010-02-25,,,,,,,,,0.12,,,,,77.99,,,,,20.1,,2.82,,,,1.3476,12.8535,1.84,1.0675,,,,,
2010-02-26,,,,,,,,,0.13,,,,,79.72,,,,,19.5,,2.8,,,,1.366,12.7575,1.801,1.052,,,,,
2010-02-27,,,,488000.0,,,,,0.13,,,,,,4755000.0,,,,,,,,,,,,,,,,,,
2010-02-28,,,,,,,,,0.13,,,,,,,,,,,,,,,,,,,,,,,,
2010-03-01,129866.0,9.9,22.46,,73.6,2.7,217.353,11439.0,0.14,,64.9,,2.702,78.71,,1993.0,41.0,98.56012,19.26,6.11,2.81,183.3,309525.0,8.0,1.3516,12.7411,1.7971,1.0421,87.56443,0.5,8.75,0.5,8.3
2010-03-02,,,,,,,,,0.14,,,,,79.62,,,,,19.06,,2.82,,,,1.3564,12.7176,1.7822,1.0325,,,,,
2010-03-03,,,,,,,,,0.15,,,,,80.91,,,,,18.83,,2.81,,,,1.3731,12.6865,1.7763,1.0286,,,,,
2010-03-04,,,,,,,,,0.16,,,,,80.21,,,,,18.72,,2.75,,,,1.3571,12.7175,1.7895,1.0307,,,,,
2010-03-05,,,,,,,,,0.17,,,,,81.5,,,,,17.42,,2.78,,,,1.3608,12.6585,1.7781,1.0284,,,,,
2010-03-06,,,,472000.0,,,,,0.17,,,,,,4766000.0,,,,,,,,,,,,,,,,,,
2010-03-07,,,,,,,,,0.17,,,,,,,,,,,,,,,,,,,,,,,,
2010-03-08,,,,,,,,,0.15,,,,2.751,81.85,,,,,17.79,,2.82,,,,1.3613,12.665,1.787,1.0286,,,,,
2010-03-09,,,,,,,,,0.14,,,,,81.5,,,,,17.92,,2.82,,,,1.3586,12.6275,1.7894,1.0249,,,,,
2010-03-10,,,,,,,,,0.14,,,,,82.07,,,,,18.57,,2.81,,,,1.3658,12.5951,1.7685,1.0241,,,,,
2010-03-11,,,,,,,,,0.15,,,,,82.1,,,,,18.06,,2.76,,,,1.3674,12.6125,1.7698,1.0262,,,,,
2010-03-12,,,,,,,,,0.17,,,,,81.26,,,,,17.58,,2.74,,,,1.3753,12.5457,1.763,1.0187,,,,,
2010-03-13,,,,478000.0,,,,,0.17,,,,,,4750000.0,,,,,,,,,,,,,,,,,,
2010-03-14,,,,,,,,,0.17,,,,,,,,,,,,,,,,,,,,,,,,
2010-03-15,,,,,,,,,0.2,,,,2.788,79.79,,,,,18.0,,2.75,,,,1.3652,12.564,1.766,1.0216,,,,,
2010-03-16,,,,,,,,,0.2,,,,,81.75,,,,,17.69,,2.73,,,,1.3758,12.5201,1.762,1.0147,,,,,
2010-03-17,,,,,,,,,0.18,,,,,82.93,,,,,16.91,,2.7,,,,1.3739,12.4825,1.7655,1.011,,,,,
2010-03-18,,,,,,,,,0.18,,,,,82.16,,,,,16.62,,2.7,,,,1.3603,12.471,1.7895,1.0139,,,,,
2010-03-19,,,,,,,,,0.18,,,,,80.58,,,,,16.97,,2.68,,,,1.353,12.56,1.7988,1.0153,,,,,
2010-03-20,,,,472000.0,,,,,0.18,,,,,,4743000.0,,,,,,,,,,,,,,,,,,
2010-03-21,,,,,,,,,0.18,,,,,,,,,,,,,,,,,,,,,,,,
2010-03-22,,,,,,,,,0.18,,,,2.819,81.26,,,,,16.87,,2.66,,,,1.3531,12.6135,1.8022,1.0193,,,,,
2010-03-23,,,,,,,,,0.17,,,,,81.68,,,,,16.35,,2.67,,,,1.3535,12.527,1.7815,1.0176,,,,,
2010-03-24,,,,,,,,,0.17,,,,,80.29,,,,,17.55,,2.76,,,,1.3347,12.537,1.7882,1.0268,,,,,
2010-03-25,,,,,,,,,0.17,,,,,80.25,,,,,18.4,,2.81,,,,1.3344,12.49,1.805,1.0188,,,,,
2010-03-26,,,,,,,,,0.17,,,,,79.75,,,,,17.77,,2.82,,,,1.3398,12.5407,1.8207,1.0283,,,,,
2010-03-27,,,,459000.0,,,,,0.17,,,,,,4668000.0,,,,,,,,,,,,,,,,,,
2010-03-28,,,,,,,,,0.17,,,,,,,,,,,,,,,,,,,,,,,,
2010-03-29,,,,,,,,,0.16,,,,2.798,81.92,,,,,17.59,,2.84,,,,1.3465,12.4615,1.808,1.0201,,,,,
2010-03-30,,,,,,,,,0.16,,,,,82.14,,,,,17.13,,2.82,,,,1.3409,12.4125,1.797,1.0189,,,,,
2010-03-31,,,,,,,,,0.09,,,,,83.45,,,,,17.59,,2.82,,,,1.3526,12.3005,1.7821,1.0156,,,,,
2010-04-01,130120.0,9.9,22.49,,72.2,2.9,217.403,11475.0,0.17,94.055,65.2,,,84.53,,2021.7,41.1,98.53974,17.47,6.05,2.84,184.4,312143.0,7.9,1.3569,12.2995,1.7659,1.0073,89.30412,0.5,9.5,0.5,8.2
2010-04-02,,,,,,,,,0.2,,,,,,,,,,,,2.85,,,,1.3487,12.2873,1.764,1.011,,,,,
2010-04-03,,,,479000.0,,,,,0.2,,,,,,4755000.0,,,,,,,,,,,,,,,,,,
2010-04-04,,,,,,,,,0.2,,,,,,,,,,,,,,,,,,,,,,,,
2010-04-05,,,,,,,,,0.2,,,,2.826,86.36,,,,,17.02,,2.83,,,,1.3486,12.2725,1.7585,1.0025,,,,,
2010-04-06,,,,,,,,,0.2,,,,,86.54,,,,,16.23,,2.84,,,,1.3378,12.2444,1.7593,1.0001,,,,,
2010-04-07,,,,,,,,,0.19,,,,,85.64,,,,,16.62,,2.83,,,,1.3364,12.229,1.7635,1.0028,,,,,
2010-04-08,,,,,,,,,0.19,,,,,85.17,,,,,16.48,,2.82,,,,1.336,12.2355,1.778,1.0019,,,,,
2010-04-09,,,,,,,,,0.19,,,,,84.6,,,,,16.14,,2.82,,,,1.3468,12.188,1.7709,1.0055,,,,,
2010-04-10,,,,479000.0,,,,,0.19,,,,,,4746000.0,,,,,,,,,,,,,,,,,,
2010-04-11,,,,,,,,,0.19,,,,,,,,,,,,,,,,,,,,,,,,
2010-04-12,,,,,,,,,0.19,,,,2.858,84.07,,,,,15.58,,2.8,,,,1.3587,12.1685,1.7575,1.0015,,,,,
2010-04-13,,,,,,,,,0.2,,,,,83.8,,,,,16.2,,2.77,,,,1.3592,12.1876,1.7583,1.0029,,,,,
2010-04-14,,,,,,,,,0.2,,,,,85.62,,,,,15.59,,2.81,,,,1.3666,12.1901,1.7445,0.996,,,,,
2010-04-15,,,,,,,,,0.22,,,,,85.25,,,,,15.89,,2.82,,,,1.354,12.198,1.7428,1.0013,,,,,
2010-04-16,,,,,,,,,0.21,,,,,82.97,,,,,18.36,,2.81,,,,1.3487,12.2698,1.761,1.0145,,,,,
2010-04-17,,,,469000.0,,,,,0.21,,,,,,4721000.0,,,,,,,,,,,,,,,,,,
2010-04-18,,,,,,,,,0.21,,,,,,,,,,,,,,,,,,,,,,,,
2010-04-19,,,,,,,,,0.2,,,,2.86,81.52,,,,,17.34,,2.82,,,,1.3458,12.3347,1.7622,1.0199,,,,,
2010-04-20,,,,,,,,,0.2,,,,,82.98,,,,,15.73,,2.77,,,,1.3446,12.222,1.7509,0.9984,,,,,
2010-04-21,,,,,,,,,0.2,,,,,82.78,,,,,16.32,,2.74,,,,1.3383,12.1797,1.7497,0.9983,,,,,
2010-04-22,,,,,,,,,0.2,,,,,82.89,,,,,16.47,,2.73,,,,1.3298,12.2636,1.769,1.0014,,,,,
2010-04-23,,,,,,,,,0.2,,,,,84.34,,,,,16.62,,2.74,,,,1.336,12.2016,1.7633,1.0026,,,,,
2010-04-24,,,,449000.0,,,,,0.2,,,,,,4690000.0,,,,,,,,,,,,,,,,,,
2010-04-25,,,,,,,,,0.2,,,,,,,,,,,,,,,,,,,,,,,,
2010-04-26,,,,,,,,,0.2,,,,2.849,84.2,,,,,17.47,,2.74,,,,1.3336,12.1556,1.745,1.0009,,,,,
2010-04-27,,,,,,,,,0.2,,,,,82.43,,,,,22.81,,2.68,,,,1.323,12.2684,1.7652,1.0169,,,,,
2010-04-28,,,,,,,,,0.2,,,,,83.22,,,,,21.08,,2.77,,,,1.313,12.4135,1.7622,1.0125,,,,,
2010-04-29,,,,,,,,,0.19,,,,,85.17,,,,,18.44,,2.75,,,,1.3243,12.2335,1.7305,1.0052,,,,,
2010-04-30,,,,,,,,,0.2,,,,,86.07,,,,,22.05,,2.72,,,,1.3302,12.2281,1.727,1.0112,,,,,
2010-05-01,130642.0,9.6,22.51,451000.0,73.6,3.2,217.29,11511.0,0.2,,64.9,,,,4695000.0,2066.1,41.4,98.53848,,5.85,,184.8,309158.0,7.9,,,,,92.20361,0.5,9.5,0.5,8.2
2010-05-02,,,,,,,,,0.2,,,,,,,,,,,,,,,,,,,,,,,,
2010-05-03,,,,,,,,,0.2,,,,2.898,86.19,,,,,20.19,,2.72,,,,1.3183,12.2656,1.736,1.0134,,,,,
2010-05-04,,,,,,,,,0.21,,,,,82.73,,,,,23.84,,2.67,,,,1.3037,12.4165,1.7515,1.0215,,,,,
2010-05-05,,,,,,,,,0.21,,,,,80.0,,,,,24.91,,2.7,,,,1.289,12.627,1.7819,1.0264,,,,,
2010-05-06,,,,,,,,,0.2,,,,,77.18,,,,,32.8,,2.66,,,,1.2689,12.8531,1.8365,1.0437,,,,,
2010-05-07,,,,,,,,,0.2,,,,,75.1,,,,,40.95,,2.62,,,,1.2721,12.8328,1.836,1.0423,,,,,
2010-05-08,,,,451000.0,,,,,0.2,,,,,,4707000.0,,,,,,,,,,,,,,,,,,
2010-05-09,,,,,,,,,0.2,,,,,,,,,,,,,,,,,,,,,,,,
2010-05-10,,,,,,,,,0.2,,,,2.905,76.89,,,,,28.84,,2.7,,,,1.2861,12.5125,1.7783,1.0245,,,,,
2010-05-11,,,,,,,,,0.2,,,,,76.37,,,,,28.32,,2.71,,,,1.2715,12.5025,1.7764,1.0193,,,,,
2010-05-12,,,,,,,,,0.2,,,,,75.65,,,,,25.52,,2.67,,,,1.2642,12.4381,1.7734,1.0197,,,,,
2010-05-13,,,,,,,,,0.2,,,,,74.38,,,,,26.68,,2.68,,,,1.2568,12.358,1.7721,1.0148,,,,,
2010-05-14,,,,,,,,,0.2,,,,,71.61,,,,,31.24,,2.65,,,,1.239,12.582,1.8035,1.0343,,,,,
2010-05-15,,,,474000.0,,,,,0.2,,,,,,4688000.0,,,,,,,,,,,,,,,,,,
2010-05-16,,,,,,,,,0.2,,,,,,,,,,,,,,,,,,,,,,,,
2010-05-17,,,,,,,,,0.21,,,,2.864,70.08,,,,,30.84,,2.66,,,,1.2299,12.7223,1.8204,1.04,,,,,
2010-05-18,,,,,,,,,0.21,,,,,69.38,,,,,33.55,,2.62,,,,1.2358,12.597,1.798,1.0329,,,,,
2010-05-19,,,,,,,,,0.2,,,,,69.91,,,,,35.32,,2.56,,,,1.2317,12.9305,1.8498,1.051,,,,,
2010-05-20,,,,,,,,,0.2,,,,,68.28,,,,,45.79,,2.49,,,,1.237,13.1207,1.8885,1.0656,,,,,
2010-05-21,,,,,,,,,0.2,,,,,68.03,,,,,40.1,,2.44,,,,1.2575,12.9701,1.8499,1.0564,,,,,
2010-05-22,,,,463000.0,,,,,0.2,,,,,,4731000.0,,,,,,,,,,,,,,,,,,
2010-05-23,,,,,,,,,0.2,,,,,,,,,,,,,,,,,,,,,,,,
2010-05-24,,,,,,,,,0.21,,,,2.786,68.23,,,,,38.32,,2.46,,,,1.2406,12.9524,1.852,1.0587,,,,,
2010-05-25,,,,,,,,,0.21,,,,,64.78,,,,,34.61,,2.37,,,,1.2279,13.1398,1.8785,1.0776,,,,,
2010-05-26,,,,,,,,,0.2,,,,,71.52,,,,,35.02,,2.39,,,,1.2224,12.987,1.856,1.0647,,,,,
2010-05-27,,,,,,,,,0.2,,,,,74.56,,,,,29.68,,2.47,,,,1.237,12.8532,1.8274,1.0491,,,,,
2010-05-28,,,,,,,,,0.19,,,,,74.0,,,,,32.07,,2.55,,,,1.2369,12.8633,1.817,1.0497,,,,,
2010-05-29,,,,458000.0,,,,,0.19,,,,,,4553000.0,,,,,,,,,,,,,,,,,,
2010-05-30,,,,,,,,,0.19,,,,,,,,,,,,,,,,,,,,,,,,
2010-05-31,,,,,,,,,0.19,,,,2.728,,,,,,,,,,,,,,,,,,,,
2010-06-01,130510.0,9.4,22.53,,76.0,2.8,217.199,11529.0,0.2,,64.6,,,72.7,,2093.8,41.0,98.44367,35.54,6.05,2.51,183.5,308588.0,7.8,1.2266,12.9195,1.8235,1.0476,91.23711,0.5,10.25,0.75,8.0
2010-06-02,,,,,,,,,0.2,,,,,72.88,,,,,30.17,,2.53,,,,1.2206,12.8388,1.8287,1.0404,,,,,
2010-06-03,,,,,,,,,0.19,,,,,74.62,,,,,29.46,,2.57,,,,1.2193,12.7534,1.817,1.0413,,,,,
2010-06-04,,,,,,,,,0.19,,,,,71.43,,,,,35.48,,2.48,,,,1.1998,12.8825,1.842,1.0516,,,,,
2010-06-05,,,,459000.0,,,,,0.19,,,,,,4624000.0,,,,,,,,,,,,,,,,,,
2010-06-06,,,,,,,,,0.19,,,,,,,,,,,,,,,,,,,,,,,,
2010-06-07,,,,,,,,,0.19,,,,2.725,71.55,,,,,36.57,,2.43,,,,1.1959,12.8934,1.8651,1.0537,,,,,
2010-06-08,,,,,,,,,0.19,,,,,71.88,,,,,33.7,,2.44,,,,1.1995,12.906,1.8608,1.0517,,,,,
2010-06-09,,,,,,,,,0.18,,,,,74.38,,,,,33.73,,2.46,,,,1.2045,12.8002,1.838,1.0395,,,,,
2010-06-10,,,,,,,,,0.18,,,,,75.48,,,,,30.57,,2.54,,,,1.2111,12.7335,1.814,1.0336,,,,,
2010-06-11,,,,,,,,,0.18,,,,,73.89,,,,,28.79,,2.49,,,,1.2077,12.6755,1.8045,1.0329,,,,,
2010-06-12,,,,467000.0,,,,,0.18,,,,,,4606000.0,,,,,,,,,,,,,,,,,,
2010-06-13,,,,,,,,,0.18,,,,,,,,,,,,,,,,,,,,,,,,
2010-06-14,,,,,,,,,0.18,,,,2.701,74.99,,,,,28.58,,2.51,,,,1.2277,12.5962,1.8017,1.0251,,,,,
2010-06-15,,,,,,,,,0.19,,,,,76.84,,,,,25.87,,2.53,,,,1.2327,12.5777,1.7902,1.0287,,,,,
2010-06-16,,,,,,,,,0.19,,,,,77.67,,,,,25.92,,2.52,,,,1.2323,12.5858,1.7854,1.0236,,,,,
2010-06-17,,,,,,,,,0.19,,,,,76.82,,,,,25.05,,2.49,,,,1.2365,12.5842,1.7819,1.0283,,,,,
2010-06-18,,,,,,,,,0.18,,,,,77.18,,,,,23.95,,2.5,,,,1.236,12.543,1.7723,1.0237,,,,,
2010-06-19,,,,452000.0,,,,,0.18,,,,,,4619000.0,,,,,,,,,,,,,,,,,,
2010-06-20,,,,,,,,,0.18,,,,,,,,,,,,,,,,,,,,,,,,
2010-06-21,,,,,,,,,0.17,,,,2.743,77.84,,,,,24.88,,2.52,,,,1.2385,12.4555,1.7624,1.0197,,,,,
2010-06-22,,,,,,,,,0.18,,,,,77.15,,,,,27.05,,2.47,,,,1.2303,12.5179,1.767,1.0201,,,,,
2010-06-23,,,,,,,,,0.17,,,,,75.9,,,,,26.91,,2.47,,,,1.231,12.6452,1.787,1.039,,,,,
2010-06-24,,,,,,,,,0.16,,,,,75.96,,,,,29.74,,2.47,,,,1.2288,12.7033,1.7915,1.0429,,,,,
2010-06-25,,,,,,,,,0.16,,,,,78.45,,,,,28.53,,2.47,,,,1.2332,12.6967,1.782,1.0369,,,,,
2010-06-26,,,,464000.0,,,,,0.16,,,,,,4484000.0,,,,,,,,,,,,,,,,,,
2010-06-27,,,,,,,,,0.16,,,,,,,,,,,,,,,,,,,,,,,,
2010-06-28,,,,,,,,,0.17,,,,2.757,78.26,,,,,29.0,,2.43,,,,1.2316,12.6482,1.7773,1.0337,,,,,
2010-06-29,,,,,,,,,0.15,,,,,75.93,,,,,34.13,,2.36,,,,1.2187,12.8375,1.806,1.0531,,,,,
2010-06-30,,,,,,,,,0.09,,,,,75.59,,,,,34.54,,2.36,,,,1.2291,12.8306,1.7941,1.0606,,,,,
2010-07-01,130415.0,9.4,22.59,,67.8,2.7,217.605,11546.0,0.17,94.663,64.6,,,72.95,,2097.4,41.1,98.15993,32.86,5.83,2.33,184.1,309543.0,7.8,1.2464,13.035,1.801,1.0622,91.23711,0.5,10.75,1.0,8.2
2010-07-02,,,,,,,,,0.18,,,,,72.06,,,,,30.12,,2.37,,,,1.2577,13.081,1.7765,1.0647,,,,,
2010-07-03,,,,454000.0,,,,,0.18,,,,,,4620000.0,,,,,,,,,,,,,,,,,,
2010-07-04,,,,,,,,,0.18,,,,,,,,,,,,,,,,,,,,,,,,
2010-07-05,,,,,,,,,0.18,,,,2.726,,,,,,,,,,,,,,,,,,,,
2010-07-06,,,,,,,,,0.18,,,,,71.96,,,,,29.65,,2.33,,,,1.2646,12.9323,1.7628,1.0497,,,,,
2010-07-07,,,,,,,,,0.18,,,,,74.05,,,,,26.84,,2.37,,,,1.2594,12.8955,1.7706,1.0525,,,,,
2010-07-08,,,,,,,,,0.17,,,,,75.46,,,,,25.71,,2.41,,,,1.2683,12.7821,1.7595,1.041,,,,,
2010-07-09,,,,,,,,,0.18,,,,,76.08,,,,,24.98,,2.44,,,,1.2639,12.7823,1.7587,1.0328,,,,,
2010-07-10,,,,439000.0,,,,,0.18,,,,,,4482000.0,,,,,,,,,,,,,,,,,,
2010-07-11,,,,,,,,,0.18,,,,,,,,,,,,,,,,,,,,,,,,
2010-07-12,,,,,,,,,0.17,,,,2.718,74.93,,,,,24.43,,2.43,,,,1.2573,12.8279,1.7648,1.0377,,,,,
2010-07-13,,,,,,,,,0.17,,,,,77.16,,,,,24.56,,2.48,,,,1.2719,12.7071,1.751,1.0281,,,,,
2010-07-14,,,,,,,,,0.17,,,,,77.02,,,,,24.89,,2.45,,,,1.2755,12.6961,1.7603,1.0304,,,,,
2010-07-15,,,,,,,,,0.19,,,,,76.67,,,,,25.14,,2.39,,,,1.2893,12.7656,1.7715,1.0401,,,,,
2010-07-16,,,,,,,,,0.19,,,,,75.96,,,,,26.25,,2.35,,,,1.2919,12.9256,1.7858,1.0536,,,,,
2010-07-17,,,,462000.0,,,,,0.19,,,,,,4545000.0,,,,,,,,,,,,,,,,,,
2010-07-18,,,,,,,,,0.19,,,,,,,,,,,,,,,,,,,,,,,,
2010-07-19,,,,,,,,,0.19,,,,2.722,76.53,,,,,25.97,,2.38,,,,1.2963,12.9111,1.7857,1.0557,,,,,
2010-07-20,,,,,,,,,0.18,,,,,77.32,,,,,23.93,,2.37,,,,1.2905,12.8451,1.7789,1.0526,,,,,
2010-07-21,,,,,,,,,0.18,,,,,76.27,,,,,25.64,,2.32,,,,1.2818,12.7785,1.7735,1.0422,,,,,
2010-07-22,,,,,,,,,0.18,,,,,79.01,,,,,24.63,,2.36,,,,1.2903,12.752,1.7639,1.0373,,,,,
2010-07-23,,,,,,,,,0.19,,,,,78.68,,,,,23.47,,2.42,,,,1.2874,12.7666,1.7618,1.0376,,,,,
2010-07-24,,,,465000.0,,,,,0.19,,,,,,4529000.0,,,,,,,,,,,,,,,,,,
2010-07-25,,,,,,,,,0.19,,,,,,,,,,,,,,,,,,,,,,,,
2010-07-26,,,,,,,,,0.19,,,,2.749,78.93,,,,,22.73,,2.41,,,,1.2983,12.6958,1.768,1.0312,,,,,
2010-07-27,,,,,,,,,0.19,,,,,77.46,,,,,23.19,,2.43,,,,1.2983,12.6525,1.764,1.0357,,,,,
2010-07-28,,,,,,,,,0.2,,,,,77.06,,,,,24.25,,2.42,,,,1.2998,12.677,1.7623,1.0356,,,,,
2010-07-29,,,,,,,,,0.19,,,,,78.3,,,,,24.13,,2.44,,,,1.3064,12.7278,1.7678,1.0368,,,,,
2010-07-30,,,,,,,,,0.18,,,,,78.85,,,,,23.5,,2.39,,,,1.3069,12.6421,1.7585,1.0293,,,,,
2010-07-31,,,,476000.0,,,,,0.18,,,,,,4467000.0,,,,,,,,,,,,,,,,,,
2010-08-01,130415.0,9.5,22.62,,68.9,2.7,217.923,11538.0,0.18,,64.7,,,,,2118.0,41.2,97.98689,,5.47,,184.9,310761.0,7.8,,,,,92.3969,0.5,10.75,1.0,8.2
2010-08-02,,,,,,,,,0.19,,,,2.735,81.25,,,,,22.01,,2.43,,,,1.3174,12.5771,1.746,1.0227,,,,,
2010-08-03,,,,,,,,,0.19,,,,,82.52,,,,,22.63,,2.41,,,,1.3239,12.582,1.7568,1.0219,,,,,
2010-08-04,,,,,,,,,0.19,,,,,82.49,,,,,22.21,,2.42,,,,1.3158,12.546,1.7582,1.0184,,,,,
2010-08-05,,,,,,,,,0.19,,,,,82.0,,,,,22.1,,2.41,,,,1.3157,12.5441,1.7565,1.0154,,,,,
2010-08-06,,,,,,,,,0.18,,,,,80.67,,,,,21.74,,2.36,,,,1.3282,12.6667,1.7585,1.0272,,,,,
2010-08-07,,,,483000.0,,,,,0.18,,,,,,4478000.0,,,,,,,,,,,,,,,,,,
2010-08-08,,,,,,,,,0.18,,,,,,,,,,,,,,,,,,,,,,,,
2010-08-09,,,,,,,,,0.18,,,,2.783,81.46,,,,,22.14,,2.32,,,,1.3241,12.6305,1.754,1.0266,,,,,
2010-08-10,,,,,,,,,0.18,,,,,80.24,,,,,22.37,,2.27,,,,1.3095,12.69,1.7613,1.0347,,,,,
2010-08-11,,,,,,,,,0.17,,,,,78.09,,,,,25.39,,2.18,,,,1.2899,12.7314,1.767,1.0455,,,,,
2010-08-12,,,,,,,,,0.18,,,,,75.68,,,,,25.73,,2.19,,,,1.2866,12.717,1.7685,1.0433,,,,,
2010-08-13,,,,,,,,,0.19,,,,,75.39,,,,,26.24,,2.14,,,,1.2767,12.7225,1.7718,1.04,,,,,
2010-08-14,,,,486000.0,,,,,0.19,,,,,,4432000.0,,,,,,,,,,,,,,,,,,
2010-08-15,,,,,,,,,0.19,,,,,,,,,,,,,,,,,,,,,,,,
2010-08-16,,,,,,,,,0.2,,,,2.745,75.17,,,,,26.1,,2.07,,,,1.2838,12.6533,1.758,1.0429,,,,,
2010-08-17,,,,,,,,,0.2,,,,,75.76,,,,,24.33,,2.12,,,,1.289,12.5833,1.7513,1.0311,,,,,
2010-08-18,,,,,,,,,0.19,,,,,75.39,,,,,24.59,,2.13,,,,1.2872,12.5975,1.7513,1.0286,,,,,
2010-08-19,,,,,,,,,0.19,,,,,74.45,,,,,26.44,,2.09,,,,1.2837,12.731,1.7626,1.0397,,,,,
2010-08-20,,,,,,,,,0.2,,,,,73.45,,,,,25.49,,2.13,,,,1.2687,12.7705,1.7615,1.0499,,,,,
2010-08-21,,,,464000.0,,,,,0.2,,,,,,4426000.0,,,,,,,,,,,,,,,,,,
2010-08-22,,,,,,,,,0.2,,,,,,,,,,,,,,,,,,,,,,,,
2010-08-23,,,,,,,,,0.19,,,,2.704,72.71,,,,,25.66,,2.11,,,,1.2663,12.8751,1.764,1.0512,,,,,
2010-08-24,,,,,,,,,0.19,,,,,71.24,,,,,27.46,,2.0,,,,1.2675,12.9184,1.7622,1.0563,,,,,
2010-08-25,,,,,,,,,0.19,,,,,72.07,,,,,26.7,,2.01,,,,1.2652,13.0291,1.768,1.064,,,,,
2010-08-26,,,,,,,,,0.19,,,,,73.36,,,,,27.37,,1.99,,,,1.2717,12.9753,1.759,1.0545,,,,,
2010-08-27,,,,,,,,,0.19,,,,,75.17,,,,,24.45,,2.1,,,,1.2765,13.0008,1.7493,1.0547,,,,,
2010-08-28,,,,467000.0,,,,,0.19,,,,,,4509000.0,,,,,,,,,,,,,,,,,,
2010-08-29,,,,,,,,,0.19,,,,,,,,,,,,,,,,,,,,,,,,
2010-08-30,,,,,,,,,0.19,,,,2.682,74.69,,,,,27.21,,2.04,,,,1.2686,13.1436,1.757,1.0561,,,,,
2010-08-31,,,,,,,,,0.21,,,,,71.93,,,,,26.05,,2.0,,,,1.2704,13.1671,1.7529,1.064,,,,,
2010-09-01,130341.0,9.5,22.67,,68.2,2.2,218.275,11549.0,0.19,,64.6,,,73.97,,2147.0,41.4,97.93621,23.89,5.47,2.08,184.9,313785.0,7.9,1.2813,13.04,1.7406,1.0497,93.5567,0.5,10.75,1.25,8.2
2010-09-02,,,,,,,,,0.19,,,,,74.99,,,,,23.19,,2.13,,,,1.2824,13.055,1.7339,1.052,,,,,
2010-09-03,,,,,,,,,0.19,,,,,74.52,,,,,21.31,,2.2,,,,1.2885,12.945,1.7238,1.0411,,,,,
2010-09-04,,,,452000.0,,,,,0.19,,,,,,4501000.0,,,,,,,,,,,,,,,,,,
2010-09-05,,,,,,,,,0.19,,,,,,,,,,,,,,,,,,,,,,,,
2010-09-06,,,,,,,,,0.19,,,,2.682,,,,,,,,,,,,,,,,,,,,
2010-09-07,,,,,,,,,0.2,,,,,73.98,,,,,23.8,,2.12,,,,1.2723,13.0599,1.728,1.0426,,,,,
2010-09-08,,,,,,,,,0.19,,,,,74.65,,,,,23.25,,2.14,,,,1.2727,13.0135,1.723,1.0359,,,,,
2010-09-09,,,,,,,,,0.18,,,,,74.25,,,,,22.81,,2.2,,,,1.2708,13.0127,1.7256,1.0323,,,,,
2010-09-10,,,,,,,,,0.18,,,,,76.4,,,,,21.99,,2.23,,,,1.2731,12.9605,1.7183,1.0357,,,,,
2010-09-11,,,,444000.0,,,,,0.18,,,,,,4487000.0,,,,,,,,,,,,,,,,,,
2010-09-12,,,,,,,,,0.18,,,,,,,,,,,,,,,,,,,,,,,,
2010-09-13,,,,,,,,,0.18,,,,2.721,77.17,,,,,21.21,,2.21,,,,1.289,12.8635,1.7165,1.0277,,,,,
2010-09-14,,,,,,,,,0.19,,,,,76.78,,,,,21.56,,2.18,,,,1.3014,12.8177,1.7037,1.0219,,,,,
2010-09-15,,,,,,,,,0.21,,,,,75.92,,,,,22.1,,2.24,,,,1.3008,12.7772,1.7176,1.0281,,,,,
2010-09-16,,,,,,,,,0.21,,,,,74.58,,,,,21.72,,2.29,,,,1.3079,12.8531,1.7198,1.0274,,,,,
2010-09-17,,,,,,,,,0.21,,,,,73.63,,,,,22.01,,2.27,,,,1.3046,12.8075,1.7145,1.0331,,,,,
2010-09-18,,,,459000.0,,,,,0.21,,,,,,4452000.0,,,,,,,,,,,,,,,,,,
2010-09-19,,,,,,,,,0.21,,,,,,,,,,,,,,,,,,,,,,,,
2010-09-20,,,,,,,,,0.21,,,,2.723,74.81,,,,,21.5,,2.25,,,,1.3074,12.771,1.7158,1.028,,,,,
2010-09-21,,,,,,,,,0.2,,,,,72.96,,,,,22.35,,2.18,,,,1.3136,12.7638,1.7276,1.0314,,,,,
2010-09-22,,,,,,,,,0.21,,,,,72.98,,,,,22.51,,2.12,,,,1.3385,12.696,1.7226,1.0325,,,,,
2010-09-23,,,,,,,,,0.2,,,,,73.4,,,,,23.87,,2.11,,,,1.3344,12.6413,1.7187,1.0307,,,,,
2010-09-24,,,,,,,,,0.21,,,,,74.63,,,,,21.71,,2.17,,,,1.3476,12.5485,1.7119,1.0262,,,,,
2010-09-25,,,,459000.0,,,,,0.21,,,,,,4431000.0,,,,,,,,,,,,,,,,,,
2010-09-26,,,,,,,,,0.21,,,,,,,,,,,,,,,,,,,,,,,,
2010-09-27,,,,,,,,,0.19,,,,2.694,76.51,,,,,22.54,,2.1,,,,1.3475,12.5176,1.7089,1.026,,,,,
2010-09-28,,,,,,,,,0.19,,,,,76.15,,,,,22.6,,2.11,,,,1.3583,12.4926,1.7071,1.0305,,,,,
2010-09-29,,,,,,,,,0.19,,,,,77.85,,,,,23.25,,2.08,,,,1.3638,12.4885,1.7039,1.03,,,,,
2010-09-30,,,,,,,,,0.15,,,,,79.95,,,,,23.7,,2.11,,,,1.3601,12.627,1.696,1.0293,,,,,
2010-10-01,130620.0,9.4,22.73,,67.7,2.7,219.035,11548.0,0.2,94.963,64.4,,,81.57,,2180.5,41.3,98.0344,22.5,5.53,2.12,186.6,317699.0,7.9,1.3754,12.5433,1.681,1.0214,95.58634,0.5,10.75,1.25,8.1
2010-10-02,,,,446000.0,,,,,0.2,,,,,,4407000.0,,,,,,,,,,,,,,,,,,
2010-10-03,,,,,,,,,0.2,,,,,,,,,,,,,,,,,,,,,,,,
2010-10-04,,,,,,,,,0.2,,,,2.732,81.43,,,,,23.53,,2.09,,,,1.3688,12.6081,1.6887,1.0235,,,,,
2010-10-05,,,,,,,,,0.2,,,,,82.83,,,,,21.76,,2.09,,,,1.3834,12.5141,1.6733,1.0169,,,,,
2010-10-06,,,,,,,,,0.19,,,,,83.21,,,,,21.49,,2.03,,,,1.3924,12.48,1.6721,1.0073,,,,,
2010-10-07,,,,,,,,,0.18,,,,,81.34,,,,,21.56,,2.05,,,,1.3921,12.5452,1.6798,1.0167,,,,,
2010-10-08,,,,,,,,,0.18,,,,,82.66,,,,,20.71,,2.06,,,,1.3923,12.4671,1.6748,1.0138,,,,,
2010-10-09,,,,459000.0,,,,,0.18,,,,,,4403000.0,,,,,,,,,,,,,,,,,,
2010-10-10,,,,,,,,,0.18,,,,,,,,,,,,,,,,,,,,,,,,
2010-10-11,,,,,,,,,0.18,,,,2.819,82.18,,,,,18.96,,,,,,,,,,,,,,
2010-10-12,,,,,,,,,0.18,,,,,81.67,,,,,18.93,,2.07,,,,1.3846,12.4285,1.6697,1.0111,,,,,
2010-10-13,,,,,,,,,0.18,,,,,83.03,,,,,19.07,,2.09,,,,1.3964,12.3705,1.6574,1.0028,,,,,
2010-10-14,,,,,,,,,0.19,,,,,82.71,,,,,19.88,,2.14,,,,1.4066,12.4156,1.6633,1.0036,,,,,
2010-10-15,,,,,,,,,0.2,,,,,81.23,,,,,19.03,,2.22,,,,1.3998,12.415,1.6576,1.0108,,,,,
2010-10-16,,,,444000.0,,,,,0.2,,,,,,4348000.0,,,,,,,,,,,,,,,,,,
2010-10-17,,,,,,,,,0.2,,,,,,,,,,,,,,,,,,,,,,,,
2010-10-18,,,,,,,,,0.19,,,,2.834,83.06,,,,,19.09,,2.14,,,,1.3978,12.4205,1.6632,1.0145,,,,,
2010-10-19,,,,,,,,,0.19,,,,,79.57,,,,,20.63,,2.13,,,,1.3827,12.4625,1.6914,1.0298,,,,,
2010-10-20,,,,,,,,,0.19,,,,,81.93,,,,,19.79,,2.16,,,,1.3949,12.4025,1.6749,1.0245,,,,,
2010-10-21,,,,,,,,,0.19,,,,,80.03,,,,,19.27,,2.2,,,,1.3973,12.3885,1.693,1.0232,,,,,
2010-10-22,,,,,,,,,0.19,,,,,81.15,,,,,18.78,,2.24,,,,1.3904,12.4021,1.6948,1.0262,,,,,
2010-10-23,,,,432000.0,,,,,0.19,,,,,,4331000.0,,,,,,,,,,,,,,,,,,
2010-10-24,,,,,,,,,0.19,,,,,,,,,,,,,,,,,,,,,,,,
2010-10-25,,,,,,,,,0.19,,,,2.817,82.0,,,,,19.85,,2.22,,,,1.3986,12.3278,1.7078,1.0197,,,,,
2010-10-26,,,,,,,,,0.19,,,,,82.6,,,,,20.22,,2.27,,,,1.3873,12.382,1.7053,1.022,,,,,
2010-10-27,,,,,,,,,0.19,,,,,81.9,,,,,20.71,,2.35,,,,1.3788,12.465,1.7164,1.0321,,,,,
2010-10-28,,,,,,,,,0.19,,,,,82.2,,,,,20.88,,2.32,,,,1.3929,12.4061,1.7119,1.0194,,,,,
2010-10-29,,,,,,,,,0.2,,,,,81.45,,,,,21.2,,2.29,,,,1.3894,12.3415,1.6982,1.0187,,,,,
2010-10-30,,,,453000.0,,,,,0.2,,,,,,4328000.0,,,,,,,,,,,,,,,,,,
2010-10-31,,,,,,,,,0.2,,,,,,,,,,,,,,,,,,,,,,,,
2010-11-01,130749.0,9.8,22.73,,71.6,3.0,219.59,11571.0,0.2,,64.6,,2.806,82.94,,2206.2,41.3,98.29088,21.83,5.73,2.32,187.7,320695.0,7.9,1.3888,12.3417,1.7042,1.0133,95.00645,0.5,10.75,1.25,7.9
2010-11-02,,,,,,,,,0.2,,,,,83.91,,,,,21.57,,2.29,,,,1.4026,12.301,1.7033,1.0098,,,,,
2010-11-03,,,,,,,,,0.2,,,,,84.45,,,,,19.56,,2.33,,,,1.4014,12.2962,1.6985,1.009,,,,,
2010-11-04,,,,,,,,,0.19,,,,,86.49,,,,,18.52,,2.2,,,,1.4224,12.2371,1.679,1.0022,,,,,
2010-11-05,,,,,,,,,0.18,,,,,86.85,,,,,18.26,,2.2,,,,1.4033,12.2121,1.6831,1.0012,,,,,
2010-11-06,,,,434000.0,,,,,0.18,,,,,,4270000.0,,,,,,,,,,,,,,,,,,
2010-11-07,,,,,,,,,0.18,,,,,,,,,,,,,,,,,,,,,,,,
2010-11-08,,,,,,,,,0.18,,,,2.865,87.07,,,,,18.29,,2.19,,,,1.3927,12.246,1.6974,1.0021,,,,,
2010-11-09,,,,,,,,,0.17,,,,,87.04,,,,,19.08,,2.26,,,,1.3865,12.2155,1.6987,1.0013,,,,,
2010-11-10,,,,,,,,,0.17,,,,,87.77,,,,,18.47,,2.21,,,,1.3728,12.256,1.709,1.0016,,,,,
2010-11-11,,,,,,,,,0.17,,,,,87.77,,,,,18.64,,,,,,,,,,,,,,
2010-11-12,,,,,,,,,0.19,,,,,84.89,,,,,20.61,,2.25,,,,1.37,12.2678,1.72,1.0079,,,,,
2010-11-13,,,,432000.0,,,,,0.19,,,,,,4176000.0,,,,,,,,,,,,,,,,,,
2010-11-14,,,,,,,,,0.19,,,,,,,,,,,,,,,,,,,,,,,,
2010-11-15,,,,,,,,,0.21,,,,2.892,84.88,,,,,20.2,,2.39,,,,1.3615,12.2862,1.7216,1.0064,,,,,
2010-11-16,,,,,,,,,0.21,,,,,82.33,,,,,22.58,,2.34,,,,1.3517,12.445,1.7378,1.0231,,,,,
2010-11-17,,,,,,,,,0.2,,,,,80.43,,,,,21.76,,2.39,,,,1.3555,12.3633,1.7227,1.0205,,,,,
2010-11-18,,,,,,,,,0.2,,,,,81.88,,,,,18.75,,2.38,,,,1.3618,12.2951,1.7137,1.0172,,,,,
2010-11-19,,,,,,,,,0.21,,,,,81.65,,,,,18.04,,2.36,,,,1.3654,12.3,1.7204,1.0206,,,,,
2010-11-20,,,,407000.0,,,,,0.21,,,,,,4218000.0,,,,,,,,,,,,,,,,,,
2010-11-21,,,,,,,,,0.21,,,,,,,,,,,,,,,,,,,,,,,,
2010-11-22,,,,,,,,,0.19,,,,2.876,81.24,,,,,18.37,,2.31,,,,1.3612,12.3001,1.7223,1.0187,,,,,
2010-11-23,,,,,,,,,0.2,,,,,80.79,,,,,20.63,,2.32,,,,1.3388,12.473,1.7378,1.024,,,,,
2010-11-24,,,,,,,,,0.2,,,,,83.21,,,,,19.56,,2.4,,,,1.335,12.4016,1.723,1.011,,,,,
2010-11-25,,,,,,,,,0.2,,,,,,,,,,,,,,,,,,,,,,,,
2010-11-26,,,,,,,,,0.2,,,,,83.87,,,,,22.22,,2.36,,,,1.3243,12.494,1.7268,1.0188,,,,,
2010-11-27,,,,432000.0,,,,,0.2,,,,,,4118000.0,,,,,,,,,,,,,,,,,,
2010-11-28,,,,,,,,,0.2,,,,,,,,,,,,,,,,,,,,,,,,
2010-11-29,,,,,,,,,0.2,,,,2.856,85.73,,,,,21.53,,2.32,,,,1.3092,12.5668,1.7282,1.0227,,,,,
2010-11-30,,,,,,,,,0.2,,,,,84.12,,,,,23.54,,2.36,,,,1.3036,12.454,1.7146,1.0266,,,,,
2010-12-01,130830.0,9.3,22.76,,74.5,3.0,220.472,11579.0,0.2,,64.3,,,86.75,,2259.2,41.3,98.54091,21.36,5.92,2.44,189.7,323421.0,7.9,1.3149,12.3735,1.703,1.016,96.84278,0.5,10.75,1.25,7.8
2010-12-02,,,,,,,,,0.19,,,,,87.98,,,,,19.39,,2.46,,,,1.3228,12.3471,1.7015,1.0045,,,,,
2010-12-03,,,,,,,,,0.18,,,,,89.18,,,,,18.01,,2.54,,,,1.3367,12.3549,1.6859,1.0059,,,,,
2010-12-04,,,,428000.0,,,,,0.18,,,,,,4137000.0,,,,,,,,,,,,,,,,,,
2010-12-05,,,,,,,,,0.18,,,,,,,,,,,,,,,,,,,,,,,,
2010-12-06,,,,,,,,,0.18,,,,2.958,89.33,,,,,18.02,,2.53,,,,1.3275,12.387,1.6848,1.0056,,,,,
2010-12-07,,,,,,,,,0.17,,,,,88.69,,,,,17.99,,2.61,,,,1.3323,12.4255,1.6809,1.0093,,,,,
2010-12-08,,,,,,,,,0.17,,,,,88.3,,,,,17.74,,2.63,,,,1.3242,12.4362,1.6901,1.01,,,,,
2010-12-09,,,,,,,,,0.16,,,,,88.35,,,,,17.25,,2.59,,,,1.3206,12.4725,1.7064,1.0098,,,,,
2010-12-10,,,,,,,,,0.16,,,,,87.81,,,,,17.61,,2.68,,,,1.3242,12.4542,1.7183,1.0091,,,,,
2010-12-11,,,,425000.0,,,,,0.16,,,,,,4062000.0,,,,,,,,,,,,,,,,,,
2010-12-12,,,,,,,,,0.16,,,,,,,,,,,,,,,,,,,,,,,,
2010-12-13,,,,,,,,,0.17,,,,2.98,88.62,,,,,17.55,,2.68,,,,1.3389,12.3855,1.7054,1.0046,,,,,
2010-12-14,,,,,,,,,0.19,,,,,88.33,,,,,17.61,,2.83,,,,1.3395,12.3633,1.6945,1.0039,,,,,
2010-12-15,,,,,,,,,0.2,,,,,88.66,,,,,17.94,,2.85,,,,1.3306,12.3965,1.6979,1.0033,,,,,
2010-12-16,,,,,,,,,0.2,,,,,87.71,,,,,17.39,,2.81,,,,1.3206,12.4496,1.7048,1.0056,,,,,
2010-12-17,,,,,,,,,0.2,,,,,88.02,,,,,16.11,,2.72,,,,1.3155,12.4286,1.7134,1.0125,,,,,
2010-12-18,,,,424000.0,,,,,0.2,,,,,,4113000.0,,,,,,,,,,,,,,,,,,
2010-12-19,,,,,,,,,0.2,,,,,,,,,,,,,,,,,,,,,,,,
2010-12-20,,,,,,,,,0.21,,,,2.982,88.68,,,,,16.41,,2.74,,,,1.3124,12.4115,1.7081,1.0176,,,,,
2010-12-21,,,,,,,,,0.2,,,,,89.3,,,,,16.49,,2.72,,,,1.3131,12.371,1.697,1.0173,,,,,
2010-12-22,,,,,,,,,0.19,,,,,89.83,,,,,15.45,,2.71,,,,1.3089,12.3311,1.6958,1.0143,,,,,
2010-12-23,,,,,,,,,0.19,,,,,90.84,,,,,16.47,,2.74,,,,1.3101,12.3353,1.6938,1.0095,,,,,
2010-12-24,,,,,,,,,0.19,,,,,,,,,,,,,,,,,,,,,,,,
2010-12-25,,,,404000.0,,,,,0.19,,,,,,4088000.0,,,,,,,,,,,,,,,,,,
2010-12-26,,,,,,,,,0.19,,,,,,,,,,,,,,,,,,,,,,,,
2010-12-27,,,,,,,,,0.19,,,,3.052,90.99,,,,,17.67,,2.65,,,,1.3146,12.3661,1.6897,1.0086,,,,,
2010-12-28,,,,,,,,,0.18,,,,,91.48,,,,,17.52,,2.75,,,,1.3122,12.3623,1.6898,1.0006,,,,,
2010-12-29,,,,,,,,,0.18,,,,,91.13,,,,,17.28,,2.71,,,,1.3183,12.36,1.681,1.0004,,,,,
2010-12-30,,,,,,,,,0.19,,,,,89.85,,,,,17.52,,2.72,,,,1.3269,12.3825,1.6631,1.0009,,,,,
2010-12-31,,,,,,,,,0.13,,,,,91.38,,,,,17.75,,2.69,,,,,,,,,,,,
2011-01-01,130837.0,9.1,22.87,413000.0,74.2,3.4,221.187,11606.0,0.13,94.262,64.2,,,,3898000.0,2231.7,41.0,98.64883,,5.92,,192.7,325674.0,7.8,,,,,96.16624,0.5,11.25,1.25,7.8
2011-01-02,,,,,,,,,0.13,,,,,,,,,,,,,,,,,,,,,,,,
2011-01-03,,,,,,,,,0.19,,,,3.07,91.59,,,,,17.61,,2.75,,,,1.3371,12.2535,1.6452,0.9903,,,,,
2011-01-04,,,,,,,,,0.18,,,,,89.39,,,,,17.38,,2.73,,,,1.3306,12.2545,1.6687,0.9985,,,,,
2011-01-05,,,,,,,,,0.18,,,,,90.3,,,,,17.02,,2.79,,,,1.3171,12.1964,1.6694,0.9946,,,,,
2011-01-06,,,,,,,,,0.17,,,,,88.37,,,,,17.4,,2.76,,,,1.3027,12.2361,1.688,0.9953,,,,,
2011-01-07,,,,,,,,,0.17,,,,,88.07,,,,,17.14,,2.74,,,,1.2944,12.244,1.685,0.9932,,,,,
2011-01-08,,,,434000.0,,,,,0.17,,,,,,3907000.0,,,,,,,,,,,,,,,,,,
2011-01-09,,,,,,,,,0.17,,,,,,,,,,,,,,,,,,,,,,,,
2011-01-10,,,,,,,,,0.17,,,,3.089,89.24,,,,,17.54,,2.73,,,,1.2945,12.24,1.6921,0.9923,,,,,
2011-01-11,,,,,,,,,0.17,,,,,91.11,,,,,16.89,,2.77,,,,1.2978,12.1765,1.6899,0.9901,,,,,
2011-01-12,,,,,,,,,0.16,,,,,91.85,,,,,16.24,,2.79,,,,1.3066,12.0589,1.6761,0.9864,,,,,
2011-01-13,,,,,,,,,0.16,,,,,91.39,,,,,16.39,,2.75,,,,1.3364,12.0887,1.6666,0.9866,,,,,
2011-01-14,,,,,,,,,0.16,,,,,91.53,,,,,15.46,,2.76,,,,1.3328,12.0582,1.6819,0.9902,,,,,
2011-01-15,,,,421000.0,,,,,0.16,,,,,,3974000.0,,,,,,,,,,,,,,,,,,
2011-01-16,,,,,,,,,0.16,,,,,,,,,,,,,,,,,,,,,,,,
2011-01-17,,,,,,,,,0.16,,,,3.104,,,,,,,,,,,,,,,,,,,,
2011-01-18,,,,,,,,,0.19,,,,,91.38,,,,,15.87,,2.79,,,,1.3399,12.0451,1.6725,0.9912,,,,,
2011-01-19,,,,,,,,,0.18,,,,,90.85,,,,,17.31,,2.77,,,,1.3495,12.0681,1.6704,0.9938,,,,,
2011-01-20,,,,,,,,,0.18,,,,,88.56,,,,,17.99,,2.82,,,,1.3443,12.0798,1.6735,1.0001,,,,,
2011-01-21,,,,,,,,,0.17,,,,,88.22,,,,,18.47,,2.81,,,,1.3581,12.057,1.6705,0.9943,,,,,
2011-01-22,,,,446000.0,,,,,0.17,,,,,,3926000.0,,,,,,,,,,,,,,,,,,
2011-01-23,,,,,,,,,0.17,,,,,,,,,,,,,,,,,,,,,,,,
2011-01-24,,,,,,,,,0.18,,,,3.11,86.74,,,,,17.65,,2.78,,,,1.3653,12.0422,1.6695,0.9933,,,,,
2011-01-25,,,,,,,,,0.17,,,,,85.08,,,,,17.59,,2.73,,,,1.3644,12.0855,1.67,0.9984,,,,,
2011-01-26,,,,,,,,,0.17,,,,,86.15,,,,,16.64,,2.83,,,,1.3688,12.039,1.6682,0.9954,,,,,
2011-01-27,,,,,,,,,0.17,,,,,84.45,,,,,16.15,,2.83,,,,1.3688,12.0415,1.6746,0.994,,,,,
2011-01-28,,,,,,,,,0.17,,,,,88.15,,,,,20.04,,2.82,,,,1.3607,12.14,1.6845,0.9989,,,,,
2011-01-29,,,,420000.0,,,,,0.17,,,,,,3887000.0,,,,,,,,,,,,,,,,,,
2011-01-30,,,,,,,,,0.17,,,,,,,,,,,,,,,,,,,,,,,,
2011-01-31,,,,,,,,,0.17,,,,3.101,90.99,,,,,19.53,,2.84,,,,1.3715,12.1541,1.6739,1.002,,,,,
2011-02-01,131057.0,9.0,22.87,,77.5,3.4,221.898,11637.0,0.18,,64.1,,,89.54,,2266.0,41.4,98.59994,17.63,5.99,2.87,195.8,328049.0,7.8,1.3793,12.0053,1.662,0.9921,97.13273,0.5,11.25,1.25,7.8
2011-02-02,,,,,,,,,0.18,,,,,89.78,,,,,17.3,,2.85,,,,1.3779,12.028,1.6641,0.9883,,,,,
2011-02-03,,,,,,,,,0.17,,,,,89.42,,,,,16.69,,2.87,,,,1.3654,12.04,1.6676,0.9901,,,,,
2011-02-04,,,,,,,,,0.17,,,,,87.87,,,,,15.93,,2.91,,,,1.3584,11.9977,1.6745,0.9899,,,,,
2011-02-05,,,,402000.0,,,,,0.17,,,,,,3928000.0,,,,,,,,,,,,,,,,,,
2011-02-06,,,,,,,,,0.17,,,,,,,,,,,,,,,,,,,,,,,,
2011-02-07,,,,,,,,,0.17,,,,3.132,86.3,,,,,16.28,,2.9,,,,1.3557,11.97,1.678,0.9885,,,,,
2011-02-08,,,,,,,,,0.16,,,,,85.85,,,,,15.81,,2.89,,,,1.3687,11.9816,1.6679,0.9905,,,,,
2011-02-09,,,,,,,,,0.15,,,,,85.59,,,,,15.87,,2.84,,,,1.3688,12.0568,1.6621,0.9946,,,,,
2011-02-10,,,,,,,,,0.15,,,,,85.44,,,,,16.09,,2.85,,,,1.3637,12.0757,1.667,0.9955,,,,,
2011-02-11,,,,,,,,,0.15,,,,,84.39,,,,,15.69,,2.79,,,,1.352,12.0673,1.6655,0.99,,,,,
2011-02-12,,,,425000.0,,,,,0.15,,,,,,3839000.0,,,,,,,,,,,,,,,,,,
2011-02-13,,,,,,,,,0.15,,,,,,,,,,,,,,,,,,,,,,,,
2011-02-14,,,,,,,,,0.15,,,,3.14,83.66,,,,,15.95,,2.75,,,,1.3474,12.0446,1.6665,0.9883,,,,,
2011-02-15,,,,,,,,,0.16,,,,,83.13,,,,,16.37,,2.77,,,,1.3494,12.1299,1.668,0.9885,,,,,
2011-02-16,,,,,,,,,0.15,,,,,83.8,,,,,16.72,,2.76,,,,1.3547,12.0875,1.6724,0.9853,,,,,
2011-02-17,,,,,,,,,0.15,,,,,85.05,,,,,16.59,,2.78,,,,1.3612,12.0441,1.6605,0.9839,,,,,
2011-02-18,,,,,,,,,0.15,,,,,85.03,,,,,16.43,,2.81,,,,1.3673,12.0085,1.6645,0.9827,,,,,
2011-02-19,,,,394000.0,,,,,0.15,,,,,,3821000.0,,,,,,,,,,,,,,,,,,
2011-02-20,,,,,,,,,0.15,,,,,,,,,,,,,,,,,,,,,,,,
2011-02-21,,,,,,,,,0.15,,,,3.189,,,,,,,,,,,,,,,,,,,,
2011-02-22,,,,,,,,,0.15,,,,,92.65,,,,,20.8,,2.72,,,,1.3661,12.0983,1.666,0.986,,,,,
2011-02-23,,,,,,,,,0.15,,,,,96.04,,,,,22.13,,2.75,,,,1.3758,12.1824,1.6737,0.9922,,,,,
2011-02-24,,,,,,,,,0.15,,,,,95.83,,,,,21.32,,2.73,,,,1.3794,12.1762,1.6617,0.9842,,,,,
2011-02-25,,,,,,,,,0.15,,,,,96.52,,,,,19.22,,2.7,,,,1.3757,12.1261,1.6597,0.9808,,,,,
2011-02-26,,,,385000.0,,,,,0.15,,,,,,3809000.0,,,,,,,,,,,,,,,,,,
2011-02-27,,,,,,,,,0.15,,,,,,,,,,,,,,,,,,,,,,,,
2011-02-28,,,,,,,,,0.16,,,,3.383,97.1,,,,,18.35,,2.73,,,,1.3793,12.113,1.6598,0.9737,,,,,
2011-03-01,131283.0,9.0,22.87,,67.5,4.6,223.046,11659.0,0.15,,64.2,,,99.63,,2297.2,41.4,98.35714,21.01,5.89,2.75,199.2,331161.0,7.7,1.3813,12.0882,1.66,0.9742,97.51933,0.5,11.75,1.25,7.8
2011-03-02,,,,,,,,,0.16,,,,,102.27,,,,,20.7,,2.77,,,,1.3869,12.1114,1.66,0.9733,,,,,
2011-03-03,,,,,,,,,0.15,,,,,101.92,,,,,18.6,,2.79,,,,1.3947,12.0301,1.655,0.9746,,,,,
2011-03-04,,,,,,,,,0.15,,,,,104.34,,,,,19.06,,2.81,,,,1.3983,12.0066,1.6432,0.9715,,,,,
2011-03-05,,,,414000.0,,,,,0.15,,,,,,3772000.0,,,,,,,,,,,,,,,,,,
2011-03-06,,,,,,,,,0.15,,,,,,,,,,,,,,,,,,,,,,,,
2011-03-07,,,,,,,,,0.14,,,,3.52,105.37,,,,,20.66,,2.81,,,,1.3976,12.032,1.6532,0.9737,,,,,
2011-03-08,,,,,,,,,0.14,,,,,105.06,,,,,19.82,,2.83,,,,1.3912,12.001,1.6542,0.9712,,,,,
2011-03-09,,,,,,,,,0.14,,,,,104.39,,,,,20.22,,2.78,,,,1.3906,11.9681,1.6553,0.9686,,,,,
2011-03-10,,,,,,,,,0.14,,,,,102.73,,,,,21.88,,2.72,,,,1.3823,11.9641,1.6589,0.9729,,,,,
2011-03-11,,,,,,,,,0.13,,,,,101.14,,,,,20.08,,2.76,,,,1.3864,11.9211,1.6612,0.9732,,,,,
2011-03-12,,,,404000.0,,,,,0.13,,,,,,3772000.0,,,,,,,,,,,,,,,,,,
2011-03-13,,,,,,,,,0.13,,,,,,,,,,,,,,,,,,,,,,,,
2011-03-14,,,,,,,,,0.14,,,,3.567,101.2,,,,,21.13,,2.75,,,,1.3975,11.9188,1.6658,0.9758,,,,,
2011-03-15,,,,,,,,,0.14,,,,,97.23,,,,,24.32,,2.7,,,,1.3968,12.0033,1.6673,0.9831,,,,,
2011-03-16,,,,,,,,,0.14,,,,,97.99,,,,,29.4,,2.64,,,,1.3922,12.0842,1.6685,0.9921,,,,,
2011-03-17,,,,,,,,,0.14,,,,,101.47,,,,,26.37,,2.65,,,,1.4021,12.0997,1.6723,0.9886,,,,,
2011-03-18,,,,,,,,,0.15,,,,,101.06,,,,,24.44,,2.67,,,,1.4141,12.0584,1.6727,0.9846,,,,,
2011-03-19,,,,407000.0,,,,,0.15,,,,,,3752000.0,,,,,,,,,,,,,,,,,,
2011-03-20,,,,,,,,,0.15,,,,,,,,,,,,,,,,,,,,,,,,
2011-03-21,,,,,,,,,0.14,,,,3.562,102.36,,,,,20.61,,2.67,,,,1.4184,11.9905,1.6638,0.9772,,,,,
2011-03-22,,,,,,,,,0.14,,,,,104.53,,,,,20.21,,2.66,,,,1.4212,11.987,1.6632,0.9769,,,,,
2011-03-23,,,,,,,,,0.14,,,,,105.21,,,,,19.17,,2.67,,,,1.4124,12.004,1.6609,0.982,,,,,
2011-03-24,,,,,,,,,0.13,,,,,105.04,,,,,18.0,,2.7,,,,1.42,11.9532,1.6565,0.9748,,,,,
2011-03-25,,,,,,,,,0.13,,,,,104.89,,,,,17.91,,2.67,,,,1.4144,11.933,1.656,0.9779,,,,,
2011-03-26,,,,399000.0,,,,,0.13,,,,,,3766000.0,,,,,,,,,,,,,,,,,,
2011-03-27,,,,,,,,,0.13,,,,,,,,,,,,,,,,,,,,,,,,
2011-03-28,,,,,,,,,0.13,,,,3.596,103.54,,,,,19.44,,2.66,,,,1.4104,11.9561,1.6591,0.9757,,,,,
2011-03-29,,,,,,,,,0.13,,,,,104.34,,,,,18.16,,2.69,,,,1.409,11.965,1.6559,0.9758,,,,,
2011-03-30,,,,,,,,,0.13,,,,,103.8,,,,,17.71,,2.67,,,,1.4095,11.9211,1.6274,0.9715,,,,,
2011-03-31,,,,,,,,,0.1,,,,,106.19,,,,,17.74,,2.67,,,,1.4183,11.917,1.6287,0.9717,,,,,
2011-04-01,131597.0,9.1,22.91,,69.8,4.6,224.093,11689.0,0.11,94.321,64.2,,,107.55,,2292.2,41.4,98.29892,17.4,5.92,2.66,203.1,333189.0,7.8,1.4215,11.829,1.6156,0.9629,97.71263,0.5,12.0,1.25,7.8
2011-04-02,,,,395000.0,,,,,0.11,,,,,,3756000.0,,,,,,,,,,,,,,,,,,
2011-04-03,,,,,,,,,0.11,,,,,,,,,,,,,,,,,,,,,,,,
2011-04-04,,,,,,,,,0.09,,,,3.684,108.14,,,,,17.5,,2.68,,,,1.4221,11.8552,1.6099,0.9677,,,,,
2011-04-05,,,,,,,,,0.09,,,,,107.82,,,,,17.25,,2.66,,,,1.423,11.8216,1.6083,0.9635,,,,,
2011-04-06,,,,,,,,,0.1,,,,,108.38,,,,,16.9,,2.71,,,,1.4333,11.7866,1.6021,0.9587,,,,,
2011-04-07,,,,,,,,,0.1,,,,,109.82,,,,,17.11,,2.77,,,,1.4287,11.7922,1.5925,0.9593,,,,,
2011-04-08,,,,,,,,,0.09,,,,,112.27,,,,,17.87,,2.76,,,,1.4437,11.746,1.5765,0.9564,,,,,
2011-04-09,,,,416000.0,,,,,0.09,,,,,,3751000.0,,,,,,,,,,,,,,,,,,
2011-04-10,,,,,,,,,0.09,,,,,,,,,,,,,,,,,,,,,,,,
2011-04-11,,,,,,,,,0.09,,,,3.791,109.5,,,,,16.59,,2.74,,,,1.4454,11.7412,1.579,0.9547,,,,,
2011-04-12,,,,,,,,,0.08,,,,,105.75,,,,,17.09,,2.75,,,,1.4455,11.823,1.5895,0.9624,,,,,
2011-04-13,,,,,,,,,0.08,,,,,106.6,,,,,16.92,,2.74,,,,1.4477,11.8055,1.5923,0.9638,,,,,
2011-04-14,,,,,,,,,0.09,,,,,107.73,,,,,16.27,,2.74,,,,1.4464,11.76,1.5825,0.9626,,,,,
2011-04-15,,,,,,,,,0.12,,,,,109.17,,,,,15.32,,2.72,,,,1.4443,11.7022,1.5721,0.9615,,,,,
2011-04-16,,,,402000.0,,,,,0.12,,,,,,3717000.0,,,,,,,,,,,,,,,,,,
2011-04-17,,,,,,,,,0.12,,,,,,,,,,,,,,,,,,,,,,,,
2011-04-18,,,,,,,,,0.1,,,,3.844,106.7,,,,,16.96,,2.71,,,,1.4211,11.7785,1.595,0.9689,,,,,
2011-04-19,,,,,,,,,0.11,,,,,107.18,,,,,15.83,,2.71,,,,1.4319,11.696,1.58,0.9572,,,,,
2011-04-20,,,,,,,,,0.1,,,,,110.84,,,,,15.07,,2.74,,,,1.4513,11.6203,1.5683,0.9523,,,,,
2011-04-21,,,,,,,,,0.1,,,,,111.72,,,,,14.69,,2.74,,,,1.4585,11.6055,1.5635,0.9518,,,,,
2011-04-22,,,,,,,,,0.1,,,,,,,,,,,,,,,,1.4545,11.602,1.566,0.9535,,,,,
2011-04-23,,,,422000.0,,,,,0.1,,,,,,3796000.0,,,,,,,,,,,,,,,,,,
2011-04-24,,,,,,,,,0.1,,,,,,,,,,,,,,,,,,,,,,,,
2011-04-25,,,,,,,,,0.1,,,,3.879,111.68,,,,,15.77,,2.72,,,,1.4576,11.6175,1.5701,0.9541,,,,,
2011-04-26,,,,,,,,,0.09,,,,,111.72,,,,,15.62,,2.69,,,,1.4625,11.5736,1.5636,0.9508,,,,,
2011-04-27,,,,,,,,,0.09,,,,,112.31,,,,,15.35,,2.74,,,,1.4659,11.5954,1.5685,0.955,,,,,
2011-04-28,,,,,,,,,0.09,,,,,112.38,,,,,14.62,,2.72,,,,1.4785,11.5486,1.587,0.9513,,,,,
2011-04-29,,,,,,,,,0.09,,,,,113.39,,,,,14.75,,2.71,,,,1.4821,11.5237,1.567,0.9486,,,,,
2011-04-30,,,,468000.0,,,,,0.09,,,,,,3834000.0,,,,,,,,,,,,,,,,,,
2011-05-01,131703.0,9.0,22.97,,74.3,4.1,224.806,11697.0,0.09,,64.1,,,,,2294.1,41.5,98.28327,,5.69,,204.1,332409.0,7.9,,,,,98.67912,0.5,12.0,1.25,7.7
2011-05-02,,,,,,,,,0.09,,,,3.963,113.03,,,,,15.99,,2.7,,,,1.487,11.505,1.5745,0.9492,,,,,
2011-05-03,,,,,,,,,0.09,,,,,110.6,,,,,16.7,,2.67,,,,1.4875,11.558,1.5835,0.9489,,,,,
2011-05-04,,,,,,,,,0.09,,,,,108.79,,,,,17.08,,2.65,,,,1.4859,11.6295,1.603,0.9579,,,,,
2011-05-05,,,,,,,,,0.09,,,,,99.89,,,,,18.2,,2.6,,,,1.4583,11.693,1.6172,0.9667,,,,,
2011-05-06,,,,,,,,,0.09,,,,,96.87,,,,,18.4,,2.62,,,,1.4495,11.5831,1.6037,0.9616,,,,,
2011-05-07,,,,435000.0,,,,,0.09,,,,,,3787000.0,,,,,,,,,,,,,,,,,,
2011-05-08,,,,,,,,,0.09,,,,,,,,,,,,,,,,,,,,,,,,
2011-05-09,,,,,,,,,0.09,,,,3.965,100.32,,,,,17.16,,2.6,,,,1.4301,11.6303,1.621,0.966,,,,,
2011-05-10,,,,,,,,,0.09,,,,,103.39,,,,,15.91,,2.64,,,,1.4358,11.592,1.6069,0.9611,,,,,
2011-05-11,,,,,,,,,0.09,,,,,97.88,,,,,16.95,,2.63,,,,1.4269,11.6041,1.619,0.9581,,,,,
2011-05-12,,,,,,,,,0.09,,,,,98.53,,,,,16.03,,2.65,,,,1.4229,11.6698,1.6192,0.9656,,,,,
2011-05-13,,,,,,,,,0.09,,,,,99.21,,,,,17.07,,2.61,,,,1.4141,11.7463,1.6382,0.9708,,,,,
2011-05-14,,,,414000.0,,,,,0.09,,,,,,3781000.0,,,,,,,,,,,,,,,,,,
2011-05-15,,,,,,,,,0.09,,,,,,,,,,,,,,,,,,,,,,,,
2011-05-16,,,,,,,,,0.1,,,,3.96,96.91,,,,,18.24,,2.61,,,,1.4219,11.722,1.6266,0.9701,,,,,
2011-05-17,,,,,,,,,0.09,,,,,96.4,,,,,17.55,,2.57,,,,1.4155,11.7661,1.6335,0.9772,,,,,
2011-05-18,,,,,,,,,0.1,,,,,99.52,,,,,16.23,,2.6,,,,1.427,11.7173,1.6115,0.9722,,,,,
2011-05-19,,,,,,,,,0.09,,,,,97.99,,,,,15.52,,2.62,,,,1.4254,11.6716,1.6179,0.9703,,,,,
2011-05-20,,,,,,,,,0.1,,,,,99.15,,,,,17.43,,2.6,,,,1.4172,11.6555,1.6155,0.9735,,,,,
2011-05-21,,,,423000.0,,,,,0.1,,,,,,3799000.0,,,,,,,,,,,,,,,,,,
2011-05-22,,,,,,,,,0.1,,,,,,,,,,,,,,,,,,,,,,,,
2011-05-23,,,,,,,,,0.1,,,,3.849,97.06,,,,,18.27,,2.58,,,,1.4015,11.7335,1.6345,0.9791,,,,,
2011-05-24,,,,,,,,,0.1,,,,,99.13,,,,,17.82,,2.56,,,,1.4107,11.6986,1.6287,0.9773,,,,,
2011-05-25,,,,,,,,,0.09,,,,,100.78,,,,,17.07,,2.59,,,,1.4102,11.682,1.6264,0.9765,,,,,
2011-05-26,,,,,,,,,0.09,,,,,100.18,,,,,16.09,,2.59,,,,1.4088,11.691,1.6232,0.9809,,,,,
2011-05-27,,,,,,,,,0.1,,,,,100.58,,,,,15.98,,2.59,,,,1.4287,11.6113,1.5985,0.9771,,,,,
2011-05-28,,,,418000.0,,,,,0.1,,,,,,3728000.0,,,,,,,,,,,,,,,,,,
2011-05-29,,,,,,,,,0.1,,,,,,,,,,,,,,,,,,,,,,,,
2011-05-30,,,,,,,,,0.1,,,,3.794,,,,,,,,,,,,,,,,,,,,
2011-05-31,,,,,,,,,0.1,,,,,102.7,,,,,15.45,,2.6,,,,1.4376,11.579,1.5833,0.9688,,,,,
2011-06-01,131931.0,9.1,23.0,,71.5,3.8,224.806,11710.0,0.1,,64.0,,,100.3,,2282.2,41.4,97.97703,18.3,5.66,2.52,203.9,335108.0,8.0,1.4431,11.6362,1.5831,0.9713,97.13273,0.5,12.25,1.25,7.7
2011-06-02,,,,,,,,,0.1,,,,,100.41,,,,,18.09,,2.59,,,,1.4426,11.6839,1.5813,0.9794,,,,,
2011-06-03,,,,,,,,,0.11,,,,,100.28,,,,,17.95,,2.57,,,,1.4604,11.6585,1.5722,0.9768,,,,,
2011-06-04,,,,423000.0,,,,,0.11,,,,,,3750000.0,,,,,,,,,,,,,,,,,,
2011-06-05,,,,,,,,,0.11,,,,,,,,,,,,,,,,,,,,,,,,
2011-06-06,,,,,,,,,0.1,,,,3.781,99.07,,,,,18.49,,2.58,,,,1.462,11.6931,1.5799,0.9784,,,,,
2011-06-07,,,,,,,,,0.09,,,,,99.18,,,,,18.07,,2.62,,,,1.4675,11.735,1.5748,0.9743,,,,,
2011-06-08,,,,,,,,,0.09,,,,,100.77,,,,,18.79,,2.59,,,,1.4587,11.792,1.581,0.9778,,,,,
2011-06-09,,,,,,,,,0.09,,,,,101.95,,,,,17.77,,2.58,,,,1.4534,11.7786,1.5832,0.9732,,,,,
2011-06-10,,,,,,,,,0.09,,,,,99.3,,,,,18.86,,2.58,,,,1.4365,11.8668,1.5974,0.9769,,,,,
2011-06-11,,,,413000.0,,,,,0.09,,,,,,3746000.0,,,,,,,,,,,,,,,,,,
2011-06-12,,,,,,,,,0.09,,,,,,,,,,,,,,,,,,,,,,,,
2011-06-13,,,,,,,,,0.1,,,,3.713,97.2,,,,,19.61,,2.6,,,,1.4368,11.88,1.5892,0.9778,,,,,
2011-06-14,,,,,,,,,0.1,,,,,99.37,,,,,18.26,,2.66,,,,1.4473,11.7986,1.5808,0.9684,,,,,
2011-06-15,,,,,,,,,0.1,,,,,94.83,,,,,21.32,,2.6,,,,1.4221,11.8819,1.594,0.9778,,,,,
2011-06-16,,,,,,,,,0.1,,,,,94.95,,,,,22.73,,2.55,,,,1.4155,11.9717,1.6106,0.9842,,,,,
2011-06-17,,,,,,,,,0.1,,,,,93.02,,,,,21.85,,2.56,,,,1.4326,11.904,1.596,0.9797,,,,,
2011-06-18,,,,416000.0,,,,,0.1,,,,,,3752000.0,,,,,,,,,,,,,,,,,,
2011-06-19,,,,,,,,,0.1,,,,,,,,,,,,,,,,,,,,,,,,
2011-06-20,,,,,,,,,0.09,,,,3.652,93.23,,,,,19.99,,2.59,,,,1.432,11.8842,1.5932,0.9785,,,,,
2011-06-21,,,,,,,,,0.09,,,,,93.7,,,,,18.86,,2.59,,,,1.4399,11.8068,1.5882,0.9722,,,,,
2011-06-22,,,,,,,,,0.09,,,,,94.96,,,,,18.52,,2.62,,,,1.4403,11.7793,1.5872,0.9725,,,,,
2011-06-23,,,,,,,,,0.08,,,,,90.7,,,,,19.29,,2.58,,,,1.4166,11.8687,1.5904,0.98,,,,,
2011-06-24,,,,,,,,,0.08,,,,,90.89,,,,,21.1,,2.53,,,,1.4189,11.8832,1.5949,0.9847,,,,,
2011-06-25,,,,421000.0,,,,,0.08,,,,,,3719000.0,,,,,,,,,,,,,,,,,,
2011-06-26,,,,,,,,,0.08,,,,,,,,,,,,,,,,,,,,,,,,
2011-06-27,,,,,,,,,0.08,,,,3.574,90.65,,,,,20.56,,2.54,,,,1.4282,11.8936,1.5941,0.9859,,,,,
2011-06-28,,,,,,,,,0.08,,,,,92.9,,,,,19.17,,2.57,,,,1.4368,11.8375,1.579,0.9819,,,,,
2011-06-29,,,,,,,,,0.07,,,,,94.85,,,,,17.27,,2.67,,,,1.4428,11.768,1.569,0.9703,,,,,
2011-06-30,,,,,,,,,0.07,,,,,95.3,,,,,16.52,,2.73,,,,1.4523,11.7191,1.5595,0.9642,,,,,
2011-07-01,131992.0,9.0,23.11,,63.7,3.4,225.395,11729.0,0.08,94.147,64.0,,,94.81,,2273.4,41.4,97.40202,15.87,5.69,2.72,204.6,334922.0,8.2,1.4508,11.6294,1.5558,0.9608,100.2255,0.5,12.5,1.25,7.4
2011-07-02,,,,418000.0,,,,,0.08,,,,,,3733000.0,,,,,,,,,,,,,,,,,,
2011-07-03,,,,,,,,,0.08,,,,,,,,,,,,,,,,,,,,,,,,
2011-07-04,,,,,,,,,0.08,,,,3.579,,,,,,,,,,,,,,,,,,,,
2011-07-05,,,,,,,,,0.08,,,,,96.92,,,,,16.06,,2.72,,,,1.447,11.6226,1.5636,0.9608,,,,,
2011-07-06,,,,,,,,,0.07,,,,,96.67,,,,,16.34,,2.69,,,,1.4329,11.6361,1.5655,0.9656,,,,,
2011-07-07,,,,,,,,,0.07,,,,,98.7,,,,,15.95,,2.68,,,,1.4349,11.5725,1.5543,0.9585,,,,,
2011-07-08,,,,,,,,,0.07,,,,,96.2,,,,,15.95,,2.63,,,,1.4251,11.6279,1.5631,0.9627,,,,,
2011-07-09,,,,408000.0,,,,,0.07,,,,,,3724000.0,,,,,,,,,,,,,,,,,,
2011-07-10,,,,,,,,,0.07,,,,,,,,,,,,,,,,,,,,,,,,
2011-07-11,,,,,,,,,0.07,,,,3.641,95.16,,,,,18.39,,2.57,,,,1.4034,11.7268,1.5776,0.9663,,,,,
2011-07-12,,,,,,,,,0.06,,,,,97.41,,,,,19.87,,2.55,,,,1.4014,11.7889,1.576,0.9667,,,,,
2011-07-13,,,,,,,,,0.06,,,,,98.04,,,,,19.91,,2.55,,,,1.4167,11.7111,1.5708,0.9582,,,,,
2011-07-14,,,,,,,,,0.06,,,,,95.75,,,,,20.8,,2.6,,,,1.4182,11.7086,1.5733,0.9584,,,,,
2011-07-15,,,,,,,,,0.06,,,,,97.24,,,,,19.53,,2.57,,,,1.4156,11.7123,1.574,0.9542,,,,,
2011-07-16,,,,420000.0,,,,,0.06,,,,,,3734000.0,,,,,,,,,,,,,,,,,,
2011-07-17,,,,,,,,,0.06,,,,,,,,,,,,,,,,,,,,,,,,
2011-07-18,,,,,,,,,0.06,,,,3.682,95.94,,,,,20.95,,2.57,,,,1.4042,11.7972,1.5833,0.9616,,,,,
2011-07-19,,,,,,,,,0.06,,,,,97.49,,,,,19.21,,2.52,,,,1.4156,11.7042,1.5675,0.9505,,,,,
2011-07-20,,,,,,,,,0.06,,,,,98.11,,,,,19.09,,2.56,,,,1.4188,11.6708,1.5655,0.9479,,,,,
2011-07-21,,,,,,,,,0.06,,,,,98.96,,,,,17.56,,2.63,,,,1.4372,11.6198,1.5538,0.9449,,,,,
2011-07-22,,,,,,,,,0.06,,,,,99.53,,,,,17.52,,2.59,,,,1.4366,11.624,1.5509,0.95,,,,,
2011-07-23,,,,411000.0,,,,,0.06,,,,,,3741000.0,,,,,,,,,,,,,,,,,,
2011-07-24,,,,,,,,,0.06,,,,,,,,,,,,,,,,,,,,,,,,
2011-07-25,,,,,,,,,0.06,,,,3.699,98.97,,,,,19.35,,2.61,,,,1.4357,11.663,1.5402,0.9448,,,,,
2011-07-26,,,,,,,,,0.06,,,,,99.61,,,,,20.23,,2.58,,,,1.4495,11.6226,1.5375,0.9448,,,,,
2011-07-27,,,,,,,,,0.07,,,,,97.4,,,,,22.98,,2.57,,,,1.4373,11.6479,1.566,0.9474,,,,,
2011-07-28,,,,,,,,,0.08,,,,,97.48,,,,,23.74,,2.56,,,,1.4303,11.6731,1.562,0.9483,,,,,
2011-07-29,,,,,,,,,0.11,,,,,95.68,,,,,25.25,,2.46,,,,1.4388,11.7235,1.5495,0.9539,,,,,
2011-07-30,,,,406000.0,,,,,0.11,,,,,,3676000.0,,,,,,,,,,,,,,,,,,
2011-07-31,,,,,,,,,0.11,,,,,,,,,,,,,,,,,,,,,,,,
2011-08-01,132125.0,9.0,23.06,,55.8,3.5,226.106,11748.0,0.17,,64.1,,3.711,94.98,,2314.5,41.4,96.91122,23.66,5.26,2.39,203.2,335163.0,8.3,1.4202,11.7525,1.561,0.9593,99.45232,0.5,12.5,1.25,7.4
2011-08-02,,,,,,,,,0.16,,,,,93.78,,,,,24.79,,2.33,,,,1.4232,11.7629,1.5651,0.9577,,,,,
2011-08-03,,,,,,,,,0.12,,,,,91.87,,,,,23.38,,2.31,,,,1.432,11.8384,1.5645,0.9632,,,,,
2011-08-04,,,,,,,,,0.09,,,,,86.75,,,,,31.66,,2.2,,,,1.4158,12.008,1.579,0.9765,,,,,
2011-08-05,,,,,,,,,0.08,,,,,86.89,,,,,32.0,,2.3,,,,1.4158,12.0402,1.5993,0.9843,,,,,
2011-08-06,,,,405000.0,,,,,0.08,,,,,,3709000.0,,,,,,,,,,,,,,,,,,
2011-08-07,,,,,,,,,0.08,,,,,,,,,,,,,,,,,,,,,,,,
2011-08-08,,,,,,,,,0.11,,,,3.674,81.27,,,,,48.0,,2.13,,,,1.4241,12.1768,1.599,0.9889,,,,,
2011-08-09,,,,,,,,,0.1,,,,,79.32,,,,,35.06,,2.01,,,,1.4242,12.344,1.629,0.9893,,,,,
2011-08-10,,,,,,,,,0.1,,,,,83.05,,,,,42.99,,1.98,,,,1.4193,12.385,1.624,0.9909,,,,,
2011-08-11,,,,,,,,,0.09,,,,,85.48,,,,,39.0,,2.15,,,,1.423,12.41,1.6277,0.9891,,,,,
2011-08-12,,,,,,,,,0.1,,,,,85.19,,,,,36.36,,2.04,,,,1.4239,12.2825,1.6125,0.9879,,,,,
2011-08-13,,,,409000.0,,,,,0.1,,,,,,3717000.0,,,,,,,,,,,,,,,,,,
2011-08-14,,,,,,,,,0.1,,,,,,,,,,,,,,,,,,,,,,,,
2011-08-15,,,,,,,,,0.1,,,,3.604,87.88,,,,,31.87,,2.1,,,,1.4452,12.2501,1.5937,0.9838,,,,,
2011-08-16,,,,,,,,,0.09,,,,,86.65,,,,,32.85,,2.03,,,,1.4421,12.2489,1.5871,0.9816,,,,,
2011-08-17,,,,,,,,,0.09,,,,,87.58,,,,,31.58,,1.98,,,,1.4436,12.1875,1.5841,0.9818,,,,,
2011-08-18,,,,,,,,,0.09,,,,,82.38,,,,,42.67,,1.88,,,,1.432,12.3565,1.6046,0.9899,,,,,
2011-08-19,,,,,,,,,0.09,,,,,82.33,,,,,43.05,,1.87,,,,1.4408,12.2327,1.5986,0.9848,,,,,
2011-08-20,,,,415000.0,,,,,0.09,,,,,,3715000.0,,,,,,,,,,,,,,,,,,
2011-08-21,,,,,,,,,0.09,,,,,,,,,,,,,,,,,,,,,,,,
2011-08-22,,,,,,,,,0.09,,,,3.581,84.42,,,,,42.44,,1.88,,,,1.4384,12.3227,1.6058,0.9901,,,,,
2011-08-23,,,,,,,,,0.08,,,,,85.35,,,,,36.27,,1.93,,,,1.4431,12.3155,1.5991,0.9876,,,,,
2011-08-24,,,,,,,,,0.08,,,,,84.99,,,,,35.9,,2.06,,,,1.4402,12.4222,1.6051,0.9878,,,,,
2011-08-25,,,,,,,,,0.08,,,,,85.15,,,,,39.76,,2.01,,,,1.438,12.4155,1.6115,0.9842,,,,,
2011-08-26,,,,,,,,,0.09,,,,,85.37,,,,,35.59,,1.99,,,,1.4463,12.4657,1.6055,0.9854,,,,,
2011-08-27,,,,409000.0,,,,,0.09,,,,,,3723000.0,,,,,,,,,,,,,,,,,,
2011-08-28,,,,,,,,,0.09,,,,,,,,,,,,,,,,,,,,,,,,
2011-08-29,,,,,,,,,0.09,,,,3.627,87.27,,,,,32.28,,2.08,,,,1.451,12.4157,1.5957,0.9778,,,,,
2011-08-30,,,,,,,,,0.08,,,,,88.9,,,,,32.89,,1.99,,,,1.4435,12.4831,1.5867,0.9791,,,,,
2011-08-31,,,,,,,,,0.08,,,,,88.81,,,,,31.62,,2.03,,,,1.4406,12.3262,1.5841,0.9783,,,,,
2011-09-01,132344.0,9.0,23.11,,59.5,3.3,226.597,11752.0,0.08,,64.2,,,88.93,,2344.9,41.4,96.84426,31.82,5.19,1.96,203.7,339011.0,8.4,1.4283,12.2556,1.6005,0.9751,97.90593,0.5,12.0,1.25,7.5
2011-09-02,,,,,,,,,0.08,,,,,86.45,,,,,33.92,,1.82,,,,1.4203,12.363,1.6345,0.9815,,,,,
2011-09-03,,,,414000.0,,,,,0.08,,,,,,3759000.0,,,,,,,,,,,,,,,,,,
2011-09-04,,,,,,,,,0.08,,,,,,,,,,,,,,,,,,,,,,,,
2011-09-05,,,,,,,,,0.08,,,,3.674,,,,,,,,,,,,,,,,,,,,
2011-09-06,,,,,,,,,0.09,,,,,85.99,,,,,37.0,,1.77,,,,1.3999,12.5201,1.661,0.9908,,,,,
2011-09-07,,,,,,,,,0.09,,,,,89.34,,,,,33.38,,1.84,,,,1.4058,12.4702,1.6543,0.9882,,,,,
2011-09-08,,,,,,,,,0.09,,,,,89.05,,,,,34.32,,1.81,,,,1.3947,12.4996,1.6545,0.9856,,,,,
2011-09-09,,,,,,,,,0.09,,,,,87.24,,,,,38.52,,1.76,,,,1.3666,12.647,1.6798,0.997,,,,,
2011-09-10,,,,429000.0,,,,,0.09,,,,,,3758000.0,,,,,,,,,,,,,,,,,,
2011-09-11,,,,,,,,,0.09,,,,,,,,,,,,,,,,,,,,,,,,
2011-09-12,,,,,,,,,0.09,,,,3.661,88.19,,,,,38.59,,1.73,,,,1.3635,12.775,1.6964,0.9957,,,,,
2011-09-13,,,,,,,,,0.09,,,,,90.21,,,,,36.91,,1.79,,,,1.368,12.9367,1.7132,0.9901,,,,,
2011-09-14,,,,,,,,,0.08,,,,,88.91,,,,,34.6,,1.84,,,,1.371,12.954,1.728,0.9913,,,,,
2011-09-15,,,,,,,,,0.09,,,,,89.4,,,,,31.97,,1.88,,,,1.3858,12.9083,1.7115,0.9867,,,,,
2011-09-16,,,,,,,,,0.09,,,,,87.96,,,,,30.98,,1.9,,,,1.3783,12.9676,1.7097,0.9813,,,,,
2011-09-17,,,,422000.0,,,,,0.09,,,,,,3747000.0,,,,,,,,,,,,,,,,,,
2011-09-18,,,,,,,,,0.09,,,,,,,,,,,,,,,,,,,,,,,,
2011-09-19,,,,,,,,,0.09,,,,3.601,85.7,,,,,32.73,,1.81,,,,1.3636,13.1856,1.7866,0.9897,,,,,
2011-09-20,,,,,,,,,0.09,,,,,86.92,,,,,32.86,,1.77,,,,1.3697,13.1664,1.7891,0.9922,,,,,
2011-09-21,,,,,,,,,0.08,,,,,85.77,,,,,37.32,,1.67,,,,1.3724,13.4127,1.8355,0.9985,,,,,
2011-09-22,,,,,,,,,0.08,,,,,80.29,,,,,41.35,,1.52,,,,1.3446,13.8748,1.8787,1.0327,,,,,
2011-09-23,,,,,,,,,0.08,,,,,79.58,,,,,41.25,,1.61,,,,1.3518,13.7753,1.8585,1.028,,,,,
2011-09-24,,,,406000.0,,,,,0.08,,,,,,3707000.0,,,,,,,,,,,,,,,,,,
2011-09-25,,,,,,,,,0.08,,,,,,,,,,,,,,,,,,,,,,,,
2011-09-26,,,,,,,,,0.08,,,,3.509,79.97,,,,,39.02,,1.66,,,,1.3516,13.6683,1.8452,1.0338,,,,,
2011-09-27,,,,,,,,,0.08,,,,,84.18,,,,,37.71,,1.75,,,,1.3606,13.3376,1.8067,1.019,,,,,
2011-09-28,,,,,,,,,0.08,,,,,80.94,,,,,41.08,,1.76,,,,1.3628,13.3779,1.815,1.0226,,,,,
2011-09-29,,,,,,,,,0.08,,,,,81.87,,,,,38.84,,1.72,,,,1.3639,13.4715,1.8261,1.0338,,,,,
2011-09-30,,,,,,,,,0.06,,,,,78.93,,,,,42.96,,1.67,,,,1.3449,13.7701,1.8485,1.0389,,,,,
2011-10-01,132553.0,8.8,23.18,405000.0,60.8,3.2,226.75,11762.0,0.06,94.6,64.1,,,,3697000.0,2363.1,41.5,97.07516,,5.3,,201.1,341058.0,8.5,,,,,99.06572,0.5,11.5,1.25,7.5
2011-10-02,,,,,,,,,0.06,,,,,,,,,,,,,,,,,,,,,,,,
2011-10-03,,,,,,,,,0.08,,,,3.433,77.34,,,,,45.45,,1.56,,,,1.3281,13.8767,1.8815,1.044,,,,,
2011-10-04,,,,,,,,,0.07,,,,,75.4,,,,,40.82,,1.56,,,,1.3294,13.931,1.881,1.0605,,,,,
2011-10-05,,,,,,,,,0.07,,,,,79.41,,,,,37.81,,1.67,,,,1.3328,13.6701,1.8356,1.0448,,,,,
2011-10-06,,,,,,,,,0.07,,,,,82.32,,,,,36.27,,1.72,,,,1.3408,13.5291,1.8081,1.0431,,,,,
2011-10-07,,,,,,,,,0.07,,,,,82.7,,,,,36.2,,1.8,,,,1.3512,13.3016,1.7662,1.0326,,,,,
2011-10-08,,,,410000.0,,,,,0.07,,,,,,3731000.0,,,,,,,,,,,,,,,,,,
2011-10-09,,,,,,,,,0.07,,,,,,,,,,,,,,,,,,,,,,,,
2011-10-10,,,,,,,,,0.07,,,,3.417,85.14,,,,,33.02,,,,,,,,,,,,,,
2011-10-11,,,,,,,,,0.07,,,,,85.54,,,,,32.86,,1.86,,,,1.3657,13.321,1.7529,1.0287,,,,,
2011-10-12,,,,,,,,,0.07,,,,,85.3,,,,,31.26,,1.95,,,,1.3805,13.2303,1.7745,1.0163,,,,,
2011-10-13,,,,,,,,,0.07,,,,,83.96,,,,,30.7,,1.9,,,,1.373,13.3621,1.745,1.0238,,,,,
2011-10-14,,,,,,,,,0.07,,,,,86.8,,,,,28.24,,1.98,,,,1.3861,13.2906,1.7373,1.0148,,,,,
2011-10-15,,,,395000.0,,,,,0.07,,,,,,3704000.0,,,,,,,,,,,,,,,,,,
2011-10-16,,,,,,,,,0.07,,,,,,,,,,,,,,,,,,,,,,,,
2011-10-17,,,,,,,,,0.07,,,,3.476,86.38,,,,,33.39,,1.9,,,,1.377,13.2904,1.7491,1.0153,,,,,
2011-10-18,,,,,,,,,0.07,,,,,88.34,,,,,31.56,,1.91,,,,1.3719,13.4215,1.7568,1.0165,,,,,
2011-10-19,,,,,,,,,0.07,,,,,86.11,,,,,34.44,,1.9,,,,1.3775,13.3802,1.7655,1.0136,,,,,
2011-10-20,,,,,,,,,0.07,,,,,86.07,,,,,34.78,,1.92,,,,1.3672,13.7675,1.7983,1.0216,,,,,
2011-10-21,,,,,,,,,0.07,,,,,87.19,,,,,31.32,,1.93,,,,1.3873,13.5759,1.7702,1.009,,,,,
2011-10-22,,,,403000.0,,,,,0.07,,,,,,3699000.0,,,,,,,,,,,,,,,,,,
2011-10-23,,,,,,,,,0.07,,,,,,,,,,,,,,,,,,,,,,,,
2011-10-24,,,,,,,,,0.07,,,,3.462,91.12,,,,,29.26,,1.95,,,,1.3932,13.4546,1.7522,1.004,,,,,
2011-10-25,,,,,,,,,0.07,,,,,92.98,,,,,32.22,,1.88,,,,1.3911,13.443,1.7611,1.0143,,,,,
2011-10-26,,,,,,,,,0.08,,,,,90.2,,,,,29.86,,1.95,,,,1.3838,13.4697,1.7645,1.01,,,,,
2011-10-27,,,,,,,,,0.07,,,,,93.96,,,,,25.46,,2.11,,,,1.4172,13.1711,1.7207,0.9942,,,,,
2011-10-28,,,,,,,,,0.07,,,,,93.32,,,,,24.53,,2.06,,,,1.4164,13.1025,1.6916,0.9957,,,,,
2011-10-29,,,,399000.0,,,,,0.07,,,,,,3677000.0,,,,,,,,,,,,,,,,,,
2011-10-30,,,,,,,,,0.07,,,,,,,,,,,,,,,,,,,,,,,,
2011-10-31,,,,,,,,,0.09,,,,3.452,93.19,,,,,29.96,,1.92,,,,1.3947,13.169,1.6933,0.9932,,,,,
2011-11-01,132690.0,8.6,23.19,,63.7,3.2,227.169,11753.0,0.08,,64.1,,,92.19,,2376.1,41.5,97.51543,34.77,5.06,1.78,201.4,342214.0,8.4,1.3676,13.6665,1.7525,1.02,98.38918,0.5,11.5,1.25,7.6
2011-11-02,,,,,,,,,0.08,,,,,92.51,,,,,32.74,,1.8,,,,1.3803,13.484,1.7355,1.0125,,,,,
2011-11-03,,,,,,,,,0.09,,,,,94.07,,,,,30.5,,1.85,,,,1.3744,13.427,1.7433,1.0128,,,,,
2011-11-04,,,,,,,,,0.08,,,,,94.26,,,,,30.16,,1.84,,,,1.3761,13.4735,1.7545,1.0179,,,,,
2011-11-05,,,,392000.0,,,,,0.08,,,,,,3603000.0,,,,,,,,,,,,,,,,,,
2011-11-06,,,,,,,,,0.08,,,,,,,,,,,,,,,,,,,,,,,,
2011-11-07,,,,,,,,,0.08,,,,3.424,95.52,,,,,29.85,,1.79,,,,1.3744,13.455,1.7516,1.0173,,,,,
2011-11-08,,,,,,,,,0.08,,,,,96.8,,,,,27.48,,1.85,,,,1.3785,13.3826,1.7388,1.0139,,,,,
2011-11-09,,,,,,,,,0.08,,,,,95.74,,,,,36.16,,1.76,,,,1.3596,13.4955,1.7596,1.0176,,,,,
2011-11-10,,,,,,,,,0.08,,,,,97.78,,,,,32.81,,1.8,,,,1.36,13.5477,1.7627,1.0188,,,,,
2011-11-11,,,,,,,,,0.08,,,,,98.99,,,,,30.04,,,,,,,,,,,,,,
2011-11-12,,,,383000.0,,,,,0.08,,,,,,3676000.0,,,,,,,,,,,,,,,,,,
2011-11-13,,,,,,,,,0.08,,,,,,,,,,,,,,,,,,,,,,,,
2011-11-14,,,,,,,,,0.08,,,,3.436,98.14,,,,,31.13,,1.8,,,,1.3625,13.4865,1.7623,1.0176,,,,,
2011-11-15,,,,,,,,,0.09,,,,,99.37,,,,,31.22,,1.8,,,,1.3524,13.5851,1.7711,1.0233,,,,,
2011-11-16,,,,,,,,,0.08,,,,,102.59,,,,,33.51,,1.75,,,,1.3505,13.5919,1.7723,1.0205,,,,,
2011-11-17,,,,,,,,,0.08,,,,,98.82,,,,,34.51,,1.69,,,,1.3522,13.6281,1.7671,1.0224,,,,,
2011-11-18,,,,,,,,,0.08,,,,,97.67,,,,,32.0,,1.72,,,,1.3521,13.7015,1.7817,1.026,,,,,
2011-11-19,,,,385000.0,,,,,0.08,,,,,,3739000.0,,,,,,,,,,,,,,,,,,
2011-11-20,,,,,,,,,0.08,,,,,,,,,,,,,,,,,,,,,,,,
2011-11-21,,,,,,,,,0.08,,,,3.368,96.73,,,,,32.91,,1.7,,,,1.3525,14.0178,1.8064,1.0386,,,,,
2011-11-22,,,,,,,,,0.08,,,,,97.76,,,,,31.97,,1.68,,,,1.35,13.981,1.8141,1.0371,,,,,
2011-11-23,,,,,,,,,0.09,,,,,96.16,,,,,33.98,,1.63,,,,1.3347,14.1426,1.8606,1.0479,,,,,
2011-11-24,,,,,,,,,0.09,,,,,,,,,,,,,,,,,,,,,,,,
2011-11-25,,,,,,,,,0.07,,,,,96.91,,,,,34.47,,1.69,,,,1.3244,14.2542,1.8865,1.0487,,,,,
2011-11-26,,,,397000.0,,,,,0.07,,,,,,3592000.0,,,,,,,,,,,,,,,,,,
2011-11-27,,,,,,,,,0.07,,,,,,,,,,,,,,,,,,,,,,,,
2011-11-28,,,,,,,,,0.08,,,,3.307,98.21,,,,,32.13,,1.71,,,,1.3334,14.0432,1.8545,1.0327,,,,,
2011-11-29,,,,,,,,,0.08,,,,,99.79,,,,,30.64,,1.73,,,,1.3343,13.9252,1.8461,1.0296,,,,,
2011-11-30,,,,,,,,,0.1,,,,,100.36,,,,,27.8,,1.83,,,,1.3453,13.6201,1.8072,1.0199,,,,,
2011-12-01,132888.0,8.5,23.22,,69.9,3.1,227.223,11783.0,0.08,,64.0,,,100.2,,2404.3,41.6,98.06004,27.41,5.18,1.84,199.8,343093.0,8.3,1.3487,13.5875,1.7965,1.0172,97.32603,0.5,11.0,1.25,7.5
2011-12-02,,,,,,,,,0.08,,,,,100.97,,,,,27.52,,1.8,,,,1.3386,13.5425,1.8002,1.0165,,,,,
2011-12-03,,,,387000.0,,,,,0.08,,,,,,3595000.0,,,,,,,,,,,,,,,,,,
2011-12-04,,,,,,,,,0.08,,,,,,,,,,,,,,,,,,,,,,,,
2011-12-05,,,,,,,,,0.08,,,,3.29,100.94,,,,,27.84,,1.77,,,,1.3463,13.489,1.7841,1.014,,,,,
2011-12-06,,,,,,,,,0.08,,,,,101.25,,,,,28.13,,1.83,,,,1.3397,13.5,1.794,1.0116,,,,,
2011-12-07,,,,,,,,,0.08,,,,,100.45,,,,,28.67,,1.78,,,,1.3386,13.5107,1.7908,1.0106,,,,,
2011-12-08,,,,,,,,,0.07,,,,,98.35,,,,,30.59,,1.77,,,,1.3324,13.6807,1.8137,1.019,,,,,
2011-12-09,,,,,,,,,0.07,,,,,99.4,,,,,26.38,,1.85,,,,1.3368,13.6128,1.8072,1.0202,,,,,
2011-12-10,,,,368000.0,,,,,0.07,,,,,,3543000.0,,,,,,,,,,,,,,,,,,
2011-12-11,,,,,,,,,0.07,,,,,,,,,,,,,,,,,,,,,,,,
2011-12-12,,,,,,,,,0.07,,,,3.286,97.77,,,,,25.67,,1.79,,,,1.3188,13.8568,1.8385,1.0273,,,,,
2011-12-13,,,,,,,,,0.07,,,,,100.24,,,,,25.41,,1.72,,,,1.3094,13.7896,1.8527,1.0283,,,,,
2011-12-14,,,,,,,,,0.07,,,,,94.92,,,,,26.04,,1.67,,,,1.2972,13.94,1.8812,1.0403,,,,,
2011-12-15,,,,,,,,,0.07,,,,,93.84,,,,,25.11,,1.66,,,,1.3013,13.8313,1.8603,1.0338,,,,,
2011-12-16,,,,,,,,,0.07,,,,,93.55,,,,,24.29,,1.62,,,,1.3025,13.885,1.8548,1.0388,,,,,
2011-12-17,,,,368000.0,,,,,0.07,,,,,,3588000.0,,,,,,,,,,,,,,,,,,
2011-12-18,,,,,,,,,0.07,,,,,,,,,,,,,,,,,,,,,,,,
2011-12-19,,,,,,,,,0.07,,,,3.229,93.86,,,,,24.92,,1.58,,,,1.3017,13.861,1.8662,1.0364,,,,,
2011-12-20,,,,,,,,,0.07,,,,,97.16,,,,,23.22,,1.68,,,,1.3076,13.7866,1.8459,1.0284,,,,,
2011-12-21,,,,,,,,,0.07,,,,,98.54,,,,,21.43,,1.7,,,,1.304,13.8523,1.8574,1.0286,,,,,
2011-12-22,,,,,,,,,0.07,,,,,99.42,,,,,21.16,,1.69,,,,1.3045,13.829,1.8523,1.0213,,,,,
2011-12-23,,,,,,,,,0.08,,,,,99.72,,,,,20.73,,1.75,,,,1.304,13.8189,1.8595,1.0208,,,,,
2011-12-24,,,,386000.0,,,,,0.08,,,,,,3575000.0,,,,,,,,,,,,,,,,,,
2011-12-25,,,,,,,,,0.08,,,,,,,,,,,,,,,,,,,,,,,,
2011-12-26,,,,,,,,,0.08,,,,3.258,,,,,,,,,,,,,,,,,,,,
2011-12-27,,,,,,,,,0.07,,,,,101.29,,,,,21.91,,1.72,,,,1.3074,13.9727,1.8591,1.0201,,,,,
2011-12-28,,,,,,,,,0.07,,,,,99.44,,,,,23.52,,1.65,,,,1.2926,13.9927,1.8779,1.0232,,,,,
2011-12-29,,,,,,,,,0.07,,,,,99.68,,,,,22.65,,1.63,,,,1.2952,13.9755,1.8662,1.0208,,,,,
2011-12-30,,,,,,,,,0.04,,,,,98.83,,,,,23.4,,1.64,,,,1.2973,13.951,1.8627,1.0168,,,,,
2011-12-31,,,,376000.0,,,,,0.04,,,,,,3566000.0,,,,,,,,,,,,,,,,,,
2012-01-01,133246.0,8.3,23.26,,75.0,3.3,227.842,11820.0,0.04,95.077,63.7,,,,,2428.9,41.8,98.52432,,5.15,,200.7,345656.0,8.3,,,,,97.71263,0.5,10.5,1.25,7.7
2012-01-02,,,,,,,,,0.04,,,,3.299,,,,,,,,,,,,,,,,,,,,
2012-01-03,,,,,,,,,0.07,,,,,102.96,,,,,22.97,,1.7,,,,1.3061,13.6736,1.8338,1.0089,,,,,
2012-01-04,,,,,,,,,0.07,,,,,103.22,,,,,22.22,,1.75,,,,1.293,13.6968,1.8205,1.0134,,,,,
2012-01-05,,,,,,,,,0.07,,,,,101.81,,,,,21.48,,1.75,,,,1.2783,13.7502,1.8399,1.0197,,,,,
2012-01-06,,,,,,,,,0.07,,,,,101.56,,,,,20.63,,1.73,,,,1.2723,13.7165,1.8487,1.0231,,,,,
2012-01-07,,,,391000.0,,,,,0.07,,,,,,3421000.0,,,,,,,,,,,,,,,,,,
2012-01-08,,,,,,,,,0.07,,,,,,,,,,,,,,,,,,,,,,,,
2012-01-09,,,,,,,,,0.08,,,,3.382,101.31,,,,,21.07,,1.72,,,,1.2745,13.7344,1.8411,1.0272,,,,,
2012-01-10,,,,,,,,,0.08,,,,,102.24,,,,,20.69,,1.76,,,,1.2782,13.6211,1.8041,1.0161,,,,,
2012-01-11,,,,,,,,,0.08,,,,,100.89,,,,,21.05,,1.69,,,,1.2686,13.6517,1.8057,1.0192,,,,,
2012-01-12,,,,,,,,,0.08,,,,,99.03,,,,,20.47,,1.72,,,,1.2818,13.5976,1.7825,1.0197,,,,,
2012-01-13,,,,,,,,,0.09,,,,,98.69,,,,,20.91,,1.65,,,,1.2682,13.614,1.7945,1.0246,,,,,
2012-01-14,,,,367000.0,,,,,0.09,,,,,,3511000.0,,,,,,,,,,,,,,,,,,
2012-01-15,,,,,,,,,0.09,,,,,,,,,,,,,,,,,,,,,,,,
2012-01-16,,,,,,,,,0.09,,,,3.391,,,,,,,,,,,,,,,,,,,,
2012-01-17,,,,,,,,,0.09,,,,,100.7,,,,,22.2,,1.66,,,,1.274,13.4614,1.7778,1.013,,,,,
2012-01-18,,,,,,,,,0.09,,,,,100.61,,,,,20.89,,1.68,,,,1.2825,13.3284,1.7688,1.0138,,,,,
2012-01-19,,,,,,,,,0.1,,,,,100.32,,,,,19.87,,1.75,,,,1.2937,13.2269,1.7593,1.0094,,,,,
2012-01-20,,,,,,,,,0.09,,,,,98.15,,,,,18.28,,1.79,,,,1.2948,13.2276,1.7629,1.0142,,,,,
2012-01-21,,,,381000.0,,,,,0.09,,,,,,3419000.0,,,,,,,,,,,,,,,,,,
2012-01-22,,,,,,,,,0.09,,,,,,,,,,,,,,,,,,,,,,,,
2012-01-23,,,,,,,,,0.09,,,,3.389,99.47,,,,,18.67,,1.83,,,,1.3035,13.1477,1.7534,1.0079,,,,,
2012-01-24,,,,,,,,,0.09,,,,,98.84,,,,,18.91,,1.84,,,,1.3004,13.1654,1.7637,1.0096,,,,,
2012-01-25,,,,,,,,,0.08,,,,,99.23,,,,,18.31,,1.79,,,,1.2978,13.156,1.7613,1.0119,,,,,
2012-01-26,,,,,,,,,0.08,,,,,99.76,,,,,18.57,,1.74,,,,1.3152,12.9517,1.7392,0.9986,,,,,
2012-01-27,,,,,,,,,0.09,,,,,99.47,,,,,18.53,,1.71,,,,1.3192,12.9251,1.7401,1.0014,,,,,
2012-01-28,,,,372000.0,,,,,0.09,,,,,,3454000.0,,,,,,,,,,,,,,,,,,
2012-01-29,,,,,,,,,0.09,,,,,,,,,,,,,,,,,,,,,,,,
2012-01-30,,,,,,,,,0.09,,,,3.439,98.75,,,,,19.4,,1.65,,,,1.3123,12.9761,1.7507,1.003,,,,,
2012-01-31,,,,,,,,,0.11,,,,,98.46,,,,,19.44,,1.61,,,,1.3053,13.0356,1.7527,1.005,,,,,
2012-02-01,133509.0,8.3,23.28,,75.3,3.3,228.329,11841.0,0.11,,63.8,,,97.63,,2470.9,41.8,98.78316,18.55,5.04,1.64,201.6,350345.0,8.2,1.3179,12.9514,1.7383,0.9984,98.09923,0.5,10.5,1.25,7.6
2012-02-02,,,,,,,,,0.11,,,,,96.36,,,,,17.98,,1.63,,,,1.3167,12.8011,1.7233,0.9985,,,,,
2012-02-03,,,,,,,,,0.11,,,,,97.8,,,,,17.1,,1.74,,,,1.3106,12.7203,1.7232,0.9944,,,,,
2012-02-04,,,,368000.0,,,,,0.11,,,,,,3391000.0,,,,,,,,,,,,,,,,,,
2012-02-05,,,,,,,,,0.11,,,,,,,,,,,,,,,,,,,,,,,,
2012-02-06,,,,,,,,,0.11,,,,3.482,96.89,,,,,17.76,,1.69,,,,1.313,12.625,1.7154,0.9953,,,,,
2012-02-07,,,,,,,,,0.11,,,,,98.55,,,,,17.65,,1.75,,,,1.3244,12.6289,1.7214,0.9947,,,,,
2012-02-08,,,,,,,,,0.11,,,,,98.8,,,,,18.16,,1.74,,,,1.3253,12.6905,1.7185,0.9969,,,,,
2012-02-09,,,,,,,,,0.11,,,,,99.88,,,,,18.63,,1.77,,,,1.3297,12.723,1.72,0.9941,,,,,
2012-02-10,,,,,,,,,0.12,,,,,98.68,,,,,20.79,,1.69,,,,1.3187,12.7996,1.726,1.0016,,,,,
2012-02-11,,,,361000.0,,,,,0.12,,,,,,3362000.0,,,,,,,,,,,,,,,,,,
2012-02-12,,,,,,,,,0.12,,,,,,,,,,,,,,,,,,,,,,,,
2012-02-13,,,,,,,,,0.12,,,,3.523,100.39,,,,,19.04,,1.7,,,,1.3211,12.7206,1.7202,0.9995,,,,,
2012-02-14,,,,,,,,,0.12,,,,,100.82,,,,,19.54,,1.63,,,,1.3149,12.7618,1.7159,0.9988,,,,,
2012-02-15,,,,,,,,,0.12,,,,,101.82,,,,,21.14,,1.64,,,,1.3087,12.7556,1.7173,0.9965,,,,,
2012-02-16,,,,,,,,,0.11,,,,,102.33,,,,,19.22,,1.7,,,,1.311,12.856,1.7221,0.9962,,,,,
2012-02-17,,,,,,,,,0.09,,,,,103.27,,,,,17.78,,1.72,,,,1.3149,12.8138,1.7135,0.997,,,,,
2012-02-18,,,,359000.0,,,,,0.09,,,,,,3382000.0,,,,,,,,,,,,,,,,,,
2012-02-19,,,,,,,,,0.09,,,,,,,,,,,,,,,,,,,,,,,,
2012-02-20,,,,,,,,,0.09,,,,3.591,,,,,,,,,,,,,,,,,,,,
2012-02-21,,,,,,,,,0.1,,,,,105.88,,,,,18.19,,1.74,,,,1.3255,12.747,1.7171,0.9956,,,,,
2012-02-22,,,,,,,,,0.08,,,,,105.99,,,,,18.19,,1.72,,,,1.3251,12.8305,1.7074,0.9999,,,,,
2012-02-23,,,,,,,,,0.08,,,,,107.44,,,,,16.8,,1.68,,,,1.3308,12.8358,1.7096,0.9983,,,,,
2012-02-24,,,,,,,,,0.09,,,,,109.39,,,,,17.31,,1.67,,,,1.3463,12.8804,1.7065,0.9988,,,,,
2012-02-25,,,,365000.0,,,,,0.09,,,,,,3392000.0,,,,,,,,,,,,,,,,,,
2012-02-26,,,,,,,,,0.09,,,,,,,,,,,,,,,,,,,,,,,,
2012-02-27,,,,,,,,,0.1,,,,3.721,108.49,,,,,18.19,,1.62,,,,1.341,12.8655,1.7058,0.9982,,,,,
2012-02-28,,,,,,,,,0.1,,,,,106.59,,,,,17.96,,1.64,,,,1.3452,12.8646,1.6997,0.9956,,,,,
2012-02-29,,,,,,,,,0.1,,,,,107.08,,,,,18.43,,1.68,,,,1.3359,12.7941,1.7148,0.9866,,,,,
2012-03-01,133748.0,8.2,23.36,,76.2,3.9,228.807,11880.0,0.11,,63.8,,,108.76,,2466.4,41.6,98.9079,17.26,5.1,1.73,204.2,351748.0,8.2,1.332,12.7661,1.7108,0.9848,98.87242,0.5,9.75,1.25,7.4
2012-03-02,,,,,,,,,0.11,,,,,106.68,,,,,17.29,,1.71,,,,1.3202,12.7745,1.7263,0.9887,,,,,
2012-03-03,,,,375000.0,,,,,0.11,,,,,,3367000.0,,,,,,,,,,,,,,,,,,
2012-03-04,,,,,,,,,0.11,,,,,,,,,,,,,,,,,,,,,,,,
2012-03-05,,,,,,,,,0.11,,,,3.793,106.7,,,,,18.05,,1.69,,,,1.3226,12.8241,1.7353,0.9936,,,,,
2012-03-06,,,,,,,,,0.11,,,,,104.71,,,,,20.87,,1.66,,,,1.3114,12.99,1.7584,1.0013,,,,,
2012-03-07,,,,,,,,,0.11,,,,,106.16,,,,,19.07,,1.68,,,,1.3149,12.9293,1.7626,0.9994,,,,,
2012-03-08,,,,,,,,,0.11,,,,,106.65,,,,,17.95,,1.71,,,,1.3256,12.778,1.7747,0.992,,,,,
2012-03-09,,,,,,,,,0.12,,,,,107.4,,,,,17.11,,1.71,,,,1.3108,12.6307,1.7865,0.9894,,,,,
2012-03-10,,,,369000.0,,,,,0.12,,,,,,3353000.0,,,,,,,,,,,,,,,,,,
2012-03-11,,,,,,,,,0.12,,,,,,,,,,,,,,,,,,,,,,,,
2012-03-12,,,,,,,,,0.12,,,,3.829,106.34,,,,,15.64,,1.71,,,,1.3141,12.7203,1.8202,0.9934,,,,,
2012-03-13,,,,,,,,,0.12,,,,,106.7,,,,,14.8,,1.79,,,,1.3109,12.637,1.7969,0.9905,,,,,
2012-03-14,,,,,,,,,0.13,,,,,105.49,,,,,15.31,,1.89,,,,1.3025,12.6757,1.8175,0.9914,,,,,
2012-03-15,,,,,,,,,0.14,,,,,105.19,,,,,15.42,,1.92,,,,1.307,12.6686,1.8052,0.9928,,,,,
2012-03-16,,,,,,,,,0.15,,,,,107.03,,,,,14.47,,1.94,,,,1.3171,12.6701,1.8025,0.9912,,,,,
2012-03-17,,,,368000.0,,,,,0.15,,,,,,3342000.0,,,,,,,,,,,,,,,,,,
2012-03-18,,,,,,,,,0.15,,,,,,,,,,,,,,,,,,,,,,,,
2012-03-19,,,,,,,,,0.15,,,,3.867,108.09,,,,,15.04,,2.0,,,,1.3242,12.628,1.8073,0.9878,,,,,
2012-03-20,,,,,,,,,0.15,,,,,105.68,,,,,15.58,,1.97,,,,1.3222,12.7046,1.8214,0.9933,,,,,
2012-03-21,,,,,,,,,0.15,,,,,106.87,,,,,15.13,,1.92,,,,1.319,12.7031,1.8265,0.9928,,,,,
2012-03-22,,,,,,,,,0.14,,,,,104.98,,,,,15.57,,1.92,,,,1.3194,12.8326,1.823,1.0002,,,,,
2012-03-23,,,,,,,,,0.14,,,,,106.43,,,,,14.82,,1.88,,,,1.3263,12.812,1.8158,0.9983,,,,,
2012-03-24,,,,363000.0,,,,,0.14,,,,,,3336000.0,,,,,,,,,,,,,,,,,,
2012-03-25,,,,,,,,,0.14,,,,,,,,,,,,,,,,,,,,,,,,
2012-03-26,,,,,,,,,0.14,,,,3.918,107.07,,,,,14.26,,1.9,,,,1.3328,12.6808,1.8155,0.9922,,,,,
2012-03-27,,,,,,,,,0.14,,,,,107.32,,,,,15.59,,1.87,,,,1.3336,12.6578,1.8112,0.9928,,,,,
2012-03-28,,,,,,,,,0.13,,,,,105.4,,,,,15.47,,1.87,,,,1.33,12.8014,1.8253,0.9983,,,,,
2012-03-29,,,,,,,,,0.13,,,,,102.79,,,,,15.48,,1.85,,,,1.3265,12.8533,1.8332,0.9998,,,,,
2012-03-30,,,,,,,,,0.09,,,,,103.03,,,,,15.5,,1.9,,,,1.3334,12.8115,1.8205,0.999,,,,,
2012-03-31,,,,358000.0,,,,,0.09,,,,,,3286000.0,,,,,,,,,,,,,,,,,,
2012-04-01,133825.0,8.2,23.39,,76.4,3.2,229.187,11897.0,0.09,95.572,63.7,,,,,2472.5,41.7,98.94286,,5.05,,203.7,349722.0,8.1,,,,,97.42268,0.5,9.0,1.25,7.4
2012-04-02,,,,,,,,,0.15,,,,3.941,105.25,,,,,15.64,,1.89,,,,1.3325,12.7569,1.8257,0.9916,,,,,
2012-04-03,,,,,,,,,0.15,,,,,104.02,,,,,15.66,,1.94,,,,1.3337,12.7301,1.8232,0.9909,,,,,
2012-04-04,,,,,,,,,0.15,,,,,101.53,,,,,16.44,,1.9,,,,1.3126,12.8327,1.8293,0.9961,,,,,
2012-04-05,,,,,,,,,0.15,,,,,103.29,,,,,16.7,,1.84,,,,1.3064,12.8323,1.8296,0.9927,,,,,
2012-04-06,,,,,,,,,0.12,,,,,,,,,,,,1.75,,,,1.3089,12.9855,1.8218,0.9971,,,,,
2012-04-07,,,,387000.0,,,,,0.12,,,,,,3325000.0,,,,,,,,,,,,,,,,,,
2012-04-08,,,,,,,,,0.12,,,,,,,,,,,,,,,,,,,,,,,,
2012-04-09,,,,,,,,,0.16,,,,3.939,102.45,,,,,18.81,,1.74,,,,1.3087,12.984,1.8218,0.9971,,,,,
2012-04-10,,,,,,,,,0.15,,,,,101.12,,,,,20.39,,1.73,,,,1.3068,13.1782,1.834,1.0027,,,,,
2012-04-11,,,,,,,,,0.16,,,,,102.66,,,,,20.02,,1.75,,,,1.3104,13.158,1.8311,1.004,,,,,
2012-04-12,,,,,,,,,0.15,,,,,103.69,,,,,17.2,,1.79,,,,1.3171,13.063,1.8261,0.9951,,,,,
2012-04-13,,,,,,,,,0.15,,,,,102.84,,,,,19.55,,1.75,,,,1.3082,13.146,1.8363,0.9978,,,,,
2012-04-14,,,,381000.0,,,,,0.15,,,,,,3355000.0,,,,,,,,,,,,,,,,,,
2012-04-15,,,,,,,,,0.15,,,,,,,,,,,,,,,,,,,,,,,,
2012-04-16,,,,,,,,,0.15,,,,3.922,102.92,,,,,19.55,,1.73,,,,1.3067,13.229,1.8384,1.0025,,,,,
2012-04-17,,,,,,,,,0.16,,,,,104.23,,,,,18.46,,1.76,,,,1.3123,13.085,1.8503,0.9878,,,,,
2012-04-18,,,,,,,,,0.15,,,,,102.65,,,,,18.64,,1.73,,,,1.3122,13.127,1.8703,0.9902,,,,,
2012-04-19,,,,,,,,,0.13,,,,,102.38,,,,,18.36,,1.71,,,,1.3132,13.2286,1.8846,0.9927,,,,,
2012-04-20,,,,,,,,,0.12,,,,,103.58,,,,,17.44,,1.7,,,,1.3212,13.1211,1.8662,0.9912,,,,,
2012-04-21,,,,387000.0,,,,,0.12,,,,,,3316000.0,,,,,,,,,,,,,,,,,,
2012-04-22,,,,,,,,,0.12,,,,,,,,,,,,,,,,,,,,,,,,
2012-04-23,,,,,,,,,0.13,,,,3.87,102.68,,,,,18.97,,1.69,,,,1.3129,13.2053,1.8854,0.9935,,,,,
2012-04-24,,,,,,,,,0.14,,,,,103.1,,,,,18.1,,1.73,,,,1.3207,13.1545,1.8765,0.9882,,,,,
2012-04-25,,,,,,,,,0.15,,,,,103.72,,,,,16.82,,1.75,,,,1.321,13.1684,1.8828,0.9848,,,,,
2012-04-26,,,,,,,,,0.14,,,,,104.56,,,,,16.24,,1.72,,,,1.3232,13.2077,1.8865,0.984,,,,,
2012-04-27,,,,,,,,,0.13,,,,,104.86,,,,,16.32,,1.7,,,,1.3248,12.9909,1.8843,0.9807,,,,,
2012-04-28,,,,372000.0,,,,,0.13,,,,,,3296000.0,,,,,,,,,,,,,,,,,,
2012-04-29,,,,,,,,,0.13,,,,,,,,,,,,,,,,,,,,,,,,
2012-04-30,,,,,,,,,0.16,,,,3.83,104.89,,,,,17.15,,1.68,,,,1.3229,12.99,1.893,0.9886,,,,,
2012-05-01,133932.0,8.2,23.41,,79.3,3.0,228.713,11908.0,0.16,,63.7,,,106.17,,2482.4,41.6,98.8867,16.6,4.91,1.71,201.9,349064.0,8.0,1.3226,12.8877,1.9037,0.9839,99.06572,0.5,8.5,1.25,7.6
2012-05-02,,,,,,,,,0.15,,,,,105.25,,,,,16.88,,1.69,,,,1.3154,12.958,1.9151,0.989,,,,,
2012-05-03,,,,,,,,,0.15,,,,,102.56,,,,,17.56,,1.68,,,,1.3147,12.9853,1.9275,0.9869,,,,,
2012-05-04,,,,,,,,,0.16,,,,,98.49,,,,,19.16,,1.64,,,,1.3091,13.1631,1.9258,0.9955,,,,,
2012-05-05,,,,373000.0,,,,,0.16,,,,,,3326000.0,,,,,,,,,,,,,,,,,,
2012-05-06,,,,,,,,,0.16,,,,,,,,,,,,,,,,,,,,,,,,
2012-05-07,,,,,,,,,0.16,,,,3.79,97.86,,,,,18.94,,1.65,,,,1.3052,13.1555,1.924,0.9938,,,,,
2012-05-08,,,,,,,,,0.16,,,,,97.13,,,,,19.05,,1.61,,,,1.3015,13.325,1.9365,0.9997,,,,,
2012-05-09,,,,,,,,,0.15,,,,,96.8,,,,,20.08,,1.6,,,,1.2954,13.491,1.956,1.0014,,,,,
2012-05-10,,,,,,,,,0.15,,,,,97.1,,,,,18.83,,1.62,,,,1.2959,13.4585,1.9545,1.0015,,,,,
2012-05-11,,,,,,,,,0.15,,,,,96.03,,,,,19.89,,1.57,,,,1.2937,13.4905,1.9404,0.9967,,,,,
2012-05-12,,,,369000.0,,,,,0.15,,,,,,3334000.0,,,,,,,,,,,,,,,,,,
2012-05-13,,,,,,,,,0.15,,,,,,,,,,,,,,,,,,,,,,,,
2012-05-14,,,,,,,,,0.16,,,,3.754,94.75,,,,,21.87,,1.49,,,,1.2847,13.6663,1.9884,1.0018,,,,,
2012-05-15,,,,,,,,,0.16,,,,,93.97,,,,,21.97,,1.47,,,,1.2769,13.7332,1.9935,1.0029,,,,,
2012-05-16,,,,,,,,,0.16,,,,,92.78,,,,,22.27,,1.46,,,,1.273,13.8078,2.0,1.0099,,,,,
2012-05-17,,,,,,,,,0.16,,,,,92.53,,,,,24.49,,1.38,,,,1.2709,13.789,1.994,1.0162,,,,,
2012-05-18,,,,,,,,,0.16,,,,,91.51,,,,,25.1,,1.39,,,,1.2721,13.8275,2.019,1.0211,,,,,
2012-05-19,,,,371000.0,,,,,0.16,,,,,,3301000.0,,,,,,,,,,,,,,,,,,
2012-05-20,,,,,,,,,0.16,,,,,,,,,,,,,,,,,,,,,,,,
2012-05-21,,,,,,,,,0.16,,,,3.715,92.57,,,,,22.01,,1.45,,,,1.2769,13.7925,2.0455,1.0223,,,,,
2012-05-22,,,,,,,,,0.16,,,,,91.44,,,,,22.48,,1.49,,,,1.2735,13.742,2.046,1.0191,,,,,
2012-05-23,,,,,,,,,0.15,,,,,89.4,,,,,22.33,,1.45,,,,1.2569,14.0294,2.0675,1.0274,,,,,
2012-05-24,,,,,,,,,0.15,,,,,90.36,,,,,21.54,,1.48,,,,1.2583,14.0018,2.0306,1.0274,,,,,
2012-05-25,,,,,,,,,0.15,,,,,90.64,,,,,21.76,,1.45,,,,1.2518,14.0114,1.9917,1.0285,,,,,
2012-05-26,,,,381000.0,,,,,0.15,,,,,,3351000.0,,,,,,,,,,,,,,,,,,
2012-05-27,,,,,,,,,0.15,,,,,,,,,,,,,,,,,,,,,,,,
2012-05-28,,,,,,,,,0.15,,,,3.67,,,,,,,,,,,,,,,,,,,,
2012-05-29,,,,,,,,,0.16,,,,,90.75,,,,,21.03,,1.44,,,,1.2488,13.9321,1.9973,1.0253,,,,,
2012-05-30,,,,,,,,,0.16,,,,,87.79,,,,,24.14,,1.36,,,,1.2405,14.0861,2.0095,1.0289,,,,,
2012-05-31,,,,,,,,,0.16,,,,,86.52,,,,,24.06,,1.32,,,,1.2364,14.3045,2.016,1.0349,,,,,
2012-06-01,134013.0,8.2,23.46,,73.2,3.1,228.524,11918.0,0.16,,63.8,,,83.17,,2505.9,41.7,98.68109,26.66,4.86,1.22,199.8,345339.0,8.0,1.242,14.365,2.0325,1.0378,98.00258,0.5,8.5,1.25,7.4
2012-06-02,,,,377000.0,,,,,0.16,,,,,,3327000.0,,,,,,,,,,,,,,,,,,
2012-06-03,,,,,,,,,0.16,,,,,,,,,,,,,,,,,,,,,,,,
2012-06-04,,,,,,,,,0.17,,,,3.613,83.95,,,,,26.12,,1.28,,,,1.2495,14.2427,2.0439,1.0417,,,,,
2012-06-05,,,,,,,,,0.17,,,,,84.31,,,,,24.68,,1.32,,,,1.2437,14.2592,2.0299,1.0414,,,,,
2012-06-06,,,,,,,,,0.16,,,,,85.05,,,,,22.16,,1.4,,,,1.2535,14.0951,2.017,1.0298,,,,,
2012-06-07,,,,,,,,,0.16,,,,,84.78,,,,,21.72,,1.39,,,,1.2568,13.9588,2.0325,1.0244,,,,,
2012-06-08,,,,,,,,,0.17,,,,,84.08,,,,,21.23,,1.37,,,,1.2482,14.021,2.0257,1.0332,,,,,
2012-06-09,,,,383000.0,,,,,0.17,,,,,,3343000.0,,,,,,,,,,,,,,,,,,
2012-06-10,,,,,,,,,0.17,,,,,,,,,,,,,,,,,,,,,,,,
2012-06-11,,,,,,,,,0.17,,,,3.572,82.58,,,,,23.56,,1.33,,,,1.2504,13.9785,2.0369,1.0281,,,,,
2012-06-12,,,,,,,,,0.16,,,,,83.35,,,,,22.09,,1.37,,,,1.2477,13.9823,2.0586,1.0269,,,,,
2012-06-13,,,,,,,,,0.17,,,,,82.56,,,,,24.27,,1.31,,,,1.2596,13.9755,2.0628,1.027,,,,,
2012-06-14,,,,,,,,,0.17,,,,,83.83,,,,,21.68,,1.34,,,,1.2608,13.9943,2.0724,1.0247,,,,,
2012-06-15,,,,,,,,,0.18,,,,,84.03,,,,,21.11,,1.31,,,,1.2633,13.9234,2.0397,1.0244,,,,,
2012-06-16,,,,384000.0,,,,,0.18,,,,,,3323000.0,,,,,,,,,,,,,,,,,,
2012-06-17,,,,,,,,,0.18,,,,,,,,,,,,,,,,,,,,,,,,
2012-06-18,,,,,,,,,0.17,,,,3.533,83.26,,,,,18.32,,1.3,,,,1.2578,13.9125,2.066,1.0264,,,,,
2012-06-19,,,,,,,,,0.17,,,,,83.99,,,,,18.38,,1.34,,,,1.2692,13.6982,2.0352,1.0177,,,,,
2012-06-20,,,,,,,,,0.16,,,,,81.06,,,,,17.24,,1.33,,,,1.2703,13.7296,2.0306,1.0193,,,,,
2012-06-21,,,,,,,,,0.17,,,,,77.91,,,,,20.08,,1.31,,,,1.2586,13.755,2.0446,1.025,,,,,
2012-06-22,,,,,,,,,0.17,,,,,79.33,,,,,18.11,,1.38,,,,1.2545,13.847,2.0573,1.0258,,,,,
2012-06-23,,,,380000.0,,,,,0.17,,,,,,3325000.0,,,,,,,,,,,,,,,,,,
2012-06-24,,,,,,,,,0.17,,,,,,,,,,,,,,,,,,,,,,,,
2012-06-25,,,,,,,,,0.17,,,,3.437,78.76,,,,,20.38,,1.32,,,,1.248,13.9675,2.0745,1.0301,,,,,
2012-06-26,,,,,,,,,0.16,,,,,79.34,,,,,19.72,,1.35,,,,1.2471,13.8516,2.0735,1.0264,,,,,
2012-06-27,,,,,,,,,0.15,,,,,80.27,,,,,19.45,,1.34,,,,1.2457,13.6701,2.0791,1.0258,,,,,
2012-06-28,,,,,,,,,0.15,,,,,77.72,,,,,19.71,,1.29,,,,1.2433,13.667,2.0904,1.0331,,,,,
2012-06-29,,,,,,,,,0.09,,,,,85.04,,,,,17.08,,1.34,,,,1.2668,13.411,2.009,1.019,,,,,
2012-06-30,,,,372000.0,,,,,0.09,,,,,,3304000.0,,,,,,,,,,,,,,,,,,
2012-07-01,134157.0,8.2,23.49,,72.3,3.0,228.59,11944.0,0.09,95.291,63.7,,,,,2516.4,41.7,98.60864,,4.71,,200.1,346936.0,7.9,,,,,98.77577,0.5,8.0,1.25,7.3
2012-07-02,,,,,,,,,0.18,,,,3.356,83.72,,,,,16.8,,1.31,,,,1.2584,13.3813,1.9887,1.0193,,,,,
2012-07-03,,,,,,,,,0.17,,,,,87.74,,,,,16.66,,1.35,,,,1.262,13.2921,1.9968,1.0123,,,,,
2012-07-04,,,,,,,,,0.17,,,,,,,,,,,,,,,,,,,,,,,,
2012-07-05,,,,,,,,,0.17,,,,,87.11,,,,,17.5,,1.34,,,,1.2384,13.3448,2.0271,1.013,,,,,
2012-07-06,,,,,,,,,0.17,,,,,84.37,,,,,17.1,,1.3,,,,1.2283,13.4914,2.0369,1.0198,,,,,
2012-07-07,,,,360000.0,,,,,0.17,,,,,,3314000.0,,,,,,,,,,,,,,,,,,
2012-07-08,,,,,,,,,0.17,,,,,,,,,,,,,,,,,,,,,,,,
2012-07-09,,,,,,,,,0.17,,,,3.411,85.93,,,,,17.98,,1.26,,,,1.2299,13.4518,2.0311,1.021,,,,,
2012-07-10,,,,,,,,,0.17,,,,,83.92,,,,,18.72,,1.26,,,,1.2255,13.3002,2.0343,1.0202,,,,,
2012-07-11,,,,,,,,,0.17,,,,,85.88,,,,,17.95,,1.27,,,,1.2244,13.327,2.0367,1.0195,,,,,
2012-07-12,,,,,,,,,0.18,,,,,86.02,,,,,18.33,,1.25,,,,1.2199,13.4519,2.0477,1.0215,,,,,
2012-07-13,,,,,,,,,0.19,,,,,87.15,,,,,16.74,,1.27,,,,1.2232,13.345,2.0376,1.0151,,,,,
2012-07-14,,,,390000.0,,,,,0.19,,,,,,3307000.0,,,,,,,,,,,,,,,,,,
2012-07-15,,,,,,,,,0.19,,,,,,,,,,,,,,,,,,,,,,,,
2012-07-16,,,,,,,,,0.18,,,,3.427,88.41,,,,,17.11,,1.26,,,,1.2267,13.2695,2.0391,1.0156,,,,,
2012-07-17,,,,,,,,,0.17,,,,,89.07,,,,,16.48,,1.28,,,,1.2234,13.223,2.0327,1.0141,,,,,
2012-07-18,,,,,,,,,0.16,,,,,89.88,,,,,16.16,,1.3,,,,1.2261,13.1066,2.0214,1.0112,,,,,
2012-07-19,,,,,,,,,0.13,,,,,92.78,,,,,15.45,,1.32,,,,1.2257,13.204,2.0212,1.0076,,,,,
2012-07-20,,,,,,,,,0.13,,,,,91.56,,,,,16.27,,1.27,,,,1.2176,13.2976,2.0217,1.0113,,,,,
2012-07-21,,,,368000.0,,,,,0.13,,,,,,3290000.0,,,,,,,,,,,,,,,,,,
2012-07-22,,,,,,,,,0.13,,,,,,,,,,,,,,,,,,,,,,,,
2012-07-23,,,,,,,,,0.14,,,,3.494,87.77,,,,,18.62,,1.25,,,,1.2126,13.5275,2.0393,1.0172,,,,,
2012-07-24,,,,,,,,,0.15,,,,,88.28,,,,,20.47,,1.22,,,,1.2062,13.72,2.0428,1.0207,,,,,
2012-07-25,,,,,,,,,0.15,,,,,88.8,,,,,19.34,,1.21,,,,1.2132,13.6626,2.0381,1.0181,,,,,
2012-07-26,,,,,,,,,0.14,,,,,89.4,,,,,17.53,,1.22,,,,1.228,13.4441,2.0268,1.0101,,,,,
2012-07-27,,,,,,,,,0.14,,,,,90.13,,,,,16.7,,1.33,,,,1.237,13.269,2.0138,1.0059,,,,,
2012-07-28,,,,372000.0,,,,,0.14,,,,,,3312000.0,,,,,,,,,,,,,,,,,,
2012-07-29,,,,,,,,,0.14,,,,,,,,,,,,,,,,,,,,,,,,
2012-07-30,,,,,,,,,0.14,,,,3.508,89.8,,,,,18.03,,1.3,,,,1.225,13.2625,2.0354,1.0033,,,,,
2012-07-31,,,,,,,,,0.13,,,,,88.08,,,,,18.93,,1.28,,,,1.2315,13.2669,2.0514,1.0014,,,,,
2012-08-01,134339.0,8.1,23.48,,74.3,3.6,229.918,11940.0,0.14,,63.5,,,88.99,,2519.9,41.5,98.77948,18.96,4.78,1.32,202.7,351782.0,7.8,1.2299,13.2677,2.0384,1.0017,98.96907,0.5,7.5,1.25,7.4
2012-08-02,,,,,,,,,0.14,,,,,87.22,,,,,17.57,,1.27,,,,1.2149,13.3959,2.0514,1.0061,,,,,
2012-08-03,,,,,,,,,0.14,,,,,91.4,,,,,15.64,,1.36,,,,1.239,13.1177,2.0237,0.9986,,,,,
2012-08-04,,,,371000.0,,,,,0.14,,,,,,3302000.0,,,,,,,,,,,,,,,,,,
2012-08-05,,,,,,,,,0.14,,,,,,,,,,,,,,,,,,,,,,,,
2012-08-06,,,,,,,,,0.14,,,,3.645,92.3,,,,,15.95,,1.35,,,,1.2422,13.0597,2.026,0.9988,,,,,
2012-08-07,,,,,,,,,0.13,,,,,93.68,,,,,15.99,,1.39,,,,1.2422,13.1797,2.027,0.9964,,,,,
2012-08-08,,,,,,,,,0.13,,,,,93.39,,,,,15.32,,1.39,,,,1.2364,13.169,2.0228,0.9946,,,,,
2012-08-09,,,,,,,,,0.13,,,,,93.39,,,,,15.28,,1.4,,,,1.2278,13.1265,2.0175,0.9923,,,,,
2012-08-10,,,,,,,,,0.13,,,,,92.94,,,,,14.74,,1.38,,,,1.2298,13.0965,2.015,0.9917,,,,,
2012-08-11,,,,369000.0,,,,,0.13,,,,,,3296000.0,,,,,,,,,,,,,,,,,,
2012-08-12,,,,,,,,,0.13,,,,,,,,,,,,,,,,,,,,,,,,
2012-08-13,,,,,,,,,0.13,,,,3.721,92.76,,,,,13.7,,1.38,,,,1.2339,13.162,2.0279,0.9933,,,,,
2012-08-14,,,,,,,,,0.13,,,,,93.4,,,,,14.85,,1.46,,,,1.2329,13.1421,2.0256,0.9914,,,,,
2012-08-15,,,,,,,,,0.13,,,,,94.35,,,,,14.63,,1.53,,,,1.2288,13.1501,2.023,0.989,,,,,
2012-08-16,,,,,,,,,0.13,,,,,95.66,,,,,14.29,,1.54,,,,1.2356,13.1272,2.0203,0.9881,,,,,
2012-08-17,,,,,,,,,0.13,,,,,96.0,,,,,13.45,,1.52,,,,1.2315,13.1582,2.0176,0.9883,,,,,
2012-08-18,,,,376000.0,,,,,0.13,,,,,,3306000.0,,,,,,,,,,,,,,,,,,
2012-08-19,,,,,,,,,0.13,,,,,,,,,,,,,,,,,,,,,,,,
2012-08-20,,,,,,,,,0.13,,,,3.744,96.03,,,,,14.02,,1.53,,,,1.2343,13.116,2.0196,0.989,,,,,
2012-08-21,,,,,,,,,0.13,,,,,96.55,,,,,15.02,,1.49,,,,1.2472,13.1086,2.0171,0.9864,,,,,
2012-08-22,,,,,,,,,0.13,,,,,96.89,,,,,15.11,,1.45,,,,1.2472,13.1602,2.0206,0.9928,,,,,
2012-08-23,,,,,,,,,0.13,,,,,95.87,,,,,15.96,,1.42,,,,1.2583,13.1375,2.0242,0.9928,,,,,
2012-08-24,,,,,,,,,0.13,,,,,95.78,,,,,15.18,,1.4,,,,1.2533,13.1727,2.0213,0.9919,,,,,
2012-08-25,,,,377000.0,,,,,0.13,,,,,,3321000.0,,,,,,,,,,,,,,,,,,
2012-08-26,,,,,,,,,0.13,,,,,,,,,,,,,,,,,,,,,,,,
2012-08-27,,,,,,,,,0.13,,,,3.776,95.54,,,,,16.35,,1.37,,,,1.2514,13.174,2.0301,0.9892,,,,,
2012-08-28,,,,,,,,,0.13,,,,,96.3,,,,,16.49,,1.37,,,,1.2564,13.1825,2.0492,0.9864,,,,,
2012-08-29,,,,,,,,,0.13,,,,,95.5,,,,,17.06,,1.39,,,,1.2538,13.2855,2.048,0.9873,,,,,
2012-08-30,,,,,,,,,0.14,,,,,94.61,,,,,17.83,,1.36,,,,1.2497,13.3938,2.0463,0.9925,,,,,
2012-08-31,,,,,,,,,0.13,,,,,96.47,,,,,17.47,,1.35,,,,1.2578,13.2401,2.0301,0.9862,,,,,
2012-09-01,134517.0,7.8,23.57,371000.0,78.3,3.3,231.015,11934.0,0.13,,63.6,,,,3327000.0,2489.5,41.5,99.09757,,4.7,,204.4,354575.0,7.8,,,,,97.71263,0.5,7.5,1.25,7.4
2012-09-02,,,,,,,,,0.13,,,,,,,,,,,,,,,,,,,,,,,,
2012-09-03,,,,,,,,,0.13,,,,3.843,,,,,,,,,,,,,,,,,,,,
2012-09-04,,,,,,,,,0.14,,,,,95.34,,,,,17.98,,1.36,,,,1.2566,13.1781,2.042,0.9862,,,,,
2012-09-05,,,,,,,,,0.16,,,,,95.37,,,,,17.74,,1.35,,,,1.2603,13.1084,2.0385,0.9901,,,,,
2012-09-06,,,,,,,,,0.16,,,,,95.58,,,,,15.6,,1.41,,,,1.2626,13.0445,2.033,0.9824,,,,,
2012-09-07,,,,,,,,,0.15,,,,,96.41,,,,,14.38,,1.42,,,,1.2796,12.9901,2.0274,0.9777,,,,,
2012-09-08,,,,393000.0,,,,,0.15,,,,,,3312000.0,,,,,,,,,,,,,,,,,,
2012-09-09,,,,,,,,,0.15,,,,,,,,,,,,,,,,,,,,,,,,
2012-09-10,,,,,,,,,0.15,,,,3.847,96.52,,,,,16.28,,1.43,,,,1.2795,12.992,2.0225,0.9761,,,,,
2012-09-11,,,,,,,,,0.15,,,,,97.03,,,,,16.41,,1.45,,,,1.2858,12.9975,2.0209,0.9723,,,,,
2012-09-12,,,,,,,,,0.15,,,,,97.02,,,,,15.8,,1.52,,,,1.2894,13.0302,2.0191,0.9756,,,,,
2012-09-13,,,,,,,,,0.15,,,,,98.3,,,,,14.05,,1.51,,,,1.2912,12.9848,2.025,0.9754,,,,,
2012-09-14,,,,,,,,,0.16,,,,,98.94,,,,,14.51,,1.61,,,,1.3142,12.741,2.0172,0.971,,,,,
2012-09-15,,,,392000.0,,,,,0.16,,,,,,3316000.0,,,,,,,,,,,,,,,,,,
2012-09-16,,,,,,,,,0.16,,,,,,,,,,,,,,,,,,,,,,,,
2012-09-17,,,,,,,,,0.16,,,,3.878,96.51,,,,,14.59,,1.6,,,,1.3125,12.7409,2.03,0.9723,,,,,
2012-09-18,,,,,,,,,0.16,,,,,95.25,,,,,14.18,,1.57,,,,1.3051,12.8136,2.0251,0.9743,,,,,
2012-09-19,,,,,,,,,0.15,,,,,91.97,,,,,13.88,,1.52,,,,1.3065,12.8317,2.0218,0.9747,,,,,
2012-09-20,,,,,,,,,0.16,,,,,92.14,,,,,14.07,,1.53,,,,1.2948,12.905,2.0237,0.9775,,,,,
2012-09-21,,,,,,,,,0.15,,,,,92.64,,,,,13.98,,1.5,,,,1.299,12.8305,2.023,0.9757,,,,,
2012-09-22,,,,377000.0,,,,,0.15,,,,,,3308000.0,,,,,,,,,,,,,,,,,,
2012-09-23,,,,,,,,,0.15,,,,,,,,,,,,,,,,,,,,,,,,
2012-09-24,,,,,,,,,0.16,,,,3.826,91.68,,,,,14.15,,1.47,,,,1.2909,12.9125,2.0245,0.98,,,,,
2012-09-25,,,,,,,,,0.15,,,,,91.07,,,,,15.43,,1.43,,,,1.2945,12.821,2.0244,0.977,,,,,
2012-09-26,,,,,,,,,0.15,,,,,89.92,,,,,16.81,,1.38,,,,1.2852,12.917,2.0338,0.9845,,,,,
2012-09-27,,,,,,,,,0.14,,,,,91.89,,,,,14.84,,1.41,,,,1.2874,12.8446,2.0307,0.9812,,,,,
2012-09-28,,,,,,,,,0.09,,,,,92.18,,,,,15.73,,1.42,,,,1.2856,12.863,2.0277,0.9837,,,,,
2012-09-29,,,,376000.0,,,,,0.09,,,,,,3309000.0,,,,,,,,,,,,,,,,,,
2012-09-30,,,,,,,,,0.09,,,,,,,,,,,,,,,,,,,,,,,,
2012-10-01,134669.0,7.8,23.56,,82.6,3.1,231.638,11941.0,0.15,94.932,63.8,,3.804,92.44,,2516.3,41.5,99.32568,16.32,4.42,1.39,203.5,354747.0,7.8,1.29,12.8172,2.0254,0.9827,96.35954,0.5,7.25,1.25,7.4
2012-10-02,,,,,,,,,0.16,,,,,91.88,,,,,15.71,,1.41,,,,1.2951,12.8478,2.026,0.9827,,,,,
2012-10-03,,,,,,,,,0.16,,,,,88.19,,,,,15.43,,1.41,,,,1.2909,12.8481,2.0244,0.987,,,,,
2012-10-04,,,,,,,,,0.15,,,,,91.69,,,,,14.55,,1.47,,,,1.3001,12.755,2.021,0.9821,,,,,
2012-10-05,,,,,,,,,0.15,,,,,89.87,,,,,14.33,,1.48,,,,1.3059,12.7054,2.0273,0.9763,,,,,
2012-10-06,,,,350000.0,,,,,0.15,,,,,,3295000.0,,,,,,,,,,,,,,,,,,
2012-10-07,,,,,,,,,0.15,,,,,,,,,,,,,,,,,,,,,,,,
2012-10-08,,,,,,,,,0.15,,,,3.85,89.43,,,,,15.11,,,,,,,,,,,,,,
2012-10-09,,,,,,,,,0.16,,,,,92.42,,,,,16.37,,1.49,,,,1.2876,12.8889,2.0354,0.9787,,,,,
2012-10-10,,,,,,,,,0.16,,,,,91.24,,,,,16.29,,1.45,,,,1.2888,12.923,2.0399,0.9786,,,,,
2012-10-11,,,,,,,,,0.16,,,,,92.19,,,,,15.59,,1.42,,,,1.2928,12.8901,2.036,0.9785,,,,,
2012-10-12,,,,,,,,,0.16,,,,,91.83,,,,,16.14,,1.42,,,,1.2946,12.8925,2.0436,0.9797,,,,,
2012-10-13,,,,386000.0,,,,,0.16,,,,,,3302000.0,,,,,,,,,,,,,,,,,,
2012-10-14,,,,,,,,,0.16,,,,,,,,,,,,,,,,,,,,,,,,
2012-10-15,,,,,,,,,0.16,,,,3.819,91.84,,,,,15.27,,1.43,,,,1.295,12.8165,2.0355,0.9783,,,,,
2012-10-16,,,,,,,,,0.16,,,,,92.07,,,,,15.22,,1.48,,,,1.3036,12.8103,2.0326,0.9854,,,,,
2012-10-17,,,,,,,,,0.15,,,,,92.04,,,,,15.07,,1.53,,,,1.3133,12.8001,2.0323,0.9795,,,,,
2012-10-18,,,,,,,,,0.15,,,,,92.0,,,,,15.03,,1.57,,,,1.3106,12.8271,2.028,0.9811,,,,,
2012-10-19,,,,,,,,,0.16,,,,,90.0,,,,,17.06,,1.49,,,,1.3022,12.8605,2.0269,0.993,,,,,
2012-10-20,,,,374000.0,,,,,0.16,,,,,,3285000.0,,,,,,,,,,,,,,,,,,
2012-10-21,,,,,,,,,0.16,,,,,,,,,,,,,,,,,,,,,,,,
2012-10-22,,,,,,,,,0.15,,,,3.687,88.3,,,,,16.62,,1.51,,,,1.3063,12.8594,2.024,0.9938,,,,,
2012-10-23,,,,,,,,,0.15,,,,,86.65,,,,,18.83,,1.5,,,,1.2971,12.981,2.0284,0.9934,,,,,
2012-10-24,,,,,,,,,0.17,,,,,85.39,,,,,18.33,,1.51,,,,1.2946,12.9997,2.0267,0.9945,,,,,
2012-10-25,,,,,,,,,0.16,,,,,85.59,,,,,18.12,,1.55,,,,1.2958,12.9815,2.0254,0.9942,,,,,
2012-10-26,,,,,,,,,0.16,,,,,85.84,,,,,17.81,,1.48,,,,1.2938,13.0198,2.025,0.999,,,,,
2012-10-27,,,,364000.0,,,,,0.16,,,,,,3223000.0,,,,,,,,,,,,,,,,,,
2012-10-28,,,,,,,,,0.16,,,,,,,,,,,,,,,,,,,,,,,,
2012-10-29,,,,,,,,,0.17,,,,3.568,85.52,,,,,,,1.44,,,,1.2906,13.0925,2.0295,1.0003,,,,,
2012-10-30,,,,,,,,,0.17,,,,,85.65,,,,,,,,,,,1.2979,13.044,2.031,0.9992,,,,,
2012-10-31,,,,,,,,,0.18,,,,,86.23,,,,,18.6,,1.42,,,,1.2958,13.0877,2.0298,0.9994,,,,,
2012-11-01,134825.0,7.7,23.63,,82.7,3.1,231.249,11930.0,0.17,,63.6,,,87.05,,2535.8,41.5,99.23881,16.69,4.35,1.45,201.8,356158.0,7.8,1.2937,13.037,2.0304,0.9973,95.68299,0.5,7.25,1.25,7.4
2012-11-02,,,,,,,,,0.16,,,,,84.9,,,,,17.59,,1.47,,,,1.2848,12.9808,2.0304,0.9962,,,,,
2012-11-03,,,,365000.0,,,,,0.16,,,,,,3368000.0,,,,,,,,,,,,,,,,,,
2012-11-04,,,,,,,,,0.16,,,,,,,,,,,,,,,,,,,,,,,,
2012-11-05,,,,,,,,,0.17,,,,3.492,85.64,,,,,18.42,,1.44,,,,1.279,13.0486,2.0344,0.9965,,,,,
2012-11-06,,,,,,,,,0.16,,,,,88.62,,,,,17.58,,1.48,,,,1.2818,12.9652,2.033,0.9936,,,,,
2012-11-07,,,,,,,,,0.16,,,,,84.5,,,,,19.08,,1.41,,,,1.2759,13.0639,2.0335,0.9971,,,,,
2012-11-08,,,,,,,,,0.16,,,,,85.07,,,,,18.49,,1.35,,,,1.274,13.1158,2.0397,0.9985,,,,,
2012-11-09,,,,,,,,,0.16,,,,,86.08,,,,,18.61,,1.34,,,,1.2715,13.1763,2.0475,1.0007,,,,,
2012-11-10,,,,446000.0,,,,,0.16,,,,,,3364000.0,,,,,,,,,,,,,,,,,,
2012-11-11,,,,,,,,,0.16,,,,,,,,,,,,,,,,,,,,,,,,
2012-11-12,,,,,,,,,0.16,,,,3.449,85.56,,,,,16.68,,,,,,,,,,,,,,
2012-11-13,,,,,,,,,0.16,,,,,85.38,,,,,16.65,,1.32,,,,1.2716,13.2206,2.0638,1.0015,,,,,
2012-11-14,,,,,,,,,0.16,,,,,86.32,,,,,17.92,,1.34,,,,1.274,13.2225,2.068,1.0017,,,,,
2012-11-15,,,,,,,,,0.16,,,,,85.45,,,,,17.99,,1.34,,,,1.2783,13.2531,2.0663,1.0024,,,,,
2012-11-16,,,,,,,,,0.16,,,,,86.62,,,,,16.41,,1.34,,,,1.2715,13.1831,2.0781,1.0029,,,,,
2012-11-17,,,,406000.0,,,,,0.16,,,,,,3325000.0,,,,,,,,,,,,,,,,,,
2012-11-18,,,,,,,,,0.16,,,,,,,,,,,,,,,,,,,,,,,,
2012-11-19,,,,,,,,,0.16,,,,3.429,89.05,,,,,15.24,,1.36,,,,1.2806,13.0601,2.0725,0.9963,,,,,
2012-11-20,,,,,,,,,0.16,,,,,86.46,,,,,15.08,,1.39,,,,1.2814,13.0145,2.08,0.9969,,,,,
2012-11-21,,,,,,,,,0.16,,,,,87.08,,,,,15.31,,1.42,,,,1.2816,13.05,2.0962,0.998,,,,,
2012-11-22,,,,,,,,,0.16,,,,,,,,,,,,,,,,,,,,,,,,
2012-11-23,,,,,,,,,0.16,,,,,87.01,,,,,15.14,,1.41,,,,1.2959,12.9822,2.0872,0.9927,,,,,
2012-11-24,,,,388000.0,,,,,0.16,,,,,,3248000.0,,,,,,,,,,,,,,,,,,
2012-11-25,,,,,,,,,0.16,,,,,,,,,,,,,,,,,,,,,,,,
2012-11-26,,,,,,,,,0.16,,,,3.437,87.28,,,,,15.5,,1.39,,,,1.2966,13.0055,2.0838,0.9949,,,,,
2012-11-27,,,,,,,,,0.16,,,,,86.81,,,,,15.92,,1.37,,,,1.294,12.9766,2.075,0.9936,,,,,
2012-11-28,,,,,,,,,0.16,,,,,86.1,,,,,15.51,,1.36,,,,1.2923,13.0273,2.09,0.9927,,,,,
2012-11-29,,,,,,,,,0.16,,,,,87.64,,,,,15.06,,1.37,,,,1.2953,12.9775,2.1028,0.9928,,,,,
2012-11-30,,,,,,,,,0.16,,,,,88.54,,,,,15.87,,1.37,,,,1.301,12.9171,2.1118,0.9931,,,,,
2012-12-01,135074.0,7.9,23.72,375000.0,72.9,3.2,231.221,11939.0,0.16,,63.7,,,,3195000.0,2539.4,41.7,98.90295,,4.47,,201.5,357519.0,7.8,,,,,96.16624,0.5,7.25,1.25,7.3
2012-12-02,,,,,,,,,0.16,,,,,,,,,,,,,,,,,,,,,,,,
2012-12-03,,,,,,,,,0.16,,,,3.394,88.69,,,,,16.64,,1.38,,,,1.3066,12.9255,2.1141,0.9929,,,,,
2012-12-04,,,,,,,,,0.17,,,,,88.04,,,,,17.12,,1.37,,,,1.3081,12.9596,2.1133,0.9926,,,,,
2012-12-05,,,,,,,,,0.16,,,,,87.36,,,,,16.46,,1.35,,,,1.3077,12.926,2.1005,0.9913,,,,,
2012-12-06,,,,,,,,,0.16,,,,,85.47,,,,,16.58,,1.34,,,,1.2968,12.9076,2.079,0.9909,,,,,
2012-12-07,,,,,,,,,0.16,,,,,85.45,,,,,15.9,,1.39,,,,1.2942,12.8503,2.08,0.989,,,,,
2012-12-08,,,,340000.0,,,,,0.16,,,,,,3229000.0,,,,,,,,,,,,,,,,,,
2012-12-09,,,,,,,,,0.16,,,,,,,,,,,,,,,,,,,,,,,,
2012-12-10,,,,,,,,,0.16,,,,3.349,85.14,,,,,16.05,,1.39,,,,1.293,12.7982,2.0815,0.9871,,,,,
2012-12-11,,,,,,,,,0.17,,,,,85.36,,,,,15.57,,1.42,,,,1.2992,12.7516,2.0785,0.9867,,,,,
2012-12-12,,,,,,,,,0.17,,,,,86.35,,,,,15.95,,1.47,,,,1.3038,12.7332,2.0791,0.9854,,,,,
2012-12-13,,,,,,,,,0.16,,,,,85.39,,,,,16.56,,1.47,,,,1.3077,12.8003,2.079,0.9845,,,,,
2012-12-14,,,,,,,,,0.17,,,,,86.32,,,,,17.0,,1.48,,,,1.3134,12.776,2.0827,0.986,,,,,
2012-12-15,,,,356000.0,,,,,0.17,,,,,,3179000.0,,,,,,,,,,,,,,,,,,
2012-12-16,,,,,,,,,0.17,,,,,,,,,,,,,,,,,,,,,,,,
2012-12-17,,,,,,,,,0.16,,,,3.254,86.71,,,,,16.34,,1.53,,,,1.3169,12.7537,2.093,0.9841,,,,,
2012-12-18,,,,,,,,,0.17,,,,,87.46,,,,,15.57,,1.56,,,,1.3224,12.7202,2.0852,0.9852,,,,,
2012-12-19,,,,,,,,,0.17,,,,,89.09,,,,,17.36,,1.54,,,,1.326,12.731,2.0747,0.9868,,,,,
2012-12-20,,,,,,,,,0.17,,,,,89.76,,,,,17.67,,1.53,,,,1.3224,12.778,2.0596,0.9882,,,,,
2012-12-21,,,,,,,,,0.17,,,,,88.2,,,,,17.84,,1.51,,,,1.3166,12.9322,2.0767,0.9941,,,,,
2012-12-22,,,,362000.0,,,,,0.17,,,,,,3221000.0,,,,,,,,,,,,,,,,,,
2012-12-23,,,,,,,,,0.17,,,,,,,,,,,,,,,,,,,,,,,,
2012-12-24,,,,,,,,,0.18,,,,3.257,88.29,,,,,17.84,,1.53,,,,1.3179,12.9848,2.079,0.9913,,,,,
2012-12-25,,,,,,,,,0.18,,,,,,,,,,,,,,,,,,,,,,,,
2012-12-26,,,,,,,,,0.17,,,,,90.71,,,,,19.48,,1.51,,,,1.3228,13.01,2.0495,0.9945,,,,,
2012-12-27,,,,,,,,,0.17,,,,,90.91,,,,,19.47,,1.48,,,,1.3228,13.0125,2.0517,0.9949,,,,,
2012-12-28,,,,,,,,,0.17,,,,,90.66,,,,,22.72,,1.46,,,,1.322,12.988,2.0445,0.9951,,,,,
2012-12-29,,,,362000.0,,,,,0.17,,,,,,3127000.0,,,,,,,,,,,,,,,,,,
2012-12-30,,,,,,,,,0.17,,,,,,,,,,,,,,,,,,,,,,,,
2012-12-31,,,,,,,,,0.09,,,,3.298,91.83,,,,,18.02,,1.53,,,,1.3186,12.9635,2.0476,0.9958,,,,,
2013-01-01,135257.0,8.0,23.74,,73.8,3.3,231.679,11962.0,0.09,95.397,63.7,,,,,2551.6,41.6,98.77381,,4.59,,202.5,360257.0,8.0,,,,,95.29639,0.5,7.25,1.25,7.1
2013-01-02,,,,,,,,,0.17,,,,,93.14,,,,,14.68,,1.59,,,,1.3195,12.76,2.0425,0.9859,,,,,
2013-01-03,,,,,,,,,0.17,,,,,92.97,,,,,14.56,,1.65,,,,1.311,12.7452,2.036,0.9853,,,,,
2013-01-04,,,,,,,,,0.16,,,,,93.12,,,,,13.83,,1.66,,,,1.3047,12.7513,2.035,0.9856,,,,,
2013-01-05,,,,363000.0,,,,,0.16,,,,,,3147000.0,,,,,,,,,,,,,,,,,,
2013-01-06,,,,,,,,,0.16,,,,,,,,,,,,,,,,,,,,,,,,
2013-01-07,,,,,,,,,0.16,,,,3.299,93.2,,,,,13.79,,1.65,,,,1.3099,12.7728,2.026,0.9859,,,,,
2013-01-08,,,,,,,,,0.15,,,,,93.21,,,,,13.62,,1.64,,,,1.3068,12.7891,2.0393,0.9871,,,,,
2013-01-09,,,,,,,,,0.14,,,,,93.08,,,,,13.81,,1.64,,,,1.3078,12.746,2.0384,0.9867,,,,,
2013-01-10,,,,,,,,,0.14,,,,,93.81,,,,,13.49,,1.65,,,,1.322,12.6452,2.0325,0.9859,,,,,
2013-01-11,,,,,,,,,0.14,,,,,93.6,,,,,13.36,,1.63,,,,1.3353,12.6591,2.0375,0.9842,,,,,
2013-01-12,,,,344000.0,,,,,0.14,,,,,,3108000.0,,,,,,,,,,,,,,,,,,
2013-01-13,,,,,,,,,0.14,,,,,,,,,,,,,,,,,,,,,,,,
2013-01-14,,,,,,,,,0.14,,,,3.303,94.27,,,,,13.52,,1.63,,,,1.3369,12.6368,2.0301,0.9841,,,,,
2013-01-15,,,,,,,,,0.15,,,,,93.26,,,,,13.55,,1.6,,,,1.3342,12.6471,2.0375,0.9839,,,,,
2013-01-16,,,,,,,,,0.14,,,,,94.28,,,,,13.42,,1.58,,,,1.3305,12.6291,2.0405,0.985,,,,,
2013-01-17,,,,,,,,,0.14,,,,,95.49,,,,,13.57,,1.61,,,,1.3356,12.5857,2.0425,0.9853,,,,,
2013-01-18,,,,,,,,,0.14,,,,,95.61,,,,,12.46,,1.61,,,,1.3303,12.6568,2.0441,0.9937,,,,,
2013-01-19,,,,339000.0,,,,,0.14,,,,,,3138000.0,,,,,,,,,,,,,,,,,,
2013-01-20,,,,,,,,,0.14,,,,,,,,,,,,,,,,,,,,,,,,
2013-01-21,,,,,,,,,0.14,,,,3.315,,,,,,,,,,,,,,,,,,,,
2013-01-22,,,,,,,,,0.14,,,,,96.09,,,,,12.43,,1.6,,,,1.3304,12.6746,2.0478,0.9934,,,,,
2013-01-23,,,,,,,,,0.13,,,,,95.06,,,,,12.46,,1.6,,,,1.3308,12.6587,2.0375,0.9986,,,,,
2013-01-24,,,,,,,,,0.15,,,,,95.35,,,,,12.69,,1.65,,,,1.3378,12.6208,2.0285,1.0024,,,,,
2013-01-25,,,,,,,,,0.14,,,,,95.15,,,,,12.89,,1.7,,,,1.3456,12.6992,2.029,1.0078,,,,,
2013-01-26,,,,366000.0,,,,,0.14,,,,,,3138000.0,,,,,,,,,,,,,,,,,,
2013-01-27,,,,,,,,,0.14,,,,,,,,,,,,,,,,,,,,,,,,
2013-01-28,,,,,,,,,0.14,,,,3.357,95.95,,,,,13.57,,1.71,,,,1.3459,12.7723,2.0028,1.007,,,,,
2013-01-29,,,,,,,,,0.12,,,,,97.62,,,,,13.31,,1.73,,,,1.3484,12.6901,1.9893,1.0029,,,,,
2013-01-30,,,,,,,,,0.12,,,,,97.98,,,,,14.32,,1.76,,,,1.3564,12.7491,1.986,1.0033,,,,,
2013-01-31,,,,,,,,,0.15,,,,,97.65,,,,,14.28,,1.75,,,,1.3584,12.7344,1.9875,0.9992,,,,,
2013-02-01,135546.0,7.7,23.78,,77.6,3.3,232.937,11974.0,0.14,,63.4,,,97.46,,2568.2,41.9,98.8774,12.9,4.7,1.77,204.3,365227.0,7.8,1.3692,12.6356,1.981,0.9987,95.97294,0.5,7.25,1.25,7.1
2013-02-02,,,,361000.0,,,,,0.14,,,,,,3075000.0,,,,,,,,,,,,,,,,,,
2013-02-03,,,,,,,,,0.14,,,,,,,,,,,,,,,,,,,,,,,,
2013-02-04,,,,,,,,,0.13,,,,3.538,96.21,,,,,14.67,,1.75,,,,1.3527,12.71,1.9913,0.9976,,,,,
2013-02-05,,,,,,,,,0.13,,,,,96.68,,,,,13.72,,1.77,,,,1.3569,12.626,1.984,0.9972,,,,,
2013-02-06,,,,,,,,,0.13,,,,,96.44,,,,,13.41,,1.73,,,,1.3528,12.6731,1.9847,0.9959,,,,,
2013-02-07,,,,,,,,,0.13,,,,,95.84,,,,,13.5,,1.74,,,,1.3382,12.7381,1.9708,0.9992,,,,,
2013-02-08,,,,,,,,,0.14,,,,,95.71,,,,,13.02,,1.74,,,,1.3366,12.7271,1.9725,1.0021,,,,,
2013-02-09,,,,347000.0,,,,,0.14,,,,,,3081000.0,,,,,,,,,,,,,,,,,,
2013-02-10,,,,,,,,,0.14,,,,,,,,,,,,,,,,,,,,,,,,
2013-02-11,,,,,,,,,0.14,,,,3.611,97.01,,,,,12.94,,1.72,,,,1.3414,12.7556,1.9724,1.0064,,,,,
2013-02-12,,,,,,,,,0.13,,,,,97.48,,,,,12.64,,1.73,,,,1.345,12.7326,1.968,1.0029,,,,,
2013-02-13,,,,,,,,,0.14,,,,,97.03,,,,,12.98,,1.76,,,,1.3448,12.7236,1.9663,1.002,,,,,
2013-02-14,,,,,,,,,0.14,,,,,97.3,,,,,12.66,,1.73,,,,1.3334,12.6965,1.959,1.0007,,,,,
2013-02-15,,,,,,,,,0.16,,,,,95.95,,,,,12.46,,1.72,,,,1.3362,12.6883,1.9615,1.0069,,,,,
2013-02-16,,,,362000.0,,,,,0.16,,,,,,3036000.0,,,,,,,,,,,,,,,,,,
2013-02-17,,,,,,,,,0.16,,,,,,,,,,,,,,,,,,,,,,,,
2013-02-18,,,,,,,,,0.16,,,,3.747,,,,,,,,,,,,,,,,,,,,
2013-02-19,,,,,,,,,0.15,,,,,96.69,,,,,12.31,,1.74,,,,1.3387,12.6681,1.9564,1.0117,,,,,
2013-02-20,,,,,,,,,0.15,,,,,94.92,,,,,14.68,,1.75,,,,1.335,12.6821,1.9605,1.0162,,,,,
2013-02-21,,,,,,,,,0.16,,,,,92.79,,,,,15.22,,1.73,,,,1.3204,12.7543,1.9727,1.0184,,,,,
2013-02-22,,,,,,,,,0.16,,,,,93.12,,,,,14.17,,1.7,,,,1.3166,12.748,1.971,1.0222,,,,,
2013-02-23,,,,342000.0,,,,,0.16,,,,,,3043000.0,,,,,,,,,,,,,,,,,,
2013-02-24,,,,,,,,,0.16,,,,,,,,,,,,,,,,,,,,,,,,
2013-02-25,,,,,,,,,0.15,,,,3.784,92.74,,,,,18.99,,1.63,,,,1.3172,12.7287,1.9688,1.0264,,,,,
2013-02-26,,,,,,,,,0.14,,,,,92.63,,,,,16.87,,1.63,,,,1.3054,12.8798,1.9905,1.0279,,,,,
2013-02-27,,,,,,,,,0.14,,,,,92.84,,,,,14.73,,1.64,,,,1.3104,12.8264,1.9776,1.0249,,,,,
2013-02-28,,,,,,,,,0.14,,,,,92.03,,,,,15.51,,1.64,,,,1.3079,12.7788,1.9767,1.0286,,,,,
2013-03-01,135689.0,7.5,23.8,,78.6,3.2,232.282,11977.0,0.14,,63.3,,,90.71,,2587.8,41.9,99.04517,15.36,4.71,1.61,204.0,362148.0,7.8,1.2988,12.7956,1.9829,1.0285,97.71263,0.5,7.25,1.25,7.3
2013-03-02,,,,340000.0,,,,,0.14,,,,,,3011000.0,,,,,,,,,,,,,,,,,,
2013-03-03,,,,,,,,,0.14,,,,,,,,,,,,,,,,,,,,,,,,
2013-03-04,,,,,,,,,0.16,,,,3.759,90.13,,,,,14.01,,1.64,,,,1.2996,12.77,1.9798,1.0298,,,,,
2013-03-05,,,,,,,,,0.15,,,,,90.88,,,,,13.48,,1.65,,,,1.3019,12.7401,1.9654,1.0289,,,,,
2013-03-06,,,,,,,,,0.15,,,,,90.47,,,,,13.53,,1.7,,,,1.299,12.742,1.9667,1.0314,,,,,
2013-03-07,,,,,,,,,0.16,,,,,91.53,,,,,13.06,,1.75,,,,1.3098,12.7845,1.9595,1.0303,,,,,
2013-03-08,,,,,,,,,0.15,,,,,92.01,,,,,12.59,,1.79,,,,1.2992,12.6525,1.948,1.0273,,,,,
2013-03-09,,,,343000.0,,,,,0.15,,,,,,3024000.0,,,,,,,,,,,,,,,,,,
2013-03-10,,,,,,,,,0.15,,,,,,,,,,,,,,,,,,,,,,,,
2013-03-11,,,,,,,,,0.16,,,,3.71,92.07,,,,,11.56,,1.8,,,,1.3014,12.547,1.9593,1.0268,,,,,
2013-03-12,,,,,,,,,0.15,,,,,92.44,,,,,12.27,,1.76,,,,1.3023,12.4502,1.962,1.0259,,,,,
2013-03-13,,,,,,,,,0.14,,,,,92.47,,,,,11.83,,1.77,,,,1.2949,12.3971,1.9615,1.0272,,,,,
2013-03-14,,,,,,,,,0.15,,,,,93.03,,,,,11.3,,1.77,,,,1.2974,12.4476,1.9665,1.0263,,,,,
2013-03-15,,,,,,,,,0.16,,,,,93.49,,,,,11.3,,1.76,,,,1.3076,12.4325,1.9755,1.0202,,,,,
2013-03-16,,,,343000.0,,,,,0.16,,,,,,3028000.0,,,,,,,,,,,,,,,,,,
2013-03-17,,,,,,,,,0.16,,,,,,,,,,,,,,,,,,,,,,,,
2013-03-18,,,,,,,,,0.16,,,,3.696,93.71,,,,,13.36,,1.7,,,,1.2956,12.4297,1.9865,1.0218,,,,,
2013-03-19,,,,,,,,,0.15,,,,,92.44,,,,,14.39,,1.68,,,,1.2888,12.4452,1.9874,1.0272,,,,,
2013-03-20,,,,,,,,,0.15,,,,,93.21,,,,,12.67,,1.7,,,,1.295,12.395,1.9865,1.0268,,,,,
2013-03-21,,,,,,,,,0.16,,,,,92.46,,,,,13.99,,1.68,,,,1.2928,12.3592,1.9934,1.0239,,,,,
2013-03-22,,,,,,,,,0.15,,,,,93.41,,,,,13.57,,1.67,,,,1.2996,12.3714,2.017,1.0224,,,,,
2013-03-23,,,,358000.0,,,,,0.15,,,,,,3046000.0,,,,,,,,,,,,,,,,,,
2013-03-24,,,,,,,,,0.15,,,,,,,,,,,,,,,,,,,,,,,,
2013-03-25,,,,,,,,,0.15,,,,3.68,94.55,,,,,13.74,,1.69,,,,1.2881,12.3605,2.0136,1.0217,,,,,
2013-03-26,,,,,,,,,0.14,,,,,95.99,,,,,12.77,,1.67,,,,1.2858,12.3453,2.0067,1.0167,,,,,
2013-03-27,,,,,,,,,0.12,,,,,96.53,,,,,13.15,,1.62,,,,1.2782,12.3786,2.0133,1.0169,,,,,
2013-03-28,,,,,,,,,0.13,,,,,97.24,,,,,12.7,,1.62,,,,1.2842,12.3397,2.016,1.0155,,,,,
2013-03-29,,,,,,,,,0.09,,,,,,,,,,,,,,,,1.2816,12.3155,2.021,1.0174,,,,,
2013-03-30,,,,375000.0,,,,,0.09,,,,,,3080000.0,,,,,,,,,,,,,,,,,,
2013-03-31,,,,,,,,,0.09,,,,,,,,,,,,,,,,,,,,,,,,
2013-04-01,135873.0,7.6,23.87,,76.4,3.1,231.797,11978.0,0.16,95.16,63.4,,3.645,97.1,,2600.9,41.8,99.25853,13.58,4.44,1.63,203.5,360499.0,7.7,1.2857,12.3404,2.018,1.0166,97.61598,,7.5,1.25,7.2
2013-04-02,,,,,,,,,0.15,,,,,97.23,,,,,12.78,,1.63,,,,1.2836,12.2775,2.0175,1.0147,,,,,
2013-04-03,,,,,,,,,0.14,,,,,95.02,,,,,14.21,,1.59,,,,1.2847,12.3205,2.0235,1.0134,,,,,
2013-04-04,,,,,,,,,0.14,,,,,93.26,,,,,13.89,,1.56,,,,1.2854,12.3381,2.018,1.0139,,,,,
2013-04-05,,,,,,,,,0.15,,,,,92.76,,,,,13.92,,1.48,,,,1.3027,12.239,1.9925,1.019,,,,,
2013-04-06,,,,359000.0,,,,,0.15,,,,,,3076000.0,,,,,,,,,,,,,,,,,,
2013-04-07,,,,,,,,,0.15,,,,,,,,,,,,,,,,,,,,,,,,
2013-04-08,,,,,,,,,0.15,,,,3.608,93.36,,,,,13.19,,1.52,,,,1.3008,12.1583,1.989,1.0199,,,,,
2013-04-09,,,,,,,,,0.15,,,,,94.18,,,,,12.84,,1.54,,,,1.3092,12.1283,1.9865,1.0162,,,,,
2013-04-10,,,,,,,,,0.15,,,,,94.59,,,,,12.36,,1.6,,,,1.306,12.1156,1.9765,1.0148,,,,,
2013-04-11,,,,,,,,,0.15,,,,,93.44,,,,,12.24,,1.58,,,,1.3124,12.068,1.972,1.0107,,,,,
2013-04-12,,,,,,,,,0.15,,,,,91.23,,,,,12.06,,1.53,,,,1.3094,12.0871,1.969,1.0134,,,,,
2013-04-13,,,,356000.0,,,,,0.15,,,,,,3024000.0,,,,,,,,,,,,,,,,,,
2013-04-14,,,,,,,,,0.15,,,,,,,,,,,,,,,,,,,,,,,,
2013-04-15,,,,,,,,,0.15,,,,3.542,88.75,,,,,17.27,,1.5,,,,1.3082,12.1729,1.9755,1.0208,,,,,
2013-04-16,,,,,,,,,0.15,,,,,88.73,,,,,13.96,,1.51,,,,1.3141,12.165,1.9965,1.0226,,,,,
2013-04-17,,,,,,,,,0.15,,,,,86.65,,,,,16.51,,1.49,,,,1.3049,12.235,2.0,1.0263,,,,,
2013-04-18,,,,,,,,,0.15,,,,,87.83,,,,,17.56,,1.48,,,,1.3072,12.269,2.018,1.0257,,,,,
2013-04-19,,,,,,,,,0.15,,,,,88.04,,,,,14.97,,1.49,,,,1.3066,12.232,2.0075,1.0264,,,,,
2013-04-20,,,,343000.0,,,,,0.15,,,,,,3027000.0,,,,,,,,,,,,,,,,,,
2013-04-21,,,,,,,,,0.15,,,,,,,,,,,,,,,,,,,,,,,,
2013-04-22,,,,,,,,,0.15,,,,3.536,88.81,,,,,14.39,,1.48,,,,1.305,12.3071,2.0138,1.0262,,,,,
2013-04-23,,,,,,,,,0.14,,,,,89.21,,,,,13.48,,1.51,,,,1.3012,12.2437,2.0145,1.0259,,,,,
2013-04-24,,,,,,,,,0.13,,,,,91.07,,,,,13.61,,1.5,,,,1.2997,12.285,2.0225,1.027,,,,,
2013-04-25,,,,,,,,,0.13,,,,,93.27,,,,,13.62,,1.51,,,,1.3004,12.1175,2.0115,1.0193,,,,,
2013-04-26,,,,,,,,,0.13,,,,,92.63,,,,,13.61,,1.48,,,,1.3024,12.1786,2.0016,1.017,,,,,
2013-04-27,,,,331000.0,,,,,0.13,,,,,,3039000.0,,,,,,,,,,,,,,,,,,
2013-04-28,,,,,,,,,0.13,,,,,,,,,,,,,,,,,,,,,,,,
2013-04-29,,,,,,,,,0.13,,,,3.52,94.09,,,,,13.71,,1.5,,,,1.309,12.124,2.0015,1.0138,,,,,
2013-04-30,,,,,,,,,0.14,,,,,93.22,,,,,13.52,,1.48,,,,1.3168,12.1323,1.999,1.0072,,,,,
2013-05-01,136096.0,7.5,23.89,,84.5,3.1,231.893,11978.0,0.14,,63.4,,,90.74,,2610.2,41.7,99.59885,14.49,4.62,1.46,204.1,362842.0,7.7,1.3192,12.2246,2.0065,1.0083,96.84278,,8.0,1.25,7.1
2013-05-02,,,,,,,,,0.15,,,,,93.7,,,,,13.59,,1.46,,,,1.3066,12.154,2.0128,1.0083,,,,,
2013-05-03,,,,,,,,,0.14,,,,,95.25,,,,,12.85,,1.56,,,,1.3112,12.088,2.0098,1.0077,,,,,
2013-05-04,,,,335000.0,,,,,0.14,,,,,,3042000.0,,,,,,,,,,,,,,,,,,
2013-05-05,,,,,,,,,0.14,,,,,,,,,,,,,,,,,,,,,,,,
2013-05-06,,,,,,,,,0.14,,,,3.538,95.8,,,,,12.66,,1.58,,,,1.3067,12.1065,2.012,1.0074,,,,,
2013-05-07,,,,,,,,,0.12,,,,,95.28,,,,,12.83,,1.6,,,,1.3085,12.075,2.0086,1.0051,,,,,
2013-05-08,,,,,,,,,0.12,,,,,96.24,,,,,12.66,,1.59,,,,1.3177,12.0308,2.0003,1.0023,,,,,
2013-05-09,,,,,,,,,0.12,,,,,96.09,,,,,13.13,,1.59,,,,1.3105,11.976,2.001,1.0026,,,,,
2013-05-10,,,,,,,,,0.12,,,,,95.81,,,,,12.59,,1.64,,,,1.2955,12.1313,2.0275,1.0123,,,,,
2013-05-11,,,,360000.0,,,,,0.12,,,,,,2975000.0,,,,,,,,,,,,,,,,,,
2013-05-12,,,,,,,,,0.12,,,,,,,,,,,,,,,,,,,,,,,,
2013-05-13,,,,,,,,,0.12,,,,3.603,94.76,,,,,12.55,,1.68,,,,1.2981,12.1425,2.0163,1.0108,,,,,
2013-05-14,,,,,,,,,0.11,,,,,93.96,,,,,12.77,,1.7,,,,1.2969,12.1525,2.0054,1.0149,,,,,
2013-05-15,,,,,,,,,0.12,,,,,93.95,,,,,12.81,,1.68,,,,1.2857,12.2316,2.028,1.0173,,,,,
2013-05-16,,,,,,,,,0.11,,,,,94.85,,,,,13.07,,1.64,,,,1.2898,12.2421,2.0244,1.0162,,,,,
2013-05-17,,,,,,,,,0.1,,,,,95.72,,,,,12.45,,1.69,,,,1.2818,12.3153,2.0364,1.0268,,,,,
2013-05-18,,,,343000.0,,,,,0.1,,,,,,3020000.0,,,,,,,,,,,,,,,,,,
2013-05-19,,,,,,,,,0.1,,,,,,,,,,,,,,,,,,,,,,,,
2013-05-20,,,,,,,,,0.1,,,,3.673,96.29,,,,,13.02,,1.71,,,,1.2865,12.3355,2.0357,1.0272,,,,,
2013-05-21,,,,,,,,,0.09,,,,,95.55,,,,,13.37,,1.68,,,,1.291,12.3225,2.0373,1.0277,,,,,
2013-05-22,,,,,,,,,0.08,,,,,93.98,,,,,13.82,,1.77,,,,1.2864,12.3185,2.0398,1.0331,,,,,
2013-05-23,,,,,,,,,0.08,,,,,94.12,,,,,14.07,,1.76,,,,1.2944,12.4651,2.0526,1.0315,,,,,
2013-05-24,,,,,,,,,0.09,,,,,93.84,,,,,13.99,,1.75,,,,1.292,12.5404,2.0516,1.0322,,,,,
2013-05-25,,,,353000.0,,,,,0.09,,,,,,3012000.0,,,,,,,,,,,,,,,,,,
2013-05-26,,,,,,,,,0.09,,,,,,,,,,,,,,,,,,,,,,,,
2013-05-27,,,,,,,,,0.09,,,,3.645,,,,,,,,,,,,,,,,,,,,
2013-05-28,,,,,,,,,0.09,,,,,94.65,,,,,14.48,,1.86,,,,1.287,12.5387,2.0679,1.0371,,,,,
2013-05-29,,,,,,,,,0.08,,,,,93.13,,,,,14.83,,1.83,,,,1.2944,12.6373,2.0973,1.0369,,,,,
2013-05-30,,,,,,,,,0.08,,,,,93.57,,,,,14.53,,1.82,,,,1.3042,12.7778,2.1095,1.0309,,,,,
2013-05-31,,,,,,,,,0.09,,,,,91.93,,,,,16.3,,1.86,,,,1.2988,12.7791,2.1217,1.0337,,,,,
2013-06-01,136279.0,7.5,23.96,346000.0,84.1,3.0,232.445,11982.0,0.09,,63.4,,,,2999000.0,2622.8,41.8,99.7748,,5.1,,204.3,364181.0,7.7,,,,,98.58247,,8.0,1.25,7.2
2013-06-02,,,,,,,,,0.09,,,,,,,,,,,,,,,,,,,,,,,,
2013-06-03,,,,,,,,,0.1,,,,3.646,93.41,,,,,16.28,,1.83,,,,1.3098,12.79,2.1365,1.029,,,,,
2013-06-04,,,,,,,,,0.11,,,,,93.36,,,,,16.27,,1.82,,,,1.3075,12.724,2.1409,1.0348,,,,,
2013-06-05,,,,,,,,,0.09,,,,,93.66,,,,,17.5,,1.8,,,,1.3088,12.8296,2.1261,1.0346,,,,,
2013-06-06,,,,,,,,,0.1,,,,,94.71,,,,,16.63,,1.78,,,,1.3248,12.9,2.127,1.024,,,,,
2013-06-07,,,,,,,,,0.09,,,,,96.11,,,,,15.14,,1.85,,,,1.3242,12.7386,2.134,1.0208,,,,,
2013-06-08,,,,337000.0,,,,,0.09,,,,,,3004000.0,,,,,,,,,,,,,,,,,,
2013-06-09,,,,,,,,,0.09,,,,,,,,,,,,,,,,,,,,,,,,
2013-06-10,,,,,,,,,0.09,,,,3.655,95.82,,,,,15.44,,1.9,,,,1.3234,12.8535,2.1365,1.0185,,,,,
2013-06-11,,,,,,,,,0.09,,,,,95.5,,,,,17.07,,1.86,,,,1.3278,12.865,2.1428,1.0191,,,,,
2013-06-12,,,,,,,,,0.08,,,,,95.98,,,,,18.59,,1.91,,,,1.3354,12.8449,2.147,1.0202,,,,,
2013-06-13,,,,,,,,,0.09,,,,,96.66,,,,,16.41,,1.87,,,,1.3314,12.7795,2.1459,1.017,,,,,
2013-06-14,,,,,,,,,0.1,,,,,97.83,,,,,17.15,,1.85,,,,1.333,12.698,2.1392,1.0175,,,,,
2013-06-15,,,,353000.0,,,,,0.1,,,,,,2996000.0,,,,,,,,,,,,,,,,,,
2013-06-16,,,,,,,,,0.1,,,,,,,,,,,,,,,,,,,,,,,,
2013-06-17,,,,,,,,,0.11,,,,3.626,97.86,,,,,16.8,,1.92,,,,1.3341,12.7776,2.1576,1.0175,,,,,
2013-06-18,,,,,,,,,0.12,,,,,98.46,,,,,16.61,,1.93,,,,1.3407,12.8845,2.164,1.0209,,,,,
2013-06-19,,,,,,,,,0.1,,,,,98.24,,,,,16.64,,2.02,,,,1.3404,12.8721,2.1743,1.0187,,,,,
2013-06-20,,,,,,,,,0.1,,,,,94.89,,,,,20.49,,2.08,,,,1.3214,13.405,2.2655,1.0383,,,,,
2013-06-21,,,,,,,,,0.1,,,,,93.81,,,,,18.9,,2.14,,,,1.3113,13.4147,2.268,1.0467,,,,,
2013-06-22,,,,347000.0,,,,,0.1,,,,,,2962000.0,,,,,,,,,,,,,,,,,,
2013-06-23,,,,,,,,,0.1,,,,,,,,,,,,,,,,,,,,,,,,
2013-06-24,,,,,,,,,0.1,,,,3.577,95.07,,,,,20.11,,2.15,,,,1.3091,13.3945,2.2479,1.0532,,,,,
2013-06-25,,,,,,,,,0.09,,,,,95.25,,,,,18.47,,2.17,,,,1.308,13.257,2.2207,1.0512,,,,,
2013-06-26,,,,,,,,,0.09,,,,,95.47,,,,,17.21,,2.16,,,,1.3006,13.215,2.1994,1.0468,,,,,
2013-06-27,,,,,,,,,0.09,,,,,97.0,,,,,16.86,,2.13,,,,1.3016,13.0365,2.1864,1.0479,,,,,
2013-06-28,,,,,,,,,0.07,,,,,96.36,,,,,16.86,,2.16,,,,1.301,12.9925,2.2075,1.0513,,,,,
2013-06-29,,,,340000.0,,,,,0.07,,,,,,3003000.0,,,,,,,,,,,,,,,,,,
2013-06-30,,,,,,,,,0.07,,,,,,,,,,,,,,,,,,,,,,,,
2013-07-01,136391.0,7.3,23.98,,85.1,3.1,232.9,11962.0,0.1,95.837,63.3,,3.496,97.94,,2624.4,41.7,99.73689,16.37,5.23,2.16,204.4,366243.0,7.7,1.306,12.9,2.228,1.0499,97.03608,,8.5,1.25,7.3
2013-07-02,,,,,,,,,0.1,,,,,99.65,,,,,16.44,,2.14,,,,1.3017,12.979,2.2395,1.0529,,,,,
2013-07-03,,,,,,,,,0.1,,,,,101.92,,,,,16.2,,2.16,,,,1.3005,13.031,2.2608,1.0521,,,,,
2013-07-04,,,,,,,,,0.1,,,,,,,,,,,,,,,,,,,,,,,,
2013-07-05,,,,,,,,,0.1,,,,,103.09,,,,,14.89,,2.33,,,,1.2831,13.044,2.2635,1.0566,,,,,
2013-07-06,,,,351000.0,,,,,0.1,,,,,,3113000.0,,,,,,,,,,,,,,,,,,
2013-07-07,,,,,,,,,0.1,,,,,,,,,,,,,,,,,,,,,,,,
2013-07-08,,,,,,,,,0.1,,,,3.492,103.03,,,,,14.78,,2.28,,,,1.2863,12.949,2.2605,1.0578,,,,,
2013-07-09,,,,,,,,,0.1,,,,,103.46,,,,,14.35,,2.28,,,,1.2774,12.8675,2.262,1.053,,,,,
2013-07-10,,,,,,,,,0.09,,,,,106.41,,,,,14.21,,2.32,,,,1.2846,12.9475,2.2732,1.051,,,,,
2013-07-11,,,,,,,,,0.09,,,,,104.77,,,,,14.01,,2.26,,,,1.3046,12.8475,2.267,1.0389,,,,,
2013-07-12,,,,,,,,,0.09,,,,,105.85,,,,,13.84,,2.24,,,,1.3048,12.8295,2.2677,1.0393,,,,,
2013-07-13,,,,344000.0,,,,,0.09,,,,,,3011000.0,,,,,,,,,,,,,,,,,,
2013-07-14,,,,,,,,,0.09,,,,,,,,,,,,,,,,,,,,,,,,
2013-07-15,,,,,,,,,0.09,,,,3.639,106.2,,,,,13.79,,2.23,,,,1.3039,12.739,2.245,1.0412,,,,,
2013-07-16,,,,,,,,,0.09,,,,,105.88,,,,,14.42,,2.21,,,,1.3144,12.628,2.2439,1.0388,,,,,
2013-07-17,,,,,,,,,0.09,,,,,106.39,,,,,13.78,,2.2,,,,1.3094,12.531,2.2315,1.0423,,,,,
2013-07-18,,,,,,,,,0.09,,,,,107.94,,,,,13.77,,2.24,,,,1.3078,12.5375,2.2282,1.0395,,,,,
2013-07-19,,,,,,,,,0.09,,,,,108.0,,,,,12.54,,2.18,,,,1.3142,12.5525,2.2345,1.0362,,,,,
2013-07-20,,,,355000.0,,,,,0.09,,,,,,2947000.0,,,,,,,,,,,,,,,,,,
2013-07-21,,,,,,,,,0.09,,,,,,,,,,,,,,,,,,,,,,,,
2013-07-22,,,,,,,,,0.09,,,,3.682,106.61,,,,,12.29,,2.18,,,,1.3193,12.504,2.2317,1.0336,,,,,
2013-07-23,,,,,,,,,0.09,,,,,107.13,,,,,12.66,,2.2,,,,1.3212,12.5125,2.2212,1.0305,,,,,
2013-07-24,,,,,,,,,0.09,,,,,105.41,,,,,13.18,,2.27,,,,1.3228,12.6425,2.2388,1.0298,,,,,
2013-07-25,,,,,,,,,0.09,,,,,105.47,,,,,12.97,,2.29,,,,1.3234,12.655,2.2586,1.0283,,,,,
2013-07-26,,,,,,,,,0.09,,,,,104.76,,,,,12.72,,2.27,,,,1.3269,12.712,2.2525,1.0292,,,,,
2013-07-27,,,,334000.0,,,,,0.09,,,,,,3010000.0,,,,,,,,,,,,,,,,,,
2013-07-28,,,,,,,,,0.09,,,,,,,,,,,,,,,,,,,,,,,,
2013-07-29,,,,,,,,,0.08,,,,3.646,104.61,,,,,13.39,,2.28,,,,1.3262,12.734,2.2605,1.0259,,,,,
2013-07-30,,,,,,,,,0.09,,,,,103.14,,,,,13.39,,2.3,,,,1.3266,12.754,2.273,1.0292,,,,,
2013-07-31,,,,,,,,,0.09,,,,,105.1,,,,,13.45,,2.29,,,,1.3282,12.857,2.2987,1.0287,,,,,
2013-08-01,136646.0,7.2,24.02,,82.1,3.0,233.456,11992.0,0.08,,63.3,,,107.93,,2634.0,41.9,99.45435,12.94,5.34,2.39,204.2,365543.0,7.6,1.3217,12.824,2.298,1.0338,98.96907,,9.0,1.25,7.3
2013-08-02,,,,,,,,,0.09,,,,,106.94,,,,,11.98,,2.33,,,,1.3268,12.6805,2.2875,1.0379,,,,,
2013-08-03,,,,339000.0,,,,,0.09,,,,,,2944000.0,,,,,,,,,,,,,,,,,,
2013-08-04,,,,,,,,,0.09,,,,,,,,,,,,,,,,,,,,,,,,
2013-08-05,,,,,,,,,0.08,,,,3.632,106.61,,,,,11.84,,2.35,,,,1.3257,12.6765,2.3016,1.0394,,,,,
2013-08-06,,,,,,,,,0.09,,,,,105.32,,,,,12.72,,2.35,,,,1.3296,12.644,2.2924,1.0378,,,,,
2013-08-07,,,,,,,,,0.09,,,,,104.41,,,,,12.98,,2.29,,,,1.3329,12.69,2.2985,1.0415,,,,,
2013-08-08,,,,,,,,,0.09,,,,,103.45,,,,,12.73,,2.28,,,,1.3392,12.617,2.2748,1.0347,,,,,
2013-08-09,,,,,,,,,0.08,,,,,106.04,,,,,13.41,,2.25,,,,1.3338,12.601,2.271,1.0302,,,,,
2013-08-10,,,,327000.0,,,,,0.08,,,,,,2987000.0,,,,,,,,,,,,,,,,,,
2013-08-11,,,,,,,,,0.08,,,,,,,,,,,,,,,,,,,,,,,,
2013-08-12,,,,,,,,,0.08,,,,3.561,106.19,,,,,12.81,,2.29,,,,1.3312,12.562,2.273,1.0297,,,,,
2013-08-13,,,,,,,,,0.08,,,,,106.78,,,,,12.31,,2.37,,,,1.3247,12.7515,2.3063,1.0345,,,,,
2013-08-14,,,,,,,,,0.09,,,,,106.89,,,,,13.04,,2.37,,,,1.3256,12.7205,2.313,1.0319,,,,,
2013-08-15,,,,,,,,,0.08,,,,,107.43,,,,,14.73,,2.41,,,,1.3263,12.8335,2.3417,1.0339,,,,,
2013-08-16,,,,,,,,,0.09,,,,,107.58,,,,,14.37,,2.48,,,,1.3321,12.8685,2.3585,1.0344,,,,,
2013-08-17,,,,340000.0,,,,,0.09,,,,,,2968000.0,,,,,,,,,,,,,,,,,,
2013-08-18,,,,,,,,,0.09,,,,,,,,,,,,,,,,,,,,,,,,
2013-08-19,,,,,,,,,0.09,,,,3.55,107.14,,,,,15.1,,2.52,,,,1.3348,12.99,2.4021,1.0334,,,,,
2013-08-20,,,,,,,,,0.09,,,,,104.9,,,,,14.91,,2.46,,,,1.3426,12.9795,2.3959,1.0374,,,,,
2013-08-21,,,,,,,,,0.08,,,,,103.93,,,,,15.94,,2.49,,,,1.3368,13.17,2.4226,1.0442,,,,,
2013-08-22,,,,,,,,,0.09,,,,,104.93,,,,,14.76,,2.48,,,,1.3362,13.1555,2.4464,1.0511,,,,,
2013-08-23,,,,,,,,,0.08,,,,,106.48,,,,,13.98,,2.42,,,,1.3392,12.993,2.3679,1.0512,,,,,
2013-08-24,,,,336000.0,,,,,0.08,,,,,,2934000.0,,,,,,,,,,,,,,,,,,
2013-08-25,,,,,,,,,0.08,,,,,,,,,,,,,,,,,,,,,,,,
2013-08-26,,,,,,,,,0.08,,,,3.552,105.88,,,,,14.99,,2.38,,,,1.3369,13.142,2.3858,1.0513,,,,,
2013-08-27,,,,,,,,,0.07,,,,,109.11,,,,,16.77,,2.34,,,,1.3387,13.3145,2.3925,1.0504,,,,,
2013-08-28,,,,,,,,,0.07,,,,,110.17,,,,,16.49,,2.38,,,,1.3326,13.2295,2.3298,1.0491,,,,,
2013-08-29,,,,,,,,,0.08,,,,,108.51,,,,,16.81,,2.36,,,,1.3228,13.285,2.3572,1.0526,,,,,
2013-08-30,,,,,,,,,0.07,,,,,107.98,,,,,17.01,,2.39,,,,1.3196,13.3355,2.3809,1.0554,,,,,
2013-08-31,,,,325000.0,,,,,0.07,,,,,,2839000.0,,,,,,,,,,,,,,,,,,
2013-09-01,136821.0,7.2,24.06,,77.5,3.3,233.544,12010.0,0.07,,63.2,,,,,2639.4,41.8,99.07097,,5.39,,203.9,365668.0,7.4,,,,,98.67912,,9.0,1.25,7.1
2013-09-02,,,,,,,,,0.07,,,,3.608,,,,,,,,,,,,,,,,,,,,
2013-09-03,,,,,,,,,0.09,,,,,108.67,,,,,16.61,,2.43,,,,1.3164,13.433,2.383,1.0532,,,,,
2013-09-04,,,,,,,,,0.08,,,,,107.29,,,,,15.88,,2.44,,,,1.3212,13.293,2.3536,1.0482,,,,,
2013-09-05,,,,,,,,,0.08,,,,,108.5,,,,,15.77,,2.46,,,,1.312,13.399,2.3232,1.0499,,,,,
2013-09-06,,,,,,,,,0.08,,,,,110.62,,,,,15.85,,2.48,,,,1.3166,13.1775,2.29,1.039,,,,,
2013-09-07,,,,300000.0,,,,,0.08,,,,,,2822000.0,,,,,,,,,,,,,,,,,,
2013-09-08,,,,,,,,,0.08,,,,,,,,,,,,,,,,,,,,,,,,
2013-09-09,,,,,,,,,0.08,,,,3.587,109.62,,,,,15.63,,2.45,,,,1.326,13.153,2.2799,1.0366,,,,,
2013-09-10,,,,,,,,,0.08,,,,,107.48,,,,,14.53,,2.46,,,,1.326,13.142,2.293,1.0357,,,,,
2013-09-11,,,,,,,,,0.08,,,,,107.65,,,,,13.82,,2.46,,,,1.3301,13.087,2.2884,1.0336,,,,,
2013-09-12,,,,,,,,,0.08,,,,,108.72,,,,,14.29,,2.47,,,,1.3315,13.097,2.2716,1.0319,,,,,
2013-09-13,,,,,,,,,0.08,,,,,108.31,,,,,14.16,,2.45,,,,1.3276,13.049,2.2825,1.0341,,,,,
2013-09-14,,,,323000.0,,,,,0.08,,,,,,2863000.0,,,,,,,,,,,,,,,,,,
2013-09-15,,,,,,,,,0.08,,,,,,,,,,,,,,,,,,,,,,,,
2013-09-16,,,,,,,,,0.08,,,,3.547,106.54,,,,,14.38,,2.47,,,,1.335,12.93,2.273,1.0316,,,,,
2013-09-17,,,,,,,,,0.08,,,,,105.36,,,,,14.53,,2.47,,,,1.3357,12.918,2.255,1.029,,,,,
2013-09-18,,,,,,,,,0.08,,,,,108.23,,,,,13.59,,2.35,,,,1.3351,12.97,2.2429,1.0312,,,,,
2013-09-19,,,,,,,,,0.09,,,,,106.26,,,,,13.16,,2.42,,,,1.3527,12.738,2.2067,1.0237,,,,,
2013-09-20,,,,,,,,,0.08,,,,,104.7,,,,,13.12,,2.41,,,,1.3522,12.777,2.2047,1.0287,,,,,
2013-09-21,,,,314000.0,,,,,0.08,,,,,,2954000.0,,,,,,,,,,,,,,,,,,
2013-09-22,,,,,,,,,0.08,,,,,,,,,,,,,,,,,,,,,,,,
2013-09-23,,,,,,,,,0.09,,,,3.495,103.62,,,,,14.31,,2.37,,,,1.352,12.799,2.1997,1.029,,,,,
2013-09-24,,,,,,,,,0.09,,,,,103.22,,,,,14.08,,2.32,,,,1.349,12.8605,2.1978,1.0294,,,,,
2013-09-25,,,,,,,,,0.08,,,,,102.68,,,,,14.01,,2.27,,,,1.3536,12.934,2.2221,1.0294,,,,,
2013-09-26,,,,,,,,,0.08,,,,,103.1,,,,,14.06,,2.32,,,,1.3484,13.0465,2.238,1.0321,,,,,
2013-09-27,,,,,,,,,0.08,,,,,102.86,,,,,15.46,,2.3,,,,1.3537,13.1465,2.2577,1.03,,,,,
2013-09-28,,,,319000.0,,,,,0.08,,,,,,2944000.0,,,,,,,,,,,,,,,,,,
2013-09-29,,,,,,,,,0.08,,,,,,,,,,,,,,,,,,,,,,,,
2013-09-30,,,,,,,,,0.06,,,,3.425,102.36,,,,,16.6,,2.31,,,,1.3535,13.155,2.2193,1.0284,,,,,
2013-10-01,137041.0,7.2,24.09,,73.2,3.0,233.669,12033.0,0.08,96.761,62.8,,,102.09,,2640.6,41.9,98.83395,15.54,5.22,2.33,202.5,366444.0,7.2,1.3534,13.1771,2.224,1.0333,98.00258,,9.5,1.25,7.3
2013-10-02,,,,,,,,,0.07,,,,,104.15,,,,,16.6,,2.32,,,,1.3592,13.153,2.2031,1.033,,,,,
2013-10-03,,,,,,,,,0.08,,,,,103.29,,,,,17.67,,2.29,,,,1.3642,13.2465,2.2086,1.0324,,,,,
2013-10-04,,,,,,,,,0.08,,,,,103.83,,,,,16.74,,2.33,,,,1.3582,13.0855,2.2005,1.0306,,,,,
2013-10-05,,,,368000.0,,,,,0.08,,,,,,2929000.0,,,,,,,,,,,,,,,,,,
2013-10-06,,,,,,,,,0.08,,,,,,,,,,,,,,,,,,,,,,,,
2013-10-07,,,,,,,,,0.08,,,,3.367,103.07,,,,,19.41,,2.28,,,,1.3569,13.088,2.2027,1.0306,,,,,
2013-10-08,,,,,,,,,0.08,,,,,103.54,,,,,20.34,,2.26,,,,1.3582,13.152,2.2016,1.033,,,,,
2013-10-09,,,,,,,,,0.09,,,,,101.63,,,,,19.6,,2.31,,,,1.3513,13.202,2.208,1.0396,,,,,
2013-10-10,,,,,,,,,0.09,,,,,103.08,,,,,16.48,,2.36,,,,1.3535,13.07,2.1769,1.0382,,,,,
2013-10-11,,,,,,,,,0.1,,,,,102.17,,,,,15.72,,2.35,,,,1.3559,13.0475,2.1846,1.0383,,,,,
2013-10-12,,,,368000.0,,,,,0.1,,,,,,2925000.0,,,,,,,,,,,,,,,,,,
2013-10-13,,,,,,,,,0.1,,,,,,,,,,,,,,,,,,,,,,,,
2013-10-14,,,,,,,,,0.1,,,,3.354,102.46,,,,,16.07,,,,,,,,,,,,,,
2013-10-15,,,,,,,,,0.1,,,,,101.15,,,,,18.66,,2.38,,,,1.3494,12.9485,2.1765,1.0372,,,,,
2013-10-16,,,,,,,,,0.11,,,,,102.34,,,,,14.71,,2.35,,,,1.349,12.8585,2.1567,1.0345,,,,,
2013-10-17,,,,,,,,,0.1,,,,,100.72,,,,,13.48,,2.28,,,,1.3664,12.7665,2.1615,1.0285,,,,,
2013-10-18,,,,,,,,,0.1,,,,,100.87,,,,,13.04,,2.27,,,,1.3693,12.801,2.163,1.0287,,,,,
2013-10-19,,,,351000.0,,,,,0.1,,,,,,2933000.0,,,,,,,,,,,,,,,,,,
2013-10-20,,,,,,,,,0.1,,,,,,,,,,,,,,,,,,,,,,,,
2013-10-21,,,,,,,,,0.09,,,,3.36,99.28,,,,,13.16,,2.3,,,,1.3672,12.959,2.1728,1.0296,,,,,
2013-10-22,,,,,,,,,0.08,,,,,97.63,,,,,13.33,,2.23,,,,1.3778,12.861,2.1673,1.0282,,,,,
2013-10-23,,,,,,,,,0.08,,,,,96.9,,,,,13.42,,2.2,,,,1.3786,12.9335,2.1805,1.0384,,,,,
2013-10-24,,,,,,,,,0.08,,,,,96.65,,,,,13.2,,2.2,,,,1.381,12.977,2.1948,1.0421,,,,,
2013-10-25,,,,,,,,,0.08,,,,,97.4,,,,,13.09,,2.21,,,,1.3794,12.875,2.187,1.0449,,,,,
2013-10-26,,,,347000.0,,,,,0.08,,,,,,2927000.0,,,,,,,,,,,,,,,,,,
2013-10-27,,,,,,,,,0.08,,,,,,,,,,,,,,,,,,,,,,,,
2013-10-28,,,,,,,,,0.08,,,,3.294,98.74,,,,,13.31,,2.22,,,,1.3786,12.8625,2.1828,1.0443,,,,,
2013-10-29,,,,,,,,,0.08,,,,,98.29,,,,,13.41,,2.22,,,,1.377,12.874,2.1785,1.0445,,,,,
2013-10-30,,,,,,,,,0.08,,,,,96.81,,,,,13.65,,2.22,,,,1.3771,12.8765,2.186,1.0454,,,,,
2013-10-31,,,,,,,,,0.07,,,,,96.29,,,,,13.75,,2.26,,,,1.3594,12.9995,2.2235,1.0429,,,,,
2013-11-01,137317.0,6.9,24.16,,75.1,2.9,234.1,12054.0,0.08,,63.0,,,94.56,,2660.0,42.0,98.93504,13.28,5.3,2.32,201.2,366868.0,7.2,1.3488,13.0815,2.2585,1.0442,99.64562,,10.0,1.25,7.1
2013-11-02,,,,342000.0,,,,,0.08,,,,,,2873000.0,,,,,,,,,,,,,,,,,,
2013-11-03,,,,,,,,,0.08,,,,,,,,,,,,,,,,,,,,,,,,
2013-11-04,,,,,,,,,0.08,,,,3.265,94.58,,,,,12.93,,2.31,,,,1.3516,12.9855,2.2425,1.0414,,,,,
2013-11-05,,,,,,,,,0.08,,,,,93.4,,,,,13.27,,2.37,,,,1.347,13.14,2.285,1.0447,,,,,
2013-11-06,,,,,,,,,0.08,,,,,94.74,,,,,12.67,,2.37,,,,1.353,13.1495,2.2865,1.0418,,,,,
2013-11-07,,,,,,,,,0.08,,,,,94.25,,,,,13.91,,2.34,,,,1.339,13.1975,2.2995,1.0441,,,,,
2013-11-08,,,,,,,,,0.08,,,,,94.56,,,,,12.9,,2.45,,,,1.3357,13.243,2.3201,1.0486,,,,,
2013-11-09,,,,340000.0,,,,,0.08,,,,,,2925000.0,,,,,,,,,,,,,,,,,,
2013-11-10,,,,,,,,,0.08,,,,,,,,,,,,,,,,,,,,,,,,
2013-11-11,,,,,,,,,0.08,,,,3.194,95.13,,,,,12.53,,,,,,,,,,,,,,
2013-11-12,,,,,,,,,0.08,,,,,93.12,,,,,12.82,,2.46,,,,1.3428,13.198,2.3303,1.05,,,,,
2013-11-13,,,,,,,,,0.08,,,,,93.91,,,,,12.52,,2.43,,,,1.3456,13.085,2.3259,1.0468,,,,,
2013-11-14,,,,,,,,,0.09,,,,,93.76,,,,,12.37,,2.4,,,,1.3468,13.007,2.3229,1.0497,,,,,
2013-11-15,,,,,,,,,0.09,,,,,93.8,,,,,12.19,,2.4,,,,1.348,12.9505,2.314,1.0457,,,,,
2013-11-16,,,,331000.0,,,,,0.09,,,,,,2837000.0,,,,,,,,,,,,,,,,,,
2013-11-17,,,,,,,,,0.09,,,,,,,,,,,,,,,,,,,,,,,,
2013-11-18,,,,,,,,,0.09,,,,3.219,93.03,,,,,13.1,,2.36,,,,1.352,12.871,2.2705,1.0426,,,,,
2013-11-19,,,,,,,,,0.09,,,,,93.35,,,,,13.39,,2.42,,,,1.3529,12.8965,2.2673,1.0467,,,,,
2013-11-20,,,,,,,,,0.09,,,,,93.34,,,,,13.4,,2.52,,,,1.3451,12.9805,2.2705,1.0446,,,,,
2013-11-21,,,,,,,,,0.09,,,,,95.35,,,,,12.66,,2.5,,,,1.347,13.0635,2.308,1.0506,,,,,
2013-11-22,,,,,,,,,0.09,,,,,94.53,,,,,12.26,,2.44,,,,1.3547,12.9985,2.2908,1.0534,,,,,
2013-11-23,,,,316000.0,,,,,0.09,,,,,,2813000.0,,,,,,,,,,,,,,,,,,
2013-11-24,,,,,,,,,0.09,,,,,,,,,,,,,,,,,,,,,,,,
2013-11-25,,,,,,,,,0.09,,,,3.293,93.86,,,,,12.79,,2.44,,,,1.3502,13.013,2.29,1.0554,,,,,
2013-11-26,,,,,,,,,0.09,,,,,93.41,,,,,12.81,,2.42,,,,1.3555,13.0665,2.298,1.0547,,,,,
2013-11-27,,,,,,,,,0.09,,,,,92.05,,,,,12.98,,2.46,,,,1.3563,13.096,2.308,1.0595,,,,,
2013-11-28,,,,,,,,,0.09,,,,,,,,,,,,,,,,,,,,,,,,
2013-11-29,,,,,,,,,0.07,,,,,92.55,,,,,13.7,,2.47,,,,1.3606,13.111,2.3345,1.0597,,,,,
2013-11-30,,,,312000.0,,,,,0.07,,,,,,2808000.0,,,,,,,,,,,,,,,,,,
2013-12-01,137372.0,6.7,24.18,,82.5,3.0,234.719,12060.0,0.07,,62.9,,,,,2685.2,41.9,99.24061,,5.29,,202.0,369499.0,7.1,,,,,99.83892,,10.0,1.25,7.4
2013-12-02,,,,,,,,,0.09,,,,3.272,93.61,,,,,14.23,,2.51,,,,1.3552,13.203,2.353,1.0632,,,,,
2013-12-03,,,,,,,,,0.09,,,,,95.83,,,,,14.55,,2.51,,,,1.3604,13.2165,2.3664,1.066,,,,,
2013-12-04,,,,,,,,,0.09,,,,,96.97,,,,,14.7,,2.54,,,,1.3555,13.102,2.3784,1.0696,,,,,
2013-12-05,,,,,,,,,0.09,,,,,97.14,,,,,15.08,,2.58,,,,1.3664,13.0185,2.362,1.0638,,,,,
2013-12-06,,,,,,,,,0.09,,,,,97.48,,,,,13.79,,2.58,,,,1.369,12.938,2.3338,1.0663,,,,,
2013-12-07,,,,354000.0,,,,,0.09,,,,,,2892000.0,,,,,,,,,,,,,,,,,,
2013-12-08,,,,,,,,,0.09,,,,,,,,,,,,,,,,,,,,,,,,
2013-12-09,,,,,,,,,0.09,,,,3.269,97.1,,,,,13.49,,2.56,,,,1.3726,12.8505,2.3197,1.0641,,,,,
2013-12-10,,,,,,,,,0.09,,,,,98.32,,,,,13.91,,2.51,,,,1.3765,12.885,2.3106,1.0622,,,,,
2013-12-11,,,,,,,,,0.08,,,,,97.25,,,,,15.42,,2.55,,,,1.3798,12.9225,2.3308,1.0605,,,,,
2013-12-12,,,,,,,,,0.09,,,,,97.21,,,,,15.54,,2.55,,,,1.3752,13.038,2.339,1.0641,,,,,
2013-12-13,,,,,,,,,0.08,,,,,96.27,,,,,15.76,,2.54,,,,1.3724,12.9575,2.337,1.0594,,,,,
2013-12-14,,,,364000.0,,,,,0.08,,,,,,2903000.0,,,,,,,,,,,,,,,,,,
2013-12-15,,,,,,,,,0.08,,,,,,,,,,,,,,,,,,,,,,,,
2013-12-16,,,,,,,,,0.09,,,,3.239,97.18,,,,,16.03,,2.55,,,,1.3757,12.945,2.3215,1.0577,,,,,
2013-12-17,,,,,,,,,0.09,,,,,96.99,,,,,16.21,,2.51,,,,1.3748,12.953,2.3181,1.0611,,,,,
2013-12-18,,,,,,,,,0.09,,,,,97.59,,,,,13.8,,2.57,,,,1.3766,12.9925,2.3462,1.0645,,,,,
2013-12-19,,,,,,,,,0.09,,,,,98.4,,,,,14.15,,2.59,,,,1.3666,12.971,2.3535,1.0677,,,,,
2013-12-20,,,,,,,,,0.09,,,,,99.11,,,,,13.79,,2.52,,,,1.3673,12.9475,2.3741,1.0679,,,,,
2013-12-21,,,,334000.0,,,,,0.09,,,,,,2832000.0,,,,,,,,,,,,,,,,,,
2013-12-22,,,,,,,,,0.09,,,,,,,,,,,,,,,,,,,,,,,,
2013-12-23,,,,,,,,,0.09,,,,3.271,98.62,,,,,13.04,,2.56,,,,1.3701,12.9725,2.3685,1.0602,,,,,
2013-12-24,,,,,,,,,0.08,,,,,98.87,,,,,12.48,,2.61,,,,1.3676,13.019,2.357,1.0618,,,,,
2013-12-25,,,,,,,,,0.08,,,,,,,,,,,,,,,,,,,,,,,,
2013-12-26,,,,,,,,,0.08,,,,,99.18,,,,,12.33,,2.58,,,,1.369,13.0555,2.3535,1.0648,,,,,
2013-12-27,,,,,,,,,0.08,,,,,99.94,,,,,12.46,,2.62,,,,1.3766,13.073,2.3527,1.0697,,,,,
2013-12-28,,,,332000.0,,,,,0.08,,,,,,2807000.0,,,,,,,,,,,,,,,,,,
2013-12-29,,,,,,,,,0.08,,,,,,,,,,,,,,,,,,,,,,,,
2013-12-30,,,,,,,,,0.08,,,,3.331,98.9,,,,,13.56,,2.6,,,,1.3816,13.049,2.3524,1.064,,,,,
2013-12-31,,,,,,,,,0.07,,,,,98.17,,,,,13.72,,2.66,,,,1.3779,13.098,2.3608,1.0637,,,,,
2014-01-01,137561.0,6.6,24.22,,81.2,3.1,235.288,12058.0,0.07,95.957,62.9,,,,,2675.6,41.6,99.41454,,5.12,,203.8,366684.0,6.9,,,,,99.16237,,10.5,1.25,7.3
2014-01-02,,,,,,,,,0.08,,,,,95.14,,,,,14.23,,2.61,,,,1.367,13.1155,2.4015,1.0634,,,,,
2014-01-03,,,,,,,,,0.08,,,,,93.66,,,,,13.76,,2.6,,,,1.3606,13.1055,2.3831,1.0612,,,,,
2014-01-04,,,,322000.0,,,,,0.08,,,,,,2903000.0,,,,,,,,,,,,,,,,,,
2014-01-05,,,,,,,,,0.08,,,,,,,,,,,,,,,,,,,,,,,,
2014-01-06,,,,,,,,,0.08,,,,3.332,93.12,,,,,13.55,,2.58,,,,1.3636,13.093,2.3744,1.0658,,,,,
2014-01-07,,,,,,,,,0.07,,,,,93.31,,,,,12.92,,2.56,,,,1.3618,13.045,2.3732,1.0742,,,,,
2014-01-08,,,,,,,,,0.07,,,,,91.9,,,,,12.87,,2.58,,,,1.3586,13.0905,2.3883,1.0802,,,,,
2014-01-09,,,,,,,,,0.07,,,,,91.36,,,,,12.89,,2.53,,,,1.3591,13.155,2.4017,1.085,,,,,
2014-01-10,,,,,,,,,0.07,,,,,92.39,,,,,12.14,,2.49,,,,1.3664,12.9965,2.3645,1.0915,,,,,
2014-01-11,,,,318000.0,,,,,0.07,,,,,,2907000.0,,,,,,,,,,,,,,,,,,
2014-01-12,,,,,,,,,0.07,,,,,,,,,,,,,,,,,,,,,,,,
2014-01-13,,,,,,,,,0.07,,,,3.327,91.45,,,,,13.28,,2.45,,,,1.3647,13.0135,2.354,1.0868,,,,,
2014-01-14,,,,,,,,,0.07,,,,,92.15,,,,,12.28,,2.49,,,,1.3682,13.0865,2.3557,1.0934,,,,,
2014-01-15,,,,,,,,,0.07,,,,,93.78,,,,,12.28,,2.49,,,,1.3604,13.164,2.35,1.0932,,,,,
2014-01-16,,,,,,,,,0.07,,,,,93.54,,,,,12.53,,2.45,,,,1.36,13.3115,2.3681,1.0926,,,,,
2014-01-17,,,,,,,,,0.07,,,,,93.96,,,,,12.44,,2.44,,,,1.3554,13.268,2.355,1.0959,,,,,
2014-01-18,,,,327000.0,,,,,0.07,,,,,,2847000.0,,,,,,,,,,,,,,,,,,
2014-01-19,,,,,,,,,0.07,,,,,,,,,,,,,,,,,,,,,,,,
2014-01-20,,,,,,,,,0.07,,,,3.296,,,,,,,,,,,,,,,,,,,,
2014-01-21,,,,,,,,,0.07,,,,,94.51,,,,,12.87,,2.45,,,,1.356,13.297,2.362,1.0971,,,,,
2014-01-22,,,,,,,,,0.07,,,,,96.35,,,,,12.84,,2.43,,,,1.3546,13.318,2.3739,1.1069,,,,,
2014-01-23,,,,,,,,,0.07,,,,,97.23,,,,,13.77,,2.4,,,,1.368,13.3785,2.3895,1.1128,,,,,
2014-01-24,,,,,,,,,0.07,,,,,96.66,,,,,18.14,,2.38,,,,1.368,13.456,2.4008,1.1063,,,,,
2014-01-25,,,,340000.0,,,,,0.07,,,,,,2850000.0,,,,,,,,,,,,,,,,,,
2014-01-26,,,,,,,,,0.07,,,,,,,,,,,,,,,,,,,,,,,,
2014-01-27,,,,,,,,,0.07,,,,3.295,95.82,,,,,17.42,,2.41,,,,1.3679,13.445,2.4185,1.1097,,,,,
2014-01-28,,,,,,,,,0.07,,,,,97.49,,,,,15.8,,2.39,,,,1.3662,13.3135,2.4262,1.1148,,,,,
2014-01-29,,,,,,,,,0.07,,,,,97.34,,,,,17.35,,2.33,,,,1.3663,13.3415,2.4361,1.1147,,,,,
2014-01-30,,,,,,,,,0.07,,,,,98.25,,,,,17.29,,2.36,,,,1.3549,13.3105,2.4133,1.1171,,,,,
2014-01-31,,,,,,,,,0.07,,,,,97.55,,,,,18.41,,2.33,,,,1.35,13.3585,2.4116,1.1116,,,,,
2014-02-01,137712.0,6.7,24.33,331000.0,81.6,3.2,235.547,12084.0,0.07,,62.9,,,,2852000.0,2702.7,41.6,99.48507,,5.03,,205.7,371335.0,6.7,,,,,99.16237,,10.75,1.25,7.3
2014-02-02,,,,,,,,,0.07,,,,,,,,,,,,,,,,,,,,,,,,
2014-02-03,,,,,,,,,0.07,,,,3.292,96.44,,,,,21.44,,2.31,,,,1.3523,13.509,2.4373,1.1074,,,,,
2014-02-04,,,,,,,,,0.07,,,,,97.24,,,,,19.11,,2.33,,,,1.3507,13.3605,2.406,1.1056,,,,,
2014-02-05,,,,,,,,,0.07,,,,,97.4,,,,,19.95,,2.38,,,,1.3519,13.3375,2.397,1.11,,,,,
2014-02-06,,,,,,,,,0.07,,,,,97.84,,,,,17.23,,2.4,,,,1.3604,13.2175,2.3858,1.1065,,,,,
2014-02-07,,,,,,,,,0.06,,,,,99.98,,,,,15.29,,2.41,,,,1.3614,13.3305,2.382,1.1014,,,,,
2014-02-08,,,,337000.0,,,,,0.06,,,,,,2859000.0,,,,,,,,,,,,,,,,,,
2014-02-09,,,,,,,,,0.06,,,,,,,,,,,,,,,,,,,,,,,,
2014-02-10,,,,,,,,,0.07,,,,3.309,100.12,,,,,15.26,,2.38,,,,1.3644,13.3035,2.3925,1.1048,,,,,
2014-02-11,,,,,,,,,0.06,,,,,99.96,,,,,14.51,,2.4,,,,1.3654,13.2845,2.4083,1.1024,,,,,
2014-02-12,,,,,,,,,0.07,,,,,100.38,,,,,14.3,,2.45,,,,1.3592,13.3125,2.4121,1.0992,,,,,
2014-02-13,,,,,,,,,0.06,,,,,100.27,,,,,14.14,,2.41,,,,1.3669,13.338,2.4135,1.0979,,,,,
2014-02-14,,,,,,,,,0.06,,,,,100.31,,,,,13.57,,2.43,,,,1.369,13.2505,2.3859,1.0981,,,,,
2014-02-15,,,,332000.0,,,,,0.06,,,,,,2861000.0,,,,,,,,,,,,,,,,,,
2014-02-16,,,,,,,,,0.06,,,,,,,,,,,,,,,,,,,,,,,,
2014-02-17,,,,,,,,,0.06,,,,3.38,,,,,,,,,,,,,,,,,,,,
2014-02-18,,,,,,,,,0.07,,,,,102.54,,,,,13.87,,2.4,,,,1.3758,13.2285,2.3902,1.0952,,,,,
2014-02-19,,,,,,,,,0.07,,,,,103.46,,,,,15.5,,2.4,,,,1.3762,13.272,2.3895,1.1045,,,,,
2014-02-20,,,,,,,,,0.07,,,,,103.2,,,,,14.79,,2.42,,,,1.369,13.2935,2.3713,1.1104,,,,,
2014-02-21,,,,,,,,,0.07,,,,,102.53,,,,,14.68,,2.4,,,,1.3722,13.271,2.3565,1.1128,,,,,
2014-02-22,,,,341000.0,,,,,0.07,,,,,,2823000.0,,,,,,,,,,,,,,,,,,
2014-02-23,,,,,,,,,0.07,,,,,,,,,,,,,,,,,,,,,,,,
2014-02-24,,,,,,,,,0.07,,,,3.444,103.17,,,,,14.23,,2.4,,,,1.3744,13.2035,2.33,1.1058,,,,,
2014-02-25,,,,,,,,,0.07,,,,,102.2,,,,,13.67,,2.36,,,,1.3749,13.211,2.3338,1.1085,,,,,
2014-02-26,,,,,,,,,0.07,,,,,102.93,,,,,14.35,,2.34,,,,1.3668,13.3175,2.3495,1.1117,,,,,
2014-02-27,,,,,,,,,0.07,,,,,102.68,,,,,14.04,,2.32,,,,1.3724,13.296,2.3315,1.1137,,,,,
2014-02-28,,,,,,,,,0.06,,,,,102.88,,,,,14.0,,2.33,,,,1.3806,13.2255,2.3321,1.1075,,,,,
2014-03-01,137985.0,6.7,24.31,319000.0,80.0,3.2,236.028,12096.0,0.06,,63.1,,,,2787000.0,2715.1,42.0,99.51752,,4.98,,207.0,375285.0,6.6,,,,,99.45232,,10.75,1.25,7.1
2014-03-02,,,,,,,,,0.06,,,,,,,,,,,,,,,,,,,,,,,,
2014-03-03,,,,,,,,,0.07,,,,3.479,105.34,,,,,16.0,,2.28,,,,1.3763,13.3315,2.3411,1.109,,,,,
2014-03-04,,,,,,,,,0.07,,,,,103.64,,,,,14.1,,2.37,,,,1.3731,13.282,2.3406,1.1113,,,,,
2014-03-05,,,,,,,,,0.08,,,,,101.75,,,,,13.89,,2.37,,,,1.3734,13.252,2.3281,1.105,,,,,
2014-03-06,,,,,,,,,0.08,,,,,101.82,,,,,14.21,,2.37,,,,1.3848,13.1425,2.3051,1.0965,,,,,
2014-03-07,,,,,,,,,0.08,,,,,102.82,,,,,14.11,,2.42,,,,1.3868,13.174,2.3383,1.1088,,,,,
2014-03-08,,,,322000.0,,,,,0.08,,,,,,2816000.0,,,,,,,,,,,,,,,,,,
2014-03-09,,,,,,,,,0.08,,,,,,,,,,,,,,,,,,,,,,,,
2014-03-10,,,,,,,,,0.08,,,,3.512,101.39,,,,,14.2,,2.42,,,,1.388,13.22,2.344,1.1104,,,,,
2014-03-11,,,,,,,,,0.08,,,,,100.29,,,,,14.8,,2.4,,,,1.3867,13.2325,2.3495,1.1085,,,,,
2014-03-12,,,,,,,,,0.08,,,,,98.29,,,,,14.47,,2.36,,,,1.3904,13.27,2.3617,1.113,,,,,
2014-03-13,,,,,,,,,0.08,,,,,98.57,,,,,16.22,,2.32,,,,1.3927,13.229,2.356,1.1059,,,,,
2014-03-14,,,,,,,,,0.08,,,,,99.23,,,,,17.82,,2.29,,,,1.3924,13.2275,2.3584,1.1087,,,,,
2014-03-15,,,,321000.0,,,,,0.08,,,,,,2764000.0,,,,,,,,,,,,,,,,,,
2014-03-16,,,,,,,,,0.08,,,,,,,,,,,,,,,,,,,,,,,,
2014-03-17,,,,,,,,,0.08,,,,3.547,98.43,,,,,15.64,,2.32,,,,1.3927,13.1975,2.3532,1.1052,,,,,
2014-03-18,,,,,,,,,0.08,,,,,100.08,,,,,14.52,,2.32,,,,1.3913,13.167,2.3415,1.1089,,,,,
2014-03-19,,,,,,,,,0.08,,,,,100.71,,,,,15.12,,2.31,,,,1.391,13.1685,2.331,1.1177,,,,,
2014-03-20,,,,,,,,,0.08,,,,,99.68,,,,,14.52,,2.34,,,,1.3784,13.2625,2.3339,1.1251,,,,,
2014-03-21,,,,,,,,,0.08,,,,,99.97,,,,,15.0,,2.3,,,,1.3783,13.22,2.3215,1.1191,,,,,
2014-03-22,,,,313000.0,,,,,0.08,,,,,,2800000.0,,,,,,,,,,,,,,,,,,
2014-03-23,,,,,,,,,0.08,,,,,,,,,,,,,,,,,,,,,,,,
2014-03-24,,,,,,,,,0.09,,,,3.549,100.05,,,,,15.09,,2.27,,,,1.3784,13.1945,2.322,1.1218,,,,,
2014-03-25,,,,,,,,,0.09,,,,,99.66,,,,,14.02,,2.28,,,,1.3777,13.1415,2.3092,1.1176,,,,,
2014-03-26,,,,,,,,,0.08,,,,,100.61,,,,,14.93,,2.26,,,,1.3786,13.126,2.306,1.1143,,,,,
2014-03-27,,,,,,,,,0.08,,,,,101.25,,,,,14.62,,2.24,,,,1.3752,13.068,2.2671,1.1056,,,,,
2014-03-28,,,,,,,,,0.08,,,,,101.73,,,,,14.41,,2.28,,,,1.3753,13.088,2.2627,1.1066,,,,,
2014-03-29,,,,330000.0,,,,,0.08,,,,,,2729000.0,,,,,,,,,,,,,,,,,,
2014-03-30,,,,,,,,,0.08,,,,,,,,,,,,,,,,,,,,,,,,
2014-03-31,,,,,,,,,0.06,,,,3.579,101.57,,,,,13.88,,2.29,,,,1.3777,13.056,2.2552,1.1053,,,,,
2014-04-01,138298.0,6.2,24.34,,84.1,3.2,236.468,12109.0,0.08,96.579,62.8,,,99.69,,2726.9,41.9,99.591,13.1,4.81,2.33,208.3,379432.0,6.4,1.3804,13.0265,2.2626,1.1026,99.06572,,11.0,1.25,7.1
2014-04-02,,,,,,,,,0.09,,,,,99.6,,,,,13.09,,2.35,,,,1.3761,13.1005,2.2704,1.103,,,,,
2014-04-03,,,,,,,,,0.08,,,,,100.29,,,,,13.37,,2.34,,,,1.3708,13.1335,2.2795,1.1035,,,,,
2014-04-04,,,,,,,,,0.08,,,,,101.16,,,,,13.96,,2.31,,,,1.3704,13.0265,2.2403,1.0978,,,,,
2014-04-05,,,,311000.0,,,,,0.08,,,,,,2730000.0,,,,,,,,,,,,,,,,,,
2014-04-06,,,,,,,,,0.08,,,,,,,,,,,,,,,,,,,,,,,,
2014-04-07,,,,,,,,,0.09,,,,3.596,100.43,,,,,15.57,,2.3,,,,1.3745,13.009,2.2209,1.0971,,,,,
2014-04-08,,,,,,,,,0.08,,,,,102.57,,,,,14.89,,2.29,,,,1.3802,12.95,2.194,1.0919,,,,,
2014-04-09,,,,,,,,,0.08,,,,,103.55,,,,,13.82,,2.34,,,,1.3816,13.0525,2.2154,1.0902,,,,,
2014-04-10,,,,,,,,,0.08,,,,,103.37,,,,,15.89,,2.28,,,,1.3892,13.0455,2.1954,1.0912,,,,,
2014-04-11,,,,,,,,,0.09,,,,,103.68,,,,,17.03,,2.26,,,,1.3898,13.074,2.2075,1.096,,,,,
2014-04-12,,,,308000.0,,,,,0.09,,,,,,2680000.0,,,,,,,,,,,,,,,,,,
2014-04-13,,,,,,,,,0.09,,,,,,,,,,,,,,,,,,,,,,,,
2014-04-14,,,,,,,,,0.09,,,,3.651,104.05,,,,,16.11,,2.28,,,,1.3824,13.051,2.2096,1.0968,,,,,
2014-04-15,,,,,,,,,0.1,,,,,103.7,,,,,15.61,,2.25,,,,1.3806,13.096,2.2355,1.098,,,,,
2014-04-16,,,,,,,,,0.09,,,,,103.71,,,,,14.18,,2.26,,,,1.382,13.0545,2.2355,1.1027,,,,,
2014-04-17,,,,,,,,,0.09,,,,,104.33,,,,,13.36,,2.3,,,,1.3832,13.0565,2.2488,1.0997,,,,,
2014-04-18,,,,,,,,,0.1,,,,,,,,,,,,,,,,1.3816,13.0425,2.237,1.1024,,,,,
2014-04-19,,,,327000.0,,,,,0.1,,,,,,2767000.0,,,,,,,,,,,,,,,,,,
2014-04-20,,,,,,,,,0.1,,,,,,,,,,,,,,,,,,,,,,,,
2014-04-21,,,,,,,,,0.1,,,,3.683,104.35,,,,,13.25,,2.31,,,,1.379,13.04,2.236,1.102,,,,,
2014-04-22,,,,,,,,,0.1,,,,,101.69,,,,,13.19,,2.28,,,,1.3804,13.05,2.2425,1.1025,,,,,
2014-04-23,,,,,,,,,0.1,,,,,101.47,,,,,13.27,,2.27,,,,1.3814,13.092,2.2372,1.1034,,,,,
2014-04-24,,,,,,,,,0.1,,,,,102.2,,,,,13.32,,2.27,,,,1.3828,13.0955,2.2231,1.1026,,,,,
2014-04-25,,,,,,,,,0.09,,,,,100.85,,,,,14.06,,2.25,,,,1.3838,13.135,2.2357,1.1041,,,,,
2014-04-26,,,,345000.0,,,,,0.09,,,,,,2707000.0,,,,,,,,,,,,,,,,,,
2014-04-27,,,,,,,,,0.09,,,,,,,,,,,,,,,,,,,,,,,,
2014-04-28,,,,,,,,,0.09,,,,3.713,101.13,,,,,13.97,,2.26,,,,1.3844,13.1425,2.231,1.1032,,,,,
2014-04-29,,,,,,,,,0.1,,,,,101.56,,,,,13.71,,2.27,,,,1.3808,13.1155,2.2205,1.0963,,,,,
2014-04-30,,,,,,,,,0.09,,,,,100.07,,,,,13.41,,2.25,,,,1.387,13.0835,2.236,1.0956,,,,,
2014-05-01,138513.0,6.3,24.4,,81.9,3.3,236.918,12120.0,0.09,,62.9,,,99.69,,2737.3,42.1,99.5773,13.25,4.67,2.22,208.0,379787.0,6.3,1.3867,13.0525,2.2335,1.0965,98.58247,,11.0,1.25,7.3
2014-05-02,,,,,,,,,0.09,,,,,100.09,,,,,12.91,,2.18,,,,1.3864,12.9985,2.2177,1.0973,,,,,
2014-05-03,,,,325000.0,,,,,0.09,,,,,,2702000.0,,,,,,,,,,,,,,,,,,
2014-05-04,,,,,,,,,0.09,,,,,,,,,,,,,,,,,,,,,,,,
2014-05-05,,,,,,,,,0.09,,,,3.684,99.74,,,,,13.29,,2.2,,,,1.3884,13.008,2.2324,1.0955,,,,,
2014-05-06,,,,,,,,,0.09,,,,,99.81,,,,,13.8,,2.18,,,,1.3924,13.0025,2.2278,1.089,,,,,
2014-05-07,,,,,,,,,0.08,,,,,101.06,,,,,13.4,,2.21,,,,1.3917,12.98,2.2231,1.0895,,,,,
2014-05-08,,,,,,,,,0.08,,,,,100.52,,,,,13.43,,2.21,,,,1.3864,12.9455,2.2048,1.0856,,,,,
2014-05-09,,,,,,,,,0.08,,,,,100.32,,,,,12.92,,2.22,,,,1.3763,12.986,2.215,1.0899,,,,,
2014-05-10,,,,303000.0,,,,,0.08,,,,,,2691000.0,,,,,,,,,,,,,,,,,,
2014-05-11,,,,,,,,,0.08,,,,,,,,,,,,,,,,,,,,,,,,
2014-05-12,,,,,,,,,0.08,,,,3.668,100.89,,,,,12.23,,2.25,,,,1.376,12.9575,2.219,1.0886,,,,,
2014-05-13,,,,,,,,,0.09,,,,,102.01,,,,,12.13,,2.22,,,,1.3711,12.926,2.2095,1.0892,,,,,
2014-05-14,,,,,,,,,0.08,,,,,102.63,,,,,12.17,,2.15,,,,1.3718,12.885,2.2043,1.0887,,,,,
2014-05-15,,,,,,,,,0.09,,,,,101.74,,,,,13.17,,2.12,,,,1.3712,12.9745,2.225,1.0887,,,,,
2014-05-16,,,,,,,,,0.09,,,,,102.31,,,,,12.44,,2.14,,,,1.3708,12.922,2.2115,1.0883,,,,,
2014-05-17,,,,324000.0,,,,,0.09,,,,,,2657000.0,,,,,,,,,,,,,,,,,,
2014-05-18,,,,,,,,,0.09,,,,,,,,,,,,,,,,,,,,,,,,
2014-05-19,,,,,,,,,0.09,,,,3.665,102.95,,,,,12.42,,2.18,,,,1.3716,12.8945,2.204,1.0861,,,,,
2014-05-20,,,,,,,,,0.09,,,,,102.8,,,,,12.96,,2.17,,,,1.3702,12.9365,2.21,1.09,,,,,
2014-05-21,,,,,,,,,0.09,,,,,104.31,,,,,11.91,,2.17,,,,1.3657,12.915,2.2075,1.0935,,,,,
2014-05-22,,,,,,,,,0.09,,,,,104.03,,,,,12.03,,2.19,,,,1.3652,12.8815,2.218,1.0897,,,,,
2014-05-23,,,,,,,,,0.09,,,,,105.01,,,,,11.36,,2.17,,,,1.3628,12.863,2.2154,1.087,,,,,
2014-05-24,,,,305000.0,,,,,0.09,,,,,,2646000.0,,,,,,,,,,,,,,,,,,
2014-05-25,,,,,,,,,0.09,,,,,,,,,,,,,,,,,,,,,,,,
2014-05-26,,,,,,,,,0.09,,,,3.674,,,,,,,,,,,,,,,,,,,,
2014-05-27,,,,,,,,,0.09,,,,,104.78,,,,,11.51,,2.13,,,,1.3618,12.887,2.2371,1.0869,,,,,
2014-05-28,,,,,,,,,0.09,,,,,103.37,,,,,11.68,,2.07,,,,1.3596,12.871,2.2388,1.0867,,,,,
2014-05-29,,,,,,,,,0.09,,,,,104.26,,,,,11.57,,2.08,,,,1.3608,12.8455,2.2188,1.0837,,,,,
2014-05-30,,,,,,,,,0.08,,,,,103.4,,,,,11.4,,2.11,,,,1.364,12.8605,2.2365,1.0867,,,,,
2014-05-31,,,,312000.0,,,,,0.08,,,,,,2641000.0,,,,,,,,,,,,,,,,,,
2014-06-01,138849.0,6.1,24.46,,82.5,3.1,237.231,12146.0,0.08,,62.8,,,,,2751.2,42.1,99.55072,,4.7,,208.3,380618.0,6.1,,,,,98.67912,,11.0,1.25,7.2
2014-06-02,,,,,,,,,0.09,,,,3.69,103.07,,,,,11.58,,2.15,,,,1.3606,12.911,2.2685,1.0894,,,,,
2014-06-03,,,,,,,,,0.1,,,,,103.34,,,,,11.87,,2.19,,,,1.3624,12.9375,2.2695,1.0915,,,,,
2014-06-04,,,,,,,,,0.09,,,,,103.27,,,,,12.08,,2.2,,,,1.3619,12.946,2.2846,1.0937,,,,,
2014-06-05,,,,,,,,,0.09,,,,,103.17,,,,,11.68,,2.19,,,,1.3618,12.8765,2.262,1.0935,,,,,
2014-06-06,,,,,,,,,0.09,,,,,103.32,,,,,10.73,,2.19,,,,1.3639,12.907,2.2421,1.0936,,,,,
2014-06-07,,,,317000.0,,,,,0.09,,,,,,2598000.0,,,,,,,,,,,,,,,,,,
2014-06-08,,,,,,,,,0.09,,,,,,,,,,,,,,,,,,,,,,,,
2014-06-09,,,,,,,,,0.09,,,,3.674,105.09,,,,,11.15,,2.19,,,,1.3589,12.988,2.2292,1.0908,,,,,
2014-06-10,,,,,,,,,0.09,,,,,105.02,,,,,10.99,,2.19,,,,1.3543,13.0435,2.2271,1.0914,,,,,
2014-06-11,,,,,,,,,0.09,,,,,105.04,,,,,11.6,,2.21,,,,1.3532,13.0295,2.2296,1.0867,,,,,
2014-06-12,,,,,,,,,0.09,,,,,107.2,,,,,12.56,,2.16,,,,1.3556,12.986,2.231,1.0851,,,,,
2014-06-13,,,,,,,,,0.1,,,,,107.49,,,,,12.18,,2.15,,,,1.3522,13.0215,2.2305,1.0868,,,,,
2014-06-14,,,,314000.0,,,,,0.1,,,,,,2595000.0,,,,,,,,,,,,,,,,,,
2014-06-15,,,,,,,,,0.1,,,,,,,,,,,,,,,,,,,,,,,,
2014-06-16,,,,,,,,,0.1,,,,3.686,107.52,,,,,12.65,,2.12,,,,1.3578,13.0264,2.2339,1.0849,,,,,
2014-06-17,,,,,,,,,0.1,,,,,106.95,,,,,12.06,,2.15,,,,1.3543,13.091,2.2561,1.0851,,,,,
2014-06-18,,,,,,,,,0.1,,,,,106.64,,,,,10.61,,2.13,,,,1.3567,13.066,2.2526,1.087,,,,,
2014-06-19,,,,,,,,,0.1,,,,,107.08,,,,,10.62,,2.16,,,,1.362,12.9955,2.2527,1.0828,,,,,
2014-06-20,,,,,,,,,0.1,,,,,107.95,,,,,10.85,,2.13,,,,1.3586,13.0065,2.236,1.0766,,,,,
2014-06-21,,,,315000.0,,,,,0.1,,,,,,2583000.0,,,,,,,,,,,,,,,,,,
2014-06-22,,,,,,,,,0.1,,,,,,,,,,,,,,,,,,,,,,,,
2014-06-23,,,,,,,,,0.1,,,,3.704,106.83,,,,,10.98,,2.15,,,,1.3593,12.995,2.2175,1.0731,,,,,
2014-06-24,,,,,,,,,0.1,,,,,106.64,,,,,12.13,,2.1,,,,1.3588,13.0195,2.2202,1.0739,,,,,
2014-06-25,,,,,,,,,0.1,,,,,107.04,,,,,11.59,,2.09,,,,1.3638,13.0195,2.2073,1.0721,,,,,
2014-06-26,,,,,,,,,0.1,,,,,106.49,,,,,11.63,,2.07,,,,1.361,13.02,2.2056,1.0706,,,,,
2014-06-27,,,,,,,,,0.1,,,,,106.46,,,,,11.26,,2.09,,,,1.3631,13.001,2.1974,1.0676,,,,,
2014-06-28,,,,308000.0,,,,,0.1,,,,,,2579000.0,,,,,,,,,,,,,,,,,,
2014-06-29,,,,,,,,,0.1,,,,,,,,,,,,,,,,,,,,,,,,
2014-06-30,,,,,,,,,0.09,,,,3.704,106.07,,,,,11.57,,2.06,,,,1.369,12.9695,2.203,1.0676,,,,,
2014-07-01,139072.0,6.2,24.48,,81.8,3.3,237.498,12165.0,0.1,97.406,62.9,,,106.06,,2768.4,42.0,99.54248,11.15,4.64,2.11,208.0,381045.0,6.0,1.3681,12.9455,2.2015,1.0652,100.3222,,11.0,1.25,7.1
2014-07-02,,,,,,,,,0.1,,,,,105.18,,,,,10.82,,2.15,,,,1.3656,12.9625,2.2169,1.0667,,,,,
2014-07-03,,,,,,,,,0.09,,,,,104.76,,,,,10.32,,2.13,,,,1.361,12.9665,2.2163,1.0633,,,,,
2014-07-04,,,,,,,,,0.09,,,,,,,,,,,,,,,,,,,,,,,,
2014-07-05,,,,302000.0,,,,,0.09,,,,,,2540000.0,,,,,,,,,,,,,,,,,,
2014-07-06,,,,,,,,,0.09,,,,,,,,,,,,,,,,,,,,,,,,
2014-07-07,,,,,,,,,0.1,,,,3.678,104.19,,,,,11.33,,2.11,,,,1.3604,13.003,2.2192,1.0662,,,,,
2014-07-08,,,,,,,,,0.09,,,,,104.06,,,,,11.98,,2.07,,,,1.3614,13.002,2.2134,1.0674,,,,,
2014-07-09,,,,,,,,,0.09,,,,,102.93,,,,,11.65,,2.06,,,,1.363,12.9725,2.2129,1.0648,,,,,
2014-07-10,,,,,,,,,0.09,,,,,103.61,,,,,12.59,,2.09,,,,1.36,12.9985,2.2223,1.0658,,,,,
2014-07-11,,,,,,,,,0.09,,,,,101.48,,,,,12.08,,2.05,,,,1.3598,12.982,2.22,1.072,,,,,
2014-07-12,,,,308000.0,,,,,0.09,,,,,,2528000.0,,,,,,,,,,,,,,,,,,
2014-07-13,,,,,,,,,0.09,,,,,,,,,,,,,,,,,,,,,,,,
2014-07-14,,,,,,,,,0.09,,,,3.635,101.73,,,,,11.82,,2.07,,,,1.362,12.9773,2.2135,1.0721,,,,,
2014-07-15,,,,,,,,,0.09,,,,,100.56,,,,,11.96,,2.07,,,,1.3573,12.9735,2.2237,1.0766,,,,,
2014-07-16,,,,,,,,,0.09,,,,,101.88,,,,,11.0,,2.05,,,,1.353,12.935,2.2235,1.0749,,,,,
2014-07-17,,,,,,,,,0.09,,,,,103.84,,,,,14.54,,2.0,,,,1.353,12.97,2.2446,1.0753,,,,,
2014-07-18,,,,,,,,,0.09,,,,,103.83,,,,,12.06,,1.99,,,,1.3515,12.961,2.2326,1.0737,,,,,
2014-07-19,,,,294000.0,,,,,0.09,,,,,,2542000.0,,,,,,,,,,,,,,,,,,
2014-07-20,,,,,,,,,0.09,,,,,,,,,,,,,,,,,,,,,,,,
2014-07-21,,,,,,,,,0.1,,,,3.593,105.34,,,,,12.81,,1.98,,,,1.3524,12.9685,2.2194,1.0736,,,,,
2014-07-22,,,,,,,,,0.09,,,,,104.59,,,,,12.24,,1.99,,,,1.347,12.9355,2.207,1.0744,,,,,
2014-07-23,,,,,,,,,0.09,,,,,103.81,,,,,11.52,,1.98,,,,1.3462,12.926,2.2184,1.0739,,,,,
2014-07-24,,,,,,,,,0.09,,,,,102.76,,,,,11.84,,1.99,,,,1.3468,12.955,2.2172,1.0741,,,,,
2014-07-25,,,,,,,,,0.09,,,,,105.23,,,,,12.69,,1.95,,,,1.3431,12.95,2.2286,1.0814,,,,,
2014-07-26,,,,303000.0,,,,,0.09,,,,,,2524000.0,,,,,,,,,,,,,,,,,,
2014-07-27,,,,,,,,,0.09,,,,,,,,,,,,,,,,,,,,,,,,
2014-07-28,,,,,,,,,0.09,,,,3.539,105.68,,,,,12.56,,1.96,,,,1.344,12.9875,2.2298,1.08,,,,,
2014-07-29,,,,,,,,,0.09,,,,,104.91,,,,,13.28,,1.93,,,,1.341,13.0655,2.229,1.0851,,,,,
2014-07-30,,,,,,,,,0.09,,,,,104.29,,,,,13.33,,2.01,,,,1.3378,13.1375,2.2533,1.0908,,,,,
2014-07-31,,,,,,,,,0.08,,,,,98.23,,,,,16.95,,2.05,,,,1.339,13.237,2.2696,1.0889,,,,,
2014-08-01,139269.0,6.1,24.54,,82.5,3.2,237.46,12182.0,0.09,,62.9,,,97.86,,2787.3,42.0,99.63799,17.03,4.6,2.05,207.0,384017.0,6.0,1.3436,13.214,2.2674,1.0918,96.74613,,11.0,1.25,7.0
2014-08-02,,,,295000.0,,,,,0.09,,,,,,2530000.0,,,,,,,,,,,,,,,,,,
2014-08-03,,,,,,,,,0.09,,,,,,,,,,,,,,,,,,,,,,,,
2014-08-04,,,,,,,,,0.09,,,,3.515,98.26,,,,,15.12,,2.04,,,,1.3414,13.198,2.2591,1.0916,,,,,
2014-08-05,,,,,,,,,0.09,,,,,97.34,,,,,16.87,,2.02,,,,1.3366,13.281,2.277,1.0969,,,,,
2014-08-06,,,,,,,,,0.09,,,,,96.93,,,,,16.37,,2.01,,,,1.3355,13.2545,2.2754,1.0926,,,,,
2014-08-07,,,,,,,,,0.09,,,,,97.34,,,,,16.66,,1.99,,,,1.3362,13.2665,2.2884,1.0922,,,,,
2014-08-08,,,,,,,,,0.09,,,,,97.61,,,,,15.77,,1.99,,,,1.3412,13.234,2.296,1.0982,,,,,
2014-08-09,,,,309000.0,,,,,0.09,,,,,,2508000.0,,,,,,,,,,,,,,,,,,
2014-08-10,,,,,,,,,0.09,,,,,,,,,,,,,,,,,,,,,,,,
2014-08-11,,,,,,,,,0.09,,,,3.505,98.09,,,,,14.23,,1.97,,,,1.3385,13.192,2.274,1.0933,,,,,
2014-08-12,,,,,,,,,0.09,,,,,97.36,,,,,14.13,,2.01,,,,1.3357,13.17,2.2739,1.0944,,,,,
2014-08-13,,,,,,,,,0.09,,,,,97.57,,,,,12.9,,2.0,,,,1.3367,13.106,2.2762,1.0929,,,,,
2014-08-14,,,,,,,,,0.09,,,,,95.54,,,,,12.42,,1.98,,,,1.3376,13.071,2.2709,1.091,,,,,
2014-08-15,,,,,,,,,0.09,,,,,97.3,,,,,13.15,,1.92,,,,1.3392,13.1015,2.2736,1.091,,,,,
2014-08-16,,,,303000.0,,,,,0.09,,,,,,2517000.0,,,,,,,,,,,,,,,,,,
2014-08-17,,,,,,,,,0.09,,,,,,,,,,,,,,,,,,,,,,,,
2014-08-18,,,,,,,,,0.09,,,,3.472,96.44,,,,,12.32,,1.95,,,,1.3358,13.0495,2.2595,1.0888,,,,,
2014-08-19,,,,,,,,,0.09,,,,,94.35,,,,,12.21,,1.94,,,,1.332,13.057,2.2555,1.0929,,,,,
2014-08-20,,,,,,,,,0.09,,,,,96.4,,,,,11.78,,1.94,,,,1.3284,13.0825,2.2537,1.0944,,,,,
2014-08-21,,,,,,,,,0.09,,,,,93.97,,,,,11.76,,1.92,,,,1.3284,13.0935,2.2555,1.0949,,,,,
2014-08-22,,,,,,,,,0.09,,,,,93.61,,,,,11.47,,1.87,,,,1.3237,13.1375,2.2784,1.0949,,,,,
2014-08-23,,,,300000.0,,,,,0.09,,,,,,2483000.0,,,,,,,,,,,,,,,,,,
2014-08-24,,,,,,,,,0.09,,,,,,,,,,,,,,,,,,,,,,,,
2014-08-25,,,,,,,,,0.09,,,,3.454,95.39,,,,,11.7,,1.86,,,,1.3206,13.1305,2.2823,1.098,,,,,
2014-08-26,,,,,,,,,0.09,,,,,95.78,,,,,11.63,,1.87,,,,1.3189,13.105,2.2725,1.095,,,,,
2014-08-27,,,,,,,,,0.09,,,,,95.82,,,,,11.78,,1.86,,,,1.3192,13.085,2.2594,1.089,,,,,
2014-08-28,,,,,,,,,0.09,,,,,96.44,,,,,12.05,,1.84,,,,1.3178,13.1175,2.2521,1.0857,,,,,
2014-08-29,,,,,,,,,0.07,,,,,97.86,,,,,11.98,,1.87,,,,1.315,13.069,2.2381,1.0858,,,,,
2014-08-30,,,,303000.0,,,,,0.07,,,,,,2486000.0,,,,,,,,,,,,,,,,,,
2014-08-31,,,,,,,,,0.07,,,,,,,,,,,,,,,,,,,,,,,,
2014-09-01,139563.0,5.9,24.56,,84.6,3.0,237.477,12201.0,0.07,,62.8,,3.459,,,2808.0,42.1,99.84365,,4.71,,206.4,382277.0,5.9,,,,,99.16237,,11.0,1.25,7.0
2014-09-02,,,,,,,,,0.09,,,,,92.92,,,,,12.25,,1.89,,,,1.3124,13.131,2.2513,1.0923,,,,,
2014-09-03,,,,,,,,,0.09,,,,,95.5,,,,,12.36,,1.89,,,,1.3136,13.0915,2.2308,1.0872,,,,,
2014-09-04,,,,,,,,,0.09,,,,,94.51,,,,,12.64,,1.91,,,,1.2926,13.1115,2.2399,1.0862,,,,,
2014-09-05,,,,,,,,,0.09,,,,,93.32,,,,,12.09,,1.94,,,,1.2956,13.068,2.244,1.089,,,,,
2014-09-06,,,,307000.0,,,,,0.09,,,,,,2452000.0,,,,,,,,,,,,,,,,,,
2014-09-07,,,,,,,,,0.09,,,,,,,,,,,,,,,,,,,,,,,,
2014-09-08,,,,,,,,,0.09,,,,3.457,92.64,,,,,12.66,,1.94,,,,1.2948,13.0755,2.2498,1.0933,,,,,
2014-09-09,,,,,,,,,0.09,,,,,92.73,,,,,13.5,,1.94,,,,1.2909,13.204,2.2825,1.101,,,,,
2014-09-10,,,,,,,,,0.09,,,,,91.71,,,,,12.88,,1.96,,,,1.2908,13.209,2.2956,1.0954,,,,,
2014-09-11,,,,,,,,,0.09,,,,,92.89,,,,,12.8,,1.96,,,,1.2936,13.212,2.2882,1.1032,,,,,
2014-09-12,,,,,,,,,0.09,,,,,92.18,,,,,13.31,,2.04,,,,1.2955,13.2485,2.3301,1.1075,,,,,
2014-09-13,,,,288000.0,,,,,0.09,,,,,,2465000.0,,,,,,,,,,,,,,,,,,
2014-09-14,,,,,,,,,0.09,,,,,,,,,,,,,,,,,,,,,,,,
2014-09-15,,,,,,,,,0.09,,,,3.408,92.86,,,,,14.12,,2.02,,,,1.2951,13.2315,2.3451,1.105,,,,,
2014-09-16,,,,,,,,,0.09,,,,,94.91,,,,,12.73,,2.05,,,,1.2976,13.154,2.3227,1.0985,,,,,
2014-09-17,,,,,,,,,0.09,,,,,94.33,,,,,12.65,,2.03,,,,1.2958,13.1805,2.3458,1.0951,,,,,
2014-09-18,,,,,,,,,0.09,,,,,93.07,,,,,12.03,,2.04,,,,1.2913,13.2355,2.3602,1.0946,,,,,
2014-09-19,,,,,,,,,0.09,,,,,92.43,,,,,12.11,,2.0,,,,1.2835,13.239,2.3747,1.0968,,,,,
2014-09-20,,,,295000.0,,,,,0.09,,,,,,2447000.0,,,,,,,,,,,,,,,,,,
2014-09-21,,,,,,,,,0.09,,,,,,,,,,,,,,,,,,,,,,,,
2014-09-22,,,,,,,,,0.09,,,,3.353,91.46,,,,,13.69,,1.99,,,,1.2829,13.2595,2.3862,1.1007,,,,,
2014-09-23,,,,,,,,,0.09,,,,,91.55,,,,,14.93,,1.97,,,,1.2858,13.2925,2.41,1.1059,,,,,
2014-09-24,,,,,,,,,0.09,,,,,93.6,,,,,13.27,,1.98,,,,1.2788,13.299,2.4022,1.1088,,,,,
2014-09-25,,,,,,,,,0.09,,,,,93.59,,,,,15.64,,1.96,,,,1.2748,13.38,2.4179,1.1105,,,,,
2014-09-26,,,,,,,,,0.09,,,,,95.55,,,,,14.85,,1.95,,,,1.2686,13.4445,2.4243,1.1162,,,,,
2014-09-27,,,,290000.0,,,,,0.09,,,,,,2427000.0,,,,,,,,,,,,,,,,,,
2014-09-28,,,,,,,,,0.09,,,,,,,,,,,,,,,,,,,,,,,,
2014-09-29,,,,,,,,,0.08,,,,3.354,94.53,,,,,15.98,,1.92,,,,1.2703,13.4823,2.4458,1.1142,,,,,
2014-09-30,,,,,,,,,0.07,,,,,91.17,,,,,16.31,,1.94,,,,1.2628,13.427,2.4484,1.1207,,,,,
2014-10-01,139798.0,5.7,24.59,,86.9,2.9,237.43,12233.0,0.09,97.075,62.9,,,90.74,,2808.8,42.1,100.1328,16.71,4.6,1.89,203.4,383323.0,5.9,1.2618,13.461,2.4746,1.1171,99.45232,,11.25,1.25,6.8
2014-10-02,,,,,,,,,0.09,,,,,91.02,,,,,16.16,,1.91,,,,1.267,13.41,2.4881,1.115,,,,,
2014-10-03,,,,,,,,,0.09,,,,,89.76,,,,,14.55,,1.88,,,,1.2517,13.4725,2.487,1.1254,,,,,
2014-10-04,,,,293000.0,,,,,0.09,,,,,,2441000.0,,,,,,,,,,,,,,,,,,
2014-10-05,,,,,,,,,0.09,,,,,,,,,,,,,,,,,,,,,,,,
2014-10-06,,,,,,,,,0.09,,,,3.299,90.33,,,,,15.46,,1.89,,,,1.2592,13.397,2.4086,1.1174,,,,,
2014-10-07,,,,,,,,,0.09,,,,,88.89,,,,,17.2,,1.84,,,,1.2626,13.437,2.3901,1.1182,,,,,
2014-10-08,,,,,,,,,0.09,,,,,87.29,,,,,15.11,,1.89,,,,1.2683,13.4855,2.4274,1.1181,,,,,
2014-10-09,,,,,,,,,0.08,,,,,85.76,,,,,18.76,,1.88,,,,1.2683,13.394,2.3922,1.115,,,,,
2014-10-10,,,,,,,,,0.09,,,,,85.87,,,,,21.24,,1.86,,,,1.2636,13.427,2.4096,1.1173,,,,,
2014-10-11,,,,281000.0,,,,,0.09,,,,,,2409000.0,,,,,,,,,,,,,,,,,,
2014-10-12,,,,,,,,,0.09,,,,,,,,,,,,,,,,,,,,,,,,
2014-10-13,,,,,,,,,0.09,,,,3.207,85.73,,,,,24.64,,,,,,,,,,,,,,
2014-10-14,,,,,,,,,0.09,,,,,81.72,,,,,22.79,,1.82,,,,1.266,13.4015,2.3943,1.1235,,,,,
2014-10-15,,,,,,,,,0.09,,,,,81.82,,,,,26.25,,1.81,,,,1.2778,13.5615,2.4393,1.1291,,,,,
2014-10-16,,,,,,,,,0.09,,,,,82.33,,,,,25.2,,1.82,,,,1.2812,13.5605,2.4742,1.1265,,,,,
2014-10-17,,,,,,,,,0.09,,,,,82.8,,,,,21.99,,1.83,,,,1.2755,13.5155,2.4328,1.1247,,,,,
2014-10-18,,,,290000.0,,,,,0.09,,,,,,2437000.0,,,,,,,,,,,,,,,,,,
2014-10-19,,,,,,,,,0.09,,,,,,,,,,,,,,,,,,,,,,,,
2014-10-20,,,,,,,,,0.09,,,,3.12,82.76,,,,,18.57,,1.83,,,,1.2783,13.5365,2.4555,1.1276,,,,,
2014-10-21,,,,,,,,,0.09,,,,,83.25,,,,,16.08,,1.85,,,,1.2724,13.506,2.4687,1.1219,,,,,
2014-10-22,,,,,,,,,0.09,,,,,80.52,,,,,17.87,,1.84,,,,1.2658,13.543,2.4711,1.1218,,,,,
2014-10-23,,,,,,,,,0.09,,,,,82.81,,,,,16.53,,1.88,,,,1.2658,13.524,2.5029,1.1236,,,,,
2014-10-24,,,,,,,,,0.09,,,,,81.27,,,,,16.11,,1.88,,,,1.2675,13.529,2.4657,1.1211,,,,,
2014-10-25,,,,291000.0,,,,,0.09,,,,,,2406000.0,,,,,,,,,,,,,,,,,,
2014-10-26,,,,,,,,,0.09,,,,,,,,,,,,,,,,,,,,,,,,
2014-10-27,,,,,,,,,0.09,,,,3.056,81.26,,,,,16.04,,1.86,,,,1.2712,13.5727,2.5429,1.1247,,,,,
2014-10-28,,,,,,,,,0.09,,,,,81.36,,,,,14.39,,1.88,,,,1.2747,13.488,2.4705,1.1176,,,,,
2014-10-29,,,,,,,,,0.09,,,,,82.25,,,,,15.15,,1.86,,,,1.2762,13.415,2.4349,1.1135,,,,,
2014-10-30,,,,,,,,,0.09,,,,,81.06,,,,,14.52,,1.84,,,,1.2622,13.43,2.4058,1.1191,,,,,
2014-10-31,,,,,,,,,0.07,,,,,80.53,,,,,14.03,,1.85,,,,1.253,13.4825,2.4535,1.1272,,,,,
2014-11-01,140089.0,5.8,24.66,280000.0,88.8,2.8,236.983,12260.0,0.07,,62.9,,,,2436000.0,2815.5,42.2,100.4875,,4.7,,200.9,384459.0,5.7,,,,,99.35567,,11.25,1.25,6.8
2014-11-02,,,,,,,,,0.07,,,,,,,,,,,,,,,,,,,,,,,,
2014-11-03,,,,,,,,,0.09,,,,2.993,78.77,,,,,14.73,,1.84,,,,1.2487,13.5405,2.4964,1.1319,,,,,
2014-11-04,,,,,,,,,0.1,,,,,77.15,,,,,14.89,,1.83,,,,1.2554,13.593,2.5178,1.1396,,,,,
2014-11-05,,,,,,,,,0.09,,,,,78.71,,,,,14.17,,1.84,,,,1.2488,13.5935,2.507,1.1377,,,,,
2014-11-06,,,,,,,,,0.09,,,,,77.87,,,,,13.67,,1.85,,,,1.2414,13.6205,2.5541,1.1423,,,,,
2014-11-07,,,,,,,,,0.09,,,,,78.71,,,,,13.12,,1.81,,,,1.2422,13.5625,2.5705,1.136,,,,,
2014-11-08,,,,291000.0,,,,,0.09,,,,,,2384000.0,,,,,,,,,,,,,,,,,,
2014-11-09,,,,,,,,,0.09,,,,,,,,,,,,,,,,,,,,,,,,
2014-11-10,,,,,,,,,0.09,,,,2.941,77.43,,,,,12.67,,1.83,,,,1.2425,13.5475,2.5402,1.1344,,,,,
2014-11-11,,,,,,,,,0.09,,,,,77.85,,,,,12.92,,,,,,,,,,,,,,
2014-11-12,,,,,,,,,0.09,,,,,77.16,,,,,13.02,,1.82,,,,1.2456,13.56,2.5496,1.1284,,,,,
2014-11-13,,,,,,,,,0.09,,,,,74.13,,,,,13.79,,1.82,,,,1.2476,13.612,2.5922,1.1349,,,,,
2014-11-14,,,,,,,,,0.09,,,,,75.91,,,,,13.31,,1.78,,,,1.2494,13.536,2.603,1.1294,,,,,
2014-11-15,,,,293000.0,,,,,0.09,,,,,,2351000.0,,,,,,,,,,,,,,,,,,
2014-11-16,,,,,,,,,0.09,,,,,,,,,,,,,,,,,,,,,,,,
2014-11-17,,,,,,,,,0.1,,,,2.894,75.64,,,,,13.99,,1.8,,,,1.2447,13.587,2.6016,1.1308,,,,,
2014-11-18,,,,,,,,,0.11,,,,,74.55,,,,,13.86,,1.79,,,,1.2534,13.545,2.5954,1.1305,,,,,
2014-11-19,,,,,,,,,0.1,,,,,74.55,,,,,13.96,,1.82,,,,1.2548,13.607,2.5744,1.1349,,,,,
2014-11-20,,,,,,,,,0.1,,,,,75.63,,,,,13.58,,1.81,,,,1.2526,13.617,2.5718,1.1311,,,,,
2014-11-21,,,,,,,,,0.1,,,,,76.52,,,,,12.9,,1.78,,,,1.2394,13.6255,2.5247,1.1237,,,,,
2014-11-22,,,,303000.0,,,,,0.1,,,,,,2389000.0,,,,,,,,,,,,,,,,,,
2014-11-23,,,,,,,,,0.1,,,,,,,,,,,,,,,,,,,,,,,,
2014-11-24,,,,,,,,,0.1,,,,2.821,75.74,,,,,12.62,,1.77,,,,1.2427,13.6415,2.5478,1.1279,,,,,
2014-11-25,,,,,,,,,0.1,,,,,74.04,,,,,12.25,,1.76,,,,1.2472,13.641,2.53,1.126,,,,,
2014-11-26,,,,,,,,,0.1,,,,,73.7,,,,,12.07,,1.71,,,,1.2503,13.7155,2.5006,1.1236,,,,,
2014-11-27,,,,,,,,,0.1,,,,,,,,,,,,,,,,,,,,,,,,
2014-11-28,,,,,,,,,0.08,,,,,65.94,,,,,13.33,,1.71,,,,1.2438,13.921,2.572,1.1426,,,,,
2014-11-29,,,,291000.0,,,,,0.08,,,,,,2484000.0,,,,,,,,,,,,,,,,,,
2014-11-30,,,,,,,,,0.08,,,,,,,,,,,,,,,,,,,,,,,,
2014-12-01,140364.0,5.6,24.63,,93.6,2.8,236.252,12266.0,0.13,,62.8,,2.778,68.98,,2833.3,42.1,100.8809,14.29,4.62,1.73,197.0,380682.0,5.6,1.249,13.9355,2.562,1.1343,100.9987,,11.75,1.25,6.7
2014-12-02,,,,,,,,,0.12,,,,,66.99,,,,,12.85,,1.73,,,,1.239,14.0695,2.5737,1.1397,,,,,
2014-12-03,,,,,,,,,0.12,,,,,67.3,,,,,12.47,,1.72,,,,1.2304,14.092,2.5549,1.1359,,,,,
2014-12-04,,,,,,,,,0.12,,,,,66.73,,,,,12.38,,1.7,,,,1.2432,14.102,2.5781,1.1374,,,,,
2014-12-05,,,,,,,,,0.12,,,,,65.89,,,,,11.82,,1.66,,,,1.2304,14.326,2.601,1.1423,,,,,
2014-12-06,,,,291000.0,,,,,0.12,,,,,,2381000.0,,,,,,,,,,,,,,,,,,
2014-12-07,,,,,,,,,0.12,,,,,,,,,,,,,,,,,,,,,,,,
2014-12-08,,,,,,,,,0.12,,,,2.679,63.13,,,,,14.21,,1.62,,,,1.2292,14.427,2.6142,1.1473,,,,,
2014-12-09,,,,,,,,,0.12,,,,,63.74,,,,,14.89,,1.58,,,,1.2415,14.3655,2.5941,1.1422,,,,,
2014-12-10,,,,,,,,,0.12,,,,,60.99,,,,,18.53,,1.59,,,,1.2425,14.5175,2.6106,1.1479,,,,,
2014-12-11,,,,,,,,,0.12,,,,,60.01,,,,,20.08,,1.57,,,,1.2397,14.705,2.6445,1.1534,,,,,
2014-12-12,,,,,,,,,0.12,,,,,57.81,,,,,21.08,,1.54,,,,1.2484,14.785,2.672,1.1538,,,,,
2014-12-13,,,,286000.0,,,,,0.12,,,,,,2379000.0,,,,,,,,,,,,,,,,,,
2014-12-14,,,,,,,,,0.12,,,,,,,,,,,,,,,,,,,,,,,,
2014-12-15,,,,,,,,,0.11,,,,2.554,55.96,,,,,20.42,,1.52,,,,1.247,14.794,2.6917,1.1629,,,,,
2014-12-16,,,,,,,,,0.12,,,,,55.97,,,,,23.57,,1.49,,,,1.2504,14.744,2.7306,1.1624,,,,,
2014-12-17,,,,,,,,,0.13,,,,,56.43,,,,,19.44,,1.52,,,,1.2406,14.5655,2.691,1.1629,,,,,
2014-12-18,,,,,,,,,0.13,,,,,54.18,,,,,16.81,,1.55,,,,1.2291,14.5585,2.6454,1.1594,,,,,
2014-12-19,,,,,,,,,0.13,,,,,56.91,,,,,16.49,,1.5,,,,1.2235,14.6635,2.6538,1.1626,,,,,
2014-12-20,,,,276000.0,,,,,0.13,,,,,,2338000.0,,,,,,,,,,,,,,,,,,
2014-12-21,,,,,,,,,0.13,,,,,,,,,,,,,,,,,,,,,,,,
2014-12-22,,,,,,,,,0.13,,,,2.403,55.25,,,,,15.25,,1.46,,,,1.2252,14.6405,2.6532,1.1644,,,,,
2014-12-23,,,,,,,,,0.13,,,,,56.78,,,,,14.8,,1.53,,,,1.218,14.7075,2.6996,1.1626,,,,,
2014-12-24,,,,,,,,,0.13,,,,,55.7,,,,,14.37,,1.54,,,,1.2188,14.746,2.695,1.1621,,,,,
2014-12-25,,,,,,,,,0.13,,,,,,,,,,,,,,,,,,,,,,,,
2014-12-26,,,,,,,,,0.13,,,,,54.59,,,,,14.5,,1.52,,,,,,,,,,,,
2014-12-27,,,,285000.0,,,,,0.13,,,,,,2422000.0,,,,,,,,,,,,,,,,,,
2014-12-28,,,,,,,,,0.13,,,,,,,,,,,,,,,,,,,,,,,,
2014-12-29,,,,,,,,,0.13,,,,2.299,53.46,,,,,15.06,,1.5,,,,1.2179,14.7125,2.6974,1.1631,,,,,
2014-12-30,,,,,,,,,0.13,,,,,54.14,,,,,15.92,,1.51,,,,1.2174,14.723,2.6605,1.1597,,,,,
2014-12-31,,,,,,,,,0.06,,,,,53.45,,,,,19.2,,1.5,,,,1.2101,14.75,2.6563,1.1601,,,,,
2015-01-01,140568.0,5.7,24.74,,98.1,2.5,234.747,12265.0,0.06,97.637,62.9,,,,,2838.3,42.0,101.1459,,4.34,,192.0,378518.0,5.6,,,,,98.58247,,12.25,1.0,6.8
2015-01-02,,,,,,,,,0.12,,,,,52.72,,,,,17.79,,1.46,,,,1.2015,14.806,2.6967,1.1725,,,,,
2015-01-03,,,,294000.0,,,,,0.12,,,,,,2381000.0,,,,,,,,,,,,,,,,,,
2015-01-04,,,,,,,,,0.12,,,,,,,,,,,,,,,,,,,,,,,,
2015-01-05,,,,,,,,,0.12,,,,2.214,50.05,,,,,19.92,,1.36,,,,1.1918,14.97,2.7284,1.1785,,,,,
2015-01-06,,,,,,,,,0.12,,,,,47.98,,,,,21.12,,1.32,,,,1.1936,14.8785,2.7013,1.1802,,,,,
2015-01-07,,,,,,,,,0.12,,,,,48.69,,,,,19.31,,1.34,,,,1.182,14.7875,2.7,1.1851,,,,,
2015-01-08,,,,,,,,,0.12,,,,,48.8,,,,,17.01,,1.41,,,,1.1811,14.6095,2.6635,1.1812,,,,,
2015-01-09,,,,,,,,,0.12,,,,,48.35,,,,,17.55,,1.39,,,,1.183,14.5765,2.6375,1.1857,,,,,
2015-01-10,,,,304000.0,,,,,0.12,,,,,,2400000.0,,,,,,,,,,,,,,,,,,
2015-01-11,,,,,,,,,0.12,,,,,,,,,,,,,,,,,,,,,,,,
2015-01-12,,,,,,,,,0.12,,,,2.139,46.06,,,,,19.6,,1.36,,,,1.1832,14.637,2.6673,1.1929,,,,,
2015-01-13,,,,,,,,,0.12,,,,,45.92,,,,,20.56,,1.37,,,,1.1779,14.5755,2.6366,1.1947,,,,,
2015-01-14,,,,,,,,,0.12,,,,,48.49,,,,,21.48,,1.35,,,,1.1806,14.574,2.6145,1.1957,,,,,
2015-01-15,,,,,,,,,0.12,,,,,46.37,,,,,22.39,,1.33,,,,1.1598,14.592,2.6324,1.1932,,,,,
2015-01-16,,,,,,,,,0.13,,,,,48.49,,,,,20.95,,1.34,,,,1.1517,14.611,2.6225,1.1986,,,,,
2015-01-17,,,,298000.0,,,,,0.13,,,,,,2336000.0,,,,,,,,,,,,,,,,,,
2015-01-18,,,,,,,,,0.13,,,,,,,,,,,,,,,,,,,,,,,,
2015-01-19,,,,,,,,,0.13,,,,2.066,,,,,,,,,,,,,,,,,,,,
2015-01-20,,,,,,,,,0.12,,,,,46.79,,,,,19.89,,1.29,,,,1.1559,14.6465,2.6148,1.2085,,,,,
2015-01-21,,,,,,,,,0.12,,,,,47.85,,,,,18.85,,1.34,,,,1.1584,14.725,2.5982,1.2377,,,,,
2015-01-22,,,,,,,,,0.12,,,,,45.93,,,,,16.4,,1.37,,,,1.1414,14.6015,2.5644,1.237,,,,,
2015-01-23,,,,,,,,,0.12,,,,,45.26,,,,,16.66,,1.29,,,,1.1279,14.64,2.5805,1.24,,,,,
2015-01-24,,,,261000.0,,,,,0.12,,,,,,2335000.0,,,,,,,,,,,,,,,,,,
2015-01-25,,,,,,,,,0.12,,,,,,,,,,,,,,,,,,,,,,,,
2015-01-26,,,,,,,,,0.12,,,,2.044,44.8,,,,,15.52,,1.29,,,,1.129,14.564,2.582,1.2409,,,,,
2015-01-27,,,,,,,,,0.11,,,,,45.84,,,,,17.22,,1.29,,,,1.137,14.5775,2.5737,1.2402,,,,,
2015-01-28,,,,,,,,,0.12,,,,,44.08,,,,,20.44,,1.23,,,,1.1342,14.6855,2.5825,1.2452,,,,,
2015-01-29,,,,,,,,,0.11,,,,,44.12,,,,,18.76,,1.26,,,,1.1308,14.8805,2.6113,1.2644,,,,,
2015-01-30,,,,,,,,,0.06,,,,,47.79,,,,,20.97,,1.21,,,,1.129,15.005,2.6843,1.2716,,,,,
2015-01-31,,,,281000.0,,,,,0.06,,,,,,2297000.0,,,,,,,,,,,,,,,,,,
2015-02-01,140827.0,5.5,24.79,,95.4,2.8,235.342,12275.0,0.06,,62.7,,,,,2839.1,41.9,101.1482,,4.4,,191.1,377594.0,5.5,,,,,99.64562,,12.25,1.0,6.9
2015-02-02,,,,,,,,,0.12,,,,2.068,49.25,,,,,19.43,,1.19,,,,1.1337,14.8815,2.7086,1.2577,,,,,
2015-02-03,,,,,,,,,0.12,,,,,53.04,,,,,17.33,,1.27,,,,1.1462,14.7515,2.7016,1.2452,,,,,
2015-02-04,,,,,,,,,0.11,,,,,48.45,,,,,18.33,,1.29,,,,1.1418,14.7935,2.7403,1.255,,,,,
2015-02-05,,,,,,,,,0.12,,,,,50.48,,,,,16.85,,1.31,,,,1.1432,14.748,2.7306,1.2419,,,,,
2015-02-06,,,,,,,,,0.11,,,,,51.66,,,,,17.29,,1.3,,,,1.133,14.9175,2.7681,1.2524,,,,,
2015-02-07,,,,298000.0,,,,,0.11,,,,,,2344000.0,,,,,,,,,,,,,,,,,,
2015-02-08,,,,,,,,,0.11,,,,,,,,,,,,,,,,,,,,,,,,
2015-02-09,,,,,,,,,0.12,,,,2.191,52.99,,,,,18.55,,1.31,,,,1.1316,14.809,2.7872,1.2448,,,,,
2015-02-10,,,,,,,,,0.12,,,,,50.06,,,,,17.23,,1.34,,,,1.1316,14.953,2.8304,1.2528,,,,,
2015-02-11,,,,,,,,,0.12,,,,,48.8,,,,,16.96,,1.33,,,,1.13,15.1025,2.8724,1.2635,,,,,
2015-02-12,,,,,,,,,0.12,,,,,51.17,,,,,15.34,,1.38,,,,1.141,14.8905,2.8225,1.2464,,,,,
2015-02-13,,,,,,,,,0.12,,,,,52.66,,,,,14.69,,1.36,,,,1.1408,14.873,2.8273,1.2449,,,,,
2015-02-14,,,,285000.0,,,,,0.12,,,,,,2319000.0,,,,,,,,,,,,,,,,,,
2015-02-15,,,,,,,,,0.12,,,,,,,,,,,,,,,,,,,,,,,,
2015-02-16,,,,,,,,,0.12,,,,2.274,,,,,,,,,,,,,,,,,,,,
2015-02-17,,,,,,,,,0.12,,,,,53.56,,,,,15.8,,1.44,,,,1.1395,14.885,2.829,1.2401,,,,,
2015-02-18,,,,,,,,,0.12,,,,,52.13,,,,,15.45,,1.45,,,,1.1342,14.961,2.8467,1.2456,,,,,
2015-02-19,,,,,,,,,0.12,,,,,51.12,,,,,15.29,,1.44,,,,1.1392,14.937,2.8578,1.2484,,,,,
2015-02-20,,,,,,,,,0.12,,,,,49.95,,,,,14.3,,1.46,,,,1.1372,15.0625,2.8773,1.2503,,,,,
2015-02-21,,,,305000.0,,,,,0.12,,,,,,2341000.0,,,,,,,,,,,,,,,,,,
2015-02-22,,,,,,,,,0.12,,,,,,,,,,,,,,,,,,,,,,,,
2015-02-23,,,,,,,,,0.11,,,,2.332,49.56,,,,,14.56,,1.42,,,,1.1346,15.078,2.8688,1.2577,,,,,
2015-02-24,,,,,,,,,0.11,,,,,48.48,,,,,13.69,,1.39,,,,1.1307,14.9755,2.8462,1.2601,,,,,
2015-02-25,,,,,,,,,0.11,,,,,50.25,,,,,13.84,,1.35,,,,1.1363,14.919,2.8656,1.2418,,,,,
2015-02-26,,,,,,,,,0.11,,,,,47.65,,,,,13.91,,1.37,,,,1.1212,14.9465,2.8806,1.249,,,,,
2015-02-27,,,,,,,,,0.06,,,,,49.84,,,,,13.34,,1.37,,,,1.1197,14.939,2.8618,1.2506,,,,,
2015-02-28,,,,317000.0,,,,,0.06,,,,,,2357000.0,,,,,,,,,,,,,,,,,,
2015-03-01,140923.0,5.4,24.85,,93.0,3.0,235.976,12286.0,0.06,,62.6,,,,,2842.5,41.8,101.0514,,4.43,,191.5,383681.0,5.5,,,,,99.64562,,12.75,1.0,6.9
2015-03-02,,,,,,,,,0.12,,,,2.473,49.59,,,,,13.04,,1.42,,,,1.119,14.9895,2.8765,1.2535,,,,,
2015-03-03,,,,,,,,,0.12,,,,,50.43,,,,,13.86,,1.44,,,,1.1212,14.935,2.8967,1.245,,,,,
2015-03-04,,,,,,,,,0.11,,,,,51.53,,,,,14.23,,1.46,,,,1.107,15.0825,2.979,1.2439,,,,,
2015-03-05,,,,,,,,,0.11,,,,,50.76,,,,,14.04,,1.46,,,,1.1006,15.181,2.9961,1.2482,,,,,
2015-03-06,,,,,,,,,0.12,,,,,49.61,,,,,15.2,,1.51,,,,1.0855,15.448,3.0601,1.2615,,,,,
2015-03-07,,,,293000.0,,,,,0.12,,,,,,2361000.0,,,,,,,,,,,,,,,,,,
2015-03-08,,,,,,,,,0.12,,,,,,,,,,,,,,,,,,,,,,,,
2015-03-09,,,,,,,,,0.12,,,,2.487,49.95,,,,,15.06,,1.5,,,,1.0846,15.4635,3.1015,1.2598,,,,,
2015-03-10,,,,,,,,,0.12,,,,,48.42,,,,,16.69,,1.44,,,,1.0707,15.5815,3.1273,1.2633,,,,,
2015-03-11,,,,,,,,,0.11,,,,,48.06,,,,,16.87,,1.41,,,,1.0576,15.461,3.0881,1.2763,,,,,
2015-03-12,,,,,,,,,0.11,,,,,47.12,,,,,15.42,,1.43,,,,1.0615,15.366,3.1247,1.2692,,,,,
2015-03-13,,,,,,,,,0.11,,,,,44.88,,,,,16.0,,1.45,,,,1.0524,15.4985,3.2605,1.2803,,,,,
2015-03-14,,,,290000.0,,,,,0.11,,,,,,2361000.0,,,,,,,,,,,,,,,,,,
2015-03-15,,,,,,,,,0.11,,,,,,,,,,,,,,,,,,,,,,,,
2015-03-16,,,,,,,,,0.12,,,,2.453,43.93,,,,,15.61,,1.44,,,,1.0575,15.4225,3.2204,1.2763,,,,,
2015-03-17,,,,,,,,,0.12,,,,,43.39,,,,,15.66,,1.36,,,,1.0605,15.425,3.2632,1.2769,,,,,
2015-03-18,,,,,,,,,0.11,,,,,44.63,,,,,13.97,,1.36,,,,1.0643,15.4285,3.2747,1.2771,,,,,
2015-03-19,,,,,,,,,0.12,,,,,44.02,,,,,14.07,,1.35,,,,1.0621,15.3055,3.2931,1.2743,,,,,
2015-03-20,,,,,,,,,0.12,,,,,46.0,,,,,13.02,,1.33,,,,1.0792,15.05,3.2206,1.2593,,,,,
2015-03-21,,,,284000.0,,,,,0.12,,,,,,2306000.0,,,,,,,,,,,,,,,,,,
2015-03-22,,,,,,,,,0.12,,,,,,,,,,,,,,,,,,,,,,,,
2015-03-23,,,,,,,,,0.12,,,,2.457,47.4,,,,,13.41,,1.32,,,,1.0928,14.9565,3.1596,1.2515,,,,,
2015-03-24,,,,,,,,,0.11,,,,,47.03,,,,,13.62,,1.3,,,,1.0908,14.945,3.1534,1.251,,,,,
2015-03-25,,,,,,,,,0.12,,,,,48.75,,,,,15.44,,1.34,,,,1.0986,14.933,3.1609,1.2513,,,,,
2015-03-26,,,,,,,,,0.11,,,,,51.41,,,,,15.8,,1.4,,,,1.0919,15.0855,3.1768,1.2469,,,,,
2015-03-27,,,,,,,,,0.12,,,,,48.83,,,,,15.07,,1.37,,,,1.0891,15.172,3.2412,1.2579,,,,,
2015-03-28,,,,269000.0,,,,,0.12,,,,,,2278000.0,,,,,,,,,,,,,,,,,,
2015-03-29,,,,,,,,,0.12,,,,,,,,,,,,,,,,,,,,,,,,
2015-03-30,,,,,,,,,0.12,,,,2.448,48.66,,,,,14.51,,1.38,,,,1.0818,15.249,3.2515,1.2687,,,,,
2015-03-31,,,,,,,,,0.06,,,,,47.72,,,,,15.29,,1.38,,,,1.0741,15.245,3.1843,1.2681,,,,,
2015-04-01,141196.0,5.4,24.89,,95.9,2.6,236.222,12291.0,0.12,98.117,62.8,,,50.12,,2850.3,41.8,100.9965,15.11,4.36,1.32,190.9,383893.0,5.6,1.0768,15.113,3.1547,1.261,100.4188,,13.25,1.0,7.0
2015-04-02,,,,,,,,,0.12,,,,,49.13,,,,,14.67,,1.37,,,,1.0874,15.0635,3.1373,1.2584,,,,,
2015-04-03,,,,,,,,,0.12,,,,,,,,,,,,1.36,,,,1.099,14.8025,3.12,1.2465,,,,,
2015-04-04,,,,282000.0,,,,,0.12,,,,,,2273000.0,,,,,,,,,,,,,,,,,,
2015-04-05,,,,,,,,,0.12,,,,,,,,,,,,,,,,,,,,,,,,
2015-04-06,,,,,,,,,0.13,,,,2.413,52.08,,,,,14.74,,1.41,,,,1.1008,14.8225,3.0961,1.245,,,,,
2015-04-07,,,,,,,,,0.12,,,,,53.95,,,,,14.78,,1.37,,,,1.085,14.92,3.1105,1.2488,,,,,
2015-04-08,,,,,,,,,0.12,,,,,50.44,,,,,13.98,,1.38,,,,1.0818,14.9065,3.0852,1.2508,,,,,
2015-04-09,,,,,,,,,0.12,,,,,50.79,,,,,13.09,,1.41,,,,1.0671,15.055,3.0345,1.258,,,,,
2015-04-10,,,,,,,,,0.12,,,,,51.63,,,,,12.58,,1.39,,,,1.0598,15.167,3.0784,1.2596,,,,,
2015-04-11,,,,298000.0,,,,,0.12,,,,,,2320000.0,,,,,,,,,,,,,,,,,,
2015-04-12,,,,,,,,,0.12,,,,,,,,,,,,,,,,,,,,,,,,
2015-04-13,,,,,,,,,0.13,,,,2.408,51.95,,,,,13.94,,1.4,,,,1.0582,15.311,3.1157,1.2603,,,,,
2015-04-14,,,,,,,,,0.13,,,,,53.3,,,,,13.67,,1.37,,,,1.0672,15.2135,3.0779,1.2476,,,,,
2015-04-15,,,,,,,,,0.13,,,,,56.25,,,,,12.84,,1.4,,,,1.0596,15.361,3.0571,1.2378,,,,,
2015-04-16,,,,,,,,,0.13,,,,,56.69,,,,,12.6,,1.4,,,,1.0742,15.216,3.018,1.2206,,,,,
2015-04-17,,,,,,,,,0.13,,,,,55.71,,,,,13.89,,1.36,,,,1.078,15.319,3.0639,1.2225,,,,,
2015-04-18,,,,295000.0,,,,,0.13,,,,,,2279000.0,,,,,,,,,,,,,,,,,,
2015-04-19,,,,,,,,,0.13,,,,,,,,,,,,,,,,,,,,,,,,
2015-04-20,,,,,,,,,0.13,,,,2.485,56.37,,,,,13.3,,1.35,,,,1.0763,15.394,3.0446,1.2203,,,,,
2015-04-21,,,,,,,,,0.13,,,,,55.58,,,,,13.25,,1.37,,,,1.0758,15.381,3.033,1.2274,,,,,
2015-04-22,,,,,,,,,0.13,,,,,56.17,,,,,12.71,,1.42,,,,1.0729,15.4275,2.9988,1.225,,,,,
2015-04-23,,,,,,,,,0.13,,,,,56.59,,,,,12.48,,1.41,,,,1.0803,15.3305,2.9807,1.2148,,,,,
2015-04-24,,,,,,,,,0.13,,,,,55.98,,,,,12.29,,1.39,,,,1.0876,15.3825,2.9631,1.2168,,,,,
2015-04-25,,,,269000.0,,,,,0.13,,,,,,2254000.0,,,,,,,,,,,,,,,,,,
2015-04-26,,,,,,,,,0.13,,,,,,,,,,,,,,,,,,,,,,,,
2015-04-27,,,,,,,,,0.13,,,,2.57,55.56,,,,,13.12,,1.4,,,,1.0892,15.3175,2.9049,1.2106,,,,,
2015-04-28,,,,,,,,,0.13,,,,,57.05,,,,,12.41,,1.44,,,,1.0979,15.2185,2.9002,1.2021,,,,,
2015-04-29,,,,,,,,,0.13,,,,,58.55,,,,,13.39,,1.5,,,,1.1174,15.168,2.9393,1.1955,,,,,
2015-04-30,,,,,,,,,0.08,,,,,59.62,,,,,14.55,,1.47,,,,1.1162,15.3855,3.0121,1.2116,,,,,
2015-05-01,141538.0,5.6,24.97,,90.7,2.8,237.001,12306.0,0.13,,62.9,,,59.1,,2872.5,41.8,100.9159,12.7,4.77,1.52,193.4,387155.0,5.6,1.1194,15.565,3.0145,1.2191,100.6121,,13.25,1.0,6.9
2015-05-02,,,,267000.0,,,,,0.13,,,,,,2261000.0,,,,,,,,,,,,,,,,,,
2015-05-03,,,,,,,,,0.13,,,,,,,,,,,,,,,,,,,,,,,,
2015-05-04,,,,,,,,,0.13,,,,2.664,58.92,,,,,12.85,,1.56,,,,1.1145,15.512,3.072,1.2108,,,,,
2015-05-05,,,,,,,,,0.13,,,,,60.38,,,,,14.31,,1.57,,,,1.1174,15.341,3.0585,1.2038,,,,,
2015-05-06,,,,,,,,,0.13,,,,,60.93,,,,,15.15,,1.6,,,,1.1345,15.2945,3.0485,1.2007,,,,,
2015-05-07,,,,,,,,,0.13,,,,,58.99,,,,,15.13,,1.55,,,,1.1283,15.3325,3.039,1.2139,,,,,
2015-05-08,,,,,,,,,0.13,,,,,59.41,,,,,12.86,,1.57,,,,1.1241,15.121,2.9808,1.2086,,,,,
2015-05-09,,,,271000.0,,,,,0.13,,,,,,2253000.0,,,,,,,,,,,,,,,,,,
2015-05-10,,,,,,,,,0.13,,,,,,,,,,,,,,,,,,,,,,,,
2015-05-11,,,,,,,,,0.13,,,,2.691,59.23,,,,,13.85,,1.66,,,,1.1142,15.2855,3.0385,1.2107,,,,,
2015-05-12,,,,,,,,,0.13,,,,,60.72,,,,,13.86,,1.67,,,,1.124,15.298,3.0223,1.1987,,,,,
2015-05-13,,,,,,,,,0.13,,,,,60.5,,,,,13.76,,1.68,,,,1.1372,15.2385,3.0265,1.195,,,,,
2015-05-14,,,,,,,,,0.13,,,,,59.89,,,,,12.74,,1.67,,,,1.1368,15.116,2.991,1.1991,,,,,
2015-05-15,,,,,,,,,0.13,,,,,59.73,,,,,12.38,,1.59,,,,1.1428,14.997,2.9779,1.2009,,,,,
2015-05-16,,,,276000.0,,,,,0.13,,,,,,2258000.0,,,,,,,,,,,,,,,,,,
2015-05-17,,,,,,,,,0.13,,,,,,,,,,,,,,,,,,,,,,,,
2015-05-18,,,,,,,,,0.13,,,,2.744,59.44,,,,,12.73,,1.65,,,,1.1354,15.128,3.012,1.215,,,,,
2015-05-19,,,,,,,,,0.12,,,,,57.3,,,,,12.85,,1.64,,,,1.1151,15.191,3.0175,1.2213,,,,,
2015-05-20,,,,,,,,,0.12,,,,,58.96,,,,,12.88,,1.66,,,,1.1079,15.19,3.0308,1.2212,,,,,
2015-05-21,,,,,,,,,0.12,,,,,60.18,,,,,12.11,,1.59,,,,1.1126,15.258,3.0431,1.2201,,,,,
2015-05-22,,,,,,,,,0.13,,,,,58.88,,,,,12.13,,1.57,,,,1.1033,15.2915,3.0705,1.2288,,,,,
2015-05-23,,,,281000.0,,,,,0.13,,,,,,2236000.0,,,,,,,,,,,,,,,,,,
2015-05-24,,,,,,,,,0.13,,,,,,,,,,,,,,,,,,,,,,,,
2015-05-25,,,,,,,,,0.13,,,,2.774,,,,,,,,,,,,,,,,,,,,
2015-05-26,,,,,,,,,0.12,,,,,57.29,,,,,14.06,,1.5,,,,1.0876,15.331,3.1489,1.2428,,,,,
2015-05-27,,,,,,,,,0.12,,,,,57.51,,,,,13.27,,1.5,,,,1.0888,15.357,3.1708,1.2483,,,,,
2015-05-28,,,,,,,,,0.12,,,,,57.69,,,,,13.31,,1.51,,,,1.0914,15.3765,3.1755,1.2474,,,,,
2015-05-29,,,,,,,,,0.08,,,,,60.25,,,,,13.84,,1.51,,,,1.0994,15.3688,3.1855,1.2466,,,,,
2015-05-30,,,,275000.0,,,,,0.08,,,,,,2294000.0,,,,,,,,,,,,,,,,,,
2015-05-31,,,,,,,,,0.08,,,,,,,,,,,,,,,,,,,,,,,,
2015-06-01,141709.0,5.3,24.97,,96.1,2.7,237.657,12307.0,0.12,,62.7,,2.78,60.24,,2885.1,41.8,100.93,13.97,5.0,1.55,194.8,387199.0,5.5,1.0913,15.4685,3.1655,1.2547,100.5155,,13.75,1.0,6.9
2015-06-02,,,,,,,,,0.12,,,,,61.3,,,,,14.24,,1.63,,,,1.113,15.4345,3.1391,1.2425,,,,,
2015-06-03,,,,,,,,,0.13,,,,,59.67,,,,,13.66,,1.69,,,,1.1285,15.4555,3.1103,1.2437,,,,,
2015-06-04,,,,,,,,,0.13,,,,,58.0,,,,,14.71,,1.65,,,,1.1271,15.5575,3.1446,1.2477,,,,,
2015-06-05,,,,,,,,,0.13,,,,,59.11,,,,,14.21,,1.68,,,,1.1108,15.6925,3.1604,1.2488,,,,,
2015-06-06,,,,278000.0,,,,,0.13,,,,,,2250000.0,,,,,,,,,,,,,,,,,,
2015-06-07,,,,,,,,,0.13,,,,,,,,,,,,,,,,,,,,,,,,
2015-06-08,,,,,,,,,0.13,,,,2.78,58.15,,,,,15.29,,1.69,,,,1.1232,15.6735,3.1226,1.2435,,,,,
2015-06-09,,,,,,,,,0.13,,,,,60.15,,,,,14.47,,1.7,,,,1.1284,15.553,3.095,1.2316,,,,,
2015-06-10,,,,,,,,,0.13,,,,,61.36,,,,,13.22,,1.75,,,,1.1307,15.461,3.1013,1.2267,,,,,
2015-06-11,,,,,,,,,0.13,,,,,60.74,,,,,12.85,,1.66,,,,1.1236,15.399,3.1419,1.2314,,,,,
2015-06-12,,,,,,,,,0.13,,,,,59.96,,,,,13.78,,1.65,,,,1.1278,15.3975,3.1011,1.2306,,,,,
2015-06-13,,,,269000.0,,,,,0.13,,,,,,2268000.0,,,,,,,,,,,,,,,,,,
2015-06-14,,,,,,,,,0.13,,,,,,,,,,,,,,,,,,,,,,,,
2015-06-15,,,,,,,,,0.13,,,,2.835,59.53,,,,,15.39,,1.64,,,,1.1266,15.419,3.0958,1.2321,,,,,
2015-06-16,,,,,,,,,0.14,,,,,60.01,,,,,14.81,,1.61,,,,1.1238,15.423,3.1052,1.2328,,,,,
2015-06-17,,,,,,,,,0.14,,,,,59.89,,,,,14.5,,1.65,,,,1.1244,15.43,3.0946,1.2307,,,,,
2015-06-18,,,,,,,,,0.14,,,,,60.41,,,,,13.19,,1.69,,,,1.1404,15.271,3.0405,1.2206,,,,,
2015-06-19,,,,,,,,,0.13,,,,,59.62,,,,,13.96,,1.61,,,,1.1335,15.344,3.0887,1.2273,,,,,
2015-06-20,,,,273000.0,,,,,0.13,,,,,,2265000.0,,,,,,,,,,,,,,,,,,
2015-06-21,,,,,,,,,0.13,,,,,,,,,,,,,,,,,,,,,,,,
2015-06-22,,,,,,,,,0.13,,,,2.812,60.01,,,,,12.74,,1.69,,,,1.1378,15.3265,3.0833,1.2286,,,,,
2015-06-23,,,,,,,,,0.13,,,,,61.05,,,,,12.11,,1.72,,,,1.119,15.397,3.0913,1.2326,,,,,
2015-06-24,,,,,,,,,0.13,,,,,60.01,,,,,13.26,,1.7,,,,1.1178,15.445,3.0884,1.2413,,,,,
2015-06-25,,,,,,,,,0.13,,,,,59.59,,,,,14.01,,1.72,,,,1.1196,15.486,3.1144,1.2346,,,,,
2015-06-26,,,,,,,,,0.13,,,,,59.41,,,,,14.02,,1.77,,,,1.1156,15.563,3.1223,1.2358,,,,,
2015-06-27,,,,275000.0,,,,,0.13,,,,,,2312000.0,,,,,,,,,,,,,,,,,,
2015-06-28,,,,,,,,,0.13,,,,,,,,,,,,,,,,,,,,,,,,
2015-06-29,,,,,,,,,0.14,,,,2.801,58.34,,,,,18.85,,1.69,,,,1.118,15.6555,3.1403,1.238,,,,,
2015-06-30,,,,,,,,,0.08,,,,,59.48,,,,,18.23,,1.71,,,,1.1154,15.6902,3.1106,1.2473,,,,,
2015-07-01,141991.0,5.2,25.01,,93.1,2.8,238.034,12323.0,0.13,98.392,62.6,,,56.94,,2884.7,41.8,100.815,16.09,5.07,1.74,193.9,390953.0,5.4,1.1084,15.778,3.1269,1.2559,101.9652,,14.25,0.75,7.0
2015-07-02,,,,,,,,,0.13,,,,,56.93,,,,,16.79,,1.76,,,,1.109,15.6895,3.111,1.2566,,,,,
2015-07-03,,,,,,,,,0.13,,,,,,,,,,,,,,,,,,,,,,,,
2015-07-04,,,,292000.0,,,,,0.13,,,,,,2233000.0,,,,,,,,,,,,,,,,,,
2015-07-05,,,,,,,,,0.13,,,,,,,,,,,,,,,,,,,,,,,,
2015-07-06,,,,,,,,,0.13,,,,2.793,52.48,,,,,17.01,,1.7,,,,1.1076,15.743,3.1454,1.2623,,,,,
2015-07-07,,,,,,,,,0.13,,,,,52.33,,,,,16.09,,1.69,,,,1.0952,15.833,3.1905,1.2742,,,,,
2015-07-08,,,,,,,,,0.13,,,,,51.61,,,,,19.66,,1.67,,,,1.1072,15.811,3.2319,1.2724,,,,,
2015-07-09,,,,,,,,,0.13,,,,,52.76,,,,,19.97,,1.72,,,,1.1025,15.794,3.213,1.2727,,,,,
2015-07-10,,,,,,,,,0.13,,,,,52.74,,,,,16.83,,1.77,,,,1.115,15.7305,3.1834,1.2713,,,,,
2015-07-11,,,,285000.0,,,,,0.13,,,,,,2226000.0,,,,,,,,,,,,,,,,,,
2015-07-12,,,,,,,,,0.13,,,,,,,,,,,,,,,,,,,,,,,,
2015-07-13,,,,,,,,,0.13,,,,2.834,52.19,,,,,13.9,,1.75,,,,1.102,15.7295,3.1507,1.2762,,,,,
2015-07-14,,,,,,,,,0.13,,,,,53.05,,,,,13.37,,1.75,,,,1.1015,15.6715,3.1197,1.2746,,,,,
2015-07-15,,,,,,,,,0.13,,,,,51.4,,,,,13.23,,1.72,,,,1.0965,15.774,3.1531,1.2935,,,,,
2015-07-16,,,,,,,,,0.14,,,,,50.9,,,,,12.11,,1.69,,,,1.0898,15.7985,3.134,1.2938,,,,,
2015-07-17,,,,,,,,,0.13,,,,,50.88,,,,,11.95,,1.66,,,,1.0848,15.916,3.1915,1.2997,,,,,
2015-07-18,,,,265000.0,,,,,0.13,,,,,,2267000.0,,,,,,,,,,,,,,,,,,
2015-07-19,,,,,,,,,0.13,,,,,,,,,,,,,,,,,,,,,,,,
2015-07-20,,,,,,,,,0.14,,,,2.802,50.11,,,,,12.25,,1.67,,,,1.085,15.9885,3.2123,1.2982,,,,,
2015-07-21,,,,,,,,,0.13,,,,,50.59,,,,,12.22,,1.64,,,,1.0927,15.9565,3.1725,1.2958,,,,,
2015-07-22,,,,,,,,,0.13,,,,,49.27,,,,,12.12,,1.58,,,,1.0884,16.1065,3.2232,1.3023,,,,,
2015-07-23,,,,,,,,,0.13,,,,,48.11,,,,,12.64,,1.57,,,,1.0976,16.1325,3.2862,1.303,,,,,
2015-07-24,,,,,,,,,0.13,,,,,47.98,,,,,13.74,,1.57,,,,1.0976,16.2265,3.3302,1.3059,,,,,
2015-07-25,,,,269000.0,,,,,0.13,,,,,,2253000.0,,,,,,,,,,,,,,,,,,
2015-07-26,,,,,,,,,0.13,,,,,,,,,,,,,,,,,,,,,,,,
2015-07-27,,,,,,,,,0.14,,,,2.745,47.17,,,,,15.6,,1.55,,,,1.1112,16.2665,3.356,1.3008,,,,,
2015-07-28,,,,,,,,,0.14,,,,,47.97,,,,,13.44,,1.57,,,,1.1055,16.2565,3.3941,1.2933,,,,,
2015-07-29,,,,,,,,,0.14,,,,,48.77,,,,,12.5,,1.59,,,,1.1026,16.1945,3.3308,1.2893,,,,,
2015-07-30,,,,,,,,,0.14,,,,,48.53,,,,,12.13,,1.56,,,,1.0914,16.4755,3.3696,1.3024,,,,,
2015-07-31,,,,,,,,,0.08,,,,,47.11,,,,,12.12,,1.53,,,,1.1028,16.061,3.4078,1.3047,,,,,
2015-08-01,142125.0,5.1,25.1,270000.0,91.9,2.8,238.033,12318.0,0.08,,62.6,,,,2257000.0,2887.3,41.8,100.625,,5.05,,191.9,390570.0,5.3,,,,,99.45232,,14.25,0.75,7.1
2015-08-02,,,,,,,,,0.08,,,,,,,,,,,,,,,,,,,,,,,,
2015-08-03,,,,,,,,,0.14,,,,2.689,45.25,,,,,12.56,,1.48,,,,1.0962,16.1015,3.4487,1.3141,,,,,
2015-08-04,,,,,,,,,0.14,,,,,45.75,,,,,13.0,,1.49,,,,1.0953,16.166,3.4693,1.3124,,,,,
2015-08-05,,,,,,,,,0.14,,,,,45.13,,,,,12.51,,1.55,,,,1.0868,16.3775,3.4884,1.3181,,,,,
2015-08-06,,,,,,,,,0.14,,,,,44.69,,,,,13.77,,1.52,,,,1.0922,16.3615,3.5684,1.3152,,,,,
2015-08-07,,,,,,,,,0.14,,,,,43.87,,,,,13.39,,1.45,,,,1.0958,16.178,3.5281,1.3122,,,,,
2015-08-08,,,,274000.0,,,,,0.14,,,,,,2247000.0,,,,,,,,,,,,,,,,,,
2015-08-09,,,,,,,,,0.14,,,,,,,,,,,,,,,,,,,,,,,,
2015-08-10,,,,,,,,,0.14,,,,2.629,44.94,,,,,12.23,,1.51,,,,1.0994,16.1535,3.4699,1.3056,,,,,
2015-08-11,,,,,,,,,0.15,,,,,43.11,,,,,13.71,,1.47,,,,1.1042,16.3335,3.5086,1.3149,,,,,
2015-08-12,,,,,,,,,0.15,,,,,43.22,,,,,13.61,,1.47,,,,1.1198,16.296,3.4725,1.2973,,,,,
2015-08-13,,,,,,,,,0.15,,,,,42.27,,,,,13.49,,1.47,,,,1.1144,16.3735,3.5147,1.3078,,,,,
2015-08-14,,,,,,,,,0.14,,,,,42.45,,,,,12.83,,1.47,,,,1.111,16.3655,3.4625,1.3075,,,,,
2015-08-15,,,,279000.0,,,,,0.14,,,,,,2256000.0,,,,,,,,,,,,,,,,,,
2015-08-16,,,,,,,,,0.14,,,,,,,,,,,,,,,,,,,,,,,,
2015-08-17,,,,,,,,,0.15,,,,2.716,41.93,,,,,13.02,,1.44,,,,1.1078,16.3995,3.4728,1.309,,,,,
2015-08-18,,,,,,,,,0.15,,,,,42.58,,,,,13.79,,1.46,,,,1.1028,16.422,3.4623,1.3075,,,,,
2015-08-19,,,,,,,,,0.15,,,,,40.75,,,,,15.25,,1.45,,,,1.1061,16.526,3.5021,1.3165,,,,,
2015-08-20,,,,,,,,,0.15,,,,,41.0,,,,,19.14,,1.4,,,,1.12,16.663,3.4617,1.3075,,,,,
2015-08-21,,,,,,,,,0.15,,,,,40.45,,,,,28.03,,1.41,,,,1.1356,16.925,3.497,1.3146,,,,,
2015-08-22,,,,274000.0,,,,,0.15,,,,,,2252000.0,,,,,,,,,,,,,,,,,,
2015-08-23,,,,,,,,,0.15,,,,,,,,,,,,,,,,,,,,,,,,
2015-08-24,,,,,,,,,0.15,,,,2.637,38.22,,,,,40.74,,1.42,,,,1.158,17.0825,3.5539,1.321,,,,,
2015-08-25,,,,,,,,,0.15,,,,,39.15,,,,,36.02,,1.45,,,,1.141,17.008,3.5456,1.3295,,,,,
2015-08-26,,,,,,,,,0.14,,,,,38.5,,,,,30.32,,1.51,,,,1.139,17.089,3.6333,1.3301,,,,,
2015-08-27,,,,,,,,,0.14,,,,,42.47,,,,,26.1,,1.5,,,,1.1239,16.8815,3.5499,1.3193,,,,,
2015-08-28,,,,,,,,,0.14,,,,,45.29,,,,,26.05,,1.47,,,,1.1172,16.78,3.5938,1.3268,,,,,
2015-08-29,,,,279000.0,,,,,0.14,,,,,,2258000.0,,,,,,,,,,,,,,,,,,
2015-08-30,,,,,,,,,0.14,,,,,,,,,,,,,,,,,,,,,,,,
2015-08-31,,,,,,,,,0.08,,,,2.51,49.2,,,,,28.43,,1.47,,,,1.1194,16.7315,3.6206,1.3223,,,,,
2015-09-01,142275.0,5.0,25.11,,87.2,2.8,237.498,12326.0,0.14,,62.4,,,45.38,,2882.8,41.8,100.4538,31.4,5.2,1.47,189.1,388551.0,5.2,1.1263,16.8775,3.6715,1.318,99.64562,,14.25,0.75,7.1
2015-09-02,,,,,,,,,0.14,,,,,46.3,,,,,26.09,,1.48,,,,1.1242,16.9415,3.7389,1.3308,,,,,
2015-09-03,,,,,,,,,0.14,,,,,46.75,,,,,25.61,,1.47,,,,1.1104,16.785,3.7546,1.32,,,,,
2015-09-04,,,,,,,,,0.14,,,,,46.02,,,,,27.8,,1.42,,,,1.1117,16.862,3.8094,1.3272,,,,,
2015-09-05,,,,273000.0,,,,,0.14,,,,,,2243000.0,,,,,,,,,,,,,,,,,,
2015-09-06,,,,,,,,,0.14,,,,,,,,,,,,,,,,,,,,,,,,
2015-09-07,,,,,,,,,0.14,,,,2.437,,,,,,,,,,,,,,,,,,,,
2015-09-08,,,,,,,,,0.14,,,,,45.92,,,,,24.9,,1.46,,,,1.1182,16.784,3.8081,1.3193,,,,,
2015-09-09,,,,,,,,,0.14,,,,,44.13,,,,,26.23,,1.46,,,,1.1165,16.8015,3.79,1.3221,,,,,
2015-09-10,,,,,,,,,0.14,,,,,45.85,,,,,24.37,,1.48,,,,1.1262,16.7575,3.8587,1.3218,,,,,
2015-09-11,,,,,,,,,0.14,,,,,44.75,,,,,23.2,,1.49,,,,1.1338,16.823,3.8757,1.3274,,,,,
2015-09-12,,,,264000.0,,,,,0.14,,,,,,2255000.0,,,,,,,,,,,,,,,,,,
2015-09-13,,,,,,,,,0.14,,,,,,,,,,,,,,,,,,,,,,,,
2015-09-14,,,,,,,,,0.14,,,,2.375,44.07,,,,,24.25,,1.45,,,,1.1307,16.7955,3.8391,1.3265,,,,,
2015-09-15,,,,,,,,,0.14,,,,,44.58,,,,,22.54,,1.46,,,,1.126,16.768,3.8655,1.3261,,,,,
2015-09-16,,,,,,,,,0.14,,,,,47.12,,,,,21.35,,1.48,,,,1.1304,16.568,3.8255,1.318,,,,,
2015-09-17,,,,,,,,,0.14,,,,,46.93,,,,,21.14,,1.51,,,,1.1312,16.588,3.893,1.3186,,,,,
2015-09-18,,,,,,,,,0.14,,,,,44.71,,,,,22.28,,1.44,,,,1.1358,16.5615,3.921,1.3146,,,,,
2015-09-19,,,,269000.0,,,,,0.14,,,,,,2234000.0,,,,,,,,,,,,,,,,,,
2015-09-20,,,,,,,,,0.14,,,,,,,,,,,,,,,,,,,,,,,,
2015-09-21,,,,,,,,,0.14,,,,2.327,46.67,,,,,20.14,,1.48,,,,1.1204,16.6925,3.9911,1.3249,,,,,
2015-09-22,,,,,,,,,0.14,,,,,46.17,,,,,22.44,,1.45,,,,1.1133,16.879,4.049,1.3276,,,,,
2015-09-23,,,,,,,,,0.14,,,,,44.53,,,,,22.13,,1.46,,,,1.116,17.104,4.1093,1.3313,,,,,
2015-09-24,,,,,,,,,0.14,,,,,44.94,,,,,23.47,,1.46,,,,1.1252,17.062,4.1638,1.3348,,,,,
2015-09-25,,,,,,,,,0.13,,,,,45.55,,,,,23.62,,1.47,,,,1.1192,16.963,3.9489,1.3322,,,,,
2015-09-26,,,,272000.0,,,,,0.13,,,,,,2240000.0,,,,,,,,,,,,,,,,,,
2015-09-27,,,,,,,,,0.13,,,,,,,,,,,,,,,,,,,,,,,,
2015-09-28,,,,,,,,,0.13,,,,2.322,44.4,,,,,27.63,,1.43,,,,1.1236,17.0115,4.007,1.336,,,,,
2015-09-29,,,,,,,,,0.13,,,,,45.24,,,,,26.83,,1.41,,,,1.1246,17.0895,4.0921,1.3414,,,,,
2015-09-30,,,,,,,,,0.07,,,,,45.06,,,,,24.5,,1.42,,,,1.1162,16.898,3.9554,1.3396,,,,,
2015-10-01,142579.0,5.0,25.2,,90.0,2.7,237.733,12334.0,0.13,97.787,62.5,,,44.75,,2895.0,41.8,100.4831,22.55,5.22,1.41,187.5,387066.0,5.1,1.12,16.8915,4.0003,1.324,100.5155,,14.25,0.75,7.0
2015-10-02,,,,,,,,,0.13,,,,,45.54,,,,,20.94,,1.41,,,,1.1276,16.8115,3.9712,1.3213,,,,,
2015-10-03,,,,267000.0,,,,,0.13,,,,,,2207000.0,,,,,,,,,,,,,,,,,,
2015-10-04,,,,,,,,,0.13,,,,,,,,,,,,,,,,,,,,,,,,
2015-10-05,,,,,,,,,0.13,,,,2.318,46.28,,,,,19.54,,1.46,,,,1.12,16.699,3.8924,1.3084,,,,,
2015-10-06,,,,,,,,,0.13,,,,,48.53,,,,,19.4,,1.44,,,,1.1266,16.682,3.8406,1.3056,,,,,
2015-10-07,,,,,,,,,0.13,,,,,47.86,,,,,18.4,,1.43,,,,1.1249,16.5735,3.8123,1.3038,,,,,
2015-10-08,,,,,,,,,0.13,,,,,49.46,,,,,17.42,,1.47,,,,1.1282,16.5015,3.8295,1.3017,,,,,
2015-10-09,,,,,,,,,0.13,,,,,49.67,,,,,17.08,,1.47,,,,1.1363,16.4125,3.7339,1.2945,,,,,
2015-10-10,,,,265000.0,,,,,0.13,,,,,,2214000.0,,,,,,,,,,,,,,,,,,
2015-10-11,,,,,,,,,0.13,,,,,,,,,,,,,,,,,,,,,,,,
2015-10-12,,,,,,,,,0.13,,,,2.337,47.09,,,,,16.17,,,,,,,,,,,,,,
2015-10-13,,,,,,,,,0.13,,,,,46.7,,,,,17.67,,1.42,,,,1.1382,16.568,3.8314,1.2984,,,,,
2015-10-14,,,,,,,,,0.13,,,,,46.63,,,,,18.03,,1.42,,,,1.1437,16.5715,3.8366,1.2983,,,,,
2015-10-15,,,,,,,,,0.13,,,,,46.38,,,,,16.05,,1.43,,,,1.1418,16.428,3.842,1.2901,,,,,
2015-10-16,,,,,,,,,0.13,,,,,47.3,,,,,15.05,,1.43,,,,1.136,16.382,3.8527,1.2932,,,,,
2015-10-17,,,,264000.0,,,,,0.13,,,,,,2194000.0,,,,,,,,,,,,,,,,,,
2015-10-18,,,,,,,,,0.13,,,,,,,,,,,,,,,,,,,,,,,,
2015-10-19,,,,,,,,,0.13,,,,2.277,45.91,,,,,14.98,,1.43,,,,1.132,16.5225,3.9005,1.2999,,,,,
2015-10-20,,,,,,,,,0.13,,,,,45.84,,,,,15.75,,1.42,,,,1.1359,16.5715,3.8845,1.2974,,,,,
2015-10-21,,,,,,,,,0.13,,,,,45.22,,,,,16.7,,1.4,,,,1.1345,16.665,3.9514,1.3117,,,,,
2015-10-22,,,,,,,,,0.12,,,,,44.9,,,,,14.45,,1.43,,,,1.114,16.5135,3.9249,1.3087,,,,,
2015-10-23,,,,,,,,,0.12,,,,,43.91,,,,,14.46,,1.43,,,,1.1016,16.538,3.8964,1.3171,,,,,
2015-10-24,,,,264000.0,,,,,0.12,,,,,,2218000.0,,,,,,,,,,,,,,,,,,
2015-10-25,,,,,,,,,0.12,,,,,,,,,,,,,,,,,,,,,,,,
2015-10-26,,,,,,,,,0.12,,,,2.228,43.19,,,,,15.29,,1.41,,,,1.1051,16.49,3.8788,1.3134,,,,,
2015-10-27,,,,,,,,,0.12,,,,,43.21,,,,,15.43,,1.4,,,,1.1052,16.5525,3.9002,1.3242,,,,,
2015-10-28,,,,,,,,,0.12,,,,,45.93,,,,,14.33,,1.37,,,,1.1066,16.444,3.8594,1.3149,,,,,
2015-10-29,,,,,,,,,0.12,,,,,46.02,,,,,14.61,,1.44,,,,1.0963,16.6155,3.8971,1.3169,,,,,
2015-10-30,,,,,,,,,0.07,,,,,46.6,,,,,15.07,,1.41,,,,1.1042,16.53,3.8439,1.3082,,,,,
2015-10-31,,,,275000.0,,,,,0.07,,,,,,2205000.0,,,,,,,,,,,,,,,,,,
2015-11-01,142808.0,5.1,25.25,,91.3,2.7,238.017,12329.0,0.07,,62.5,,,,,2894.1,41.8,100.5999,,5.34,,185.7,388530.0,5.1,,,,,99.25902,,14.25,0.75,7.1
2015-11-02,,,,,,,,,0.12,,,,2.224,46.12,,,,,14.15,,1.43,,,,1.1026,16.471,3.8503,1.3093,,,,,
2015-11-03,,,,,,,,,0.12,,,,,47.88,,,,,14.54,,1.43,,,,1.0946,16.373,3.7578,1.3107,,,,,
2015-11-04,,,,,,,,,0.12,,,,,46.32,,,,,15.51,,1.41,,,,1.0861,16.5245,3.7946,1.3164,,,,,
2015-11-05,,,,,,,,,0.12,,,,,45.27,,,,,15.05,,1.41,,,,1.0869,16.5815,3.7809,1.3162,,,,,
2015-11-06,,,,,,,,,0.12,,,,,44.32,,,,,14.33,,1.44,,,,1.0746,16.843,3.8055,1.3307,,,,,
2015-11-07,,,,276000.0,,,,,0.12,,,,,,2209000.0,,,,,,,,,,,,,,,,,,
2015-11-08,,,,,,,,,0.12,,,,,,,,,,,,,,,,,,,,,,,,
2015-11-09,,,,,,,,,0.12,,,,2.235,43.87,,,,,16.52,,1.47,,,,1.0767,16.854,3.7855,1.3274,,,,,
2015-11-10,,,,,,,,,0.12,,,,,44.23,,,,,15.29,,1.45,,,,1.0686,16.7625,3.7978,1.3258,,,,,
2015-11-11,,,,,,,,,0.12,,,,,42.95,,,,,16.06,,,,,,,,,,,,,,
2015-11-12,,,,,,,,,0.12,,,,,41.74,,,,,18.37,,1.43,,,,1.0768,16.732,3.7898,1.3309,,,,,
2015-11-13,,,,,,,,,0.12,,,,,40.69,,,,,20.08,,1.42,,,,1.0722,16.6965,3.8235,1.3332,,,,,
2015-11-14,,,,272000.0,,,,,0.12,,,,,,2185000.0,,,,,,,,,,,,,,,,,,
2015-11-15,,,,,,,,,0.12,,,,,,,,,,,,,,,,,,,,,,,,
2015-11-16,,,,,,,,,0.13,,,,2.178,41.68,,,,,18.16,,1.39,,,,1.0708,16.8145,3.846,1.3352,,,,,
2015-11-17,,,,,,,,,0.13,,,,,40.73,,,,,18.84,,1.39,,,,1.0634,16.77,3.8123,1.3324,,,,,
2015-11-18,,,,,,,,,0.12,,,,,40.75,,,,,16.85,,1.37,,,,1.0638,16.7655,3.7914,1.3351,,,,,
2015-11-19,,,,,,,,,0.12,,,,,40.55,,,,,16.99,,1.33,,,,1.0746,16.57,3.7365,1.3266,,,,,
2015-11-20,,,,,,,,,0.12,,,,,39.39,,,,,15.47,,1.33,,,,1.066,16.508,3.7048,1.3337,,,,,
2015-11-21,,,,261000.0,,,,,0.12,,,,,,2181000.0,,,,,,,,,,,,,,,,,,
2015-11-22,,,,,,,,,0.12,,,,,,,,,,,,,,,,,,,,,,,,
2015-11-23,,,,,,,,,0.12,,,,2.094,39.27,,,,,15.62,,1.31,,,,1.0602,16.524,3.7239,1.3358,,,,,
2015-11-24,,,,,,,,,0.12,,,,,40.89,,,,,15.93,,1.31,,,,1.0652,16.457,3.7064,1.3308,,,,,
2015-11-25,,,,,,,,,0.12,,,,,41.22,,,,,15.19,,1.3,,,,1.0616,16.545,3.7508,1.3298,,,,,
2015-11-26,,,,,,,,,0.12,,,,,,,,,,,,,,,,,,,,,,,,
2015-11-27,,,,,,,,,0.12,,,,,40.57,,,,,15.12,,1.3,,,,1.0596,16.5885,3.7736,1.336,,,,,
2015-11-28,,,,265000.0,,,,,0.12,,,,,,2259000.0,,,,,,,,,,,,,,,,,,
2015-11-29,,,,,,,,,0.12,,,,,,,,,,,,,,,,,,,,,,,,
2015-11-30,,,,,,,,,0.08,,,,2.059,40.43,,,,,16.13,,1.27,,,,1.0562,16.6005,3.8982,1.3332,,,,,
2015-12-01,143077.0,5.0,25.25,,92.6,2.6,237.761,12333.0,0.13,,62.7,,,40.58,,2932.0,41.8,100.6973,14.67,5.22,1.24,183.5,389551.0,5.1,1.062,16.5305,3.8491,1.3372,99.74227,,14.25,0.75,7.3
2015-12-02,,,,,,,,,0.13,,,,,39.93,,,,,15.91,,1.24,,,,1.0573,16.588,3.8633,1.3357,,,,,
2015-12-03,,,,,,,,,0.13,,,,,41.08,,,,,18.11,,1.37,,,,1.0902,16.718,3.7762,1.3393,,,,,
2015-12-04,,,,,,,,,0.13,,,,,40.0,,,,,14.81,,1.32,,,,1.0884,16.6555,3.7426,1.3364,,,,,
2015-12-05,,,,280000.0,,,,,0.13,,,,,,2242000.0,,,,,,,,,,,,,,,,,,
2015-12-06,,,,,,,,,0.13,,,,,,,,,,,,,,,,,,,,,,,,
2015-12-07,,,,,,,,,0.13,,,,2.053,37.64,,,,,15.84,,1.29,,,,1.084,16.9,3.7595,1.3508,,,,,
2015-12-08,,,,,,,,,0.13,,,,,37.46,,,,,17.6,,1.3,,,,1.0876,17.0245,3.8032,1.3594,,,,,
2015-12-09,,,,,,,,,0.14,,,,,37.16,,,,,19.61,,1.29,,,,1.0984,17.0505,3.7264,1.3595,,,,,
2015-12-10,,,,,,,,,0.14,,,,,36.76,,,,,19.34,,1.29,,,,1.0948,17.0945,3.7787,1.3598,,,,,
2015-12-11,,,,,,,,,0.14,,,,,35.65,,,,,24.39,,1.25,,,,1.1002,17.357,3.8791,1.3695,,,,,
2015-12-12,,,,268000.0,,,,,0.14,,,,,,2190000.0,,,,,,,,,,,,,,,,,,
2015-12-13,,,,,,,,,0.14,,,,,,,,,,,,,,,,,,,,,,,,
2015-12-14,,,,,,,,,0.15,,,,2.037,36.31,,,,,22.73,,1.26,,,,1.1025,17.358,3.8972,1.3732,,,,,
2015-12-15,,,,,,,,,0.15,,,,,37.32,,,,,20.95,,1.3,,,,1.0911,17.149,3.9,1.3729,,,,,
2015-12-16,,,,,,,,,0.15,,,,,35.55,,,,,17.86,,1.28,,,,1.0937,17.18,3.9421,1.3805,,,,,
2015-12-17,,,,,,,,,0.37,,,,,34.98,,,,,18.94,,1.24,,,,1.0804,17.119,3.9053,1.397,,,,,
2015-12-18,,,,,,,,,0.37,,,,,34.72,,,,,20.7,,1.22,,,,1.0847,16.993,3.9336,1.3876,,,,,
2015-12-19,,,,260000.0,,,,,0.37,,,,,,2176000.0,,,,,,,,,,,,,,,,,,
2015-12-20,,,,,,,,,0.37,,,,,,,,,,,,,,,,,,,,,,,,
2015-12-21,,,,,,,,,0.36,,,,2.026,34.55,,,,,18.7,,1.24,,,,1.092,17.164,4.0231,1.3989,,,,,
2015-12-22,,,,,,,,,0.36,,,,,36.12,,,,,16.6,,1.25,,,,1.0978,17.1855,3.998,1.3929,,,,,
2015-12-23,,,,,,,,,0.36,,,,,36.76,,,,,15.57,,1.26,,,,1.0875,17.1865,3.9672,1.386,,,,,
2015-12-24,,,,,,,,,0.36,,,,,37.62,,,,,15.74,,1.22,,,,1.0955,17.276,3.9358,1.3847,,,,,
2015-12-25,,,,,,,,,0.36,,,,,,,,,,,,,,,,,,,,,,,,
2015-12-26,,,,276000.0,,,,,0.36,,,,,,2207000.0,,,,,,,,,,,,,,,,,,
2015-12-27,,,,,,,,,0.36,,,,,,,,,,,,,,,,,,,,,,,,
2015-12-28,,,,,,,,,0.36,,,,2.034,36.36,,,,,16.91,,1.19,,,,1.0983,17.261,3.859,1.3893,,,,,
2015-12-29,,,,,,,,,0.36,,,,,37.88,,,,,16.08,,1.23,,,,1.0916,17.2065,3.8917,1.3848,,,,,
2015-12-30,,,,,,,,,0.35,,,,,36.59,,,,,17.29,,1.23,,,,1.0912,17.339,3.988,1.3883,,,,,
2015-12-31,,,,,,,,,0.2,,,,,37.13,,,,,18.21,,1.21,,,,1.0859,17.195,3.9593,1.3839,,,,,
2016-01-01,143210.0,4.8,25.37,,92.0,2.5,237.652,12354.0,0.2,98.205,62.7,,,,,2888.6,41.9,100.7104,,5.11,,182.6,387483.0,5.1,,,,,101.2887,,14.25,0.75,7.2
2016-01-02,,,,273000.0,,,,,0.2,,,,,,2218000.0,,,,,,,,,,,,,,,,,,
2016-01-03,,,,,,,,,0.2,,,,,,,,,,,,,,,,,,,,,,,,
2016-01-04,,,,,,,,,0.36,,,,2.028,36.81,,,,,20.7,,1.22,,,,1.0803,17.36,4.0613,1.397,,,,,
2016-01-05,,,,,,,,,0.36,,,,,35.97,,,,,19.34,,1.21,,,,1.0743,17.3595,4.0108,1.3991,,,,,
2016-01-06,,,,,,,,,0.36,,,,,33.97,,,,,20.59,,1.19,,,,1.0762,17.436,4.0163,1.4084,,,,,
2016-01-07,,,,,,,,,0.36,,,,,33.29,,,,,24.99,,1.2,,,,1.086,17.6525,4.0504,1.4061,,,,,
2016-01-08,,,,,,,,,0.36,,,,,33.2,,,,,27.01,,1.19,,,,1.0885,17.9145,4.048,1.415,,,,,
2016-01-09,,,,284000.0,,,,,0.36,,,,,,2190000.0,,,,,,,,,,,,,,,,,,
2016-01-10,,,,,,,,,0.36,,,,,,,,,,,,,,,,,,,,,,,,
2016-01-11,,,,,,,,,0.36,,,,1.996,31.42,,,,,24.3,,1.23,,,,1.0878,17.956,4.0464,1.4203,,,,,
2016-01-12,,,,,,,,,0.36,,,,,30.42,,,,,22.47,,1.19,,,,1.0837,17.923,4.0454,1.4293,,,,,
2016-01-13,,,,,,,,,0.36,,,,,30.42,,,,,25.22,,1.17,,,,1.0862,17.8595,3.9893,1.4294,,,,,
2016-01-14,,,,,,,,,0.36,,,,,31.22,,,,,23.95,,1.2,,,,1.0862,17.893,4.0032,1.4374,,,,,
2016-01-15,,,,,,,,,0.36,,,,,29.45,,,,,27.02,,1.18,,,,1.0964,18.2475,4.048,1.4531,,,,,
2016-01-16,,,,290000.0,,,,,0.36,,,,,,2221000.0,,,,,,,,,,,,,,,,,,
2016-01-17,,,,,,,,,0.36,,,,,,,,,,,,,,,,,,,,,,,,
2016-01-18,,,,,,,,,0.36,,,,1.914,,,,,,,,,,,,,,,,,,,,
2016-01-19,,,,,,,,,0.36,,,,,28.47,,,,,26.05,,1.18,,,,1.0906,18.1845,4.042,1.4513,,,,,
2016-01-20,,,,,,,,,0.37,,,,,26.68,,,,,27.59,,1.16,,,,1.0908,18.5945,4.1103,1.4592,,,,,
2016-01-21,,,,,,,,,0.37,,,,,29.55,,,,,26.69,,1.18,,,,1.0833,18.4655,4.1299,1.4244,,,,,
2016-01-22,,,,,,,,,0.38,,,,,32.07,,,,,22.34,,1.19,,,,1.0814,18.45,4.1061,1.4153,,,,,
2016-01-23,,,,269000.0,,,,,0.38,,,,,,2199000.0,,,,,,,,,,,,,,,,,,
2016-01-24,,,,,,,,,0.38,,,,,,,,,,,,,,,,,,,,,,,,
2016-01-25,,,,,,,,,0.38,,,,1.856,30.31,,,,,24.15,,1.15,,,,1.0832,18.56,4.0887,1.4248,,,,,
2016-01-26,,,,,,,,,0.38,,,,,29.54,,,,,22.5,,1.16,,,,1.0846,18.475,4.0701,1.4062,,,,,
2016-01-27,,,,,,,,,0.38,,,,,32.32,,,,,23.11,,1.18,,,,1.0867,18.378,4.0557,1.404,,,,,
2016-01-28,,,,,,,,,0.38,,,,,33.21,,,,,22.42,,1.17,,,,1.0952,18.312,4.0979,1.4077,,,,,
2016-01-29,,,,,,,,,0.29,,,,,33.66,,,,,20.2,,1.18,,,,1.0832,18.211,4.0364,1.4074,,,,,
2016-01-30,,,,282000.0,,,,,0.29,,,,,,2210000.0,,,,,,,,,,,,,,,,,,
2016-01-31,,,,,,,,,0.29,,,,,,,,,,,,,,,,,,,,,,,,
2016-02-01,143406.0,4.9,25.38,,91.7,2.5,237.336,12337.0,0.38,,62.8,,1.822,31.62,,2885.5,41.8,100.673,19.98,4.96,1.16,181.3,390029.0,5.1,1.0888,18.293,3.9866,1.4005,101.0954,,14.25,0.75,7.3
2016-02-02,,,,,,,,,0.38,,,,,29.9,,,,,21.98,,1.12,,,,1.0908,18.4895,3.9885,1.4039,,,,,
2016-02-03,,,,,,,,,0.38,,,,,32.29,,,,,21.65,,1.16,,,,1.1051,18.393,3.9478,1.3843,,,,,
2016-02-04,,,,,,,,,0.38,,,,,31.63,,,,,21.84,,1.17,,,,1.1199,18.2255,3.8785,1.3724,,,,,
2016-02-05,,,,,,,,,0.38,,,,,30.86,,,,,23.38,,1.12,,,,1.1131,18.372,3.9101,1.3875,,,,,
2016-02-06,,,,266000.0,,,,,0.38,,,,,,2213000.0,,,,,,,,,,,,,,,,,,
2016-02-07,,,,,,,,,0.38,,,,,,,,,,,,,,,,,,,,,,,,
2016-02-08,,,,,,,,,0.38,,,,1.759,29.71,,,,,26.0,,1.09,,,,1.117,18.6485,3.8979,1.3921,,,,,
2016-02-09,,,,,,,,,0.38,,,,,27.96,,,,,26.54,,1.05,,,,1.13,18.8627,3.8863,1.386,,,,,
2016-02-10,,,,,,,,,0.38,,,,,27.54,,,,,26.29,,1.0,,,,1.1222,18.847,3.9366,1.3969,,,,,
2016-02-11,,,,,,,,,0.38,,,,,26.19,,,,,28.14,,0.99,,,,1.1362,19.1925,3.9704,1.3933,,,,,
2016-02-12,,,,,,,,,0.38,,,,,29.32,,,,,25.4,,1.03,,,,1.1235,19.004,3.9764,1.3834,,,,,
2016-02-13,,,,262000.0,,,,,0.38,,,,,,2206000.0,,,,,,,,,,,,,,,,,,
2016-02-14,,,,,,,,,0.38,,,,,,,,,,,,,,,,,,,,,,,,
2016-02-15,,,,,,,,,0.38,,,,1.724,,,,,,,,,,,,,,,,,,,,
2016-02-16,,,,,,,,,0.38,,,,,29.05,,,,,24.11,,1.04,,,,1.114,18.789,4.0564,1.3857,,,,,
2016-02-17,,,,,,,,,0.37,,,,,30.68,,,,,22.31,,1.07,,,,1.114,18.275,3.9856,1.3682,,,,,
2016-02-18,,,,,,,,,0.38,,,,,30.77,,,,,21.64,,1.04,,,,1.1092,18.1705,4.0191,1.3718,,,,,
2016-02-19,,,,,,,,,0.38,,,,,29.59,,,,,20.53,,1.0,,,,1.1127,18.272,4.0428,1.3798,,,,,
2016-02-20,,,,270000.0,,,,,0.38,,,,,,2203000.0,,,,,,,,,,,,,,,,,,
2016-02-21,,,,,,,,,0.38,,,,,,,,,,,,,,,,,,,,,,,,
2016-02-22,,,,,,,,,0.38,,,,1.73,31.37,,,,,19.38,,0.99,,,,1.1018,18.019,3.933,1.3684,,,,,
2016-02-23,,,,,,,,,0.38,,,,,31.84,,,,,20.98,,0.98,,,,1.1016,18.2,3.974,1.3791,,,,,
2016-02-24,,,,,,,,,0.38,,,,,30.35,,,,,20.72,,1.0,,,,1.1021,18.227,3.9774,1.3765,,,,,
2016-02-25,,,,,,,,,0.37,,,,,31.4,,,,,19.11,,0.99,,,,1.1026,18.1305,3.929,1.3572,,,,,
2016-02-26,,,,,,,,,0.37,,,,,31.65,,,,,19.81,,0.96,,,,1.0932,18.185,4.012,1.3546,,,,,
2016-02-27,,,,269000.0,,,,,0.37,,,,,,2180000.0,,,,,,,,,,,,,,,,,,
2016-02-28,,,,,,,,,0.37,,,,,,,,,,,,,,,,,,,,,,,,
2016-02-29,,,,,,,,,0.29,,,,1.783,32.74,,,,,20.55,,0.96,,,,1.0868,18.0675,3.9793,1.3522,,,,,
2016-03-01,143662.0,5.0,25.45,,91.0,2.7,238.08,12313.0,0.36,,63.0,,,34.39,,2885.6,41.8,100.633,17.7,4.77,0.98,182.1,388998.0,5.0,1.0847,17.9,3.9475,1.3404,100.3222,,14.25,0.75,7.2
2016-03-02,,,,,,,,,0.37,,,,,34.57,,,,,17.09,,0.99,,,,1.0845,17.8415,3.8948,1.3466,,,,,
2016-03-03,,,,,,,,,0.37,,,,,34.56,,,,,16.7,,0.98,,,,1.0948,17.9015,3.8246,1.3405,,,,,
2016-03-04,,,,,,,,,0.36,,,,,35.91,,,,,16.86,,1.0,,,,1.101,17.7575,3.728,1.3337,,,,,
2016-03-05,,,,255000.0,,,,,0.36,,,,,,2203000.0,,,,,,,,,,,,,,,,,,
2016-03-06,,,,,,,,,0.36,,,,,,,,,,,,,,,,,,,,,,,,
2016-03-07,,,,,,,,,0.36,,,,1.841,37.9,,,,,17.35,,1.0,,,,1.1004,17.737,3.7745,1.33,,,,,
2016-03-08,,,,,,,,,0.36,,,,,36.67,,,,,18.67,,0.95,,,,1.1028,17.921,3.7721,1.3388,,,,,
2016-03-09,,,,,,,,,0.36,,,,,37.62,,,,,18.34,,1.0,,,,1.1022,17.7045,3.6902,1.3233,,,,,
2016-03-10,,,,,,,,,0.36,,,,,37.77,,,,,18.05,,1.0,,,,1.1162,17.8955,3.6698,1.3372,,,,,
2016-03-11,,,,,,,,,0.36,,,,,38.51,,,,,16.5,,1.01,,,,1.118,17.6905,3.6166,1.3211,,,,,
2016-03-12,,,,263000.0,,,,,0.36,,,,,,2163000.0,,,,,,,,,,,,,,,,,,
2016-03-13,,,,,,,,,0.36,,,,,,,,,,,,,,,,,,,,,,,,
2016-03-14,,,,,,,,,0.36,,,,1.961,37.2,,,,,16.92,,1.0,,,,1.1107,17.777,3.6265,1.3291,,,,,
2016-03-15,,,,,,,,,0.37,,,,,36.32,,,,,16.84,,0.99,,,,1.1112,17.9245,3.7298,1.3355,,,,,
2016-03-16,,,,,,,,,0.37,,,,,38.43,,,,,14.99,,1.07,,,,1.1075,17.9405,3.7998,1.3364,,,,,
2016-03-17,,,,,,,,,0.37,,,,,40.17,,,,,14.44,,1.04,,,,1.1316,17.392,3.6201,1.2982,,,,,
2016-03-18,,,,,,,,,0.37,,,,,39.47,,,,,14.02,,1.04,,,,1.1292,17.295,3.605,1.298,,,,,
2016-03-19,,,,264000.0,,,,,0.37,,,,,,2138000.0,,,,,,,,,,,,,,,,,,
2016-03-20,,,,,,,,,0.37,,,,,,,,,,,,,,,,,,,,,,,,
2016-03-21,,,,,,,,,0.37,,,,2.007,39.91,,,,,13.79,,1.05,,,,1.126,17.39,3.6064,1.3067,,,,,
2016-03-22,,,,,,,,,0.37,,,,,41.45,,,,,14.17,,1.03,,,,1.1228,17.33,3.5921,1.3051,,,,,
2016-03-23,,,,,,,,,0.37,,,,,38.28,,,,,14.94,,1.01,,,,1.1174,17.52,3.6735,1.3199,,,,,
2016-03-24,,,,,,,,,0.37,,,,,38.14,,,,,14.74,,1.02,,,,1.1163,17.626,3.7043,1.327,,,,,
2016-03-25,,,,,,,,,0.37,,,,,,,,,,,,,,,,1.1164,17.5425,3.7028,1.3264,,,,,
2016-03-26,,,,271000.0,,,,,0.37,,,,,,2165000.0,,,,,,,,,,,,,,,,,,
2016-03-27,,,,,,,,,0.37,,,,,,,,,,,,,,,,,,,,,,,,
2016-03-28,,,,,,,,,0.37,,,,2.066,37.99,,,,,15.24,,1.0,,,,1.121,17.4535,3.639,1.3184,,,,,
2016-03-29,,,,,,,,,0.37,,,,,36.91,,,,,13.82,,1.03,,,,1.1204,17.4885,3.6726,1.3153,,,,,
2016-03-30,,,,,,,,,0.37,,,,,36.91,,,,,13.56,,1.07,,,,1.133,17.255,3.6145,1.2962,,,,,
2016-03-31,,,,,,,,,0.25,,,,,36.94,,,,,13.95,,1.05,,,,1.139,17.214,3.55,1.2969,,,,,
2016-04-01,143854.0,5.1,25.53,,89.0,2.8,238.992,12325.0,0.37,98.267,62.9,,,35.36,,2878.8,41.8,100.6551,13.1,4.42,1.03,183.2,391112.0,4.9,1.1385,17.3205,3.541,1.3047,100.9987,,14.25,0.75,7.3
2016-04-02,,,,273000.0,,,,,0.37,,,,,,2151000.0,,,,,,,,,,,,,,,,,,
2016-04-03,,,,,,,,,0.37,,,,,,,,,,,,,,,,,,,,,,,,
2016-04-04,,,,,,,,,0.37,,,,2.083,34.3,,,,,14.12,,1.03,,,,1.1386,17.4575,3.5994,1.3037,,,,,
2016-04-05,,,,,,,,,0.37,,,,,34.52,,,,,15.42,,1.01,,,,1.1374,17.748,3.6659,1.3175,,,,,
2016-04-06,,,,,,,,,0.37,,,,,37.74,,,,,14.09,,1.03,,,,1.143,17.6655,3.6538,1.3073,,,,,
2016-04-07,,,,,,,,,0.37,,,,,37.3,,,,,16.16,,1.0,,,,1.1386,17.9125,3.7106,1.3163,,,,,
2016-04-08,,,,,,,,,0.37,,,,,39.74,,,,,15.36,,1.02,,,,1.1406,17.76,3.6288,1.2994,,,,,
2016-04-09,,,,263000.0,,,,,0.37,,,,,,2139000.0,,,,,,,,,,,,,,,,,,
2016-04-10,,,,,,,,,0.37,,,,,,,,,,,,,,,,,,,,,,,,
2016-04-11,,,,,,,,,0.37,,,,2.069,40.46,,,,,16.26,,1.03,,,,1.1412,17.6385,3.516,1.2912,,,,,
2016-04-12,,,,,,,,,0.37,,,,,42.12,,,,,14.85,,1.05,,,,1.1395,17.5155,3.552,1.28,,,,,
2016-04-13,,,,,,,,,0.37,,,,,41.7,,,,,13.84,,1.02,,,,1.1281,17.4905,3.5606,1.2789,,,,,
2016-04-14,,,,,,,,,0.37,,,,,41.45,,,,,13.72,,1.03,,,,1.1262,17.367,3.5035,1.2835,,,,,
2016-04-15,,,,,,,,,0.37,,,,,40.4,,,,,13.62,,1.02,,,,1.1295,17.558,3.5362,1.2857,,,,,
2016-04-16,,,,257000.0,,,,,0.37,,,,,,2135000.0,,,,,,,,,,,,,,,,,,
2016-04-17,,,,,,,,,0.37,,,,,,,,,,,,,,,,,,,,,,,,
2016-04-18,,,,,,,,,0.37,,,,2.137,39.74,,,,,13.35,,1.03,,,,1.1322,17.4515,3.5977,1.2815,,,,,
2016-04-19,,,,,,,,,0.37,,,,,40.88,,,,,13.24,,1.02,,,,1.1375,17.2935,3.542,1.2654,,,,,
2016-04-20,,,,,,,,,0.37,,,,,42.72,,,,,13.28,,1.05,,,,1.133,17.259,3.5444,1.2623,,,,,
2016-04-21,,,,,,,,,0.37,,,,,43.18,,,,,13.95,,1.06,,,,1.1301,17.415,3.5444,1.2713,,,,,
2016-04-22,,,,,,,,,0.37,,,,,42.76,,,,,13.22,,1.05,,,,1.1239,17.444,3.5864,1.2672,,,,,
2016-04-23,,,,259000.0,,,,,0.37,,,,,,2137000.0,,,,,,,,,,,,,,,,,,
2016-04-24,,,,,,,,,0.37,,,,,,,,,,,,,,,,,,,,,,,,
2016-04-25,,,,,,,,,0.37,,,,2.162,41.67,,,,,14.08,,1.06,,,,1.1274,17.601,3.5482,1.2678,,,,,
2016-04-26,,,,,,,,,0.37,,,,,42.52,,,,,13.96,,1.08,,,,1.1318,17.386,3.5269,1.2614,,,,,
2016-04-27,,,,,,,,,0.37,,,,,45.29,,,,,13.77,,1.04,,,,1.1322,17.379,3.5375,1.2637,,,,,
2016-04-28,,,,,,,,,0.37,,,,,46.03,,,,,15.22,,1.06,,,,1.1325,17.2175,3.4824,1.2544,,,,,
2016-04-29,,,,,,,,,0.3,,,,,45.98,,,,,15.7,,1.06,,,,1.1441,17.19,3.4547,1.2549,,,,,
2016-04-30,,,,278000.0,,,,,0.3,,,,,,2183000.0,,,,,,,,,,,,,,,,,,
2016-05-01,143900.0,4.8,25.58,,94.7,2.4,239.557,12303.0,0.3,,62.7,,,,,2861.9,41.9,100.7778,,4.31,,185.3,392299.0,4.9,,,,,99.35567,,14.25,0.75,7.1
2016-05-02,,,,,,,,,0.37,,,,2.24,44.75,,,,,14.68,,1.08,,,,1.1516,17.2425,3.505,1.2544,,,,,
2016-05-03,,,,,,,,,0.37,,,,,43.65,,,,,15.6,,1.06,,,,1.1508,17.5415,3.5652,1.2686,,,,,
2016-05-04,,,,,,,,,0.37,,,,,43.77,,,,,16.05,,1.04,,,,1.1486,17.705,3.5339,1.2882,,,,,
2016-05-05,,,,,,,,,0.37,,,,,44.33,,,,,15.91,,1.04,,,,1.1404,17.785,3.526,1.2855,,,,,
2016-05-06,,,,,,,,,0.37,,,,,44.58,,,,,14.72,,1.05,,,,1.1421,17.9155,3.5255,1.292,,,,,
2016-05-07,,,,289000.0,,,,,0.37,,,,,,2185000.0,,,,,,,,,,,,,,,,,,
2016-05-08,,,,,,,,,0.37,,,,,,,,,,,,,,,,,,,,,,,,
2016-05-09,,,,,,,,,0.37,,,,2.22,43.45,,,,,14.57,,1.05,,,,1.1402,18.1325,3.556,1.2994,,,,,
2016-05-10,,,,,,,,,0.37,,,,,44.68,,,,,13.63,,1.05,,,,1.1386,18.0095,3.4742,1.2957,,,,,
2016-05-11,,,,,,,,,0.37,,,,,46.21,,,,,14.69,,0.99,,,,1.1444,17.9265,3.4594,1.2834,,,,,
2016-05-12,,,,,,,,,0.37,,,,,46.64,,,,,14.41,,0.99,,,,1.138,18.0345,3.4942,1.2857,,,,,
2016-05-13,,,,,,,,,0.37,,,,,46.22,,,,,15.04,,0.95,,,,1.1294,18.147,3.5075,1.2939,,,,,
2016-05-14,,,,279000.0,,,,,0.37,,,,,,2177000.0,,,,,,,,,,,,,,,,,,
2016-05-15,,,,,,,,,0.37,,,,,,,,,,,,,,,,,,,,,,,,
2016-05-16,,,,,,,,,0.37,,,,2.242,47.72,,,,,14.68,,0.96,,,,1.1328,18.216,3.5034,1.2886,,,,,
2016-05-17,,,,,,,,,0.37,,,,,48.29,,,,,15.57,,0.94,,,,1.1337,18.285,3.4942,1.2884,,,,,
2016-05-18,,,,,,,,,0.37,,,,,48.12,,,,,15.95,,0.97,,,,1.1276,18.3375,3.5268,1.2924,,,,,
2016-05-19,,,,,,,,,0.37,,,,,48.16,,,,,16.33,,0.96,,,,1.1214,18.546,3.6051,1.3114,,,,,
2016-05-20,,,,,,,,,0.37,,,,,47.67,,,,,15.2,,0.96,,,,1.1207,18.377,3.5386,1.3136,,,,,
2016-05-21,,,,267000.0,,,,,0.37,,,,,,2186000.0,,,,,,,,,,,,,,,,,,
2016-05-22,,,,,,,,,0.37,,,,,,,,,,,,,,,,,,,,,,,,
2016-05-23,,,,,,,,,0.37,,,,2.3,48.12,,,,,15.82,,0.93,,,,1.1192,18.471,3.5753,1.3155,,,,,
2016-05-24,,,,,,,,,0.37,,,,,48.04,,,,,14.42,,0.94,,,,1.1145,18.4435,3.5518,1.3117,,,,,
2016-05-25,,,,,,,,,0.37,,,,,49.1,,,,,13.9,,0.95,,,,1.1154,18.45,3.6072,1.3089,,,,,
2016-05-26,,,,,,,,,0.37,,,,,49.0,,,,,13.43,,0.96,,,,1.1184,18.45,3.5775,1.298,,,,,
2016-05-27,,,,,,,,,0.37,,,,,49.36,,,,,13.12,,0.95,,,,1.114,18.428,3.6122,1.3001,,,,,
2016-05-28,,,,263000.0,,,,,0.37,,,,,,2131000.0,,,,,,,,,,,,,,,,,,
2016-05-29,,,,,,,,,0.37,,,,,,,,,,,,,,,,,,,,,,,,
2016-05-30,,,,,,,,,0.37,,,,2.339,,,,,,,,,,,,,,,,,,,,
2016-05-31,,,,,,,,,0.29,,,,,49.1,,,,,14.19,,0.97,,,,1.1135,18.413,3.6074,1.3097,,,,,
2016-06-01,144147.0,4.9,25.62,,93.5,2.6,240.222,12321.0,0.37,,62.7,,,49.07,,2877.9,41.8,100.7557,14.2,4.15,0.94,187.6,397113.0,4.9,1.1165,18.5475,3.603,1.3089,101.192,,14.25,0.75,7.0
2016-06-02,,,,,,,,,0.37,,,,,49.14,,,,,13.63,,0.92,,,,1.1157,18.632,3.5978,1.308,,,,,
2016-06-03,,,,,,,,,0.37,,,,,48.69,,,,,13.47,,0.93,,,,1.133,18.612,3.5332,1.2947,,,,,
2016-06-04,,,,265000.0,,,,,0.37,,,,,,2170000.0,,,,,,,,,,,,,,,,,,
2016-06-05,,,,,,,,,0.37,,,,,,,,,,,,,,,,,,,,,,,,
2016-06-06,,,,,,,,,0.37,,,,2.381,49.71,,,,,13.65,,0.93,,,,1.1354,18.614,3.5094,1.2856,,,,,
2016-06-07,,,,,,,,,0.37,,,,,50.37,,,,,14.05,,0.94,,,,1.135,18.436,3.4604,1.2788,,,,,
2016-06-08,,,,,,,,,0.37,,,,,51.23,,,,,14.08,,0.93,,,,1.14,18.125,3.377,1.2694,,,,,
2016-06-09,,,,,,,,,0.37,,,,,50.52,,,,,14.64,,0.91,,,,1.1329,18.2885,3.3934,1.2728,,,,,
2016-06-10,,,,,,,,,0.37,,,,,49.09,,,,,17.03,,0.91,,,,1.1281,18.526,3.4298,1.2734,,,,,
2016-06-11,,,,273000.0,,,,,0.37,,,,,,2158000.0,,,,,,,,,,,,,,,,,,
2016-06-12,,,,,,,,,0.37,,,,,,,,,,,,,,,,,,,,,,,,
2016-06-13,,,,,,,,,0.37,,,,2.399,48.89,,,,,20.97,,0.89,,,,1.1282,18.8145,3.4599,1.2791,,,,,
2016-06-14,,,,,,,,,0.37,,,,,48.49,,,,,20.5,,0.88,,,,1.1206,18.9785,3.4959,1.2833,,,,,
2016-06-15,,,,,,,,,0.37,,,,,47.92,,,,,20.14,,0.91,,,,1.1239,18.863,3.4715,1.2912,,,,,
2016-06-16,,,,,,,,,0.38,,,,,46.14,,,,,19.37,,0.87,,,,1.1158,18.9875,3.4952,1.3039,,,,,
2016-06-17,,,,,,,,,0.38,,,,,48.0,,,,,19.41,,0.92,,,,1.1256,18.8615,3.4301,1.2875,,,,,
2016-06-18,,,,261000.0,,,,,0.38,,,,,,2160000.0,,,,,,,,,,,,,,,,,,
2016-06-19,,,,,,,,,0.38,,,,,,,,,,,,,,,,,,,,,,,,
2016-06-20,,,,,,,,,0.38,,,,2.353,49.4,,,,,18.37,,0.93,,,,1.1318,18.666,3.3937,1.2807,,,,,
2016-06-21,,,,,,,,,0.38,,,,,48.95,,,,,18.48,,0.95,,,,1.1262,18.655,3.4038,1.2817,,,,,
2016-06-22,,,,,,,,,0.38,,,,,49.16,,,,,21.17,,0.94,,,,1.1286,18.53,3.3794,1.282,,,,,
2016-06-23,,,,,,,,,0.39,,,,,49.34,,,,,17.25,,0.96,,,,1.1373,18.301,3.344,1.2749,,,,,
2016-06-24,,,,,,,,,0.4,,,,,46.7,,,,,25.76,,0.93,,,,1.1126,18.8545,3.3895,1.2948,,,,,
2016-06-25,,,,262000.0,,,,,0.4,,,,,,2139000.0,,,,,,,,,,,,,,,,,,
2016-06-26,,,,,,,,,0.4,,,,,,,,,,,,,,,,,,,,,,,,
2016-06-27,,,,,,,,,0.41,,,,2.329,45.8,,,,,23.85,,0.85,,,,1.1024,19.152,3.4025,1.3076,,,,,
2016-06-28,,,,,,,,,0.41,,,,,47.93,,,,,18.75,,0.85,,,,1.1054,18.91,3.3074,1.3086,,,,,
2016-06-29,,,,,,,,,0.41,,,,,49.85,,,,,16.64,,0.88,,,,1.1117,18.5355,3.2386,1.299,,,,,
2016-06-30,,,,,,,,,0.3,,,,,48.27,,,,,15.63,,0.91,,,,1.1032,18.4935,3.2003,1.301,,,,,
2016-07-01,144520.0,4.8,25.69,,90.0,2.7,240.101,12342.0,0.41,98.603,62.8,,,49.02,,2882.0,42.0,100.6087,14.77,3.83,0.87,187.7,396545.0,5.0,1.1145,18.393,3.2448,1.2897,99.93557,,14.25,0.75,7.0
2016-07-02,,,,255000.0,,,,,0.41,,,,,,2131000.0,,,,,,,,,,,,,,,,,,
2016-07-03,,,,,,,,,0.41,,,,,,,,,,,,,,,,,,,,,,,,
2016-07-04,,,,,,,,,0.41,,,,2.291,,,,,,,,,,,,,,,,,,,,
2016-07-05,,,,,,,,,0.4,,,2088.55,,46.73,,,,,15.58,,0.81,,,,1.108,18.7805,3.2964,1.295,,,,,
2016-07-06,,,,,,,,,0.4,,,2099.73,,47.37,,,,,14.96,,0.8,,,,1.1077,18.7535,3.3217,1.3003,,,,,
2016-07-07,,,,,,,,,0.4,,,2097.9,,45.22,,,,,14.76,,0.82,,,,1.1065,18.8785,3.3436,1.2984,,,,,
2016-07-08,,,,,,,,,0.4,,,2129.9,,45.37,,,,,13.2,,0.76,,,,1.1038,18.5615,3.2835,1.3072,,,,,
2016-07-09,,,,252000.0,,,,,0.4,,,,,,2125000.0,,,,,,,,,,,,,,,,,,
2016-07-10,,,,,,,,,0.4,,,,,,,,,,,,,,,,,,,,,,,,
2016-07-11,,,,,,,,,0.4,,,2137.16,2.253,44.73,,,,,13.54,,0.77,,,,1.1045,18.4915,3.3095,1.3125,,,,,
2016-07-12,,,,,,,,,0.4,,,2152.14,,46.82,,,,,13.55,,0.84,,,,1.1074,18.2935,3.274,1.3016,,,,,
2016-07-13,,,,,,,,,0.4,,,2152.43,,44.87,,,,,13.04,,0.8,,,,1.1112,18.402,3.2895,1.2962,,,,,
2016-07-14,,,,,,,,,0.4,,,2163.75,,45.64,,,,,12.82,,0.85,,,,1.1109,18.324,3.235,1.2916,,,,,
2016-07-15,,,,,,,,,0.4,,,2161.74,,45.93,,,,,12.67,,0.89,,,,1.1059,18.519,3.2731,1.2978,,,,,
2016-07-16,,,,260000.0,,,,,0.4,,,,,,2140000.0,,,,,,,,,,,,,,,,,,
2016-07-17,,,,,,,,,0.4,,,,,,,,,,,,,,,,,,,,,,,,
2016-07-18,,,,,,,,,0.4,,,2166.89,2.23,45.23,,,,,12.44,,0.91,,,,1.1076,18.48,3.2523,1.2984,,,,,
2016-07-19,,,,,,,,,0.4,,,2163.78,,44.64,,,,,11.97,,0.86,,,,1.1014,18.5355,3.2754,1.3027,,,,,
2016-07-20,,,,,,,,,0.4,,,2173.02,,44.96,,,,,11.77,,0.86,,,,1.1007,18.582,3.2468,1.3037,,,,,
2016-07-21,,,,,,,,,0.4,,,2165.17,,43.96,,,,,12.74,,0.87,,,,1.1016,18.615,3.2692,1.3056,,,,,
2016-07-22,,,,,,,,,0.4,,,2175.03,,43.41,,,,,12.02,,0.86,,,,1.0968,18.614,3.2856,1.3178,,,,,
2016-07-23,,,,264000.0,,,,,0.4,,,,,,2134000.0,,,,,,,,,,,,,,,,,,
2016-07-24,,,,,,,,,0.4,,,,,,,,,,,,,,,,,,,,,,,,
2016-07-25,,,,,,,,,0.4,,,2168.48,2.182,42.4,,,,,12.87,,0.86,,,,1.098,18.756,3.287,1.3224,,,,,
2016-07-26,,,,,,,,,0.4,,,2169.18,,42.16,,,,,13.05,,0.82,,,,1.0984,18.7902,3.277,1.3207,,,,,
2016-07-27,,,,,,,,,0.4,,,2166.58,,41.9,,,,,12.83,,0.79,,,,1.0988,18.8715,3.2867,1.3221,,,,,
2016-07-28,,,,,,,,,0.4,,,2170.06,,41.13,,,,,12.72,,0.8,,,,1.1094,18.9085,3.2737,1.317,,,,,
2016-07-29,,,,,,,,,0.3,,,2173.6,,41.54,,,,,11.87,,0.79,,,,1.1168,18.761,3.238,1.304,,,,,
2016-07-30,,,,266000.0,,,,,0.3,,,,,,2143000.0,,,,,,,,,,,,,,,,,,
2016-07-31,,,,,,,,,0.3,,,,,,,,,,,,,,,,,,,,,,,,
2016-08-01,144661.0,4.9,25.71,,89.8,2.5,240.545,12319.0,0.4,,62.9,2170.84,2.159,40.05,,2878.7,41.8,100.5024,12.44,3.84,0.84,186.6,396293.0,4.8,1.1176,18.8325,3.265,1.3096,101.482,,14.25,0.75,6.9
2016-08-02,,,,,,,,,0.4,,,2157.03,,39.5,,,,,13.37,,0.88,,,,1.1225,18.915,3.2521,1.3087,,,,,
2016-08-03,,,,,,,,,0.4,,,2163.79,,40.8,,,,,12.86,,0.88,,,,1.117,18.9005,3.2595,1.3078,,,,,
2016-08-04,,,,,,,,,0.4,,,2164.25,,41.92,,,,,12.42,,0.87,,,,1.1134,18.845,3.2,1.3025,,,,,
2016-08-05,,,,,,,,,0.4,,,2182.87,,41.83,,,,,11.39,,0.87,,,,1.108,18.8685,3.1873,1.3179,,,,,
2016-08-06,,,,265000.0,,,,,0.4,,,,,,2157000.0,,,,,,,,,,,,,,,,,,
2016-08-07,,,,,,,,,0.4,,,,,,,,,,,,,,,,,,,,,,,,
2016-08-08,,,,,,,,,0.4,,,2180.89,2.15,43.06,,,,,11.5,,0.85,,,,1.1078,18.5785,3.1841,1.3162,,,,,
2016-08-09,,,,,,,,,0.4,,,2181.74,,42.78,,,,,11.66,,0.84,,,,1.111,18.38,3.1325,1.3116,,,,,
2016-08-10,,,,,,,,,0.4,,,2175.49,,41.75,,,,,12.05,,0.81,,,,1.1171,18.351,3.1292,1.3059,,,,,
2016-08-11,,,,,,,,,0.4,,,2185.79,,43.51,,,,,11.68,,0.81,,,,1.1168,18.264,3.1369,1.3004,,,,,
2016-08-12,,,,,,,,,0.4,,,2184.05,,44.47,,,,,11.55,,0.8,,,,1.1172,18.25,3.1648,1.2943,,,,,
2016-08-13,,,,264000.0,,,,,0.4,,,,,,2137000.0,,,,,,,,,,,,,,,,,,
2016-08-14,,,,,,,,,0.4,,,,,,,,,,,,,,,,,,,,,,,,
2016-08-15,,,,,,,,,0.4,,,2190.15,2.149,45.72,,,,,11.81,,0.83,,,,1.1199,18.045,3.1717,1.2922,,,,,
2016-08-16,,,,,,,,,0.4,,,2178.15,,46.57,,,,,12.64,,0.81,,,,1.1277,17.975,3.1782,1.2861,,,,,
2016-08-17,,,,,,,,,0.4,,,2182.22,,46.81,,,,,12.19,,0.82,,,,1.1263,18.2765,3.2273,1.2885,,,,,
2016-08-18,,,,,,,,,0.4,,,2187.02,,48.2,,,,,11.43,,0.82,,,,1.1334,18.0575,3.229,1.2777,,,,,
2016-08-19,,,,,,,,,0.4,,,2183.87,,48.48,,,,,11.34,,0.82,,,,1.1326,18.2525,3.2219,1.2878,,,,,
2016-08-20,,,,264000.0,,,,,0.4,,,,,,2148000.0,,,,,,,,,,,,,,,,,,
2016-08-21,,,,,,,,,0.4,,,,,,,,,,,,,,,,,,,,,,,,
2016-08-22,,,,,,,,,0.4,,,2182.64,2.193,46.8,,,,,12.27,,0.79,,,,1.1314,18.3165,3.2209,1.2942,,,,,
2016-08-23,,,,,,,,,0.4,,,2186.9,,47.54,,,,,12.38,,0.81,,,,1.1308,18.373,3.2196,1.2904,,,,,
2016-08-24,,,,,,,,,0.4,,,2175.44,,46.29,,,,,13.45,,0.8,,,,1.1256,18.4955,3.236,1.2939,,,,,
2016-08-25,,,,,,,,,0.4,,,2172.47,,46.97,,,,,13.63,,0.8,,,,1.1274,18.4385,3.2291,1.2934,,,,,
2016-08-26,,,,,,,,,0.4,,,2169.04,,47.64,,,,,13.65,,0.78,,,,1.1237,18.295,3.2085,1.2944,,,,,
2016-08-27,,,,261000.0,,,,,0.4,,,,,,2138000.0,,,,,,,,,,,,,,,,,,
2016-08-28,,,,,,,,,0.4,,,,,,,,,,,,,,,,,,,,,,,,
2016-08-29,,,,,,,,,0.4,,,2180.38,2.237,46.97,,,,,12.94,,0.76,,,,1.1182,18.5625,3.2436,1.3018,,,,,
2016-08-30,,,,,,,,,0.4,,,2176.12,,46.32,,,,,13.12,,0.77,,,,1.115,18.785,3.2525,1.3075,,,,,
2016-08-31,,,,,,,,,0.3,,,2170.95,,44.68,,,,,13.42,,0.78,,,,1.1146,18.849,3.247,1.3122,,,,,
2016-09-01,144967.0,5.0,25.77,,91.2,2.4,241.176,12317.0,0.4,,62.9,2170.86,,43.17,,2901.3,41.9,100.4832,13.48,3.91,0.79,186.9,398797.0,4.8,1.1194,18.826,3.246,1.3107,101.192,,14.25,0.75,7.0
2016-09-02,,,,,,,,,0.4,,,2179.98,,44.39,,,,,11.98,,0.8,,,,1.1158,18.644,3.248,1.2998,,,,,
2016-09-03,,,,257000.0,,,,,0.4,,,,,,2149000.0,,,,,,,,,,,,,,,,,,
2016-09-04,,,,,,,,,0.4,,,,,,,,,,,,,,,,,,,,,,,,
2016-09-05,,,,,,,,,0.4,,,,2.223,,,,,,,,,,,,,,,,,,,,
2016-09-06,,,,,,,,,0.4,,,2186.48,,44.85,,,,,12.02,,0.81,,,,1.1237,18.3385,3.2217,1.2843,,,,,
2016-09-07,,,,,,,,,0.4,,,2186.16,,45.47,,,,,11.94,,0.8,,,,1.1238,18.3505,3.2223,1.2895,,,,,
2016-09-08,,,,,,,,,0.4,,,2181.3,,47.63,,,,,12.51,,0.83,,,,1.1256,18.61,3.1962,1.291,,,,,
2016-09-09,,,,,,,,,0.4,,,2127.81,,45.88,,,,,17.5,,0.88,,,,1.1214,18.8395,3.2687,1.3034,,,,,
2016-09-10,,,,252000.0,,,,,0.4,,,,,,2110000.0,,,,,,,,,,,,,,,,,,
2016-09-11,,,,,,,,,0.4,,,,,,,,,,,,,,,,,,,,,,,,
2016-09-12,,,,,,,,,0.4,,,2159.04,2.202,46.28,,,,,15.16,,0.89,,,,1.123,19.0705,3.2762,1.3076,,,,,
2016-09-13,,,,,,,,,0.4,,,2127.02,,44.91,,,,,17.85,,0.93,,,,1.1242,19.1651,3.3144,1.3167,,,,,
2016-09-14,,,,,,,,,0.4,,,2125.77,,43.62,,,,,18.14,,0.93,,,,1.1271,19.2075,3.3196,1.3187,,,,,
2016-09-15,,,,,,,,,0.4,,,2147.26,,43.85,,,,,16.3,,0.97,,,,1.1246,19.2425,3.3274,1.3145,,,,,
2016-09-16,,,,,,,,,0.4,,,2139.16,,43.04,,,,,15.37,,0.93,,,,1.116,19.6645,3.2923,1.3212,,,,,
2016-09-17,,,,250000.0,,,,,0.4,,,,,,2098000.0,,,,,,,,,,,,,,,,,,
2016-09-18,,,,,,,,,0.4,,,,,,,,,,,,,,,,,,,,,,,,
2016-09-19,,,,,,,,,0.4,,,2139.12,2.225,43.34,,,,,15.53,,0.91,,,,1.1179,19.6205,3.2565,1.318,,,,,
2016-09-20,,,,,,,,,0.4,,,2139.76,,43.85,,,,,15.92,,0.9,,,,1.1172,19.8485,3.2633,1.3228,,,,,
2016-09-21,,,,,,,,,0.4,,,2163.12,,45.33,,,,,13.3,,0.87,,,,1.1165,19.8425,3.2393,1.3186,,,,,
2016-09-22,,,,,,,,,0.4,,,2177.18,,46.1,,,,,12.02,,0.84,,,,1.1229,19.555,3.2092,1.3036,,,,,
2016-09-23,,,,,,,,,0.4,,,2164.69,,44.36,,,,,12.29,,0.85,,,,1.1223,19.736,3.227,1.3163,,,,,
2016-09-24,,,,247000.0,,,,,0.4,,,,,,2081000.0,,,,,,,,,,,,,,,,,,
2016-09-25,,,,,,,,,0.4,,,,,,,,,,,,,,,,,,,,,,,,
2016-09-26,,,,,,,,,0.4,,,2146.1,2.224,45.6,,,,,14.5,,0.83,,,,1.127,19.8605,3.2345,1.3196,,,,,
2016-09-27,,,,,,,,,0.4,,,2159.93,,44.65,,,,,13.1,,0.81,,,,1.1208,19.465,3.2364,1.3247,,,,,
2016-09-28,,,,,,,,,0.4,,,2171.37,,47.07,,,,,12.39,,0.82,,,,1.12,19.512,3.2468,1.3237,,,,,
2016-09-29,,,,,,,,,0.4,,,2151.13,,47.72,,,,,14.02,,0.83,,,,1.1244,19.3825,3.2276,1.3101,,,,,
2016-09-30,,,,,,,,,0.29,,,2168.27,,47.72,,,,,13.29,,0.83,,,,1.1238,19.3355,3.2434,1.3115,,,,,
2016-10-01,145065.0,4.9,25.9,245000.0,87.2,2.4,241.741,12316.0,0.29,99.271,62.8,,,,2080000.0,2894.6,42.0,100.5603,,3.98,,186.7,399637.0,4.8,,,,,101.8686,,14.0,0.75,6.9
2016-10-02,,,,,,,,,0.29,,,,,,,,,,,,,,,,,,,,,,,,
2016-10-03,,,,,,,,,0.4,,,2161.2,2.245,48.8,,,,,13.57,,0.83,,,,1.121,19.335,3.2333,1.3138,,,,,
2016-10-04,,,,,,,,,0.4,,,2150.49,,48.67,,,,,13.63,,0.87,,,,1.1212,19.236,3.2339,1.3171,,,,,
2016-10-05,,,,,,,,,0.4,,,2159.73,,49.75,,,,,12.99,,0.87,,,,1.1196,19.2455,3.2326,1.3177,,,,,
2016-10-06,,,,,,,,,0.4,,,2160.77,,50.44,,,,,12.84,,0.89,,,,1.1158,19.232,3.2309,1.3209,,,,,
2016-10-07,,,,,,,,,0.4,,,2153.74,,49.76,,,,,13.48,,0.9,,,,1.1156,19.3325,3.2296,1.3306,,,,,
2016-10-08,,,,250000.0,,,,,0.4,,,,,,2081000.0,,,,,,,,,,,,,,,,,,
2016-10-09,,,,,,,,,0.4,,,,,,,,,,,,,,,,,,,,,,,,
2016-10-10,,,,,,,,,0.4,,,2163.66,2.272,49.76,,,,,13.38,,,,,,,,,,,,,,
2016-10-11,,,,,,,,,0.41,,,2136.73,,50.72,,,,,15.36,,0.9,,,,1.1062,18.9685,3.2111,1.3235,,,,,
2016-10-12,,,,,,,,,0.41,,,2139.18,,50.14,,,,,15.91,,0.92,,,,1.1014,18.999,3.2111,1.3277,,,,,
2016-10-13,,,,,,,,,0.41,,,2132.55,,50.47,,,,,16.69,,0.9,,,,1.1038,19.044,3.199,1.3219,,,,,
2016-10-14,,,,,,,,,0.41,,,2132.98,,50.35,,,,,16.12,,0.96,,,,1.0985,19.0475,3.1975,1.3169,,,,,
2016-10-15,,,,263000.0,,,,,0.41,,,,,,2069000.0,,,,,,,,,,,,,,,,,,
2016-10-16,,,,,,,,,0.41,,,,,,,,,,,,,,,,,,,,,,,,
2016-10-17,,,,,,,,,0.41,,,2126.5,2.257,49.97,,,,,16.21,,0.96,,,,1.1,18.885,3.1985,1.3135,,,,,
2016-10-18,,,,,,,,,0.41,,,2139.6,,50.3,,,,,15.28,,0.93,,,,1.0997,18.6575,3.1787,1.3105,,,,,
2016-10-19,,,,,,,,,0.41,,,2144.29,,51.59,,,,,14.41,,0.95,,,,1.0966,18.5605,3.1677,1.3105,,,,,
2016-10-20,,,,,,,,,0.41,,,2141.34,,50.31,,,,,13.75,,0.92,,,,1.0934,18.591,3.1548,1.3197,,,,,
2016-10-21,,,,,,,,,0.41,,,2141.16,,50.61,,,,,13.34,,0.9,,,,1.0866,18.6315,3.159,1.3324,,,,,
2016-10-22,,,,256000.0,,,,,0.41,,,,,,2066000.0,,,,,,,,,,,,,,,,,,
2016-10-23,,,,,,,,,0.41,,,,,,,,,,,,,,,,,,,,,,,,
2016-10-24,,,,,,,,,0.41,,,2151.33,2.243,50.18,,,,,13.02,,0.93,,,,1.0888,18.5835,3.1255,1.3387,,,,,
2016-10-25,,,,,,,,,0.41,,,2143.16,,49.45,,,,,13.46,,0.91,,,,1.089,18.485,3.1142,1.3333,,,,,
2016-10-26,,,,,,,,,0.41,,,2139.43,,48.75,,,,,14.24,,0.93,,,,1.0916,18.668,3.132,1.3361,,,,,
2016-10-27,,,,,,,,,0.41,,,2133.04,,49.71,,,,,15.36,,0.98,,,,1.0904,18.814,3.1494,1.3385,,,,,
2016-10-28,,,,,,,,,0.41,,,2126.41,,48.72,,,,,16.19,,1.0,,,,1.0934,18.717,3.1833,1.3383,,,,,
2016-10-29,,,,265000.0,,,,,0.41,,,,,,2067000.0,,,,,,,,,,,,,,,,,,
2016-10-30,,,,,,,,,0.41,,,,,,,,,,,,,,,,,,,,,,,,
2016-10-31,,,,,,,,,0.31,,,2126.15,2.23,46.83,,,,,17.06,,0.98,,,,1.0962,18.79,3.1658,1.3403,,,,,
2016-11-01,145183.0,4.7,25.9,,93.8,2.4,242.026,12311.0,0.41,,62.7,2111.72,,46.66,,2903.4,41.9,100.8904,18.56,4.3,1.0,186.3,398680.0,4.7,1.1042,19.1,3.2342,1.3377,101.6753,,14.0,0.75,6.8
2016-11-02,,,,,,,,,0.41,,,2097.94,,45.32,,,,,19.32,,1.0,,,,1.1119,19.3905,3.2364,1.3387,,,,,
2016-11-03,,,,,,,,,0.41,,,2088.66,,44.66,,,,,22.08,,1.01,,,,1.1094,19.2255,3.2386,1.3384,,,,,
2016-11-04,,,,,,,,,0.41,,,2085.18,,44.07,,,,,22.51,,0.99,,,,1.1121,19.118,3.2411,1.3413,,,,,
2016-11-05,,,,250000.0,,,,,0.41,,,,,,2046000.0,,,,,,,,,,,,,,,,,,
2016-11-06,,,,,,,,,0.41,,,,,,,,,,,,,,,,,,,,,,,,
2016-11-07,,,,,,,,,0.41,,,2131.52,2.233,44.88,,,,,18.71,,1.01,,,,1.1038,18.6365,3.1978,1.338,,,,,
2016-11-08,,,,,,,,,0.41,,,2139.56,,44.96,,,,,18.74,,1.01,,,,1.1034,18.435,3.1801,1.3335,,,,,
2016-11-09,,,,,,,,,0.41,,,2163.26,,45.2,,,,,14.38,,1.17,,,,1.0952,19.7745,3.2163,1.3406,,,,,
2016-11-10,,,,,,,,,0.41,,,2167.48,,44.62,,,,,14.74,,1.23,,,,1.0882,20.4935,3.3653,1.3474,,,,,
2016-11-11,,,,,,,,,0.41,,,2164.45,,43.39,,,,,14.17,,,,,,,,,,,,,,
2016-11-12,,,,232000.0,,,,,0.41,,,,,,2045000.0,,,,,,,,,,,,,,,,,,
2016-11-13,,,,,,,,,0.41,,,,,,,,,,,,,,,,,,,,,,,,
2016-11-14,,,,,,,,,0.41,,,2164.2,2.184,43.29,,,,,14.48,,1.23,,,,1.0723,20.8415,3.4485,1.3581,,,,,
2016-11-15,,,,,,,,,0.41,,,2180.39,,45.86,,,,,13.37,,1.21,,,,1.0726,20.345,3.4479,1.3468,,,,,
2016-11-16,,,,,,,,,0.41,,,2176.94,,45.56,,,,,13.72,,1.22,,,,1.0699,20.272,3.4198,1.3415,,,,,
2016-11-17,,,,,,,,,0.41,,,2187.12,,45.37,,,,,13.35,,1.25,,,,1.0656,20.1845,3.4134,1.3429,,,,,
2016-11-18,,,,,,,,,0.41,,,2181.9,,45.69,,,,,12.85,,1.27,,,,1.06,20.425,3.3894,1.3518,,,,,
2016-11-19,,,,246000.0,,,,,0.41,,,,,,2050000.0,,,,,,,,,,,,,,,,,,
2016-11-20,,,,,,,,,0.41,,,,,,,,,,,,,,,,,,,,,,,,
2016-11-21,,,,,,,,,0.41,,,2198.18,2.155,47.48,,,,,12.42,,1.25,,,,1.0597,20.488,3.3585,1.3432,,,,,
2016-11-22,,,,,,,,,0.41,,,2202.94,,48.07,,,,,12.41,,1.24,,,,1.0618,20.5125,3.3595,1.3444,,,,,
2016-11-23,,,,,,,,,0.41,,,2204.72,,46.72,,,,,12.43,,1.24,,,,1.056,20.653,3.3945,1.3467,,,,,
2016-11-24,,,,,,,,,0.41,,,,,,,,,,,,,,,,,,,,,,,,
2016-11-25,,,,,,,,,0.41,,,2213.35,,46.72,,,,,12.34,,1.24,,,,1.0595,20.6505,3.4229,1.3512,,,,,
2016-11-26,,,,255000.0,,,,,0.41,,,,,,2038000.0,,,,,,,,,,,,,,,,,,
2016-11-27,,,,,,,,,0.41,,,,,,,,,,,,,,,,,,,,,,,,
2016-11-28,,,,,,,,,0.41,,,2201.72,2.154,45.66,,,,,13.15,,1.21,,,,1.0576,20.574,3.3871,1.3401,,,,,
2016-11-29,,,,,,,,,0.41,,,2204.66,,45.29,,,,,12.9,,1.21,,,,1.0626,20.595,3.4011,1.3435,,,,,
2016-11-30,,,,,,,,,0.31,,,2198.81,,49.41,,,,,13.33,,1.26,,,,1.0578,20.4565,3.3854,1.3425,,,,,
2016-12-01,145408.0,4.7,25.93,,98.2,2.2,242.637,12324.0,0.41,,62.7,2191.08,,51.08,,2906.8,41.9,101.2288,14.07,4.29,1.31,188.2,405114.0,4.7,1.0634,20.7375,3.4717,1.333,99.35567,,13.75,0.75,6.9
2016-12-02,,,,,,,,,0.41,,,2191.95,,51.7,,,,,14.12,,1.29,,,,1.0666,20.613,3.4576,1.3298,,,,,
2016-12-03,,,,248000.0,,,,,0.41,,,,,,2029000.0,,,,,,,,,,,,,,,,,,
2016-12-04,,,,,,,,,0.41,,,,,,,,,,,,,,,,,,,,,,,,
2016-12-05,,,,,,,,,0.41,,,2204.71,2.208,51.72,,,,,12.14,,1.26,,,,1.0723,20.5725,3.4314,1.3271,,,,,
2016-12-06,,,,,,,,,0.41,,,2212.23,,50.95,,,,,11.79,,1.27,,,,1.0717,20.375,3.4269,1.3279,,,,,
2016-12-07,,,,,,,,,0.41,,,2241.35,,49.85,,,,,12.22,,1.24,,,,1.0758,20.328,3.3977,1.3251,,,,,
2016-12-08,,,,,,,,,0.41,,,2246.19,,50.84,,,,,12.64,,1.28,,,,1.0625,20.3765,3.3798,1.322,,,,,
2016-12-09,,,,,,,,,0.41,,,2259.53,,51.51,,,,,11.75,,1.32,,,,1.0541,20.333,3.3595,1.3162,,,,,
2016-12-10,,,,252000.0,,,,,0.41,,,,,,2030000.0,,,,,,,,,,,,,,,,,,
2016-12-11,,,,,,,,,0.41,,,,,,,,,,,,,,,,,,,,,,,,
2016-12-12,,,,,,,,,0.41,,,2256.96,2.236,52.74,,,,,12.64,,1.34,,,,1.0606,20.223,3.3505,1.3137,,,,,
2016-12-13,,,,,,,,,0.41,,,2271.72,,52.99,,,,,12.72,,1.31,,,,1.0635,20.256,3.3308,1.3119,,,,,
2016-12-14,,,,,,,,,0.41,,,2253.28,,51.01,,,,,13.19,,1.27,,,,1.0656,20.2295,3.3332,1.3123,,,,,
2016-12-15,,,,,,,,,0.66,,,2262.03,,50.9,,,,,12.79,,1.31,,,,1.0375,20.614,3.3933,1.3397,,,,,
2016-12-16,,,,,,,,,0.66,,,2258.07,,51.93,,,,,12.2,,1.32,,,,1.0456,20.417,3.386,1.3339,,,,,
2016-12-17,,,,260000.0,,,,,0.66,,,,,,2078000.0,,,,,,,,,,,,,,,,,,
2016-12-18,,,,,,,,,0.66,,,,,,,,,,,,,,,,,,,,,,,,
2016-12-19,,,,,,,,,0.66,,,2262.53,2.264,52.13,,,,,11.71,,1.3,,,,1.0444,20.412,3.3725,1.3395,,,,,
2016-12-20,,,,,,,,,0.66,,,2270.76,,52.22,,,,,11.45,,1.32,,,,1.039,20.4305,3.3631,1.3376,,,,,
2016-12-21,,,,,,,,,0.66,,,2265.18,,51.44,,,,,11.27,,1.34,,,,1.0425,20.51,3.3335,1.3401,,,,,
2016-12-22,,,,,,,,,0.66,,,2260.96,,51.98,,,,,11.43,,1.33,,,,1.0452,20.7095,3.3153,1.347,,,,,
2016-12-23,,,,,,,,,0.66,,,2263.79,,52.01,,,,,11.44,,1.33,,,,1.0449,20.611,3.2687,1.3533,,,,,
2016-12-24,,,,257000.0,,,,,0.66,,,,,,2077000.0,,,,,,,,,,,,,,,,,,
2016-12-25,,,,,,,,,0.66,,,,,,,,,,,,,,,,,,,,,,,,
2016-12-26,,,,,,,,,0.66,,,,2.309,,,,,,,,,,,,,,,,,,,,
2016-12-27,,,,,,,,,0.66,,,2268.88,,52.82,,,,,11.99,,1.29,,,,1.0458,20.7085,3.28,1.3553,,,,,
2016-12-28,,,,,,,,,0.66,,,2249.92,,54.01,,,,,12.95,,1.25,,,,1.0389,20.735,3.283,1.3555,,,,,
2016-12-29,,,,,,,,,0.66,,,2249.26,,53.8,,,,,13.37,,1.27,,,,1.0486,20.6755,3.2456,1.3488,,,,,
2016-12-30,,,,,,,,,0.55,,,2238.83,,53.75,,,,,14.04,,1.25,,,,1.0552,20.617,3.2532,1.3426,,,,,
2016-12-31,,,,244000.0,,,,,0.55,,,,,,2028000.0,,,,,,,,,,,,,,,,,,
2017-01-01,145628.0,4.7,26.0,,98.5,2.6,243.618,12334.0,0.55,99.432,62.8,,,,,2908.8,41.9,101.3774,,4.01,,190.7,408269.0,4.6,,,,,101.0954,,13.0,0.75,6.9
2017-01-02,,,,,,,,,0.55,,,,2.377,,,,,,,,,,,,,,,,,,,,
2017-01-03,,,,,,,,,0.66,,,2257.83,,52.36,,,,,12.85,,1.23,,,,1.0416,20.906,3.2526,1.3437,,,,,
2017-01-04,,,,,,,,,0.66,,,2270.75,,53.26,,,,,11.85,,1.22,,,,1.0476,21.3855,3.2139,1.3293,,,,,
2017-01-05,,,,,,,,,0.66,,,2269.0,,53.77,,,,,11.67,,1.2,,,,1.0598,21.395,3.2051,1.3216,,,,,
2017-01-06,,,,,,,,,0.66,,,2276.98,,53.98,,,,,11.32,,1.2,,,,1.056,21.296,3.2113,1.3216,,,,,
2017-01-07,,,,245000.0,,,,,0.66,,,,,,2080000.0,,,,,,,,,,,,,,,,,,
2017-01-08,,,,,,,,,0.66,,,,,,,,,,,,,,,,,,,,,,,,
2017-01-09,,,,,,,,,0.66,,,2268.9,2.388,51.95,,,,,11.56,,1.17,,,,1.0576,21.3375,3.1916,1.322,,,,,
2017-01-10,,,,,,,,,0.66,,,2268.9,,50.82,,,,,11.49,,1.19,,,,1.0572,21.6245,3.1971,1.3208,,,,,
2017-01-11,,,,,,,,,0.66,,,2275.32,,52.19,,,,,11.26,,1.18,,,,1.0501,21.875,3.2024,1.3219,,,,,
2017-01-12,,,,,,,,,0.66,,,2270.44,,53.01,,,,,11.54,,1.18,,,,1.0666,21.7045,3.1821,1.313,,,,,
2017-01-13,,,,,,,,,0.66,,,2274.64,,52.36,,,,,11.23,,1.19,,,,1.0625,21.5435,3.2077,1.3134,,,,,
2017-01-14,,,,240000.0,,,,,0.66,,,,,,2099000.0,,,,,,,,,,,,,,,,,,
2017-01-15,,,,,,,,,0.66,,,,,,,,,,,,,,,,,,,,,,,,
2017-01-16,,,,,,,,,0.66,,,,2.358,,,,,,,,,,,,,,,,,,,,
2017-01-17,,,,,,,,,0.66,,,2267.89,,52.45,,,,,11.87,,1.16,,,,1.0695,21.5825,3.2077,1.306,,,,,
2017-01-18,,,,,,,,,0.66,,,2271.89,,51.12,,,,,12.48,,1.19,,,,1.0682,21.851,3.2242,1.3175,,,,,
2017-01-19,,,,,,,,,0.66,,,2263.69,,51.39,,,,,12.78,,1.22,,,,1.063,21.891,3.2024,1.3327,,,,,
2017-01-20,,,,,,,,,0.66,,,2271.31,,52.33,,,,,11.54,,1.28,,,,,,,,,,,,
2017-01-21,,,,250000.0,,,,,0.66,,,,,,2067000.0,,,,,,,,,,,,,,,,,,
2017-01-22,,,,,,,,,0.66,,,,,,,,,,,,,,,,,,,,,,,,
2017-01-23,,,,,,,,,0.66,,,2265.2,2.326,52.77,,,,,11.77,,1.25,,,,1.074,21.4355,3.1685,1.3283,,,,,
2017-01-24,,,,,,,,,0.66,,,2280.07,,52.38,,,,,11.07,,1.26,,,,1.0749,21.384,3.1695,1.3152,,,,,
2017-01-25,,,,,,,,,0.66,,,2298.37,,52.14,,,,,10.81,,1.3,,,,1.0743,21.311,3.1697,1.3074,,,,,
2017-01-26,,,,,,,,,0.66,,,2296.68,,53.24,,,,,10.63,,1.3,,,,1.067,21.295,3.1892,1.3104,,,,,
2017-01-27,,,,,,,,,0.66,,,2294.69,,53.18,,,,,10.58,,1.27,,,,1.069,21.0245,3.1537,1.3108,,,,,
2017-01-28,,,,241000.0,,,,,0.66,,,,,,2078000.0,,,,,,,,,,,,,,,,,,
2017-01-29,,,,,,,,,0.66,,,,,,,,,,,,,,,,,,,,,,,,
2017-01-30,,,,,,,,,0.66,,,2280.9,2.296,52.63,,,,,11.88,,1.27,,,,1.0681,20.753,3.1152,1.3092,,,,,
2017-01-31,,,,,,,,,0.56,,,2278.87,,52.75,,,,,11.99,,1.26,,,,1.0794,20.8355,3.1477,1.303,,,,,
2017-02-01,145846.0,4.6,26.07,,96.3,2.7,244.006,12350.0,0.66,,62.9,2279.55,,53.9,,2903.7,41.9,101.365,11.81,3.98,1.26,191.6,408155.0,4.6,1.0758,20.8155,3.153,1.3088,101.8686,,12.25,0.75,6.6
2017-02-02,,,,,,,,,0.66,,,2280.85,,53.55,,,,,11.93,,1.27,,,,1.0802,20.626,3.1245,1.3018,,,,,
2017-02-03,,,,,,,,,0.66,,,2297.42,,53.81,,,,,10.97,,1.28,,,,1.0792,20.3565,3.1157,1.3003,,,,,
2017-02-04,,,,230000.0,,,,,0.66,,,,,,2064000.0,,,,,,,,,,,,,,,,,,
2017-02-05,,,,,,,,,0.66,,,,,,,,,,,,,,,,,,,,,,,,
2017-02-06,,,,,,,,,0.66,,,2292.56,2.293,53.01,,,,,11.37,,1.26,,,,1.0731,20.517,3.1181,1.3116,,,,,
2017-02-07,,,,,,,,,0.66,,,2293.08,,52.19,,,,,11.29,,1.24,,,,1.069,20.6415,3.1235,1.3166,,,,,
2017-02-08,,,,,,,,,0.66,,,2294.67,,52.37,,,,,11.45,,1.19,,,,1.0708,20.499,3.119,1.3156,,,,,
2017-02-09,,,,,,,,,0.66,,,2307.87,,52.99,,,,,10.88,,1.2,,,,1.0658,20.4155,3.1291,1.3139,,,,,
2017-02-10,,,,,,,,,0.66,,,2316.1,,53.84,,,,,10.85,,1.21,,,,1.065,20.3135,3.1092,1.3073,,,,,
2017-02-11,,,,233000.0,,,,,0.66,,,,,,2076000.0,,,,,,,,,,,,,,,,,,
2017-02-12,,,,,,,,,0.66,,,,,,,,,,,,,,,,,,,,,,,,
2017-02-13,,,,,,,,,0.66,,,2328.25,2.307,52.96,,,,,11.07,,1.23,,,,1.0603,20.325,3.1106,1.3072,,,,,
2017-02-14,,,,,,,,,0.66,,,2337.58,,53.21,,,,,10.74,,1.22,,,,1.0577,20.345,3.1074,1.3092,,,,,
2017-02-15,,,,,,,,,0.66,,,2349.25,,53.11,,,,,11.97,,1.24,,,,1.0597,20.29,3.0557,1.3082,,,,,
2017-02-16,,,,,,,,,0.66,,,2347.22,,53.41,,,,,11.76,,1.23,,,,1.066,20.3405,3.0744,1.3056,,,,,
2017-02-17,,,,,,,,,0.66,,,2351.16,,53.41,,,,,11.49,,1.21,,,,1.0614,20.4615,3.1038,1.3114,,,,,
2017-02-18,,,,237000.0,,,,,0.66,,,,,,2034000.0,,,,,,,,,,,,,,,,,,
2017-02-19,,,,,,,,,0.66,,,,,,,,,,,,,,,,,,,,,,,,
2017-02-20,,,,,,,,,0.66,,,,2.302,,,,,,,,,,,,,,,,,,,,
2017-02-21,,,,,,,,,0.66,,,2365.38,,54.02,,,,,11.57,,1.21,,,,1.0551,20.423,3.0932,1.3149,,,,,
2017-02-22,,,,,,,,,0.66,,,2362.82,,53.61,,,,,11.74,,1.2,,,,1.0555,19.9155,3.0778,1.3188,,,,,
2017-02-23,,,,,,,,,0.66,,,2363.81,,54.48,,,,,11.71,,1.2,,,,1.0586,19.735,3.0645,1.3109,,,,,
2017-02-24,,,,,,,,,0.66,,,2367.34,,53.99,,,,,11.47,,1.19,,,,1.058,19.869,3.1123,1.3106,,,,,
2017-02-25,,,,221000.0,,,,,0.66,,,,,,2065000.0,,,,,,,,,,,,,,,,,,
2017-02-26,,,,,,,,,0.66,,,,,,,,,,,,,,,,,,,,,,,,
2017-02-27,,,,,,,,,0.66,,,2369.75,2.314,54.04,,,,,12.09,,1.16,,,,1.0624,19.829,3.1085,1.31,,,,,
2017-02-28,,,,,,,,,0.57,,,2363.64,,54.0,,,,,12.92,,1.14,,,,1.0618,19.9975,3.1085,1.3247,,,,,
2017-03-01,145970.0,4.4,26.11,,96.9,2.5,243.892,12361.0,0.66,,62.9,2395.96,,53.82,,2910.9,41.8,101.3344,12.54,3.89,1.17,191.5,407630.0,4.5,1.0564,19.8785,3.1028,1.3345,101.3853,,12.25,0.75,6.7
2017-03-02,,,,,,,,,0.66,,,2381.92,,52.63,,,,,11.81,,1.17,,,,1.0514,19.9265,3.1264,1.3384,,,,,
2017-03-03,,,,,,,,,0.66,,,2383.12,,53.33,,,,,10.96,,1.17,,,,1.0552,19.5775,3.1385,1.3419,,,,,
2017-03-04,,,,236000.0,,,,,0.66,,,,,,2020000.0,,,,,,,,,,,,,,,,,,
2017-03-05,,,,,,,,,0.66,,,,,,,,,,,,,,,,,,,,,,,,
2017-03-06,,,,,,,,,0.66,,,2375.31,2.341,53.19,,,,,11.24,,1.18,,,,1.0586,19.536,3.1218,1.341,,,,,
2017-03-07,,,,,,,,,0.66,,,2368.39,,52.68,,,,,11.45,,1.2,,,,1.0582,19.505,3.1222,1.3413,,,,,
2017-03-08,,,,,,,,,0.66,,,2362.98,,49.83,,,,,11.86,,1.21,,,,1.0547,19.6045,3.1527,1.3479,,,,,
2017-03-09,,,,,,,,,0.66,,,2364.87,,48.75,,,,,12.3,,1.23,,,,1.0586,19.7885,3.1684,1.3504,,,,,
2017-03-10,,,,,,,,,0.66,,,2372.6,,48.05,,,,,11.66,,1.22,,,,1.0667,19.654,3.1552,1.3468,,,,,
2017-03-11,,,,228000.0,,,,,0.66,,,,,,2002000.0,,,,,,,,,,,,,,,,,,
2017-03-12,,,,,,,,,0.66,,,,,,,,,,,,,,,,,,,,,,,,
2017-03-13,,,,,,,,,0.66,,,2373.47,2.323,47.95,,,,,11.35,,1.22,,,,1.067,19.559,3.1524,1.3453,,,,,
2017-03-14,,,,,,,,,0.66,,,2365.45,,47.24,,,,,12.3,,1.2,,,,1.0645,19.626,3.159,1.3462,,,,,
2017-03-15,,,,,,,,,0.66,,,2385.26,,48.34,,,,,11.63,,1.18,,,,1.063,19.449,3.1576,1.3451,,,,,
2017-03-16,,,,,,,,,0.91,,,2381.38,,48.3,,,,,11.21,,1.18,,,,1.0738,19.1725,3.1194,1.3316,,,,,
2017-03-17,,,,,,,,,0.91,,,2378.25,,48.34,,,,,11.28,,1.17,,,,1.0742,19.132,3.106,1.3366,,,,,
2017-03-18,,,,235000.0,,,,,0.91,,,,,,2021000.0,,,,,,,,,,,,,,,,,,
2017-03-19,,,,,,,,,0.91,,,,,,,,,,,,,,,,,,,,,,,,
2017-03-20,,,,,,,,,0.91,,,2373.47,2.321,47.79,,,,,11.34,,1.17,,,,1.0754,19.0205,3.0812,1.3357,,,,,
2017-03-21,,,,,,,,,0.91,,,2344.02,,47.02,,,,,12.47,,1.16,,,,1.081,19.0915,3.084,1.3321,,,,,
2017-03-22,,,,,,,,,0.91,,,2348.45,,47.29,,,,,12.81,,1.13,,,,1.08,19.0645,3.0863,1.3347,,,,,
2017-03-23,,,,,,,,,0.91,,,2345.96,,47.0,,,,,13.12,,1.15,,,,1.0787,18.992,3.1348,1.3332,,,,,
2017-03-24,,,,,,,,,0.91,,,2343.98,,47.3,,,,,12.96,,1.14,,,,1.0806,18.852,3.1144,1.3373,,,,,
2017-03-25,,,,236000.0,,,,,0.91,,,,,,2027000.0,,,,,,,,,,,,,,,,,,
2017-03-26,,,,,,,,,0.91,,,,,,,,,,,,,,,,,,,,,,,,
2017-03-27,,,,,,,,,0.91,,,2341.59,2.315,47.02,,,,,12.5,,1.11,,,,1.0882,18.8205,3.1197,1.3367,,,,,
2017-03-28,,,,,,,,,0.91,,,2358.57,,48.36,,,,,11.53,,1.12,,,,1.0852,18.865,3.1298,1.3363,,,,,
2017-03-29,,,,,,,,,0.91,,,2361.13,,49.47,,,,,11.42,,1.13,,,,1.0756,18.83,3.1175,1.3372,,,,,
2017-03-30,,,,,,,,,0.91,,,2368.06,,50.3,,,,,11.54,,1.14,,,,1.0726,18.665,3.1203,1.3278,,,,,
2017-03-31,,,,,,,,,0.82,,,2362.72,,50.54,,,,,12.37,,1.13,,,,1.0698,18.829,3.1628,1.3321,,,,,
2017-04-01,146175.0,4.4,26.18,216000.0,97.0,2.5,244.193,12367.0,0.82,99.485,63.0,,,,1990000.0,2907.8,42.0,101.2947,,3.67,,193.0,409134.0,4.4,,,,,103.3183,,11.25,0.75,6.5
2017-04-02,,,,,,,,,0.82,,,,,,,,,,,,,,,,,,,,,,,,
2017-04-03,,,,,,,,,0.91,,,2358.84,2.36,50.25,,,,,12.38,,1.11,,,,1.0655,18.7325,3.1183,1.3388,,,,,
2017-04-04,,,,,,,,,0.91,,,2360.16,,50.99,,,,,11.79,,1.11,,,,1.0664,18.818,3.1147,1.3413,,,,,
2017-04-05,,,,,,,,,0.91,,,2352.95,,51.14,,,,,12.89,,1.1,,,,1.0661,18.7235,3.0932,1.341,,,,,
2017-04-06,,,,,,,,,0.91,,,2357.49,,51.69,,,,,12.39,,1.1,,,,1.0651,18.745,3.1087,1.3409,,,,,
2017-04-07,,,,,,,,,0.91,,,2355.54,,52.25,,,,,12.87,,1.09,,,,1.0616,18.648,3.1258,1.3396,,,,,
2017-04-08,,,,222000.0,,,,,0.91,,,,,,1968000.0,,,,,,,,,,,,,,,,,,
2017-04-09,,,,,,,,,0.91,,,,,,,,,,,,,,,,,,,,,,,,
2017-04-10,,,,,,,,,0.91,,,2357.16,2.424,53.06,,,,,14.05,,1.08,,,,1.0606,18.691,3.1443,1.3347,,,,,
2017-04-11,,,,,,,,,0.91,,,2353.78,,53.38,,,,,15.07,,1.08,,,,1.0614,18.7485,3.1456,1.3333,,,,,
2017-04-12,,,,,,,,,0.91,,,2344.93,,53.12,,,,,15.77,,1.04,,,,1.0611,18.7665,3.1519,1.3302,,,,,
2017-04-13,,,,,,,,,0.91,,,2328.95,,53.19,,,,,15.96,,1.03,,,,1.063,18.535,3.1309,1.3266,,,,,
2017-04-14,,,,,,,,,0.91,,,,,,,,,,,,,,,,1.0625,18.5293,3.1445,1.3316,,,,,
2017-04-15,,,,231000.0,,,,,0.91,,,,,,1961000.0,,,,,,,,,,,,,,,,,,
2017-04-16,,,,,,,,,0.91,,,,,,,,,,,,,,,,,,,,,,,,
2017-04-17,,,,,,,,,0.91,,,2349.01,2.436,52.62,,,,,14.66,,1.05,,,,1.066,18.548,3.1036,1.3277,,,,,
2017-04-18,,,,,,,,,0.91,,,2342.19,,52.46,,,,,14.42,,1.0,,,,1.0706,18.478,3.0997,1.3381,,,,,
2017-04-19,,,,,,,,,0.91,,,2338.17,,50.49,,,,,14.93,,1.02,,,,1.0707,18.868,3.1399,1.3467,,,,,
2017-04-20,,,,,,,,,0.91,,,2355.84,,50.26,,,,,14.15,,1.03,,,,1.0758,18.848,3.1466,1.3479,,,,,
2017-04-21,,,,,,,,,0.91,,,2348.69,,49.64,,,,,14.63,,1.04,,,,1.0694,18.8425,3.1475,1.3502,,,,,
2017-04-22,,,,238000.0,,,,,0.91,,,,,,1962000.0,,,,,,,,,,,,,,,,,,
2017-04-23,,,,,,,,,0.91,,,,,,,,,,,,,,,,,,,,,,,,
2017-04-24,,,,,,,,,0.91,,,2374.15,2.449,48.9,,,,,10.84,,1.03,,,,1.0846,18.69,3.1254,1.3517,,,,,
2017-04-25,,,,,,,,,0.91,,,2388.61,,49.22,,,,,10.76,,1.06,,,,1.0941,18.9305,3.1669,1.3614,,,,,
2017-04-26,,,,,,,,,0.91,,,2387.45,,49.22,,,,,10.85,,1.04,,,,1.0872,19.149,3.1961,1.3591,,,,,
2017-04-27,,,,,,,,,0.91,,,2388.77,,48.96,,,,,10.36,,1.05,,,,1.0864,19.119,3.1867,1.3664,,,,,
2017-04-28,,,,,,,,,0.83,,,2384.2,,49.31,,,,,10.82,,1.01,,,,1.0895,18.934,3.1896,1.3669,,,,,
2017-04-29,,,,232000.0,,,,,0.83,,,,,,1896000.0,,,,,,,,,,,,,,,,,,
2017-04-30,,,,,,,,,0.83,,,,,,,,,,,,,,,,,,,,,,,,
2017-05-01,146380.0,4.4,26.21,,97.1,2.6,244.004,12377.0,0.91,,62.8,2388.33,2.411,48.83,,2933.7,41.9,101.2233,10.11,3.64,1.05,192.8,406609.0,4.4,1.0912,18.761,3.176,1.3653,103.6082,,11.25,0.75,6.6
2017-05-02,,,,,,,,,0.91,,,2391.17,,47.65,,,,,10.59,,1.02,,,,1.091,18.78,3.1685,1.3742,,,,,
2017-05-03,,,,,,,,,0.91,,,2388.13,,47.79,,,,,10.68,,1.03,,,,1.092,18.795,3.1443,1.3705,,,,,
2017-05-04,,,,,,,,,0.91,,,2389.52,,45.55,,,,,10.46,,1.04,,,,1.0967,19.0145,3.1823,1.3745,,,,,
2017-05-05,,,,,,,,,0.91,,,2399.29,,46.23,,,,,10.57,,1.04,,,,1.0996,19.004,3.1703,1.3699,,,,,
2017-05-06,,,,233000.0,,,,,0.91,,,,,,1892000.0,,,,,,,,,,,,,,,,,,
2017-05-07,,,,,,,,,0.91,,,,,,,,,,,,,,,,,,,,,,,,
2017-05-08,,,,,,,,,0.91,,,2399.38,2.372,46.46,,,,,9.77,,1.06,,,,1.0928,19.1055,3.2003,1.3712,,,,,
2017-05-09,,,,,,,,,0.91,,,2396.92,,45.84,,,,,9.96,,1.05,,,,1.0875,19.1225,3.1818,1.3715,,,,,
2017-05-10,,,,,,,,,0.91,,,2399.63,,47.28,,,,,10.21,,1.06,,,,1.0873,18.9705,3.1531,1.3652,,,,,
2017-05-11,,,,,,,,,0.91,,,2394.44,,47.81,,,,,10.6,,1.04,,,,1.0869,18.8825,3.1494,1.3693,,,,,
2017-05-12,,,,,,,,,0.91,,,2390.9,,47.83,,,,,10.4,,1.04,,,,1.0926,18.764,3.1207,1.3717,,,,,
2017-05-13,,,,234000.0,,,,,0.91,,,,,,1902000.0,,,,,,,,,,,,,,,,,,
2017-05-14,,,,,,,,,0.91,,,,,,,,,,,,,,,,,,,,,,,,
2017-05-15,,,,,,,,,0.91,,,2402.32,2.369,48.86,,,,,10.42,,1.03,,,,1.0979,18.66,3.1049,1.3648,,,,,
2017-05-16,,,,,,,,,0.91,,,2400.67,,48.64,,,,,10.65,,1.04,,,,1.1072,18.6195,3.0903,1.359,,,,,
2017-05-17,,,,,,,,,0.91,,,2357.03,,49.04,,,,,15.59,,0.96,,,,1.1134,18.628,3.1015,1.3594,,,,,
2017-05-18,,,,,,,,,0.91,,,2365.72,,49.36,,,,,14.66,,0.96,,,,1.113,18.9265,3.3823,1.3604,,,,,
2017-05-19,,,,,,,,,0.91,,,2381.73,,50.32,,,,,12.04,,0.95,,,,1.119,18.678,3.2745,1.3537,,,,,
2017-05-20,,,,236000.0,,,,,0.91,,,,,,1900000.0,,,,,,,,,,,,,,,,,,
2017-05-21,,,,,,,,,0.91,,,,,,,,,,,,,,,,,,,,,,,,
2017-05-22,,,,,,,,,0.91,,,2394.02,2.399,50.81,,,,,10.93,,0.96,,,,1.1236,18.6695,3.2952,1.3503,,,,,
2017-05-23,,,,,,,,,0.91,,,2398.42,,51.12,,,,,10.72,,0.98,,,,1.1198,18.638,3.2729,1.3492,,,,,
2017-05-24,,,,,,,,,0.91,,,2404.39,,50.99,,,,,10.02,,0.97,,,,1.1175,18.5665,3.2747,1.3454,,,,,
2017-05-25,,,,,,,,,0.91,,,2415.07,,48.57,,,,,9.99,,0.95,,,,1.1218,18.466,3.288,1.3457,,,,,
2017-05-26,,,,,,,,,0.91,,,2415.82,,49.58,,,,,9.81,,0.95,,,,1.117,18.499,3.2575,1.3454,,,,,
2017-05-27,,,,253000.0,,,,,0.91,,,,,,1891000.0,,,,,,,,,,,,,,,,,,
2017-05-28,,,,,,,,,0.91,,,,,,,,,,,,,,,,,,,,,,,,
2017-05-29,,,,,,,,,0.91,,,,2.406,,,,,,,,,,,,,,,,,,,,
2017-05-30,,,,,,,,,0.91,,,2412.91,,49.63,,,,,10.38,,0.93,,,,1.1183,18.659,3.2651,1.3462,,,,,
2017-05-31,,,,,,,,,0.83,,,2411.8,,48.29,,,,,10.41,,0.93,,,,1.1236,18.655,3.2405,1.3498,,,,,
2017-06-01,146583.0,4.3,26.26,,95.0,2.6,244.163,12390.0,0.91,,62.8,2430.06,,48.32,,2946.5,42.0,101.1172,9.89,3.33,0.93,193.6,409067.0,4.3,1.1214,18.5775,3.2398,1.3484,103.4149,,10.25,0.75,6.5
2017-06-02,,,,,,,,,0.91,,,2439.07,,47.68,,,,,9.75,,0.87,,,,1.127,18.67,3.2391,1.35,,,,,
2017-06-03,,,,251000.0,,,,,0.91,,,,,,1909000.0,,,,,,,,,,,,,,,,,,
2017-06-04,,,,,,,,,0.91,,,,,,,,,,,,,,,,,,,,,,,,
2017-06-05,,,,,,,,,0.91,,,2436.1,2.414,47.4,,,,,10.07,,0.86,,,,1.125,18.3895,3.2896,1.3484,,,,,
2017-06-06,,,,,,,,,0.91,,,2429.33,,48.13,,,,,10.45,,0.84,,,,1.1266,18.2825,3.2813,1.3451,,,,,
2017-06-07,,,,,,,,,0.91,,,2433.14,,45.8,,,,,10.39,,0.86,,,,1.1236,18.2305,3.279,1.3514,,,,,
2017-06-08,,,,,,,,,0.91,,,2433.79,,45.68,,,,,10.16,,0.86,,,,1.1217,18.1775,3.2822,1.3494,,,,,
2017-06-09,,,,,,,,,0.91,,,2431.77,,45.82,,,,,10.7,,0.86,,,,1.119,18.1855,3.2793,1.3434,,,,,
2017-06-10,,,,245000.0,,,,,0.91,,,,,,1914000.0,,,,,,,,,,,,,,,,,,
2017-06-11,,,,,,,,,0.91,,,,,,,,,,,,,,,,,,,,,,,,
2017-06-12,,,,,,,,,0.91,,,2429.39,2.366,46.1,,,,,11.46,,0.86,,,,1.1204,18.1725,3.3097,1.3447,,,,,
2017-06-13,,,,,,,,,0.91,,,2440.35,,46.41,,,,,10.42,,0.83,,,,1.1194,18.078,3.3125,1.3226,,,,,
2017-06-14,,,,,,,,,0.91,,,2437.92,,44.79,,,,,10.64,,0.8,,,,1.1277,17.93,3.2762,1.3201,,,,,
2017-06-15,,,,,,,,,1.16,,,2432.46,,44.47,,,,,10.9,,0.81,,,,1.1152,18.09,3.274,1.3286,,,,,
2017-06-16,,,,,,,,,1.16,,,2433.15,,44.73,,,,,10.38,,0.84,,,,1.1194,17.9195,3.2898,1.3235,,,,,
2017-06-17,,,,249000.0,,,,,1.16,,,,,,1915000.0,,,,,,,,,,,,,,,,,,
2017-06-18,,,,,,,,,1.16,,,,,,,,,,,,,,,,,,,,,,,,
2017-06-19,,,,,,,,,1.16,,,2453.46,2.318,44.24,,,,,10.37,,0.83,,,,1.116,17.936,3.2908,1.3202,,,,,
2017-06-20,,,,,,,,,1.16,,,2437.03,,43.34,,,,,10.86,,0.8,,,,1.1124,18.1255,3.3292,1.3268,,,,,
2017-06-21,,,,,,,,,1.16,,,2435.61,,42.48,,,,,10.75,,0.8,,,,1.1143,18.154,3.3283,1.3323,,,,,
2017-06-22,,,,,,,,,1.16,,,2434.5,,42.53,,,,,10.48,,0.81,,,,1.1148,18.112,3.3301,1.3236,,,,,
2017-06-23,,,,,,,,,1.16,,,2438.3,,42.86,,,,,10.02,,0.81,,,,1.1196,17.962,3.3281,1.3263,,,,,
2017-06-24,,,,247000.0,,,,,1.16,,,,,,1929000.0,,,,,,,,,,,,,,,,,,
2017-06-25,,,,,,,,,1.16,,,,,,,,,,,,,,,,,,,,,,,,
2017-06-26,,,,,,,,,1.16,,,2439.07,2.288,43.24,,,,,9.9,,0.78,,,,1.1196,17.883,3.3106,1.3228,,,,,
2017-06-27,,,,,,,,,1.16,,,2419.38,,44.25,,,,,11.06,,0.83,,,,1.13,17.9735,3.3195,1.3176,,,,,
2017-06-28,,,,,,,,,1.16,,,2440.69,,44.74,,,,,10.03,,0.88,,,,1.1364,17.889,3.2977,1.3043,,,,,
2017-06-29,,,,,,,,,1.16,,,2419.7,,44.88,,,,,11.44,,0.89,,,,1.142,18.031,3.3062,1.301,,,,,
2017-06-30,,,,,,,,,1.06,,,2423.41,,46.02,,,,,11.18,,0.93,,,,1.1411,18.076,3.3057,1.2982,,,,,
2017-07-01,146772.0,4.3,26.35,256000.0,93.4,2.6,244.243,12390.0,1.06,100.294,62.9,,,,1911000.0,2955.0,41.9,101.0761,,3.24,,193.5,409113.0,4.3,,,,,103.8982,,9.25,1.0,6.3
2017-07-02,,,,,,,,,1.06,,,,,,,,,,,,,,,,,,,,,,,,
2017-07-03,,,,,,,,,1.16,,,2429.01,2.26,,,,,,11.22,,0.94,,,,1.1367,18.2215,3.3,1.3,,,,,
2017-07-04,,,,,,,,,1.16,,,,,,,,,,,,,,,,,,,,,,,,
2017-07-05,,,,,,,,,1.16,,,2432.54,,45.11,,,,,11.07,,0.92,,,,1.1336,18.3295,3.3162,1.2998,,,,,
2017-07-06,,,,,,,,,1.16,,,2409.75,,45.52,,,,,12.54,,0.97,,,,1.1409,18.307,3.3048,1.2933,,,,,
2017-07-07,,,,,,,,,1.16,,,2425.18,,44.25,,,,,11.19,,0.99,,,,1.1396,18.144,3.2843,1.287,,,,,
2017-07-08,,,,259000.0,,,,,1.16,,,,,,1942000.0,,,,,,,,,,,,,,,,,,
2017-07-09,,,,,,,,,1.16,,,,,,,,,,,,,,,,,,,,,,,,
2017-07-10,,,,,,,,,1.16,,,2427.43,2.297,44.4,,,,,11.11,,0.98,,,,1.1396,17.981,3.2627,1.2883,,,,,
2017-07-11,,,,,,,,,1.16,,,2425.53,,45.06,,,,,10.89,,1.0,,,,1.143,17.953,3.2505,1.2921,,,,,
2017-07-12,,,,,,,,,1.16,,,2443.25,,45.48,,,,,10.3,,0.98,,,,1.1411,17.767,3.2258,1.2768,,,,,
2017-07-13,,,,,,,,,1.16,,,2447.83,,46.06,,,,,9.9,,0.98,,,,1.1385,17.739,3.2133,1.2739,,,,,
2017-07-14,,,,,,,,,1.16,,,2459.27,,46.53,,,,,9.51,,0.98,,,,1.1452,17.562,3.1832,1.2655,,,,,
2017-07-15,,,,245000.0,,,,,1.16,,,,,,1929000.0,,,,,,,,,,,,,,,,,,
2017-07-16,,,,,,,,,1.16,,,,,,,,,,,,,,,,,,,,,,,,
2017-07-17,,,,,,,,,1.16,,,2459.14,2.278,46.02,,,,,9.82,,0.95,,,,1.147,17.6,3.181,1.2673,,,,,
2017-07-18,,,,,,,,,1.16,,,2460.61,,46.4,,,,,9.89,,0.91,,,,1.1578,17.499,3.1571,1.2663,,,,,
2017-07-19,,,,,,,,,1.16,,,2473.83,,47.1,,,,,9.79,,0.9,,,,1.1518,17.4775,3.1526,1.2586,,,,,
2017-07-20,,,,,,,,,1.16,,,2473.45,,46.73,,,,,9.58,,0.9,,,,1.1634,17.512,3.1374,1.2582,,,,,
2017-07-21,,,,,,,,,1.16,,,2472.54,,45.78,,,,,9.36,,0.88,,,,1.1655,17.563,3.1218,1.2545,,,,,
2017-07-22,,,,249000.0,,,,,1.16,,,,,,1928000.0,,,,,,,,,,,,,,,,,,
2017-07-23,,,,,,,,,1.16,,,,,,,,,,,,,,,,,,,,,,,,
2017-07-24,,,,,,,,,1.16,,,2469.91,2.312,46.21,,,,,9.43,,0.89,,,,1.1642,17.6835,3.1473,1.2519,,,,,
2017-07-25,,,,,,,,,1.16,,,2477.13,,47.77,,,,,9.43,,0.93,,,,1.1656,17.763,3.1617,1.2512,,,,,
2017-07-26,,,,,,,,,1.16,,,2477.83,,48.58,,,,,9.6,,0.93,,,,1.1632,17.756,3.1596,1.2506,,,,,
2017-07-27,,,,,,,,,1.16,,,2475.42,,49.05,,,,,10.11,,0.96,,,,1.1656,17.6915,3.1527,1.2529,,,,,
2017-07-28,,,,,,,,,1.16,,,2472.1,,49.72,,,,,10.29,,0.96,,,,1.1754,17.7535,3.1424,1.2436,,,,,
2017-07-29,,,,245000.0,,,,,1.16,,,,,,1926000.0,,,,,,,,,,,,,,,,,,
2017-07-30,,,,,,,,,1.16,,,,,,,,,,,,,,,,,,,,,,,,
2017-07-31,,,,,,,,,1.07,,,2470.3,2.352,50.21,,,,,10.26,,0.96,,,,1.1826,17.859,3.1338,1.249,,,,,
2017-08-01,146919.0,4.4,26.37,,96.8,2.6,245.183,12435.0,1.16,,62.9,2476.35,,49.19,,2955.1,42.0,101.1728,10.09,3.15,0.92,193.8,409606.0,4.3,1.1799,17.8085,3.1143,1.254,106.3144,,9.25,1.0,6.2
2017-08-02,,,,,,,,,1.16,,,2477.57,,49.6,,,,,10.28,,0.91,,,,1.1861,17.82,3.1165,1.2544,,,,,
2017-08-03,,,,,,,,,1.16,,,2472.16,,49.03,,,,,10.44,,0.9,,,,1.188,17.8845,3.1209,1.2563,,,,,
2017-08-04,,,,,,,,,1.16,,,2476.83,,49.57,,,,,10.03,,0.91,,,,1.1754,17.865,3.1176,1.2639,,,,,
2017-08-05,,,,254000.0,,,,,1.16,,,,,,1928000.0,,,,,,,,,,,,,,,,,,
2017-08-06,,,,,,,,,1.16,,,,,,,,,,,,,,,,,,,,,,,,
2017-08-07,,,,,,,,,1.16,,,2480.91,2.378,49.37,,,,,9.93,,0.9,,,,1.1788,17.966,3.1247,1.2684,,,,,
2017-08-08,,,,,,,,,1.16,,,2474.92,,49.07,,,,,10.96,,0.93,,,,1.1724,17.9135,3.1295,1.2658,,,,,
2017-08-09,,,,,,,,,1.16,,,2474.02,,49.59,,,,,11.11,,0.91,,,,1.1748,17.9835,3.1498,1.2711,,,,,
2017-08-10,,,,,,,,,1.16,,,2438.21,,48.54,,,,,16.04,,0.87,,,,1.1751,17.874,3.1518,1.2705,,,,,
2017-08-11,,,,,,,,,1.16,,,2441.32,,48.81,,,,,15.51,,0.89,,,,1.1811,17.838,3.1639,1.2689,,,,,
2017-08-12,,,,245000.0,,,,,1.16,,,,,,1926000.0,,,,,,,,,,,,,,,,,,
2017-08-13,,,,,,,,,1.16,,,,,,,,,,,,,,,,,,,,,,,,
2017-08-14,,,,,,,,,1.16,,,2465.84,2.384,47.59,,,,,12.33,,0.89,,,,1.1786,17.7685,3.176,1.2698,,,,,
2017-08-15,,,,,,,,,1.16,,,2464.61,,47.57,,,,,12.04,,0.92,,,,1.1736,17.8365,3.1942,1.2745,,,,,
2017-08-16,,,,,,,,,1.16,,,2468.11,,46.8,,,,,11.74,,0.9,,,,1.1703,17.729,3.1635,1.2708,,,,,
2017-08-17,,,,,,,,,1.16,,,2430.01,,47.07,,,,,15.55,,0.87,,,,1.1736,17.747,3.1585,1.265,,,,,
2017-08-18,,,,,,,,,1.16,,,2425.55,,48.59,,,,,14.26,,0.86,,,,1.1748,17.756,3.1548,1.2585,,,,,
2017-08-19,,,,245000.0,,,,,1.16,,,,,,1928000.0,,,,,,,,,,,,,,,,,,
2017-08-20,,,,,,,,,1.16,,,,,,,,,,,,,,,,,,,,,,,,
2017-08-21,,,,,,,,,1.16,,,2428.37,2.36,47.39,,,,,13.19,,0.86,,,,1.1814,17.646,3.1436,1.2587,,,,,
2017-08-22,,,,,,,,,1.16,,,2452.51,,47.65,,,,,11.35,,0.89,,,,1.1762,17.64,3.1505,1.2559,,,,,
2017-08-23,,,,,,,,,1.16,,,2444.04,,48.45,,,,,12.25,,0.85,,,,1.1802,17.707,3.1521,1.2558,,,,,
2017-08-24,,,,,,,,,1.16,,,2438.97,,47.24,,,,,12.23,,0.86,,,,1.1801,17.705,3.1428,1.2528,,,,,
2017-08-25,,,,,,,,,1.16,,,2443.05,,47.65,,,,,11.28,,0.82,,,,1.1874,17.614,3.1463,1.2494,,,,,
2017-08-26,,,,247000.0,,,,,1.16,,,,,,1912000.0,,,,,,,,,,,,,,,,,,
2017-08-27,,,,,,,,,1.16,,,,,,,,,,,,,,,,,,,,,,,,
2017-08-28,,,,,,,,,1.16,,,2444.24,2.399,46.4,,,,,11.32,,0.83,,,,1.1973,17.825,3.1577,1.2492,,,,,
2017-08-29,,,,,,,,,1.16,,,2446.3,,46.46,,,,,11.7,,0.8,,,,1.2025,17.871,3.1656,1.2517,,,,,
2017-08-30,,,,,,,,,1.16,,,2457.59,,45.96,,,,,11.22,,0.82,,,,1.1927,17.7441,3.1592,1.2608,,,,,
2017-08-31,,,,,,,,,1.07,,,2471.65,,47.26,,,,,10.59,,0.79,,,,1.1894,17.7875,3.1454,1.2515,,,,,
2017-09-01,147008.0,4.3,26.49,,95.1,2.7,246.435,12443.0,1.16,,63.1,2476.55,,47.32,,2946.5,41.9,101.2939,10.13,3.15,0.81,194.8,419021.0,4.2,1.1878,17.7835,3.1308,1.2372,105.2513,,8.25,1.25,6.2
2017-09-02,,,,297000.0,,,,,1.16,,,,,,1911000.0,,,,,,,,,,,,,,,,,,
2017-09-03,,,,,,,,,1.16,,,,,,,,,,,,,,,,,,,,,,,,
2017-09-04,,,,,,,,,1.16,,,,2.679,,,,,,,,,,,,,,,,,,,,
2017-09-05,,,,,,,,,1.16,,,2457.85,,48.63,,,,,12.23,,0.77,,,,1.1911,17.8325,3.123,1.2355,,,,,
2017-09-06,,,,,,,,,1.16,,,2465.54,,49.13,,,,,11.63,,0.8,,,,1.1943,17.798,3.1085,1.221,,,,,
2017-09-07,,,,,,,,,1.16,,,2465.1,,49.1,,,,,11.55,,0.78,,,,1.2028,17.704,3.099,1.2132,,,,,
2017-09-08,,,,,,,,,1.16,,,2461.43,,47.44,,,,,12.12,,0.79,,,,1.2041,17.7245,3.0942,1.2131,,,,,
2017-09-09,,,,280000.0,,,,,1.16,,,,,,1939000.0,,,,,,,,,,,,,,,,,,
2017-09-10,,,,,,,,,1.16,,,,,,,,,,,,,,,,,,,,,,,,
2017-09-11,,,,,,,,,1.16,,,2488.11,2.685,48.06,,,,,10.73,,0.82,,,,1.1964,17.647,3.089,1.2136,,,,,
2017-09-12,,,,,,,,,1.16,,,2496.48,,48.21,,,,,10.58,,0.84,,,,1.1968,17.751,3.1093,1.2154,,,,,
2017-09-13,,,,,,,,,1.16,,,2498.37,,49.3,,,,,10.5,,0.85,,,,1.1898,17.7865,3.1372,1.2192,,,,,
2017-09-14,,,,,,,,,1.16,,,2495.62,,49.86,,,,,10.44,,0.83,,,,1.1886,17.722,3.129,1.2207,,,,,
2017-09-15,,,,,,,,,1.16,,,2500.23,,49.9,,,,,10.17,,0.81,,,,1.1959,17.6865,3.1263,1.2183,,,,,
2017-09-16,,,,261000.0,,,,,1.16,,,,,,1872000.0,,,,,,,,,,,,,,,,,,
2017-09-17,,,,,,,,,1.16,,,,,,,,,,,,,,,,,,,,,,,,
2017-09-18,,,,,,,,,1.16,,,2503.87,2.634,49.88,,,,,10.15,,0.83,,,,1.1938,17.758,3.1288,1.2231,,,,,
2017-09-19,,,,,,,,,1.16,,,2506.65,,49.54,,,,,10.18,,0.84,,,,1.198,17.7675,3.132,1.2262,,,,,
2017-09-20,,,,,,,,,1.16,,,2508.24,,50.29,,,,,9.78,,0.83,,,,1.1998,17.6895,3.1198,1.2267,,,,,
2017-09-21,,,,,,,,,1.16,,,2500.6,,50.58,,,,,9.67,,0.82,,,,1.1946,17.825,3.1358,1.2328,,,,,
2017-09-22,,,,,,,,,1.16,,,2502.22,,50.33,,,,,9.59,,0.8,,,,1.1969,17.7355,3.1257,1.2305,,,,,
2017-09-23,,,,264000.0,,,,,1.16,,,,,,1871000.0,,,,,,,,,,,,,,,,,,
2017-09-24,,,,,,,,,1.16,,,,,,,,,,,,,,,,,,,,,,,,
2017-09-25,,,,,,,,,1.16,,,2496.66,2.583,51.85,,,,,10.21,,0.78,,,,1.1852,17.905,3.1496,1.2347,,,,,
2017-09-26,,,,,,,,,1.16,,,2496.84,,51.59,,,,,10.17,,0.79,,,,1.1772,18.007,3.1703,1.2379,,,,,
2017-09-27,,,,,,,,,1.16,,,2507.04,,52.14,,,,,9.87,,0.84,,,,1.1747,18.101,3.1915,1.2402,,,,,
2017-09-28,,,,,,,,,1.16,,,2510.06,,51.62,,,,,9.55,,0.86,,,,1.1776,18.237,3.1865,1.2473,,,,,
2017-09-29,,,,,,,,,1.06,,,2519.36,,51.67,,,,,9.51,,0.86,,,,1.1813,18.148,3.164,1.2509,,,,,
2017-09-30,,,,260000.0,,,,,1.06,,,,,,1871000.0,,,,,,,,,,,,,,,,,,
2017-10-01,147149.0,4.2,26.5,,100.7,2.4,246.626,12457.0,1.06,101.031,62.7,,,,,2962.0,42.0,101.4439,,3.17,,194.9,418999.0,4.3,,,,,103.7049,,7.5,1.25,6.3
2017-10-02,,,,,,,,,1.16,,,2529.12,2.565,50.59,,,,,9.45,,0.85,,,,1.1745,18.211,3.1585,1.2507,,,,,
2017-10-03,,,,,,,,,1.16,,,2534.58,,50.44,,,,,9.51,,0.86,,,,1.1759,18.211,3.1428,1.2498,,,,,
2017-10-04,,,,,,,,,1.16,,,2537.74,,50.0,,,,,9.63,,0.86,,,,1.176,18.2175,3.1237,1.2479,,,,,
2017-10-05,,,,,,,,,1.16,,,2552.07,,50.79,,,,,9.19,,0.86,,,,1.1706,18.3145,3.1359,1.2548,,,,,
2017-10-06,,,,,,,,,1.16,,,2549.33,,49.34,,,,,9.65,,0.83,,,,1.1732,18.5165,3.1566,1.2543,,,,,
2017-10-07,,,,252000.0,,,,,1.16,,,,,,1869000.0,,,,,,,,,,,,,,,,,,
2017-10-08,,,,,,,,,1.16,,,,,,,,,,,,,,,,,,,,,,,,
2017-10-09,,,,,,,,,1.16,,,2544.73,2.504,49.58,,,,,10.33,,,,,,,,,,,,,,
2017-10-10,,,,,,,,,1.16,,,2550.64,,50.93,,,,,10.08,,0.84,,,,1.1804,18.6605,3.1747,1.2495,,,,,
2017-10-11,,,,,,,,,1.16,,,2555.24,,51.3,,,,,9.85,,0.84,,,,1.1847,18.695,3.1649,1.2511,,,,,
2017-10-12,,,,,,,,,1.16,,,2550.93,,50.61,,,,,9.91,,0.82,,,,1.184,18.7625,3.1699,1.247,,,,,
2017-10-13,,,,,,,,,1.16,,,2553.17,,51.43,,,,,9.61,,0.77,,,,1.1837,18.889,3.1542,1.2494,,,,,
2017-10-14,,,,235000.0,,,,,1.16,,,,,,1902000.0,,,,,,,,,,,,,,,,,,
2017-10-15,,,,,,,,,1.16,,,,,,,,,,,,,,,,,,,,,,,,
2017-10-16,,,,,,,,,1.16,,,2557.64,2.489,51.86,,,,,9.91,,0.76,,,,1.181,19.0915,3.1642,1.2531,,,,,
2017-10-17,,,,,,,,,1.16,,,2559.36,,51.87,,,,,10.31,,0.76,,,,1.1754,19.0405,3.1803,1.2567,,,,,
2017-10-18,,,,,,,,,1.16,,,2561.26,,52.05,,,,,10.07,,0.75,,,,1.1775,18.9125,3.1777,1.2473,,,,,
2017-10-19,,,,,,,,,1.16,,,2562.1,,51.29,,,,,10.05,,0.75,,,,1.1842,18.839,3.1753,1.2487,,,,,
2017-10-20,,,,,,,,,1.16,,,2575.21,,51.63,,,,,9.97,,0.79,,,,1.177,19.017,3.1875,1.2618,,,,,
2017-10-21,,,,241000.0,,,,,1.16,,,,,,1913000.0,,,,,,,,,,,,,,,,,,
2017-10-22,,,,,,,,,1.16,,,,,,,,,,,,,,,,,,,,,,,,
2017-10-23,,,,,,,,,1.16,,,2564.98,2.479,51.91,,,,,11.07,,0.8,,,,1.1762,19.0695,3.2122,1.2644,,,,,
2017-10-24,,,,,,,,,1.16,,,2569.13,,52.32,,,,,11.16,,0.82,,,,1.1766,19.176,3.2508,1.266,,,,,
2017-10-25,,,,,,,,,1.16,,,2557.15,,51.97,,,,,11.23,,0.83,,,,1.1802,19.1,3.2519,1.2799,,,,,
2017-10-26,,,,,,,,,1.16,,,2560.4,,52.41,,,,,11.3,,0.83,,,,1.17,19.0545,3.253,1.2821,,,,,
2017-10-27,,,,,,,,,1.16,,,2581.07,,53.92,,,,,9.8,,0.83,,,,1.158,19.1785,3.2731,1.2871,,,,,
2017-10-28,,,,241000.0,,,,,1.16,,,,,,1927000.0,,,,,,,,,,,,,,,,,,
2017-10-29,,,,,,,,,1.16,,,,,,,,,,,,,,,,,,,,,,,,
2017-10-30,,,,,,,,,1.16,,,2572.83,2.488,54.11,,,,,10.5,,0.79,,,,1.1626,19.1655,3.2599,1.2835,,,,,
2017-10-31,,,,,,,,,1.07,,,2575.26,,54.36,,,,,10.18,,0.78,,,,1.1648,19.129,3.2705,1.2894,,,,,
2017-11-01,147372.0,4.2,26.54,,98.5,2.5,247.284,12472.0,1.16,,62.7,2579.36,,54.32,,2965.1,42.1,101.4238,10.2,3.11,0.76,195.9,423224.0,4.4,1.1618,19.135,3.2697,1.289,107.3776,,7.5,1.25,6.2
2017-11-02,,,,,,,,,1.16,,,2579.85,,54.55,,,,,9.93,,0.74,,,,1.1672,19.0065,3.2671,1.2808,,,,,
2017-11-03,,,,,,,,,1.16,,,2587.84,,55.63,,,,,9.14,,0.71,,,,1.1616,19.189,3.3075,1.2769,,,,,
2017-11-04,,,,248000.0,,,,,1.16,,,,,,1939000.0,,,,,,,,,,,,,,,,,,
2017-11-05,,,,,,,,,1.16,,,,,,,,,,,,,,,,,,,,,,,,
2017-11-06,,,,,,,,,1.16,,,2591.13,2.561,57.34,,,,,9.4,,0.71,,,,1.16,19.08,3.2782,1.274,,,,,
2017-11-07,,,,,,,,,1.16,,,2590.64,,57.19,,,,,9.89,,0.69,,,,1.1577,19.142,3.2776,1.2791,,,,,
2017-11-08,,,,,,,,,1.16,,,2594.38,,56.82,,,,,9.78,,0.67,,,,1.1591,19.0705,3.256,1.2727,,,,,
2017-11-09,,,,,,,,,1.16,,,2584.62,,57.16,,,,,10.5,,0.7,,,,1.1648,19.067,3.2513,1.2693,,,,,
2017-11-10,,,,,,,,,1.16,,,2582.3,,56.75,,,,,11.29,,0.73,,,,,,,,,,,,
2017-11-11,,,,254000.0,,,,,1.16,,,,,,1944000.0,,,,,,,,,,,,,,,,,,
2017-11-12,,,,,,,,,1.16,,,,,,,,,,,,,,,,,,,,,,,,
2017-11-13,,,,,,,,,1.16,,,2584.84,2.592,56.77,,,,,11.5,,0.7,,,,1.1656,19.1675,3.294,1.2735,,,,,
2017-11-14,,,,,,,,,1.16,,,2578.87,,55.67,,,,,11.59,,0.7,,,,1.1764,19.1455,3.3031,1.2731,,,,,
2017-11-15,,,,,,,,,1.16,,,2564.62,,55.28,,,,,13.13,,0.65,,,,1.1794,19.2565,3.3132,1.2783,,,,,
2017-11-16,,,,,,,,,1.16,,,2585.64,,55.14,,,,,11.76,,0.65,,,,1.1772,19.1005,3.2756,1.2736,,,,,
2017-11-17,,,,,,,,,1.16,,,2578.85,,56.21,,,,,11.43,,0.62,,,,1.1799,18.9275,3.2629,1.2785,,,,,
2017-11-18,,,,246000.0,,,,,1.16,,,,,,1974000.0,,,,,,,,,,,,,,,,,,
2017-11-19,,,,,,,,,1.16,,,,,,,,,,,,,,,,,,,,,,,,
2017-11-20,,,,,,,,,1.16,,,2582.14,2.568,56.21,,,,,10.65,,0.6,,,,1.1741,19.032,3.2573,1.2795,,,,,
2017-11-21,,,,,,,,,1.16,,,2599.03,,56.84,,,,,9.73,,0.59,,,,1.1741,18.8045,3.2447,1.2768,,,,,
2017-11-22,,,,,,,,,1.16,,,2597.08,,57.88,,,,,9.88,,0.58,,,,1.1789,18.7045,3.2347,1.2728,,,,,
2017-11-23,,,,,,,,,1.16,,,,,,,,,,,,,,,,,,,,,,,,
2017-11-24,,,,,,,,,1.16,,,2602.42,,58.94,,,,,9.67,,0.59,,,,1.1936,18.52,3.2227,1.2705,,,,,
2017-11-25,,,,243000.0,,,,,1.16,,,,,,1997000.0,,,,,,,,,,,,,,,,,,
2017-11-26,,,,,,,,,1.16,,,,,,,,,,,,,,,,,,,,,,,,
2017-11-27,,,,,,,,,1.16,,,2601.42,2.533,58.1,,,,,9.87,,0.58,,,,1.1911,18.5405,3.2247,1.2745,,,,,
2017-11-28,,,,,,,,,1.16,,,2627.04,,57.96,,,,,10.03,,0.59,,,,1.1878,18.5775,3.2055,1.2804,,,,,
2017-11-29,,,,,,,,,1.16,,,2626.07,,57.25,,,,,10.7,,0.59,,,,1.1858,18.5125,3.2285,1.285,,,,,
2017-11-30,,,,,,,,,1.07,,,2647.58,,57.4,,,,,11.28,,0.64,,,,1.1898,18.6335,3.2843,1.2884,,,,,
2017-12-01,147523.0,4.1,26.63,,95.9,2.7,247.805,12501.0,1.16,,62.7,2642.22,,58.35,,2968.4,41.8,101.341,11.43,2.92,0.59,196.3,425545.0,4.3,1.191,18.62,3.2577,1.2705,106.6044,,7.0,1.25,6.0
2017-12-02,,,,241000.0,,,,,1.16,,,,,,1953000.0,,,,,,,,,,,,,,,,,,
2017-12-03,,,,,,,,,1.16,,,,,,,,,,,,,,,,,,,,,,,,
2017-12-04,,,,,,,,,1.16,,,2639.44,2.5,57.48,,,,,11.68,,0.57,,,,1.1848,18.6575,3.2498,1.2696,,,,,
2017-12-05,,,,,,,,,1.16,,,2629.57,,57.66,,,,,11.33,,0.53,,,,1.182,18.715,3.2338,1.269,,,,,
2017-12-06,,,,,,,,,1.16,,,2629.27,,55.79,,,,,11.02,,0.55,,,,1.1788,18.8895,3.2394,1.2788,,,,,
2017-12-07,,,,,,,,,1.16,,,2636.98,,56.5,,,,,10.16,,0.57,,,,1.179,18.9365,3.2993,1.2832,,,,,
2017-12-08,,,,,,,,,1.16,,,2651.5,,57.15,,,,,9.58,,0.58,,,,1.1761,18.956,3.3075,1.2867,,,,,
2017-12-09,,,,229000.0,,,,,1.16,,,,,,1984000.0,,,,,,,,,,,,,,,,,,
2017-12-10,,,,,,,,,1.16,,,,,,,,,,,,,,,,,,,,,,,,
2017-12-11,,,,,,,,,1.16,,,2659.99,2.485,57.84,,,,,9.34,,0.57,,,,1.1802,18.965,3.2883,1.2845,,,,,
2017-12-12,,,,,,,,,1.17,,,2664.11,,57.12,,,,,9.92,,0.57,,,,1.1725,19.184,3.3298,1.2884,,,,,
2017-12-13,,,,,,,,,1.17,,,2662.85,,56.59,,,,,10.18,,0.57,,,,1.1762,19.14,3.3049,1.2872,,,,,
2017-12-14,,,,,,,,,1.41,,,2652.01,,57.0,,,,,10.49,,0.53,,,,1.1778,19.103,3.3396,1.2849,,,,,
2017-12-15,,,,,,,,,1.41,,,2675.81,,57.29,,,,,9.42,,0.51,,,,1.1778,19.116,3.3166,1.2846,,,,,
2017-12-16,,,,244000.0,,,,,1.41,,,,,,2006000.0,,,,,,,,,,,,,,,,,,
2017-12-17,,,,,,,,,1.41,,,,,,,,,,,,,,,,,,,,,,,,
2017-12-18,,,,,,,,,1.42,,,2690.16,2.45,57.17,,,,,9.53,,0.55,,,,1.1804,19.0335,3.2821,1.2856,,,,,
2017-12-19,,,,,,,,,1.42,,,2681.47,,57.49,,,,,10.03,,0.59,,,,1.1822,19.215,3.3008,1.29,,,,,
2017-12-20,,,,,,,,,1.42,,,2679.25,,58.09,,,,,9.72,,0.62,,,,1.1881,19.213,3.2907,1.2846,,,,,
2017-12-21,,,,,,,,,1.42,,,2684.57,,58.34,,,,,9.62,,0.59,,,,1.1872,19.3825,3.3065,1.2717,,,,,
2017-12-22,,,,,,,,,1.42,,,2683.34,,58.25,,,,,9.9,,0.57,,,,1.1839,19.5905,3.3209,1.2748,,,,,
2017-12-23,,,,251000.0,,,,,1.42,,,,,,1979000.0,,,,,,,,,,,,,,,,,,
2017-12-24,,,,,,,,,1.42,,,,,,,,,,,,,,,,,,,,,,,,
2017-12-25,,,,,,,,,1.42,,,,2.472,,,,,,,,,,,,,,,,,,,,
2017-12-26,,,,,,,,,1.42,,,2680.5,,59.55,,,,,10.25,,0.55,,,,1.1867,19.7325,3.3173,1.2685,,,,,
2017-12-27,,,,,,,,,1.42,,,2682.62,,59.67,,,,,10.47,,0.53,,,,1.1902,19.7245,3.3016,1.2645,,,,,
2017-12-28,,,,,,,,,1.42,,,2687.54,,59.84,,,,,10.18,,0.52,,,,1.1952,19.716,3.3005,1.2586,,,,,
2017-12-29,,,,,,,,,1.33,,,2673.61,,60.46,,,,,11.04,,0.51,,,,1.2022,19.6395,3.3121,1.2517,,,,,
2017-12-30,,,,248000.0,,,,,1.33,,,,,,1933000.0,,,,,,,,,,,,,,,,,,
2017-12-31,,,,,,,,,1.33,,,,,,,,,,,,,,,,,,,,,,,,
2018-01-01,147660.0,4.0,26.72,,95.7,2.7,248.859,12527.0,1.33,101.359,62.7,,2.52,,,2971.9,41.9,101.3704,,2.85,,197.9,423202.0,4.2,,,,,105.9278,,7.0,1.5,5.9
2018-01-02,,,,,,,,,1.42,,,2695.81,,60.37,,,,,9.77,,0.54,,,,1.205,19.484,3.262,1.2507,,,,,
2018-01-03,,,,,,,,,1.42,,,2713.06,,61.61,,,,,9.15,,0.5,,,,1.203,19.368,3.2422,1.2534,,,,,
2018-01-04,,,,,,,,,1.42,,,2723.99,,61.98,,,,,9.22,,0.5,,,,1.2064,19.254,3.2274,1.2522,,,,,
2018-01-05,,,,,,,,,1.42,,,2743.15,,61.49,,,,,9.22,,0.51,,,,1.2039,19.2392,3.2285,1.2396,,,,,
2018-01-06,,,,252000.0,,,,,1.42,,,,,,1971000.0,,,,,,,,,,,,,,,,,,
2018-01-07,,,,,,,,,1.42,,,,,,,,,,,,,,,,,,,,,,,,
2018-01-08,,,,,,,,,1.42,,,2747.71,2.522,61.73,,,,,9.52,,0.53,,,,1.1973,19.22,3.2308,1.2424,,,,,
2018-01-09,,,,,,,,,1.42,,,2751.29,,62.92,,,,,10.08,,0.57,,,,1.1922,19.306,3.2491,1.2457,,,,,
2018-01-10,,,,,,,,,1.42,,,2748.23,,63.6,,,,,9.82,,0.57,,,,1.1958,19.229,3.2363,1.2485,,,,,
2018-01-11,,,,,,,,,1.42,,,2767.56,,63.81,,,,,9.88,,0.56,,,,1.2035,19.3245,3.2254,1.2526,,,,,
2018-01-12,,,,,,,,,1.42,,,2786.24,,64.22,,,,,10.16,,0.56,,,,1.213,19.0535,3.2162,1.2517,,,,,
2018-01-13,,,,230000.0,,,,,1.42,,,,,,1972000.0,,,,,,,,,,,,,,,,,,
2018-01-14,,,,,,,,,1.42,,,,,,,,,,,,,,,,,,,,,,,,
2018-01-15,,,,,,,,,1.42,,,,2.557,,,,,,,,,,,,,,,,,,,,
2018-01-16,,,,,,,,,1.42,,,2776.42,,63.82,,,,,11.66,,0.51,,,,1.2244,18.86,3.2274,1.2422,,,,,
2018-01-17,,,,,,,,,1.42,,,2802.56,,63.92,,,,,11.91,,0.52,,,,1.2229,18.628,3.2215,1.2443,,,,,
2018-01-18,,,,,,,,,1.42,,,2798.03,,63.96,,,,,12.22,,0.57,,,,1.2238,18.6545,3.2169,1.2442,,,,,
2018-01-19,,,,,,,,,1.42,,,2810.3,,63.38,,,,,11.27,,0.58,,,,1.2238,18.587,3.205,1.2456,,,,,
2018-01-20,,,,231000.0,,,,,1.42,,,,,,1990000.0,,,,,,,,,,,,,,,,,,
2018-01-21,,,,,,,,,1.42,,,,,,,,,,,,,,,,,,,,,,,,
2018-01-22,,,,,,,,,1.42,,,2832.97,2.567,63.66,,,,,11.03,,0.58,,,,1.223,18.7425,3.2024,1.246,,,,,
2018-01-23,,,,,,,,,1.42,,,2839.13,,64.45,,,,,11.1,,0.57,,,,1.2277,18.7665,3.2312,1.2455,,,,,
2018-01-24,,,,,,,,,1.42,,,2837.54,,65.69,,,,,11.47,,0.57,,,,1.239,18.5315,3.1938,1.2357,,,,,
2018-01-25,,,,,,,,,1.42,,,2839.25,,65.62,,,,,11.58,,0.55,,,,1.2488,18.488,3.147,1.2315,,,,,
2018-01-26,,,,,,,,,1.42,,,2872.87,,66.27,,,,,11.08,,0.53,,,,1.2422,18.508,3.1499,1.232,,,,,
2018-01-27,,,,228000.0,,,,,1.42,,,,,,1985000.0,,,,,,,,,,,,,,,,,,
2018-01-28,,,,,,,,,1.42,,,,,,,,,,,,,,,,,,,,,,,,
2018-01-29,,,,,,,,,1.42,,,2853.53,2.607,65.71,,,,,13.84,,0.59,,,,1.2352,18.5875,3.1634,1.2339,,,,,
2018-01-30,,,,,,,,,1.42,,,2822.43,,64.64,,,,,14.79,,0.6,,,,1.239,18.695,3.1874,1.234,,,,,
2018-01-31,,,,,,,,,1.34,,,2823.81,,64.82,,,,,13.54,,0.58,,,,1.2428,18.6215,3.1782,1.2293,,,,,
2018-02-01,148054.0,4.1,26.74,,99.7,2.7,249.529,12551.0,1.42,,63.0,2821.98,,65.92,,2982.9,42.3,101.5302,13.47,3.09,0.62,199.3,425507.0,4.2,1.2482,18.36,3.1718,1.228,104.1881,,6.75,1.5,6.0
2018-02-02,,,,,,,,,1.42,,,2762.13,,65.5,,,,,17.31,,0.69,,,,1.2446,18.5465,3.2205,1.2393,,,,,
2018-02-03,,,,224000.0,,,,,1.42,,,,,,1996000.0,,,,,,,,,,,,,,,,,,
2018-02-04,,,,,,,,,1.42,,,,,,,,,,,,,,,,,,,,,,,,
2018-02-05,,,,,,,,,1.42,,,2648.94,2.637,64.18,,,,,37.32,,0.69,,,,1.2418,18.5925,3.2365,1.2483,,,,,
2018-02-06,,,,,,,,,1.42,,,2695.14,,63.48,,,,,29.98,,0.69,,,,1.2381,18.694,3.2535,1.2537,,,,,
2018-02-07,,,,,,,,,1.42,,,2681.66,,61.91,,,,,27.73,,0.69,,,,1.2281,18.645,3.262,1.2545,,,,,
2018-02-08,,,,,,,,,1.42,,,2581.0,,61.3,,,,,33.46,,0.72,,,,1.2238,18.901,3.2895,1.2603,,,,,
2018-02-09,,,,,,,,,1.42,,,2619.55,,59.2,,,,,29.06,,0.78,,,,1.2226,18.8815,3.3083,1.2599,,,,,
2018-02-10,,,,225000.0,,,,,1.42,,,,,,1959000.0,,,,,,,,,,,,,,,,,,
2018-02-11,,,,,,,,,1.42,,,,,,,,,,,,,,,,,,,,,,,,
2018-02-12,,,,,,,,,1.42,,,2656.0,2.607,59.41,,,,,25.61,,0.77,,,,1.2267,18.64,3.2949,1.2612,,,,,
2018-02-13,,,,,,,,,1.42,,,2662.94,,59.33,,,,,24.97,,0.73,,,,1.2363,18.6325,3.2947,1.26,,,,,
2018-02-14,,,,,,,,,1.42,,,2698.63,,60.7,,,,,19.26,,0.74,,,,1.2396,18.6035,3.2551,1.2564,,,,,
2018-02-15,,,,,,,,,1.42,,,2731.2,,61.48,,,,,19.13,,0.71,,,,1.2482,18.5195,3.2318,1.2517,,,,,
2018-02-16,,,,,,,,,1.42,,,2732.22,,61.89,,,,,19.46,,0.66,,,,1.2442,18.478,3.2219,1.2532,,,,,
2018-02-17,,,,219000.0,,,,,1.42,,,,,,1985000.0,,,,,,,,,,,,,,,,,,
2018-02-18,,,,,,,,,1.42,,,,,,,,,,,,,,,,,,,,,,,,
2018-02-19,,,,,,,,,1.42,,,,2.557,,,,,,,,,,,,,,,,,,,,
2018-02-20,,,,,,,,,1.42,,,2716.26,,61.91,,,,,20.6,,0.63,,,,1.2348,18.639,3.2434,1.2624,,,,,
2018-02-21,,,,,,,,,1.42,,,2701.33,,61.73,,,,,20.02,,0.68,,,,1.2314,18.661,3.2581,1.2678,,,,,
2018-02-22,,,,,,,,,1.42,,,2703.96,,62.72,,,,,18.72,,0.67,,,,1.2326,18.645,3.2579,1.2705,,,,,
2018-02-23,,,,,,,,,1.42,,,2747.3,,63.52,,,,,16.49,,0.63,,,,1.2298,18.5585,3.2344,1.2659,,,,,
2018-02-24,,,,216000.0,,,,,1.42,,,,,,1957000.0,,,,,,,,,,,,,,,,,,
2018-02-25,,,,,,,,,1.42,,,,,,,,,,,,,,,,,,,,,,,,
2018-02-26,,,,,,,,,1.42,,,2779.6,2.548,63.81,,,,,15.8,,0.64,,,,1.2296,18.654,3.2381,1.2691,,,,,
2018-02-27,,,,,,,,,1.42,,,2744.28,,62.94,,,,,18.59,,0.63,,,,1.2239,18.8068,3.2472,1.2748,,,,,
2018-02-28,,,,,,,,,1.35,,,2713.83,,61.43,,,,,19.85,,0.62,,,,1.2211,18.8405,3.2428,1.2806,,,,,
2018-03-01,148280.0,4.0,26.85,,101.4,2.8,249.577,12576.0,1.42,,62.9,2677.67,,60.98,,2986.6,42.2,101.6295,22.47,3.13,0.59,199.3,425087.0,4.2,1.2216,18.8115,3.2421,1.284,105.8312,,6.5,1.5,5.8
2018-03-02,,,,,,,,,1.42,,,2691.25,,61.19,,,,,19.59,,0.61,,,,1.2314,18.8455,3.2513,1.2882,,,,,
2018-03-03,,,,228000.0,,,,,1.42,,,,,,1960000.0,,,,,,,,,,,,,,,,,,
2018-03-04,,,,,,,,,1.42,,,,,,,,,,,,,,,,,,,,,,,,
2018-03-05,,,,,,,,,1.42,,,2720.94,2.56,62.49,,,,,18.73,,0.64,,,,1.233,18.8635,3.2527,1.2982,,,,,
2018-03-06,,,,,,,,,1.42,,,2728.12,,62.54,,,,,18.36,,0.63,,,,1.2415,18.7365,3.2191,1.2892,,,,,
2018-03-07,,,,,,,,,1.42,,,2726.8,,61.09,,,,,17.76,,0.64,,,,1.2397,18.8055,3.2364,1.2993,,,,,
2018-03-08,,,,,,,,,1.42,,,2738.97,,60.13,,,,,16.54,,0.61,,,,1.2314,18.704,3.262,1.2936,,,,,
2018-03-09,,,,,,,,,1.42,,,2786.57,,62.02,,,,,14.64,,0.63,,,,1.2326,18.567,3.2469,1.2822,,,,,
2018-03-10,,,,223000.0,,,,,1.42,,,,,,1948000.0,,,,,,,,,,,,,,,,,,
2018-03-11,,,,,,,,,1.42,,,,,,,,,,,,,,,,,,,,,,,,
2018-03-12,,,,,,,,,1.42,,,2783.02,2.559,61.35,,,,,15.78,,0.6,,,,1.2318,18.6245,3.2609,1.2835,,,,,
2018-03-13,,,,,,,,,1.42,,,2765.31,,60.69,,,,,16.35,,0.58,,,,1.2398,18.5425,3.2483,1.2925,,,,,
2018-03-14,,,,,,,,,1.42,,,2749.48,,60.89,,,,,17.23,,0.55,,,,1.2362,18.6035,3.2641,1.2946,,,,,
2018-03-15,,,,,,,,,1.43,,,2747.33,,61.16,,,,,16.59,,0.53,,,,1.2321,18.7,3.2841,1.3053,,,,,
2018-03-16,,,,,,,,,1.43,,,2752.01,,62.29,,,,,15.8,,0.54,,,,1.228,18.73,3.2897,1.3096,,,,,
2018-03-17,,,,225000.0,,,,,1.43,,,,,,1959000.0,,,,,,,,,,,,,,,,,,
2018-03-18,,,,,,,,,1.43,,,,,,,,,,,,,,,,,,,,,,,,
2018-03-19,,,,,,,,,1.43,,,2712.92,2.598,62.01,,,,,19.02,,0.54,,,,1.2329,18.7325,3.2873,1.3089,,,,,
2018-03-20,,,,,,,,,1.44,,,2716.94,,63.37,,,,,18.2,,0.55,,,,1.2271,18.7465,3.295,1.3083,,,,,
2018-03-21,,,,,,,,,1.44,,,2711.93,,65.1,,,,,17.86,,0.58,,,,1.2268,18.593,3.2865,1.2957,,,,,
2018-03-22,,,,,,,,,1.68,,,2643.69,,64.25,,,,,23.34,,0.54,,,,1.231,18.53,3.3034,1.293,,,,,
2018-03-23,,,,,,,,,1.68,,,2588.26,,65.8,,,,,24.87,,0.54,,,,1.236,18.5705,3.3125,1.287,,,,,
2018-03-24,,,,221000.0,,,,,1.68,,,,,,1917000.0,,,,,,,,,,,,,,,,,,
2018-03-25,,,,,,,,,1.68,,,,,,,,,,,,,,,,,,,,,,,,
2018-03-26,,,,,,,,,1.68,,,2658.55,2.648,65.49,,,,,21.03,,0.52,,,,1.244,18.29,3.3043,1.2866,,,,,
2018-03-27,,,,,,,,,1.68,,,2612.62,,65.21,,,,,22.5,,0.52,,,,1.241,18.32,3.3263,1.2841,,,,,
2018-03-28,,,,,,,,,1.68,,,2605.0,,64.3,,,,,22.87,,0.49,,,,1.2351,18.26,3.337,1.2886,,,,,
2018-03-29,,,,,,,,,1.68,,,2640.87,,64.87,,,,,19.97,,0.47,,,,1.2297,18.2385,3.3229,1.2901,,,,,
2018-03-30,,,,,,,,,1.67,,,,,,,,,,,,,,,,1.232,18.1676,3.3045,1.2891,,,,,
2018-03-31,,,,232000.0,,,,,1.67,,,,,,1943000.0,,,,,,,,,,,,,,,,,,
2018-04-01,148420.0,4.0,26.91,,98.8,2.7,250.227,12595.0,1.67,101.371,62.9,,,,,2994.2,42.4,101.5796,,2.98,,200.3,425899.0,4.2,,,,,105.1546,,6.5,1.5,5.8
2018-04-02,,,,,,,,,1.68,,,2581.88,2.7,63.05,,,,,23.62,,0.48,,,,1.2288,18.311,3.3149,1.2918,,,,,
2018-04-03,,,,,,,,,1.69,,,2614.45,,63.41,,,,,21.1,,0.51,,,,1.2261,18.1955,3.3222,1.28,,,,,
2018-04-04,,,,,,,,,1.69,,,2644.69,,63.35,,,,,20.06,,0.51,,,,1.2292,18.231,3.3474,1.2801,,,,,
2018-04-05,,,,,,,,,1.69,,,2662.84,,63.53,,,,,18.94,,0.53,,,,1.223,18.127,3.3212,1.2777,,,,,
2018-04-06,,,,,,,,,1.69,,,2604.47,,62.03,,,,,21.49,,0.5,,,,1.2274,18.329,3.3702,1.2763,,,,,
2018-04-07,,,,234000.0,,,,,1.69,,,,,,1949000.0,,,,,,,,,,,,,,,,,,
2018-04-08,,,,,,,,,1.69,,,,,,,,,,,,,,,,,,,,,,,,
2018-04-09,,,,,,,,,1.69,,,2613.16,2.694,63.4,,,,,21.77,,0.49,,,,1.232,18.2245,3.395,1.27,,,,,
2018-04-10,,,,,,,,,1.69,,,2656.87,,65.48,,,,,20.47,,0.48,,,,1.2338,18.2715,3.4146,1.2609,,,,,
2018-04-11,,,,,,,,,1.69,,,2642.19,,66.81,,,,,20.24,,0.47,,,,1.2384,18.221,3.3955,1.2581,,,,,
2018-04-12,,,,,,,,,1.69,,,2663.99,,67.07,,,,,18.49,,0.49,,,,1.232,18.151,3.3902,1.2583,,,,,
2018-04-13,,,,,,,,,1.69,,,2656.3,,67.35,,,,,17.41,,0.45,,,,1.2322,18.0795,3.4088,1.2604,,,,,
2018-04-14,,,,236000.0,,,,,1.69,,,,,,1900000.0,,,,,,,,,,,,,,,,,,
2018-04-15,,,,,,,,,1.69,,,,,,,,,,,,,,,,,,,,,,,,
2018-04-16,,,,,,,,,1.69,,,2677.84,2.747,66.23,,,,,16.56,,0.44,,,,1.2373,18.025,3.4282,1.258,,,,,
2018-04-17,,,,,,,,,1.69,,,2706.39,,66.5,,,,,15.25,,0.41,,,,1.2345,17.9705,3.4022,1.2548,,,,,
2018-04-18,,,,,,,,,1.69,,,2708.64,,68.44,,,,,15.6,,0.45,,,,1.238,18.0355,3.3844,1.2636,,,,,
2018-04-19,,,,,,,,,1.69,,,2693.13,,68.3,,,,,15.96,,0.48,,,,1.2336,18.3355,3.4028,1.2638,,,,,
2018-04-20,,,,,,,,,1.7,,,2670.14,,68.26,,,,,16.88,,0.5,,,,1.2282,18.6145,3.4121,1.274,,,,,
2018-04-21,,,,207000.0,,,,,1.7,,,,,,1827000.0,,,,,,,,,,,,,,,,,,
2018-04-22,,,,,,,,,1.7,,,,,,,,,,,,,,,,,,,,,,,,
2018-04-23,,,,,,,,,1.7,,,2670.29,2.798,67.61,,,,,16.34,,0.49,,,,1.2216,18.895,3.4463,1.2845,,,,,
2018-04-24,,,,,,,,,1.7,,,2634.56,,67.66,,,,,18.02,,0.52,,,,1.2226,18.795,3.4685,1.2823,,,,,
2018-04-25,,,,,,,,,1.7,,,2639.4,,68.0,,,,,17.84,,0.54,,,,1.2178,19.02,3.509,1.2871,,,,,
2018-04-26,,,,,,,,,1.7,,,2666.94,,68.18,,,,,16.24,,0.51,,,,1.2113,18.8695,3.4992,1.2867,,,,,
2018-04-27,,,,,,,,,1.7,,,2669.91,,68.11,,,,,15.41,,0.47,,,,1.2108,18.6675,3.4685,1.2862,,,,,
2018-04-28,,,,209000.0,,,,,1.7,,,,,,1834000.0,,,,,,,,,,,,,,,,,,
2018-04-29,,,,,,,,,1.7,,,,,,,,,,,,,,,,,,,,,,,,
2018-04-30,,,,,,,,,1.69,,,2648.05,2.846,68.56,,,,,15.93,,0.46,,,,1.2074,18.7715,3.4854,1.2818,,,,,
2018-05-01,148742.0,3.8,26.98,,98.0,2.8,250.792,12623.0,1.7,,62.9,2654.8,,67.28,,2995.0,42.1,101.4953,15.49,3.13,0.47,203.2,432340.0,4.0,1.2,18.8325,3.507,1.2873,106.701,,6.5,1.5,5.9
2018-05-02,,,,,,,,,1.7,,,2635.67,,67.91,,,,,15.97,,0.48,,,,1.1968,19.073,3.5404,1.2848,,,,,
2018-05-03,,,,,,,,,1.7,,,2629.73,,68.45,,,,,15.9,,0.45,,,,1.197,19.1125,3.5496,1.2878,,,,,
2018-05-04,,,,,,,,,1.7,,,2663.42,,69.71,,,,,14.77,,0.44,,,,1.1946,19.1965,3.5213,1.2848,,,,,
2018-05-05,,,,211000.0,,,,,1.7,,,,,,1765000.0,,,,,,,,,,,,,,,,,,
2018-05-06,,,,,,,,,1.7,,,,,,,,,,,,,,,,,,,,,,,,
2018-05-07,,,,,,,,,1.7,,,2672.63,2.845,70.74,,,,,14.75,,0.46,,,,1.1927,19.448,3.5543,1.285,,,,,
2018-05-08,,,,,,,,,1.7,,,2671.92,,68.83,,,,,14.71,,0.46,,,,1.1863,19.611,3.585,1.2967,,,,,
2018-05-09,,,,,,,,,1.7,,,2697.79,,71.16,,,,,13.42,,0.46,,,,1.1852,19.5165,3.5965,1.2852,,,,,
2018-05-10,,,,,,,,,1.7,,,2723.07,,71.36,,,,,13.23,,0.43,,,,1.1896,19.302,3.5554,1.2787,,,,,
2018-05-11,,,,,,,,,1.7,,,2727.72,,70.69,,,,,12.65,,0.43,,,,1.1951,19.365,3.5879,1.2781,,,,,
2018-05-12,,,,222000.0,,,,,1.7,,,,,,1769000.0,,,,,,,,,,,,,,,,,,
2018-05-13,,,,,,,,,1.7,,,,,,,,,,,,,,,,,,,,,,,,
2018-05-14,,,,,,,,,1.7,,,2730.13,2.873,71.01,,,,,12.93,,0.45,,,,1.1976,19.5085,3.6212,1.2761,,,,,
2018-05-15,,,,,,,,,1.7,,,2711.45,,71.34,,,,,14.63,,0.5,,,,1.1864,19.716,3.6659,1.2868,,,,,
2018-05-16,,,,,,,,,1.7,,,2722.46,,71.43,,,,,13.42,,0.51,,,,1.1788,19.73,3.68,1.2828,,,,,
2018-05-17,,,,,,,,,1.7,,,2720.13,,71.47,,,,,13.43,,0.54,,,,1.1798,19.74,3.7073,1.2815,,,,,
2018-05-18,,,,,,,,,1.7,,,2712.97,,71.23,,,,,13.42,,0.51,,,,1.1775,19.932,3.7438,1.2892,,,,,
2018-05-19,,,,230000.0,,,,,1.7,,,,,,1751000.0,,,,,,,,,,,,,,,,,,
2018-05-20,,,,,,,,,1.7,,,,,,,,,,,,,,,,,,,,,,,,
2018-05-21,,,,,,,,,1.7,,,2733.01,2.923,72.26,,,,,13.08,,0.48,,,,1.1768,19.887,3.7096,1.2835,,,,,
2018-05-22,,,,,,,,,1.7,,,2724.44,,72.09,,,,,13.22,,0.47,,,,1.1783,19.714,3.6367,1.2775,,,,,
2018-05-23,,,,,,,,,1.7,,,2733.29,,71.85,,,,,12.58,,0.48,,,,1.1693,19.773,3.6411,1.2882,,,,,
2018-05-24,,,,,,,,,1.7,,,2727.76,,70.77,,,,,12.53,,0.48,,,,1.1729,19.7175,3.6402,1.2907,,,,,
2018-05-25,,,,,,,,,1.7,,,2721.33,,67.92,,,,,13.22,,0.45,,,,1.1666,19.544,3.6586,1.2972,,,,,
2018-05-26,,,,222000.0,,,,,1.7,,,,,,1737000.0,,,,,,,,,,,,,,,,,,
2018-05-27,,,,,,,,,1.7,,,,,,,,,,,,,,,,,,,,,,,,
2018-05-28,,,,,,,,,1.7,,,,2.962,,,,,,,,,,,,,,,,,,,,
2018-05-29,,,,,,,,,1.7,,,2689.86,,66.8,,,,,17.02,,0.45,,,,1.1551,19.736,3.7283,1.3027,,,,,
2018-05-30,,,,,,,,,1.7,,,2724.01,,68.24,,,,,14.94,,0.42,,,,1.1664,19.7,3.7389,1.2842,,,,,
2018-05-31,,,,,,,,,1.7,,,2705.27,,66.98,,,,,15.43,,0.43,,,,1.167,20.0005,3.7262,1.297,,,,,
2018-06-01,148960.0,4.0,27.03,,98.2,3.0,251.018,12656.0,1.7,,63.0,2734.62,,65.81,,2996.3,42.2,101.4384,13.46,3.01,0.42,204.2,430008.0,4.0,1.1679,19.8585,3.755,1.2948,106.4111,,6.5,1.5,6.0
2018-06-02,,,,223000.0,,,,,1.7,,,,,,1690000.0,,,,,,,,,,,,,,,,,,
2018-06-03,,,,,,,,,1.7,,,,,,,,,,,,,,,,,,,,,,,,
2018-06-04,,,,,,,,,1.7,,,2746.87,2.94,64.76,,,,,12.74,,0.42,,,,1.1696,19.986,3.7446,1.2922,,,,,
2018-06-05,,,,,,,,,1.7,,,2748.8,,65.51,,,,,12.4,,0.43,,,,1.1672,20.372,3.778,1.3008,,,,,
2018-06-06,,,,,,,,,1.7,,,2772.35,,64.75,,,,,11.64,,0.45,,,,1.1778,20.269,3.8178,1.2907,,,,,
2018-06-07,,,,,,,,,1.7,,,2770.37,,65.96,,,,,12.13,,0.43,,,,1.1815,20.492,3.9294,1.2988,,,,,
2018-06-08,,,,,,,,,1.7,,,2779.03,,65.77,,,,,12.18,,0.43,,,,1.1773,20.4905,3.7429,1.2956,,,,,
2018-06-09,,,,222000.0,,,,,1.7,,,,,,1693000.0,,,,,,,,,,,,,,,,,,
2018-06-10,,,,,,,,,1.7,,,,,,,,,,,,,,,,,,,,,,,,
2018-06-11,,,,,,,,,1.7,,,2782.0,2.911,66.1,,,,,12.35,,0.44,,,,1.1802,20.526,3.6839,1.298,,,,,
2018-06-12,,,,,,,,,1.7,,,2786.85,,66.38,,,,,12.34,,0.42,,,,1.1792,20.6127,3.6745,1.2987,,,,,
2018-06-13,,,,,,,,,1.7,,,2775.63,,66.63,,,,,12.94,,0.39,,,,1.1784,20.5919,3.7116,1.2963,,,,,
2018-06-14,,,,,,,,,1.9,,,2782.49,,66.91,,,,,12.12,,0.35,,,,1.1634,20.67,3.7018,1.307,,,,,
2018-06-15,,,,,,,,,1.9,,,2779.66,,65.01,,,,,11.98,,0.38,,,,1.1616,20.645,3.7511,1.3167,,,,,
2018-06-16,,,,218000.0,,,,,1.9,,,,,,1671000.0,,,,,,,,,,,,,,,,,,
2018-06-17,,,,,,,,,1.9,,,,,,,,,,,,,,,,,,,,,,,,
2018-06-18,,,,,,,,,1.9,,,2773.75,2.879,65.91,,,,,12.31,,0.36,,,,1.1606,20.66,3.7537,1.3229,,,,,
2018-06-19,,,,,,,,,1.91,,,2762.59,,65.09,,,,,13.35,,0.35,,,,1.1577,20.508,3.7306,1.3263,,,,,
2018-06-20,,,,,,,,,1.92,,,2767.32,,65.92,,,,,12.79,,0.37,,,,1.1592,20.361,3.7349,1.3291,,,,,
2018-06-21,,,,,,,,,1.92,,,2749.76,,65.68,,,,,14.64,,0.34,,,,1.16,20.391,3.7992,1.3319,,,,,
2018-06-22,,,,,,,,,1.92,,,2754.88,,69.02,,,,,13.77,,0.34,,,,1.163,20.1025,3.7708,1.3318,,,,,
2018-06-23,,,,222000.0,,,,,1.92,,,,,,1671000.0,,,,,,,,,,,,,,,,,,
2018-06-24,,,,,,,,,1.92,,,,,,,,,,,,,,,,,,,,,,,,
2018-06-25,,,,,,,,,1.92,,,2717.07,2.833,69.91,,,,,17.33,,0.33,,,,1.1694,20.108,3.7776,1.3313,,,,,
2018-06-26,,,,,,,,,1.92,,,2723.06,,75.23,,,,,15.92,,0.35,,,,1.1675,19.8635,3.7705,1.3293,,,,,
2018-06-27,,,,,,,,,1.91,,,2699.63,,77.41,,,,,17.91,,0.31,,,,1.1588,20.056,3.8537,1.33,,,,,
2018-06-28,,,,,,,,,1.91,,,2716.31,,73.45,,,,,16.85,,0.32,,,,1.1582,19.83,3.8543,1.3253,,,,,
2018-06-29,,,,,,,,,1.91,,,2718.37,,74.13,,,,,16.09,,0.33,,,,1.1677,19.6495,3.8561,1.314,,,,,
2018-06-30,,,,228000.0,,,,,1.91,,,,,,1672000.0,,,,,,,,,,,,,,,,,,
2018-07-01,149020.0,3.8,27.1,,97.9,2.9,251.214,12676.0,1.91,101.668,63.0,,,,,2995.9,42.2,101.4075,,2.88,,204.3,432070.0,4.0,,,,,104.5747,,6.5,1.75,5.9
2018-07-02,,,,,,,,,1.91,,,2726.71,2.844,73.89,,,,,15.6,,0.3,,,,1.1604,20.169,3.9135,1.3213,,,,,
2018-07-03,,,,,,,,,1.91,,,2713.22,,74.19,,,,,16.14,,0.3,,,,1.1653,19.566,3.8789,1.315,,,,,
2018-07-04,,,,,,,,,1.91,,,,,,,,,,,,,,,,,,,,,,,,
2018-07-05,,,,,,,,,1.91,,,2736.61,,73.05,,,,,14.97,,0.29,,,,1.1697,19.2455,3.9242,1.3121,,,,,
2018-07-06,,,,,,,,,1.91,,,2759.82,,73.78,,,,,13.37,,0.29,,,,1.1738,19.0655,3.906,1.309,,,,,
2018-07-07,,,,216000.0,,,,,1.91,,,,,,1676000.0,,,,,,,,,,,,,,,,,,
2018-07-08,,,,,,,,,1.91,,,,,,,,,,,,,,,,,,,,,,,,
2018-07-09,,,,,,,,,1.91,,,2784.17,2.857,73.93,,,,,12.69,,0.29,,,,1.1744,19.165,3.8694,1.3111,,,,,
2018-07-10,,,,,,,,,1.91,,,2793.84,,74.11,,,,,12.64,,0.28,,,,1.1728,19.0165,3.826,1.312,,,,,
2018-07-11,,,,,,,,,1.91,,,2774.02,,70.47,,,,,13.63,,0.27,,,,1.1722,18.9955,3.8624,1.3127,,,,,
2018-07-12,,,,,,,,,1.91,,,2798.29,,70.28,,,,,12.58,,0.25,,,,1.1692,18.7855,3.8478,1.3158,,,,,
2018-07-13,,,,,,,,,1.91,,,2801.31,,71.03,,,,,12.18,,0.24,,,,1.1667,18.8845,3.8659,1.3168,,,,,
2018-07-14,,,,205000.0,,,,,1.91,,,,,,1659000.0,,,,,,,,,,,,,,,,,,
2018-07-15,,,,,,,,,1.91,,,,,,,,,,,,,,,,,,,,,,,,
2018-07-16,,,,,,,,,1.91,,,2798.43,2.865,68.22,,,,,12.83,,0.26,,,,1.171,18.8425,3.8534,1.3131,,,,,
2018-07-17,,,,,,,,,1.91,,,2809.55,,68.03,,,,,12.06,,0.24,,,,1.1664,18.8715,3.8626,1.3198,,,,,
2018-07-18,,,,,,,,,1.91,,,2815.62,,68.78,,,,,12.1,,0.28,,,,1.1645,18.886,3.8412,1.3203,,,,,
2018-07-19,,,,,,,,,1.91,,,2804.49,,69.42,,,,,12.87,,0.24,,,,1.1604,19.0555,3.8808,1.3271,,,,,
2018-07-20,,,,,,,,,1.91,,,2801.83,,70.31,,,,,12.86,,0.29,,,,1.1708,19.0975,3.7801,1.3155,,,,,
2018-07-21,,,,210000.0,,,,,1.91,,,,,,1624000.0,,,,,,,,,,,,,,,,,,
2018-07-22,,,,,,,,,1.91,,,,,,,,,,,,,,,,,,,,,,,,
2018-07-23,,,,,,,,,1.91,,,2806.98,2.831,67.9,,,,,12.62,,0.32,,,,1.1702,19.0705,3.7965,1.315,,,,,
2018-07-24,,,,,,,,,1.91,,,2820.4,,70.77,,,,,12.41,,0.32,,,,1.1684,18.849,3.7381,1.3165,,,,,
2018-07-25,,,,,,,,,1.91,,,2846.07,,71.13,,,,,12.29,,0.28,,,,1.1677,18.799,3.7075,1.3104,,,,,
2018-07-26,,,,,,,,,1.91,,,2837.44,,71.59,,,,,12.14,,0.29,,,,1.1654,18.6375,3.7285,1.308,,,,,
2018-07-27,,,,,,,,,1.91,,,2818.82,,68.66,,,,,13.03,,0.29,,,,1.166,18.5595,3.7134,1.3057,,,,,
2018-07-28,,,,207000.0,,,,,1.91,,,,,,1657000.0,,,,,,,,,,,,,,,,,,
2018-07-29,,,,,,,,,1.91,,,,,,,,,,,,,,,,,,,,,,,,
2018-07-30,,,,,,,,,1.91,,,2802.6,2.846,71.19,,,,,14.26,,0.32,,,,1.1718,18.5375,3.7228,1.3013,,,,,
2018-07-31,,,,,,,,,1.91,,,2816.29,,69.88,,,,,12.83,,0.29,,,,1.1706,18.598,3.745,1.3017,,,,,
2018-08-01,149277.0,3.8,27.21,,96.2,3.0,251.663,12688.0,1.91,,62.6,2813.36,,68.8,,2999.2,42.1,101.4186,13.15,2.86,0.33,203.4,432031.0,4.1,1.1666,18.6255,3.753,1.3006,106.0245,,6.5,1.75,6.0
2018-08-02,,,,,,,,,1.91,,,2827.22,,68.95,,,,,12.19,,0.32,,,,1.1612,18.627,3.7555,1.3004,,,,,
2018-08-03,,,,,,,,,1.91,,,2840.35,,68.49,,,,,11.64,,0.32,,,,1.1597,18.5725,3.7133,1.2975,,,,,
2018-08-04,,,,210000.0,,,,,1.91,,,,,,1624000.0,,,,,,,,,,,,,,,,,,
2018-08-05,,,,,,,,,1.91,,,,,,,,,,,,,,,,,,,,,,,,
2018-08-06,,,,,,,,,1.91,,,2850.4,2.852,69.01,,,,,11.27,,0.3,,,,1.1564,18.5215,3.7208,1.2997,,,,,
2018-08-07,,,,,,,,,1.91,,,2858.45,,69.17,,,,,10.93,,0.3,,,,1.1597,18.4585,3.7128,1.3017,,,,,
2018-08-08,,,,,,,,,1.91,,,2857.7,,66.92,,,,,10.85,,0.28,,,,1.1598,18.478,3.7442,1.3061,,,,,
2018-08-09,,,,,,,,,1.91,,,2853.58,,66.81,,,,,11.27,,0.29,,,,1.1566,18.6805,3.8164,1.3046,,,,,
2018-08-10,,,,,,,,,1.91,,,2833.28,,67.61,,,,,13.16,,0.26,,,,1.1399,18.938,3.8539,1.3126,,,,,
2018-08-11,,,,206000.0,,,,,1.91,,,,,,1625000.0,,,,,,,,,,,,,,,,,,
2018-08-12,,,,,,,,,1.91,,,,,,,,,,,,,,,,,,,,,,,,
2018-08-13,,,,,,,,,1.91,,,2821.93,2.843,67.25,,,,,14.78,,0.27,,,,1.1396,19.2655,3.9123,1.3138,,,,,
2018-08-14,,,,,,,,,1.91,,,2839.96,,67.04,,,,,13.31,,0.26,,,,1.1351,19.004,3.8852,1.3107,,,,,
2018-08-15,,,,,,,,,1.91,,,2818.37,,65.07,,,,,14.64,,0.25,,,,1.1332,19.2195,3.9135,1.3155,,,,,
2018-08-16,,,,,,,,,1.92,,,2840.69,,65.44,,,,,13.45,,0.24,,,,1.1388,19.0085,3.8985,1.3144,,,,,
2018-08-17,,,,,,,,,1.92,,,2850.13,,65.93,,,,,12.64,,0.26,,,,1.141,19.0605,3.9385,1.308,,,,,
2018-08-18,,,,207000.0,,,,,1.92,,,,,,1605000.0,,,,,,,,,,,,,,,,,,
2018-08-19,,,,,,,,,1.92,,,,,,,,,,,,,,,,,,,,,,,,
2018-08-20,,,,,,,,,1.92,,,2857.05,2.821,66.5,,,,,12.49,,0.22,,,,1.1438,19.0345,3.9473,1.3085,,,,,
2018-08-21,,,,,,,,,1.92,,,2862.96,,67.32,,,,,12.86,,0.24,,,,1.1534,18.868,3.9948,1.3048,,,,,
2018-08-22,,,,,,,,,1.92,,,2861.82,,67.85,,,,,12.25,,0.22,,,,1.1595,18.816,4.0751,1.3014,,,,,
2018-08-23,,,,,,,,,1.92,,,2856.98,,69.13,,,,,12.41,,0.21,,,,1.1567,18.863,4.0898,1.3057,,,,,
2018-08-24,,,,,,,,,1.92,,,2874.69,,69.71,,,,,11.99,,0.19,,,,1.1625,18.818,4.0944,1.3022,,,,,
2018-08-25,,,,211000.0,,,,,1.92,,,,,,1602000.0,,,,,,,,,,,,,,,,,,
2018-08-26,,,,,,,,,1.92,,,,,,,,,,,,,,,,,,,,,,,,
2018-08-27,,,,,,,,,1.92,,,2896.74,2.827,69.97,,,,,12.16,,0.18,,,,1.1676,18.6615,4.0707,1.2966,,,,,
2018-08-28,,,,,,,,,1.92,,,2897.52,,68.54,,,,,12.5,,0.21,,,,1.172,18.9225,4.1248,1.2925,,,,,
2018-08-29,,,,,,,,,1.92,,,2914.04,,69.68,,,,,12.25,,0.22,,,,1.1699,19.0415,4.122,1.2941,,,,,
2018-08-30,,,,,,,,,1.92,,,2901.13,,70.25,,,,,13.53,,0.22,,,,1.1646,19.1575,4.2016,1.2991,,,,,
2018-08-31,,,,,,,,,1.91,,,2901.52,,69.84,,,,,12.86,,0.24,,,,1.1596,19.2135,4.128,1.3072,,,,,
2018-09-01,149358.0,3.7,27.32,201000.0,100.1,2.7,252.182,12710.0,1.91,,62.8,,,,1575000.0,3000.2,42.0,101.5003,,2.93,,203.6,431438.0,4.1,,,,,104.768,,6.5,1.75,5.8
2018-09-02,,,,,,,,,1.91,,,,,,,,,,,,,,,,,,,,,,,,
2018-09-03,,,,,,,,,1.91,,,,2.824,,,,,,,,,,,,,,,,,,,,
2018-09-04,,,,,,,,,1.92,,,2896.72,,69.82,,,,,13.16,,0.24,,,,1.1566,19.3505,4.156,1.3182,,,,,
2018-09-05,,,,,,,,,1.92,,,2888.6,,68.69,,,,,13.91,,0.24,,,,1.162,19.427,4.1589,1.3191,,,,,
2018-09-06,,,,,,,,,1.92,,,2878.05,,67.81,,,,,14.65,,0.24,,,,1.1624,19.361,4.1462,1.3212,,,,,
2018-09-07,,,,,,,,,1.92,,,2871.68,,67.73,,,,,14.88,,0.23,,,,1.1572,19.211,4.0594,1.317,,,,,
2018-09-08,,,,204000.0,,,,,1.92,,,,,,1538000.0,,,,,,,,,,,,,,,,,,
2018-09-09,,,,,,,,,1.92,,,,,,,,,,,,,,,,,,,,,,,,
2018-09-10,,,,,,,,,1.92,,,2877.13,2.833,67.55,,,,,14.16,,0.21,,,,1.1604,19.294,4.1094,1.3159,,,,,
2018-09-11,,,,,,,,,1.92,,,2887.89,,69.29,,,,,13.22,,0.22,,,,1.1591,19.21,4.1564,1.3131,,,,,
2018-09-12,,,,,,,,,1.92,,,2888.92,,70.37,,,,,13.14,,0.23,,,,1.1626,19.0705,4.1363,1.3005,,,,,
2018-09-13,,,,,,,,,1.92,,,2904.18,,68.6,,,,,12.37,,0.21,,,,1.1672,18.88,4.1752,1.3005,,,,,
2018-09-14,,,,,,,,,1.92,,,2904.98,,68.98,,,,,12.07,,0.21,,,,1.1656,18.8695,4.1852,1.3029,,,,,
2018-09-15,,,,206000.0,,,,,1.92,,,,,,1544000.0,,,,,,,,,,,,,,,,,,
2018-09-16,,,,,,,,,1.92,,,,,,,,,,,,,,,,,,,,,,,,
2018-09-17,,,,,,,,,1.92,,,2888.8,2.841,68.86,,,,,13.68,,0.21,,,,1.1687,18.8455,4.1718,1.3017,,,,,
2018-09-18,,,,,,,,,1.92,,,2904.31,,69.87,,,,,12.79,,0.24,,,,1.1693,18.7372,4.1277,1.2977,,,,,
2018-09-19,,,,,,,,,1.92,,,2907.95,,71.08,,,,,11.75,,0.27,,,,1.1685,18.7545,4.116,1.2939,,,,,
2018-09-20,,,,,,,,,1.92,,,2930.75,,70.77,,,,,11.8,,0.26,,,,1.1744,18.8665,4.0834,1.2918,,,,,
2018-09-21,,,,,,,,,1.92,,,2929.67,,70.8,,,,,11.68,,0.26,,,,1.1739,18.8375,4.0536,1.2912,,,,,
2018-09-22,,,,205000.0,,,,,1.92,,,,,,1545000.0,,,,,,,,,,,,,,,,,,
2018-09-23,,,,,,,,,1.92,,,,,,,,,,,,,,,,,,,,,,,,
2018-09-24,,,,,,,,,1.93,,,2919.37,2.844,73.23,,,,,12.2,,0.25,,,,1.1773,18.856,4.0733,1.2934,,,,,
2018-09-25,,,,,,,,,1.93,,,2915.56,,73.4,,,,,12.42,,0.27,,,,1.177,18.982,4.1186,1.2944,,,,,
2018-09-26,,,,,,,,,1.93,,,2905.97,,72.22,,,,,12.89,,0.23,,,,1.1758,18.8955,4.0425,1.2963,,,,,
2018-09-27,,,,,,,,,2.18,,,2914.0,,72.18,,,,,12.41,,0.23,,,,1.167,18.829,3.9968,1.3036,,,,,
2018-09-28,,,,,,,,,2.18,,,2913.98,,73.16,,,,,12.12,,0.24,,,,1.1622,18.705,3.9995,1.2922,,,,,
2018-09-29,,,,210000.0,,,,,2.18,,,,,,1553000.0,,,,,,,,,,,,,,,,,,
2018-09-30,,,,,,,,,2.18,,,,,,,,,,,,,,,,,,,,,,,,
2018-10-01,149527.0,3.8,27.37,,98.6,2.9,252.772,12731.0,2.18,101.486,62.9,2924.59,2.866,75.37,,3001.0,42.1,101.4828,12.0,2.88,0.27,204.6,435894.0,4.0,1.1567,18.6625,4.0059,1.2799,104.4781,,6.5,2.0,5.6
2018-10-02,,,,,,,,,2.18,,,2923.43,,75.16,,,,,12.05,,0.23,,,,1.156,18.738,3.9223,1.2815,,,,,
2018-10-03,,,,,,,,,2.18,,,2925.51,,76.4,,,,,11.61,,0.3,,,,1.1525,18.834,3.8806,1.2826,,,,,
2018-10-04,,,,,,,,,2.18,,,2901.61,,74.44,,,,,14.22,,0.32,,,,1.1508,19.174,3.9229,1.2903,,,,,
2018-10-05,,,,,,,,,2.18,,,2885.57,,74.26,,,,,14.82,,0.35,,,,1.1502,19.014,3.8808,1.2948,,,,,
2018-10-06,,,,211000.0,,,,,2.18,,,,,,1565000.0,,,,,,,,,,,,,,,,,,
2018-10-07,,,,,,,,,2.18,,,,,,,,,,,,,,,,,,,,,,,,
2018-10-08,,,,,,,,,2.18,,,2884.43,2.903,74.27,,,,,15.69,,,,,,,,,,,,,,
2018-10-09,,,,,,,,,2.18,,,2880.34,,74.95,,,,,15.95,,0.33,,,,1.1482,19.0085,3.732,1.2959,,,,,
2018-10-10,,,,,,,,,2.18,,,2785.68,,73.18,,,,,22.96,,0.34,,,,1.1541,19.0745,3.7594,1.2985,,,,,
2018-10-11,,,,,,,,,2.18,,,2728.37,,70.97,,,,,24.98,,0.29,,,,1.1565,19.0205,3.7591,1.3037,,,,,
2018-10-12,,,,,,,,,2.18,,,2767.13,,71.41,,,,,21.31,,0.3,,,,1.1559,18.9235,3.7825,1.3023,,,,,
2018-10-13,,,,208000.0,,,,,2.18,,,,,,1588000.0,,,,,,,,,,,,,,,,,,
2018-10-14,,,,,,,,,2.18,,,,,,,,,,,,,,,,,,,,,,,,
2018-10-15,,,,,,,,,2.18,,,2750.79,2.879,71.84,,,,,21.3,,0.31,,,,1.1594,18.8095,3.7214,1.2966,,,,,
2018-10-16,,,,,,,,,2.18,,,2809.92,,71.93,,,,,17.62,,0.29,,,,1.1593,18.774,3.7177,1.2935,,,,,
2018-10-17,,,,,,,,,2.19,,,2809.21,,69.63,,,,,17.4,,0.3,,,,1.154,18.801,3.6813,1.2985,,,,,
2018-10-18,,,,,,,,,2.19,,,2768.78,,68.63,,,,,20.06,,0.3,,,,1.1494,19.159,3.705,1.3059,,,,,
2018-10-19,,,,,,,,,2.19,,,2767.78,,69.16,,,,,19.89,,0.28,,,,1.1513,19.2285,3.7121,1.3101,,,,,
2018-10-20,,,,217000.0,,,,,2.19,,,,,,1603000.0,,,,,,,,,,,,,,,,,,
2018-10-21,,,,,,,,,2.19,,,,,,,,,,,,,,,,,,,,,,,,
2018-10-22,,,,,,,,,2.19,,,2755.88,2.841,69.25,,,,,19.64,,0.28,,,,1.1467,19.3675,3.685,1.3104,,,,,
2018-10-23,,,,,,,,,2.2,,,2740.69,,66.49,,,,,20.71,,0.28,,,,1.148,19.4075,3.704,1.3101,,,,,
2018-10-24,,,,,,,,,2.2,,,2656.1,,66.56,,,,,25.23,,0.26,,,,1.1389,19.4575,3.7188,1.2994,,,,,
2018-10-25,,,,,,,,,2.2,,,2705.57,,67.25,,,,,24.22,,0.28,,,,1.1374,19.413,3.6887,1.3066,,,,,
2018-10-26,,,,,,,,,2.2,,,2658.69,,67.58,,,,,24.16,,0.27,,,,1.1388,19.439,3.6695,1.31,,,,,
2018-10-27,,,,216000.0,,,,,2.2,,,,,,1615000.0,,,,,,,,,,,,,,,,,,
2018-10-28,,,,,,,,,2.2,,,,,,,,,,,,,,,,,,,,,,,,
2018-10-29,,,,,,,,,2.2,,,2641.25,2.811,67.0,,,,,24.7,,0.27,,,,1.139,19.761,3.667,1.3129,,,,,
2018-10-30,,,,,,,,,2.2,,,2682.63,,66.18,,,,,23.35,,0.28,,,,1.1364,19.9865,3.7156,1.3133,,,,,
2018-10-31,,,,,,,,,2.2,,,2711.74,,65.31,,,,,21.23,,0.28,,,,1.1332,20.255,3.7129,1.3129,,,,,
2018-11-01,149617.0,3.8,27.44,,97.5,2.8,252.594,12741.0,2.2,,62.9,2740.37,,63.67,,2993.8,41.9,101.3758,19.34,3.02,0.3,202.3,438612.0,4.0,1.1396,20.1325,3.699,1.3108,102.5451,,6.5,2.0,5.7
2018-11-02,,,,,,,,,2.19,,,2723.06,,63.12,,,,,19.51,,0.31,,,,1.1378,20.045,3.6965,1.3108,,,,,
2018-11-03,,,,218000.0,,,,,2.19,,,,,,1642000.0,,,,,,,,,,,,,,,,,,
2018-11-04,,,,,,,,,2.19,,,,,,,,,,,,,,,,,,,,,,,,
2018-11-05,,,,,,,,,2.2,,,2738.31,2.753,63.12,,,,,19.96,,0.29,,,,1.1394,19.978,3.7155,1.3098,,,,,
2018-11-06,,,,,,,,,2.2,,,2755.45,,62.16,,,,,19.91,,0.29,,,,1.1412,19.856,3.7509,1.3132,,,,,
2018-11-07,,,,,,,,,2.2,,,2813.89,,61.69,,,,,16.36,,0.26,,,,1.1459,19.8,3.7595,1.3108,,,,,
2018-11-08,,,,,,,,,2.2,,,2806.83,,60.71,,,,,16.72,,0.26,,,,1.1416,20.045,3.7563,1.3115,,,,,
2018-11-09,,,,,,,,,2.19,,,2781.01,,60.19,,,,,17.36,,0.25,,,,1.1325,20.3795,3.751,1.323,,,,,
2018-11-10,,,,221000.0,,,,,2.19,,,,,,1665000.0,,,,,,,,,,,,,,,,,,
2018-11-11,,,,,,,,,2.19,,,,,,,,,,,,,,,,,,,,,,,,
2018-11-12,,,,,,,,,2.19,,,2726.22,2.686,59.85,,,,,20.45,,,,,,,,,,,,,,
2018-11-13,,,,,,,,,2.2,,,2722.18,,55.63,,,,,20.02,,0.25,,,,1.1288,20.45,3.7983,1.3223,,,,,
2018-11-14,,,,,,,,,2.2,,,2701.58,,56.16,,,,,21.25,,0.26,,,,1.1312,20.3565,3.7831,1.3237,,,,,
2018-11-15,,,,,,,,,2.2,,,2730.2,,56.45,,,,,19.98,,0.25,,,,1.1324,20.3135,3.784,1.3193,,,,,
2018-11-16,,,,,,,,,2.2,,,2736.27,,56.49,,,,,18.14,,0.27,,,,1.1402,20.177,3.7424,1.3174,,,,,
2018-11-17,,,,225000.0,,,,,2.2,,,,,,1749000.0,,,,,,,,,,,,,,,,,,
2018-11-18,,,,,,,,,2.2,,,,,,,,,,,,,,,,,,,,,,,,
2018-11-19,,,,,,,,,2.2,,,2690.73,2.611,57.16,,,,,20.1,,0.27,,,,1.1448,20.3795,3.7671,1.3187,,,,,
2018-11-20,,,,,,,,,2.2,,,2641.89,,53.39,,,,,22.48,,0.27,,,,1.1391,20.3625,3.7567,1.3245,,,,,
2018-11-21,,,,,,,,,2.2,,,2649.93,,54.41,,,,,20.8,,0.25,,,,1.1393,20.181,3.779,1.3274,,,,,
2018-11-22,,,,,,,,,2.2,,,,,,,,,,,,,,,,,,,,,,,,
2018-11-23,,,,,,,,,2.2,,,2632.56,,,,,,,21.52,,0.24,,,,1.1332,20.44,3.8205,1.3226,,,,,
2018-11-24,,,,237000.0,,,,,2.2,,,,,,1684000.0,,,,,,,,,,,,,,,,,,
2018-11-25,,,,,,,,,2.2,,,,,,,,,,,,,,,,,,,,,,,,
2018-11-26,,,,,,,,,2.2,,,2673.45,2.539,51.46,,,,,18.9,,0.23,,,,1.1336,20.542,3.879,1.3237,,,,,
2018-11-27,,,,,,,,,2.2,,,2682.17,,51.31,,,,,19.02,,0.23,,,,1.1281,20.4755,3.8919,1.3313,,,,,
2018-11-28,,,,,,,,,2.2,,,2743.79,,50.06,,,,,18.49,,0.25,,,,1.1286,20.4305,3.8766,1.3328,,,,,
2018-11-29,,,,,,,,,2.2,,,2737.76,,51.46,,,,,18.79,,0.22,,,,1.1382,20.255,3.8546,1.3278,,,,,
2018-11-30,,,,,,,,,2.2,,,2760.17,,50.78,,,,,18.07,,0.21,,,,1.1323,20.2975,3.8571,1.3282,,,,,
2018-12-01,149809.0,3.9,27.56,232000.0,98.3,2.7,252.767,12761.0,2.2,,63.0,,,,1694000.0,2979.3,42.1,101.2088,,2.86,,201.0,428932.0,3.9,,,,,103.7049,,6.5,2.0,5.6
2018-12-02,,,,,,,,,2.2,,,,,,,,,,,,,,,,,,,,,,,,
2018-12-03,,,,,,,,,2.19,,,2790.37,2.451,52.98,,,,,16.44,,0.15,,,,1.1356,20.2365,3.8353,1.319,,,,,
2018-12-04,,,,,,,,,2.2,,,2700.06,,53.21,,,,,20.74,,0.11,,,,1.1345,20.496,3.8368,1.3202,,,,,
2018-12-05,,,,,,,,,2.2,,,,,52.64,,,,,,,,,,,,,,,,,,,
2018-12-06,,,,,,,,,2.2,,,2695.95,,51.54,,,,,21.19,,0.12,,,,1.1374,20.422,3.9027,1.3417,,,,,
2018-12-07,,,,,,,,,2.19,,,2633.08,,52.76,,,,,23.23,,0.13,,,,1.139,20.285,3.8768,1.3302,,,,,
2018-12-08,,,,208000.0,,,,,2.19,,,,,,1745000.0,,,,,,,,,,,,,,,,,,
2018-12-09,,,,,,,,,2.19,,,,,,,,,,,,,,,,,,,,,,,,
2018-12-10,,,,,,,,,2.2,,,2637.72,2.421,51.07,,,,,22.64,,0.13,,,,1.1368,20.3783,3.9298,1.3385,,,,,
2018-12-11,,,,,,,,,2.19,,,2636.78,,51.65,,,,,21.76,,0.11,,,,1.1314,20.2885,3.9165,1.3408,,,,,
2018-12-12,,,,,,,,,2.19,,,2651.07,,51.04,,,,,21.46,,0.14,,,,1.1362,20.1345,3.849,1.3336,,,,,
2018-12-13,,,,,,,,,2.19,,,2650.54,,52.69,,,,,20.65,,0.16,,,,1.1358,20.2545,3.8856,1.3349,,,,,
2018-12-14,,,,,,,,,2.19,,,2599.95,,51.26,,,,,21.63,,0.16,,,,1.13,20.2955,3.897,1.3387,,,,,
2018-12-15,,,,217000.0,,,,,2.19,,,,,,1756000.0,,,,,,,,,,,,,,,,,,
2018-12-16,,,,,,,,,2.19,,,,,,,,,,,,,,,,,,,,,,,,
2018-12-17,,,,,,,,,2.2,,,2545.94,2.369,49.8,,,,,24.52,,0.16,,,,1.1339,20.1165,3.8922,1.339,,,,,
2018-12-18,,,,,,,,,2.2,,,2546.16,,46.12,,,,,25.58,,0.17,,,,1.1364,20.1255,3.9072,1.3466,,,,,
2018-12-19,,,,,,,,,2.2,,,2506.96,,47.96,,,,,25.58,,0.14,,,,1.1422,20.026,3.8737,1.3434,,,,,
2018-12-20,,,,,,,,,2.4,,,2467.42,,45.64,,,,,28.38,,0.12,,,,1.1432,19.9275,3.85,1.3515,,,,,
2018-12-21,,,,,,,,,2.4,,,2416.62,,45.38,,,,,30.11,,0.16,,,,1.1402,19.9275,3.8815,1.357,,,,,
2018-12-22,,,,228000.0,,,,,2.4,,,,,,1770000.0,,,,,,,,,,,,,,,,,,
2018-12-23,,,,,,,,,2.4,,,,,,,,,,,,,,,,,,,,,,,,
2018-12-24,,,,,,,,,2.4,,,2351.1,2.321,,,,,,36.07,,0.19,,,,,,,,,,,,
2018-12-25,,,,,,,,,2.4,,,,,,,,,,,,,,,,,,,,,,,,
2018-12-26,,,,,,,,,2.4,,,2467.7,,46.04,,,,,30.41,,0.2,,,,1.1408,19.8836,3.9253,1.3576,,,,,
2018-12-27,,,,,,,,,2.4,,,2488.83,,44.48,,,,,29.96,,0.21,,,,1.1412,19.663,3.8895,1.365,,,,,
2018-12-28,,,,,,,,,2.4,,,2485.74,,45.15,,,,,28.34,,0.2,,,,1.1445,19.6535,3.8711,1.3629,,,,,
2018-12-29,,,,238000.0,,,,,2.4,,,,,,1783000.0,,,,,,,,,,,,,,,,,,
2018-12-30,,,,,,,,,2.4,,,,,,,,,,,,,,,,,,,,,,,,
2018-12-31,,,,,,,,,2.4,,,2506.85,2.266,,,,,,25.42,,0.21,,,,1.1456,19.635,3.8804,1.3644,,,,,
2019-01-01,150060.0,4.0,27.59,,91.2,2.7,252.561,12790.0,2.4,102.34,63.1,,,,,2953.4,42.0,101.0089,,2.72,,199.1,430246.0,4.0,,,,,103.4149,,6.5,2.0,5.7
2019-01-02,,,,,,,,,2.4,,,2510.03,,46.31,,,,,23.22,,0.16,,,,1.1357,19.6065,3.8123,1.3591,,,,,
2019-01-03,,,,,,,,,2.4,,,2447.89,,46.92,,,,,25.45,,0.17,,,,1.1399,19.6095,3.7429,1.3484,,,,,
2019-01-04,,,,,,,,,2.4,,,2531.94,,47.76,,,,,21.38,,0.17,,,,1.141,19.44,3.7149,1.3399,,,,,
2019-01-05,,,,225000.0,,,,,2.4,,,,,,1766000.0,,,,,,,,,,,,,,,,,,
2019-01-06,,,,,,,,,2.4,,,,,,,,,,,,,,,,,,,,,,,,
2019-01-07,,,,,,,,,2.4,,,2549.69,2.237,48.27,,,,,21.4,,0.17,,,,1.1468,19.314,3.71,1.3297,,,,,
2019-01-08,,,,,,,,,2.4,,,2574.41,,49.58,,,,,20.47,,0.15,,,,1.1444,19.355,3.7204,1.3307,,,,,
2019-01-09,,,,,,,,,2.4,,,2584.96,,52.19,,,,,19.98,,0.18,,,,1.1524,19.231,3.6832,1.3212,,,,,
2019-01-10,,,,,,,,,2.4,,,2596.64,,52.42,,,,,19.5,,0.18,,,,1.1517,19.16,3.6915,1.3232,,,,,
2019-01-11,,,,,,,,,2.4,,,2596.26,,51.44,,,,,18.19,,0.16,,,,1.1479,19.12,3.7073,1.3256,,,,,
2019-01-12,,,,218000.0,,,,,2.4,,,,,,1780000.0,,,,,,,,,,,,,,,,,,
2019-01-13,,,,,,,,,2.4,,,,,,,,,,,,,,,,,,,,,,,,
2019-01-14,,,,,,,,,2.4,,,2582.61,2.247,50.31,,,,,19.07,,0.18,,,,,,,,,,,,
2019-01-15,,,,,,,,,2.4,,,2610.3,,51.8,,,,,18.6,,0.19,,,,1.1392,19.0555,3.7162,1.3272,,,,,
2019-01-16,,,,,,,,,2.4,,,2616.1,,52.08,,,,,19.04,,0.18,,,,1.1408,18.97,3.7284,1.3243,,,,,
2019-01-17,,,,,,,,,2.4,,,2635.96,,51.83,,,,,18.06,,0.19,,,,1.1386,19.0535,3.7561,1.3296,,,,,
2019-01-18,,,,,,,,,2.4,,,2670.71,,53.6,,,,,17.8,,0.17,,,,1.1362,19.113,3.7658,1.3262,,,,,
2019-01-19,,,,214000.0,,,,,2.4,,,,,,1813000.0,,,,,,,,,,,,,,,,,,
2019-01-20,,,,,,,,,2.4,,,,,,,,,,,,,,,,,,,,,,,,
2019-01-21,,,,,,,,,2.4,,,,2.251,,,,,,,,,,,,,,,,,,,,
2019-01-22,,,,,,,,,2.4,,,2632.9,,52.59,,,,,20.8,,0.16,,,,1.1359,19.1375,3.7811,1.3333,,,,,
2019-01-23,,,,,,,,,2.4,,,2638.7,,52.44,,,,,19.52,,0.18,,,,1.139,19.087,3.7987,1.3362,,,,,
2019-01-24,,,,,,,,,2.4,,,2642.33,,52.94,,,,,18.89,,0.16,,,,1.1322,18.986,3.7486,1.3342,,,,,
2019-01-25,,,,,,,,,2.4,,,2664.76,,53.53,,,,,17.42,,0.16,,,,1.1407,18.9275,3.77,1.3259,,,,,
2019-01-26,,,,234000.0,,,,,2.4,,,,,,1759000.0,,,,,,,,,,,,,,,,,,
2019-01-27,,,,,,,,,2.4,,,,,,,,,,,,,,,,,,,,,,,,
2019-01-28,,,,,,,,,2.4,,,2643.85,2.256,51.79,,,,,18.87,,0.15,,,,1.1438,19.0405,3.7628,1.3269,,,,,
2019-01-29,,,,,,,,,2.4,,,2640.0,,53.07,,,,,19.13,,0.16,,,,1.1424,18.985,3.7288,1.3264,,,,,
2019-01-30,,,,,,,,,2.4,,,2681.05,,54.18,,,,,17.66,,0.18,,,,1.1418,19.1635,3.7222,1.3189,,,,,
2019-01-31,,,,,,,,,2.4,,,2704.1,,53.84,,,,,16.57,,0.18,,,,1.1454,19.0525,3.6501,1.314,,,,,
2019-02-01,150067.0,3.8,27.69,,93.8,2.6,253.319,12782.0,2.4,,63.1,2706.53,,55.29,,2940.5,41.7,101.0619,16.14,2.55,0.18,199.2,431194.0,3.8,1.1474,19.1275,3.6552,1.3095,102.8351,,6.5,2.0,5.8
2019-02-02,,,,232000.0,,,,,2.4,,,,,,1806000.0,,,,,,,,,,,,,,,,,,
2019-02-03,,,,,,,,,2.4,,,,,,,,,,,,,,,,,,,,,,,,
2019-02-04,,,,,,,,,2.4,,,2724.87,2.254,54.57,,,,,15.73,,0.2,,,,1.1438,19.0405,3.6676,1.3127,,,,,
2019-02-05,,,,,,,,,2.4,,,2737.7,,53.69,,,,,15.57,,0.18,,,,1.1406,19.083,3.6798,1.3132,,,,,
2019-02-06,,,,,,,,,2.4,,,2731.61,,53.94,,,,,15.38,,0.18,,,,1.138,19.1075,3.7015,1.3192,,,,,
2019-02-07,,,,,,,,,2.4,,,2706.05,,52.68,,,,,16.37,,0.17,,,,1.1357,19.11,3.7232,1.3296,,,,,
2019-02-08,,,,,,,,,2.4,,,2707.88,,52.75,,,,,15.72,,0.18,,,,1.1326,19.106,3.7363,1.3277,,,,,
2019-02-09,,,,226000.0,,,,,2.4,,,,,,1778000.0,,,,,,,,,,,,,,,,,,
2019-02-10,,,,,,,,,2.4,,,,,,,,,,,,,,,,,,,,,,,,
2019-02-11,,,,,,,,,2.4,,,2709.8,2.276,52.43,,,,,15.97,,0.17,,,,1.1277,19.282,3.765,1.3296,,,,,
2019-02-12,,,,,,,,,2.4,,,2744.73,,53.14,,,,,15.43,,0.18,,,,1.1316,19.2455,3.7131,1.3244,,,,,
2019-02-13,,,,,,,,,2.4,,,2753.03,,53.84,,,,,15.65,,0.18,,,,1.1288,19.405,3.7485,1.3222,,,,,
2019-02-14,,,,,,,,,2.4,,,2745.73,,54.4,,,,,16.22,,0.16,,,,1.1284,19.3485,3.7462,1.3307,,,,,
2019-02-15,,,,,,,,,2.4,,,2775.6,,55.58,,,,,14.91,,0.14,,,,1.1268,19.336,3.71,1.3272,,,,,
2019-02-16,,,,211000.0,,,,,2.4,,,,,,1826000.0,,,,,,,,,,,,,,,,,,
2019-02-17,,,,,,,,,2.4,,,,,,,,,,,,,,,,,,,,,,,,
2019-02-18,,,,,,,,,2.4,,,,2.317,,,,,,,,,,,,,,,,,,,,
2019-02-19,,,,,,,,,2.4,,,2779.76,,56.12,,,,,14.88,,0.15,,,,1.1328,19.1855,3.7145,1.3248,,,,,
2019-02-20,,,,,,,,,2.4,,,2784.7,,56.9,,,,,14.02,,0.15,,,,,,,,,,,,
2019-02-21,,,,,,,,,2.4,,,2774.88,,56.95,,,,,14.46,,0.16,,,,1.1338,19.2835,3.7636,1.3192,,,,,
2019-02-22,,,,,,,,,2.4,,,2792.67,,57.01,,,,,13.51,,0.17,,,,1.1342,19.131,3.7376,1.3188,,,,,
2019-02-23,,,,221000.0,,,,,2.4,,,,,,1796000.0,,,,,,,,,,,,,,,,,,
2019-02-24,,,,,,,,,2.4,,,,,,,,,,,,,,,,,,,,,,,,
2019-02-25,,,,,,,,,2.4,,,2796.11,2.39,55.32,,,,,14.85,,0.16,,,,1.1345,19.094,3.7305,1.3183,,,,,
2019-02-26,,,,,,,,,2.4,,,2793.9,,55.4,,,,,15.17,,0.16,,,,1.1374,19.155,3.7604,1.3175,,,,,
2019-02-27,,,,,,,,,2.4,,,2792.38,,56.92,,,,,14.7,,0.19,,,,1.137,19.2095,3.7375,1.3145,,,,,
2019-02-28,,,,,,,,,2.4,,,2784.49,,57.21,,,,,14.78,,0.21,,,,1.1379,19.265,3.7493,1.3166,,,,,
2019-03-01,150295.0,3.8,27.77,,98.4,2.5,254.277,12788.0,2.4,,63.0,2803.69,,55.76,,2935.6,41.7,101.2753,13.57,2.44,0.21,200.8,438196.0,3.8,1.1376,19.3065,3.7852,1.3277,103.8982,,6.5,2.0,5.8
2019-03-02,,,,216000.0,,,,,2.4,,,,,,1807000.0,,,,,,,,,,,,,,,,,,
2019-03-03,,,,,,,,,2.4,,,,,,,,,,,,,,,,,,,,,,,,
2019-03-04,,,,,,,,,2.4,,,2792.81,2.422,56.6,,,,,14.63,,0.17,,,,1.1328,19.3,3.775,1.3329,,,,,
2019-03-05,,,,,,,,,2.4,,,2789.65,,56.55,,,,,14.74,,0.17,,,,1.13,19.275,3.775,1.3352,,,,,
2019-03-06,,,,,,,,,2.4,,,2771.45,,56.22,,,,,15.74,,0.17,,,,1.132,19.3815,3.8152,1.3445,,,,,
2019-03-07,,,,,,,,,2.4,,,2748.93,,56.6,,,,,16.59,,0.17,,,,1.1214,19.5795,3.8836,1.342,,,,,
2019-03-08,,,,,,,,,2.4,,,2743.07,,55.77,,,,,16.05,,0.17,,,,1.1243,19.4835,3.8639,1.3426,,,,,
2019-03-09,,,,218000.0,,,,,2.4,,,,,,1792000.0,,,,,,,,,,,,,,,,,,
2019-03-10,,,,,,,,,2.4,,,,,,,,,,,,,,,,,,,,,,,,
2019-03-11,,,,,,,,,2.4,,,2783.3,2.471,56.79,,,,,14.33,,0.17,,,,1.1226,19.4275,3.8435,1.3418,,,,,
2019-03-12,,,,,,,,,2.4,,,2791.52,,56.89,,,,,13.77,,0.16,,,,1.1276,19.3005,3.809,1.338,,,,,
2019-03-13,,,,,,,,,2.4,,,2810.92,,58.27,,,,,13.41,,0.16,,,,1.131,19.335,3.8249,1.3318,,,,,
2019-03-14,,,,,,,,,2.4,,,2808.48,,58.59,,,,,13.5,,0.17,,,,1.1304,19.3,3.834,1.3316,,,,,
2019-03-15,,,,,,,,,2.4,,,2822.48,,58.51,,,,,12.88,,0.16,,,,1.1326,19.215,3.814,1.3337,,,,,
2019-03-16,,,,212000.0,,,,,2.4,,,,,,1800000.0,,,,,,,,,,,,,,,,,,
2019-03-17,,,,,,,,,2.4,,,,,,,,,,,,,,,,,,,,,,,,
2019-03-18,,,,,,,,,2.4,,,2832.94,2.548,59.09,,,,,13.1,,0.15,,,,1.1337,19.113,3.8097,1.3342,,,,,
2019-03-19,,,,,,,,,2.4,,,2832.57,,59.12,,,,,13.56,,0.15,,,,1.1346,18.9925,3.767,1.3294,,,,,
2019-03-20,,,,,,,,,2.41,,,2824.23,,60.12,,,,,13.91,,0.14,,,,1.1352,18.895,3.7856,1.3327,,,,,
2019-03-21,,,,,,,,,2.41,,,2854.88,,59.98,,,,,13.63,,0.13,,,,1.1361,18.855,3.8176,1.3369,,,,,
2019-03-22,,,,,,,,,2.41,,,2800.71,,58.87,,,,,16.48,,0.13,,,,1.1282,19.164,3.8942,1.3406,,,,,
2019-03-23,,,,210000.0,,,,,2.41,,,,,,1760000.0,,,,,,,,,,,,,,,,,,
2019-03-24,,,,,,,,,2.41,,,,,,,,,,,,,,,,,,,,,,,,
2019-03-25,,,,,,,,,2.4,,,2798.36,2.623,58.71,,,,,16.33,,0.17,,,,1.1324,18.995,3.864,1.3418,,,,,
2019-03-26,,,,,,,,,2.4,,,2818.46,,59.87,,,,,14.68,,0.17,,,,1.128,19.1035,3.876,1.3389,,,,,
2019-03-27,,,,,,,,,2.41,,,2805.37,,59.39,,,,,15.15,,0.17,,,,1.125,19.342,3.9602,1.3434,,,,,
2019-03-28,,,,,,,,,2.41,,,2815.44,,59.29,,,,,14.43,,0.16,,,,1.1236,19.3665,3.9689,1.3424,,,,,
2019-03-29,,,,,,,,,2.43,,,2834.4,,60.19,,,,,13.71,,0.14,,,,1.1228,19.398,3.8892,1.336,,,,,
2019-03-30,,,,203000.0,,,,,2.43,,,,,,1742000.0,,,,,,,,,,,,,,,,,,
2019-03-31,,,,,,,,,2.43,,,,,,,,,,,,,,,,,,,,,,,,
2019-04-01,150591.0,3.7,27.79,,97.2,2.5,255.233,12785.0,2.41,102.971,62.8,2867.19,2.691,61.59,,2953.8,41.6,101.4318,13.4,2.28,0.16,202.1,437735.0,3.8,1.121,19.214,3.8699,1.3344,102.4485,,6.5,2.0,5.7
2019-04-02,,,,,,,,,2.41,,,2867.24,,62.53,,,,,13.36,,0.18,,,,1.1186,19.2245,3.8647,1.3357,,,,,
2019-04-03,,,,,,,,,2.41,,,2873.4,,62.46,,,,,13.74,,0.19,,,,1.1242,19.1685,3.8437,1.3315,,,,,
2019-04-04,,,,,,,,,2.41,,,2879.39,,62.12,,,,,13.58,,0.18,,,,1.1216,19.1775,3.8703,1.3357,,,,,
2019-04-05,,,,,,,,,2.41,,,2892.74,,63.1,,,,,12.82,,0.15,,,,1.1217,19.0735,3.8627,1.3387,,,,,
2019-04-06,,,,196000.0,,,,,2.41,,,,,,1680000.0,,,,,,,,,,,,,,,,,,
2019-04-07,,,,,,,,,2.41,,,,,,,,,,,,,,,,,,,,,,,,
2019-04-08,,,,,,,,,2.41,,,2895.77,2.745,64.37,,,,,13.18,,0.16,,,,1.1262,18.9615,3.8569,1.3316,,,,,
2019-04-09,,,,,,,,,2.41,,,2878.2,,64.05,,,,,14.28,,0.16,,,,1.1278,18.905,3.8531,1.332,,,,,
2019-04-10,,,,,,,,,2.41,,,2888.21,,64.62,,,,,13.3,,0.17,,,,1.1266,18.8285,3.8269,1.3322,,,,,
2019-04-11,,,,,,,,,2.41,,,2888.32,,63.61,,,,,13.02,,0.16,,,,1.1262,18.8525,3.8509,1.3379,,,,,
2019-04-12,,,,,,,,,2.41,,,2907.41,,63.86,,,,,12.01,,0.16,,,,1.1304,18.7555,3.8711,1.3332,,,,,
2019-04-13,,,,197000.0,,,,,2.41,,,,,,1664000.0,,,,,,,,,,,,,,,,,,
2019-04-14,,,,,,,,,2.41,,,,,,,,,,,,,,,,,,,,,,,,
2019-04-15,,,,,,,,,2.41,,,2905.58,2.828,63.43,,,,,12.32,,0.15,,,,1.1304,18.861,3.8717,1.3372,,,,,
2019-04-16,,,,,,,,,2.41,,,2907.06,,64.01,,,,,12.18,,0.19,,,,1.1293,18.962,3.8972,1.335,,,,,
2019-04-17,,,,,,,,,2.42,,,2900.45,,63.74,,,,,12.6,,0.19,,,,1.1297,18.8405,3.9381,1.3345,,,,,
2019-04-18,,,,,,,,,2.43,,,2905.03,,64.02,,,,,12.09,,0.19,,,,1.1241,18.758,3.9302,1.3372,,,,,
2019-04-19,,,,,,,,,2.44,,,,,,,,,,,,,,,,1.1246,18.7705,3.9311,1.3386,,,,,
2019-04-20,,,,222000.0,,,,,2.44,,,,,,1659000.0,,,,,,,,,,,,,,,,,,
2019-04-21,,,,,,,,,2.44,,,,,,,,,,,,,,,,,,,,,,,,
2019-04-22,,,,,,,,,2.44,,,2907.97,2.841,65.66,,,,,12.42,,0.21,,,,1.1258,18.837,3.9281,1.3352,,,,,
2019-04-23,,,,,,,,,2.44,,,2933.68,,66.24,,,,,12.28,,0.21,,,,1.1213,18.949,3.9418,1.342,,,,,
2019-04-24,,,,,,,,,2.44,,,2927.25,,65.96,,,,,13.14,,0.21,,,,1.1192,19.01,3.9758,1.3465,,,,,
2019-04-25,,,,,,,,,2.44,,,2926.17,,65.23,,,,,13.25,,0.21,,,,1.114,19.0965,3.9635,1.3494,,,,,
2019-04-26,,,,,,,,,2.44,,,2939.88,,63.29,,,,,12.73,,0.23,,,,1.1154,18.951,3.9227,1.3459,,,,,
2019-04-27,,,,224000.0,,,,,2.44,,,,,,1663000.0,,,,,,,,,,,,,,,,,,
2019-04-28,,,,,,,,,2.44,,,,,,,,,,,,,,,,,,,,,,,,
2019-04-29,,,,,,,,,2.45,,,2943.03,2.887,63.39,,,,,13.11,,0.24,,,,1.1166,19.0185,3.9362,1.3448,,,,,
2019-04-30,,,,,,,,,2.45,,,2945.83,,63.83,,,,,13.12,,0.24,,,,1.1201,18.9945,3.9367,1.3427,,,,,
2019-05-01,150618.0,3.6,27.88,,100.0,2.9,255.296,12778.0,2.45,,62.9,2923.73,,63.55,,2960.3,41.6,101.5178,14.8,2.24,0.21,201.7,442514.0,3.9,1.1246,18.8515,3.9195,1.3417,102.8351,,6.5,2.0,5.5
2019-05-02,,,,,,,,,2.41,,,2917.52,,61.75,,,,,14.42,,0.2,,,,1.1184,19.126,3.9644,1.3468,,,,,
2019-05-03,,,,,,,,,2.4,,,2945.64,,61.98,,,,,12.87,,0.21,,,,1.1186,18.982,3.9366,1.3425,,,,,
2019-05-04,,,,225000.0,,,,,2.4,,,,,,1627000.0,,,,,,,,,,,,,,,,,,
2019-05-05,,,,,,,,,2.4,,,,,,,,,,,,,,,,,,,,,,,,
2019-05-06,,,,,,,,,2.4,,,2932.47,2.897,62.3,,,,,15.44,,0.2,,,,1.1197,18.9775,3.9534,1.3446,,,,,
2019-05-07,,,,,,,,,2.4,,,2884.05,,61.41,,,,,19.32,,0.17,,,,1.1178,19.0425,3.9847,1.3472,,,,,
2019-05-08,,,,,,,,,2.39,,,2879.42,,62.13,,,,,19.4,,0.19,,,,1.1206,19.07,3.929,1.3458,,,,,
2019-05-09,,,,,,,,,2.38,,,2870.72,,61.58,,,,,19.1,,0.19,,,,1.1228,19.274,3.9646,1.349,,,,,
2019-05-10,,,,,,,,,2.38,,,2881.4,,61.65,,,,,16.04,,0.21,,,,1.1241,19.1385,3.9614,1.3428,,,,,
2019-05-11,,,,212000.0,,,,,2.38,,,,,,1635000.0,,,,,,,,,,,,,,,,,,
2019-05-12,,,,,,,,,2.38,,,,,,,,,,,,,,,,,,,,,,,,
2019-05-13,,,,,,,,,2.38,,,2811.87,2.866,60.97,,,,,20.55,,0.22,,,,1.1232,19.1955,3.9778,1.3467,,,,,
2019-05-14,,,,,,,,,2.38,,,2834.41,,61.82,,,,,18.06,,0.22,,,,1.1207,19.1455,3.9737,1.3466,,,,,
2019-05-15,,,,,,,,,2.4,,,2850.96,,62.03,,,,,16.44,,0.21,,,,1.1208,19.061,3.9845,1.3432,,,,,
2019-05-16,,,,,,,,,2.39,,,2876.32,,62.93,,,,,15.29,,0.2,,,,1.1178,19.073,4.0061,1.3433,,,,,
2019-05-17,,,,,,,,,2.39,,,2859.53,,62.77,,,,,15.96,,0.19,,,,1.1166,19.1665,4.0909,1.3477,,,,,
2019-05-18,,,,215000.0,,,,,2.39,,,,,,1621000.0,,,,,,,,,,,,,,,,,,
2019-05-19,,,,,,,,,2.39,,,,,,,,,,,,,,,,,,,,,,,,
2019-05-20,,,,,,,,,2.39,,,2840.23,2.852,63.12,,,,,16.31,,0.2,,,,1.117,19.1,4.1133,1.3432,,,,,
2019-05-21,,,,,,,,,2.39,,,2864.36,,63.02,,,,,14.95,,0.17,,,,1.1158,19.036,4.0678,1.3425,,,,,
2019-05-22,,,,,,,,,2.38,,,2856.27,,61.42,,,,,14.75,,0.16,,,,1.1156,18.983,4.0245,1.3417,,,,,
2019-05-23,,,,,,,,,2.38,,,2822.24,,57.65,,,,,16.92,,0.19,,,,1.1172,19.017,4.0329,1.3471,,,,,
2019-05-24,,,,,,,,,2.38,,,2826.06,,58.4,,,,,15.85,,0.16,,,,1.1197,19.062,4.0251,1.3454,,,,,
2019-05-25,,,,222000.0,,,,,2.38,,,,,,1629000.0,,,,,,,,,,,,,,,,,,
2019-05-26,,,,,,,,,2.38,,,,,,,,,,,,,,,,,,,,,,,,
2019-05-27,,,,,,,,,2.38,,,,2.822,,,,,,,,,,,,,,,,,,,,
2019-05-28,,,,,,,,,2.39,,,2802.39,,58.91,,,,,17.5,,0.14,,,,1.1177,19.1735,4.0215,1.3473,,,,,
2019-05-29,,,,,,,,,2.39,,,2783.02,,58.84,,,,,17.9,,0.16,,,,1.1136,19.225,3.9937,1.3533,,,,,
2019-05-30,,,,,,,,,2.39,,,2788.86,,56.47,,,,,17.3,,0.16,,,,1.114,19.0895,3.9658,1.3508,,,,,
2019-05-31,,,,,,,,,2.4,,,2752.06,,53.49,,,,,18.71,,0.19,,,,1.1149,19.652,3.9216,1.3523,,,,,
2019-06-01,150838.0,3.6,27.97,223000.0,98.2,2.7,255.213,12787.0,2.4,,63.0,,,,1631000.0,2964.6,41.7,101.426,,2.08,,200.3,442116.0,3.9,,,,,101.5786,,6.5,2.0,5.6
2019-06-02,,,,,,,,,2.4,,,,,,,,,,,,,,,,,,,,,,,,
2019-06-03,,,,,,,,,2.38,,,2744.45,2.807,53.25,,,,,18.86,,0.25,,,,1.1206,19.768,3.8918,1.3471,,,,,
2019-06-04,,,,,,,,,2.38,,,2803.27,,53.5,,,,,16.97,,0.24,,,,1.1236,19.556,3.8593,1.3417,,,,,
2019-06-05,,,,,,,,,2.38,,,2826.15,,51.57,,,,,16.09,,0.29,,,,1.1242,19.551,3.8655,1.3409,,,,,
2019-06-06,,,,,,,,,2.37,,,2843.49,,52.59,,,,,15.93,,0.24,,,,1.1294,19.7198,3.874,1.3374,,,,,
2019-06-07,,,,,,,,,2.37,,,2873.34,,53.95,,,,,16.3,,0.24,,,,1.1324,19.6675,3.8616,1.3287,,,,,
2019-06-08,,,,226000.0,,,,,2.37,,,,,,1608000.0,,,,,,,,,,,,,,,,,,
2019-06-09,,,,,,,,,2.37,,,,,,,,,,,,,,,,,,,,,,,,
2019-06-10,,,,,,,,,2.37,,,2886.73,2.732,53.33,,,,,15.94,,0.25,,,,1.1311,19.181,3.8708,1.3259,,,,,
2019-06-11,,,,,,,,,2.37,,,2885.72,,53.3,,,,,15.99,,0.22,,,,1.1316,19.1315,3.8593,1.3291,,,,,
2019-06-12,,,,,,,,,2.37,,,2879.84,,51.13,,,,,15.91,,0.25,,,,1.131,19.153,3.836,1.3298,,,,,
2019-06-13,,,,,,,,,2.37,,,2891.64,,52.38,,,,,15.82,,0.27,,,,1.1275,19.176,3.8456,1.333,,,,,
2019-06-14,,,,,,,,,2.36,,,2886.98,,52.47,,,,,15.28,,0.25,,,,1.1217,19.13,3.8936,1.3382,,,,,
2019-06-15,,,,217000.0,,,,,2.36,,,,,,1634000.0,,,,,,,,,,,,,,,,,,
2019-06-16,,,,,,,,,2.36,,,,,,,,,,,,,,,,,,,,,,,,
2019-06-17,,,,,,,,,2.38,,,2889.67,2.67,51.94,,,,,15.35,,0.23,,,,1.1235,19.171,3.8858,1.3398,,,,,
2019-06-18,,,,,,,,,2.37,,,2917.75,,53.86,,,,,15.15,,0.2,,,,1.1196,19.1185,3.8549,1.3396,,,,,
2019-06-19,,,,,,,,,2.37,,,2926.46,,53.74,,,,,14.33,,0.29,,,,1.1214,19.167,3.8731,1.3362,,,,,
2019-06-20,,,,,,,,,2.37,,,2954.18,,56.88,,,,,14.75,,0.29,,,,1.1284,18.9905,3.8386,1.3208,,,,,
2019-06-21,,,,,,,,,2.38,,,2950.46,,57.35,,,,,15.4,,0.3,,,,1.1328,19.077,3.8212,1.3217,,,,,
2019-06-22,,,,234000.0,,,,,2.38,,,,,,1625000.0,,,,,,,,,,,,,,,,,,
2019-06-23,,,,,,,,,2.38,,,,,,,,,,,,,,,,,,,,,,,,
2019-06-24,,,,,,,,,2.38,,,2945.35,2.654,57.73,,,,,15.26,,0.3,,,,1.1393,19.181,3.8265,1.3196,,,,,
2019-06-25,,,,,,,,,2.38,,,2917.38,,57.63,,,,,16.28,,0.29,,,,1.1386,19.2205,3.8312,1.3164,,,,,
2019-06-26,,,,,,,,,2.38,,,2913.78,,59.17,,,,,16.21,,0.28,,,,1.139,19.125,3.8355,1.3109,,,,,
2019-06-27,,,,,,,,,2.38,,,2924.92,,59.18,,,,,15.82,,0.27,,,,1.1372,19.163,3.8604,1.3115,,,,,
2019-06-28,,,,,,,,,2.4,,,2941.76,,58.2,,,,,15.08,,0.25,,,,1.1374,19.2089,3.829,1.3091,,,,,
2019-06-29,,,,226000.0,,,,,2.4,,,,,,1657000.0,,,,,,,,,,,,,,,,,,
2019-06-30,,,,,,,,,2.4,,,,,,,,,,,,,,,,,,,,,,,,
2019-07-01,150937.0,3.7,28.03,,98.4,2.6,255.802,12790.0,2.39,104.129,63.1,2964.33,2.713,58.91,,2961.6,41.5,101.1991,14.06,1.88,0.25,200.7,445304.0,3.9,1.1307,19.076,3.8217,1.3124,101.192,,6.5,2.0,5.7
2019-07-02,,,,,,,,,2.4,,,2973.01,,56.0,,,,,12.93,,0.21,,,,1.1301,19.079,3.8613,1.3117,,,,,
2019-07-03,,,,,,,,,2.41,,,2995.82,,57.06,,,,,12.57,,0.19,,,,1.1275,19.0435,3.8421,1.307,,,,,
2019-07-04,,,,,,,,,2.41,,,,,,,,,,,,,,,,,,,,,,,,
2019-07-05,,,,,,,,,2.42,,,2990.41,,,,,,,13.28,,0.17,,,,1.1216,19.032,3.8178,1.3108,,,,,
2019-07-06,,,,215000.0,,,,,2.42,,,,,,1633000.0,,,,,,,,,,,,,,,,,,
2019-07-07,,,,,,,,,2.42,,,,,,,,,,,,,,,,,,,,,,,,
2019-07-08,,,,,,,,,2.41,,,2975.95,2.743,57.35,,,,,13.96,,0.17,,,,1.1208,18.904,3.8045,1.3088,,,,,
2019-07-09,,,,,,,,,2.41,,,2979.63,,57.57,,,,,14.09,,0.15,,,,1.121,18.894,3.8045,1.3123,,,,,
2019-07-10,,,,,,,,,2.41,,,2993.07,,60.28,,,,,13.03,,0.25,,,,1.126,19.227,3.7646,1.3099,,,,,
2019-07-11,,,,,,,,,2.4,,,2999.91,,59.93,,,,,12.93,,0.28,,,,1.1261,19.0995,3.7577,1.3071,,,,,
2019-07-12,,,,,,,,,2.38,,,3013.77,,59.99,,,,,12.39,,0.28,,,,1.1254,19.0255,3.7429,1.3042,,,,,
2019-07-13,,,,211000.0,,,,,2.38,,,,,,1634000.0,,,,,,,,,,,,,,,,,,
2019-07-14,,,,,,,,,2.38,,,,,,,,,,,,,,,,,,,,,,,,
2019-07-15,,,,,,,,,2.4,,,3014.3,2.779,59.3,,,,,12.68,,0.26,,,,1.126,18.97,3.749,1.3036,,,,,
2019-07-16,,,,,,,,,2.41,,,3004.04,,57.44,,,,,12.86,,0.26,,,,1.1212,19.0855,3.7607,1.3043,,,,,
2019-07-17,,,,,,,,,2.41,,,2984.42,,56.5,,,,,13.97,,0.23,,,,1.1232,19.009,3.7611,1.3041,,,,,
2019-07-18,,,,,,,,,2.41,,,2995.11,,55.08,,,,,13.53,,0.27,,,,1.1228,19.0,3.7443,1.309,,,,,
2019-07-19,,,,,,,,,2.41,,,2976.61,,55.42,,,,,14.45,,0.25,,,,1.122,19.0145,3.7406,1.3081,,,,,
2019-07-20,,,,202000.0,,,,,2.41,,,,,,1623000.0,,,,,,,,,,,,,,,,,,
2019-07-21,,,,,,,,,2.41,,,,,,,,,,,,,,,,,,,,,,,,
2019-07-22,,,,,,,,,2.4,,,2985.03,2.75,55.87,,,,,13.53,,0.25,,,,1.1214,19.07,3.735,1.3115,,,,,
2019-07-23,,,,,,,,,2.4,,,3005.47,,56.58,,,,,12.61,,0.25,,,,1.1156,19.1318,3.768,1.3138,,,,,
2019-07-24,,,,,,,,,2.4,,,3019.56,,55.9,,,,,12.07,,0.22,,,,1.1141,19.09,3.761,1.3134,,,,,
2019-07-25,,,,,,,,,2.4,,,3003.67,,55.88,,,,,12.74,,0.22,,,,1.1156,19.04,3.788,1.3145,,,,,
2019-07-26,,,,,,,,,2.4,,,3025.86,,56.04,,,,,12.16,,0.22,,,,1.1121,19.069,3.7714,1.3187,,,,,
2019-07-27,,,,206000.0,,,,,2.4,,,,,,1634000.0,,,,,,,,,,,,,,,,,,
2019-07-28,,,,,,,,,2.4,,,,,,,,,,,,,,,,,,,,,,,,
2019-07-29,,,,,,,,,2.4,,,3020.97,2.715,56.85,,,,,12.83,,0.21,,,,1.1142,19.067,3.7873,1.3151,,,,,
2019-07-30,,,,,,,,,2.39,,,3013.18,,58.04,,,,,13.94,,0.21,,,,1.1148,19.075,3.7867,1.3169,,,,,
2019-07-31,,,,,,,,,2.4,,,2980.38,,58.53,,,,,16.12,,0.13,,,,1.113,18.993,3.7571,1.3143,,,,,
2019-08-01,151169.0,3.6,28.14,,89.8,2.7,256.036,12789.0,2.14,,63.1,2953.56,,53.64,,2974.0,41.5,100.9093,17.87,1.75,0.17,199.2,448519.0,3.9,1.1062,19.17,3.8366,1.3202,101.5786,,6.0,2.0,5.7
2019-08-02,,,,,,,,,2.14,,,2932.05,,55.67,,,,,17.61,,0.14,,,,1.1112,19.3115,3.8789,1.3217,,,,,
2019-08-03,,,,208000.0,,,,,2.14,,,,,,1656000.0,,,,,,,,,,,,,,,,,,
2019-08-04,,,,,,,,,2.14,,,,,,,,,,,,,,,,,,,,,,,,
2019-08-05,,,,,,,,,2.13,,,2844.74,2.688,54.63,,,,,24.59,,0.16,,,,1.1197,19.5545,3.9423,1.3196,,,,,
2019-08-06,,,,,,,,,2.13,,,2881.77,,53.6,,,,,20.17,,0.13,,,,1.1196,19.6125,3.974,1.3252,,,,,
2019-08-07,,,,,,,,,2.12,,,2883.98,,51.14,,,,,19.49,,0.12,,,,1.1236,19.6825,3.9863,1.333,,,,,
2019-08-08,,,,,,,,,2.12,,,2938.09,,52.6,,,,,16.91,,0.1,,,,1.121,19.4935,3.9349,1.3241,,,,,
2019-08-09,,,,,,,,,2.12,,,2918.65,,54.41,,,,,17.97,,0.11,,,,1.1222,19.443,3.9385,1.3226,,,,,
2019-08-10,,,,212000.0,,,,,2.12,,,,,,1618000.0,,,,,,,,,,,,,,,,,,
2019-08-11,,,,,,,,,2.12,,,,,,,,,,,,,,,,,,,,,,,,
2019-08-12,,,,,,,,,2.12,,,2883.75,2.624,54.98,,,,,21.09,,0.07,,,,1.1212,19.5525,3.9862,1.3232,,,,,
2019-08-13,,,,,,,,,2.12,,,2926.32,,57.05,,,,,17.52,,0.02,,,,1.1182,19.421,3.9531,1.3221,,,,,
2019-08-14,,,,,,,,,2.12,,,2840.6,,55.16,,,,,22.1,,0.01,,,,1.1144,19.6323,4.0143,1.332,,,,,
2019-08-15,,,,,,,,,2.13,,,2847.6,,54.51,,,,,21.18,,0.04,,,,1.1106,19.6335,4.01,1.3322,,,,,
2019-08-16,,,,,,,,,2.13,,,2888.68,,54.83,,,,,18.47,,0.07,,,,1.1091,19.557,3.9926,1.328,,,,,
2019-08-17,,,,207000.0,,,,,2.13,,,,,,1629000.0,,,,,,,,,,,,,,,,,,
2019-08-18,,,,,,,,,2.13,,,,,,,,,,,,,,,,,,,,,,,,
2019-08-19,,,,,,,,,2.13,,,2923.65,2.598,56.24,,,,,16.88,,0.07,,,,1.1096,19.811,4.0344,1.3306,,,,,
2019-08-20,,,,,,,,,2.13,,,2900.51,,56.18,,,,,17.5,,0.05,,,,1.1092,19.7565,4.0409,1.3331,,,,,
2019-08-21,,,,,,,,,2.12,,,2924.43,,55.65,,,,,15.8,,0.03,,,,1.1098,19.6652,4.0188,1.3275,,,,,
2019-08-22,,,,,,,,,2.12,,,2922.95,,55.33,,,,,16.68,,0.01,,,,1.1089,19.74,4.0558,1.3295,,,,,
2019-08-23,,,,,,,,,2.12,,,2847.11,,54.08,,,,,19.87,,0.01,,,,1.1148,19.8645,4.1114,1.3319,,,,,
2019-08-24,,,,213000.0,,,,,2.12,,,,,,1604000.0,,,,,,,,,,,,,,,,,,
2019-08-25,,,,,,,,,2.12,,,,,,,,,,,,,,,,,,,,,,,,
2019-08-26,,,,,,,,,2.12,,,2878.38,2.574,53.54,,,,,19.32,,0.0,,,,1.1112,19.9175,4.1528,1.3282,,,,,
2019-08-27,,,,,,,,,2.12,,,2869.16,,54.99,,,,,20.31,,-0.04,,,,1.1094,20.0055,4.1813,1.3274,,,,,
2019-08-28,,,,,,,,,2.12,,,2887.94,,55.76,,,,,19.35,,-0.03,,,,1.1084,20.012,4.1553,1.3299,,,,,
2019-08-29,,,,,,,,,2.12,,,2924.58,,56.67,,,,,17.88,,-0.03,,,,1.1059,20.1185,4.1595,1.3299,,,,,
2019-08-30,,,,,,,,,2.13,,,2926.46,,55.07,,,,,18.98,,0.0,,,,1.0989,20.0674,4.1254,1.329,,,,,
2019-08-31,,,,215000.0,,,,,2.13,,,,,,1591000.0,,,,,,,,,,,,,,,,,,
2019-09-01,151365.0,3.5,28.16,,93.2,2.8,256.43,12787.0,2.13,,63.2,,,,,2981.9,41.5,100.9092,,1.86,,198.4,444555.0,3.8,,,,,100.6121,,5.5,2.0,5.6
2019-09-02,,,,,,,,,2.13,,,,2.563,,,,,,,,,,,,,,,,,,,,
2019-09-03,,,,,,,,,2.13,,,2906.27,,53.91,,,,,19.66,,0.0,,,,1.0968,19.992,4.1726,1.3332,,,,,
2019-09-04,,,,,,,,,2.13,,,2937.78,,56.22,,,,,17.33,,0.04,,,,1.1025,19.779,4.114,1.3248,,,,,
2019-09-05,,,,,,,,,2.13,,,2976.0,,56.33,,,,,16.27,,0.02,,,,1.1038,19.6935,4.0908,1.3238,,,,,
2019-09-06,,,,,,,,,2.12,,,2978.71,,56.45,,,,,15.0,,0.02,,,,1.1042,19.5575,4.0643,1.317,,,,,
2019-09-07,,,,207000.0,,,,,2.12,,,,,,1596000.0,,,,,,,,,,,,,,,,,,
2019-09-08,,,,,,,,,2.12,,,,,,,,,,,,,,,,,,,,,,,,
2019-09-09,,,,,,,,,2.13,,,2978.43,2.55,57.88,,,,,15.27,,0.05,,,,1.1056,19.5365,4.0819,1.314,,,,,
2019-09-10,,,,,,,,,2.13,,,2979.39,,57.37,,,,,15.2,,0.05,,,,1.1042,19.5005,4.101,1.3141,,,,,
2019-09-11,,,,,,,,,2.13,,,3000.93,,55.66,,,,,14.61,,0.07,,,,1.1001,19.55,4.0592,1.3199,,,,,
2019-09-12,,,,,,,,,2.13,,,3009.57,,55.13,,,,,14.22,,0.07,,,,1.1074,19.421,4.0606,1.3209,,,,,
2019-09-13,,,,,,,,,2.14,,,3007.39,,54.76,,,,,13.74,,0.11,,,,1.1074,19.3555,4.061,1.3268,,,,,
2019-09-14,,,,205000.0,,,,,2.14,,,,,,1567000.0,,,,,,,,,,,,,,,,,,
2019-09-15,,,,,,,,,2.14,,,,,,,,,,,,,,,,,,,,,,,,
2019-09-16,,,,,,,,,2.25,,,2997.96,2.552,63.1,,,,,14.67,,0.1,,,,1.1006,19.428,4.0831,1.324,,,,,
2019-09-17,,,,,,,,,2.3,,,3005.7,,59.26,,,,,14.44,,0.09,,,,1.1063,19.417,4.097,1.3249,,,,,
2019-09-18,,,,,,,,,2.25,,,3006.73,,58.19,,,,,13.95,,0.03,,,,1.1061,19.348,4.0964,1.3283,,,,,
2019-09-19,,,,,,,,,1.9,,,3006.79,,58.19,,,,,14.05,,0.05,,,,1.1046,19.405,4.1389,1.3258,,,,,
2019-09-20,,,,,,,,,1.9,,,2992.07,,57.92,,,,,15.32,,0.05,,,,1.1004,19.44,4.1698,1.3268,,,,,
2019-09-21,,,,211000.0,,,,,1.9,,,,,,1561000.0,,,,,,,,,,,,,,,,,,
2019-09-22,,,,,,,,,1.9,,,,,,,,,,,,,,,,,,,,,,,,
2019-09-23,,,,,,,,,1.9,,,2991.78,2.654,58.69,,,,,14.91,,0.04,,,,1.0991,19.442,4.1771,1.3271,,,,,
2019-09-24,,,,,,,,,1.9,,,2966.6,,57.22,,,,,17.05,,0.04,,,,1.0999,19.4485,4.1737,1.3253,,,,,
2019-09-25,,,,,,,,,1.9,,,2984.87,,56.38,,,,,15.96,,0.05,,,,1.0949,19.56,4.1764,1.3279,,,,,
2019-09-26,,,,,,,,,1.85,,,2977.62,,56.24,,,,,16.07,,0.04,,,,1.0938,19.6435,4.1517,1.3271,,,,,
2019-09-27,,,,,,,,,1.83,,,2961.79,,55.95,,,,,17.22,,0.06,,,,1.0942,19.681,4.1576,1.325,,,,,
2019-09-28,,,,215000.0,,,,,1.83,,,,,,1600000.0,,,,,,,,,,,,,,,,,,
2019-09-29,,,,,,,,,1.83,,,,,,,,,,,,,,,,,,,,,,,,
2019-09-30,,,,,,,,,1.9,,,2976.74,2.642,54.09,,,,,16.24,,0.05,,,,1.0905,19.742,4.1629,1.3243,,,,,
2019-10-01,151460.0,3.6,28.24,,95.5,2.5,257.155,12733.0,1.88,105.103,63.3,2940.25,,53.6,,2963.4,41.4,101.1078,18.56,2.09,0.09,198.6,445627.0,3.8,1.0932,19.7755,4.1624,1.3235,100.0322,,5.0,2.0,5.6
2019-10-02,,,,,,,,,1.85,,,2887.61,,52.67,,,,,20.56,,0.12,,,,1.0951,19.776,4.1434,1.3313,,,,,
2019-10-03,,,,,,,,,1.83,,,2910.63,,52.41,,,,,19.12,,0.15,,,,1.0991,19.6985,4.0876,1.3323,,,,,
2019-10-04,,,,,,,,,1.82,,,2952.01,,52.84,,,,,17.04,,0.12,,,,1.0974,19.5385,4.0601,1.3332,,,,,
2019-10-05,,,,209000.0,,,,,1.82,,,,,,1602000.0,,,,,,,,,,,,,,,,,,
2019-10-06,,,,,,,,,1.82,,,,,,,,,,,,,,,,,,,,,,,,
2019-10-07,,,,,,,,,1.82,,,2938.79,2.645,52.76,,,,,17.86,,0.1,,,,1.0984,19.55,4.0831,1.3305,,,,,
2019-10-08,,,,,,,,,1.82,,,2893.06,,52.64,,,,,20.28,,0.12,,,,1.0949,19.582,4.0846,1.3332,,,,,
2019-10-09,,,,,,,,,1.82,,,2919.4,,52.63,,,,,18.64,,0.12,,,,1.0978,19.575,4.1043,1.3327,,,,,
2019-10-10,,,,,,,,,1.82,,,2938.13,,53.57,,,,,17.57,,0.14,,,,1.1018,19.4575,4.1075,1.3274,,,,,
2019-10-11,,,,,,,,,1.82,,,2970.27,,54.76,,,,,15.58,,0.13,,,,1.1039,19.3316,4.0945,1.3181,,,,,
2019-10-12,,,,215000.0,,,,,1.82,,,,,,1611000.0,,,,,,,,,,,,,,,,,,
2019-10-13,,,,,,,,,1.82,,,,,,,,,,,,,,,,,,,,,,,,
2019-10-14,,,,,,,,,1.82,,,2966.15,2.629,53.57,,,,,14.57,,,,,,,,,,,,,,
2019-10-15,,,,,,,,,1.9,,,2995.68,,52.81,,,,,13.54,,0.16,,,,1.1036,19.248,4.1506,1.3199,,,,,
2019-10-16,,,,,,,,,1.9,,,2989.69,,53.42,,,,,13.68,,0.17,,,,1.1075,19.199,4.161,1.3191,,,,,
2019-10-17,,,,,,,,,1.85,,,2997.95,,53.89,,,,,13.79,,0.16,,,,1.1129,19.155,4.16,1.3136,,,,,
2019-10-18,,,,,,,,,1.85,,,2986.2,,53.75,,,,,14.25,,0.18,,,,1.1155,19.141,4.1312,1.3134,,,,,
2019-10-19,,,,210000.0,,,,,1.85,,,,,,1628000.0,,,,,,,,,,,,,,,,,,
2019-10-20,,,,,,,,,1.85,,,,,,,,,,,,,,,,,,,,,,,,
2019-10-21,,,,,,,,,1.85,,,3006.72,2.638,53.28,,,,,14.0,,0.18,,,,1.1145,19.146,4.136,1.31,,,,,
2019-10-22,,,,,,,,,1.85,,,2995.99,,54.21,,,,,14.46,,0.18,,,,1.1138,19.1,4.0713,1.3086,,,,,
2019-10-23,,,,,,,,,1.85,,,3004.52,,55.9,,,,,14.01,,0.19,,,,1.1118,19.113,4.0674,1.3089,,,,,
2019-10-24,,,,,,,,,1.85,,,3010.29,,56.11,,,,,13.71,,0.19,,,,1.1098,19.101,4.01,1.3078,,,,,
2019-10-25,,,,,,,,,1.83,,,3022.55,,56.52,,,,,12.65,,0.17,,,,1.1081,19.049,4.0018,1.3064,,,,,
2019-10-26,,,,215000.0,,,,,1.83,,,,,,1633000.0,,,,,,,,,,,,,,,,,,
2019-10-27,,,,,,,,,1.83,,,,,,,,,,,,,,,,,,,,,,,,
2019-10-28,,,,,,,,,1.83,,,3039.42,2.596,55.6,,,,,13.11,,0.21,,,,1.1094,19.046,3.9769,1.3063,,,,,
2019-10-29,,,,,,,,,1.82,,,3036.89,,55.34,,,,,13.2,,0.2,,,,1.1117,19.101,3.9923,1.3078,,,,,
2019-10-30,,,,,,,,,1.82,,,3046.77,,54.85,,,,,12.33,,0.17,,,,1.1123,19.167,4.017,1.3179,,,,,
2019-10-31,,,,,,,,,1.58,,,3037.56,,54.02,,,,,13.22,,0.17,,,,1.1155,19.174,4.013,1.3144,,,,,
2019-11-01,151667.0,3.6,28.34,,96.8,2.5,257.879,12777.0,1.57,,63.3,3066.91,,56.04,,2951.1,41.4,101.3707,12.3,2.39,0.17,199.0,449040.0,3.7,1.1169,19.099,3.9756,1.3145,100.3222,,5.0,2.0,5.9
2019-11-02,,,,214000.0,,,,,1.57,,,,,,1646000.0,,,,,,,,,,,,,,,,,,
2019-11-03,,,,,,,,,1.57,,,,,,,,,,,,,,,,,,,,,,,,
2019-11-04,,,,,,,,,1.56,,,3078.27,2.605,56.33,,,,,12.83,,0.19,,,,1.1144,19.166,4.0007,1.3145,,,,,
2019-11-05,,,,,,,,,1.56,,,3074.62,,57.04,,,,,13.1,,0.23,,,,1.107,19.219,3.9865,1.3176,,,,,
2019-11-06,,,,,,,,,1.55,,,3076.78,,56.15,,,,,12.62,,0.2,,,,1.1076,19.2,4.0582,1.3187,,,,,
2019-11-07,,,,,,,,,1.55,,,3085.18,,56.91,,,,,12.73,,0.24,,,,1.1045,19.128,4.0884,1.3177,,,,,
2019-11-08,,,,,,,,,1.55,,,3093.08,,57.02,,,,,12.07,,0.26,,,,1.1019,19.108,4.1545,1.3218,,,,,
2019-11-09,,,,227000.0,,,,,1.55,,,,,,1668000.0,,,,,,,,,,,,,,,,,,
2019-11-10,,,,,,,,,1.55,,,,,,,,,,,,,,,,,,,,,,,,
2019-11-11,,,,,,,,,1.55,,,3087.01,2.615,,,,,,12.69,,,,,,,,,,,,,,
2019-11-12,,,,,,,,,1.55,,,3091.84,,56.67,,,,,12.68,,0.26,,,,1.1017,19.27,4.1742,1.3227,,,,,
2019-11-13,,,,,,,,,1.55,,,3094.04,,56.88,,,,,13.0,,0.25,,,,1.1004,19.426,4.1772,1.3239,,,,,
2019-11-14,,,,,,,,,1.55,,,3096.63,,56.57,,,,,13.05,,0.24,,,,1.1016,19.44,4.1912,1.3251,,,,,
2019-11-15,,,,,,,,,1.55,,,3120.46,,57.54,,,,,12.05,,0.23,,,,1.1046,19.205,4.1957,1.3228,,,,,
2019-11-16,,,,229000.0,,,,,1.55,,,,,,1702000.0,,,,,,,,,,,,,,,,,,
2019-11-17,,,,,,,,,1.55,,,,,,,,,,,,,,,,,,,,,,,,
2019-11-18,,,,,,,,,1.55,,,3122.03,2.592,56.82,,,,,12.46,,0.21,,,,1.1079,19.253,4.1932,1.321,,,,,
2019-11-19,,,,,,,,,1.55,,,3120.18,,54.93,,,,,12.86,,0.19,,,,1.1075,19.342,4.2032,1.3233,,,,,
2019-11-20,,,,,,,,,1.55,,,3108.46,,56.71,,,,,12.78,,0.17,,,,1.1063,19.48,4.1955,1.3317,,,,,
2019-11-21,,,,,,,,,1.55,,,3103.54,,58.36,,,,,13.13,,0.17,,,,1.1067,19.422,4.2213,1.3277,,,,,
2019-11-22,,,,,,,,,1.55,,,3110.29,,57.68,,,,,12.34,,0.16,,,,1.1029,19.402,4.1859,1.3293,,,,,
2019-11-23,,,,221000.0,,,,,1.55,,,,,,1702000.0,,,,,,,,,,,,,,,,,,
2019-11-24,,,,,,,,,1.55,,,,,,,,,,,,,,,,,,,,,,,,
2019-11-25,,,,,,,,,1.55,,,3133.64,2.579,57.79,,,,,11.87,,0.15,,,,1.1009,19.462,4.2153,1.3312,,,,,
2019-11-26,,,,,,,,,1.55,,,3140.52,,58.25,,,,,11.54,,0.16,,,,1.1012,19.493,4.2594,1.3285,,,,,
2019-11-27,,,,,,,,,1.55,,,3153.63,,58.12,,,,,11.75,,0.14,,,,1.1002,19.537,4.2569,1.3284,,,,,
2019-11-28,,,,,,,,,1.55,,,,,,,,,,,,,,,,,,,,,,,,
2019-11-29,,,,,,,,,1.56,,,3140.98,,58.12,,,,,12.62,,0.17,,,,1.1019,19.543,4.2272,1.3291,,,,,
2019-11-30,,,,231000.0,,,,,1.56,,,,,,1708000.0,,,,,,,,,,,,,,,,,,
2019-12-01,151794.0,3.6,28.38,,99.3,2.3,258.63,12760.0,1.56,,63.3,,,,,2936.6,41.4,101.5937,,2.33,,199.0,449643.0,3.9,,,,,98.00258,,4.5,2.0,5.6
2019-12-02,,,,,,,,,1.56,,,3113.87,2.575,55.97,,,,,14.91,,0.22,,,,1.1075,19.567,4.22,1.3298,,,,,
2019-12-03,,,,,,,,,1.55,,,3093.2,,56.15,,,,,15.96,,0.19,,,,1.1089,19.555,4.1928,1.3298,,,,,
2019-12-04,,,,,,,,,1.55,,,3112.76,,58.46,,,,,14.8,,0.19,,,,1.1076,19.482,4.1886,1.3212,,,,,
2019-12-05,,,,,,,,,1.55,,,3117.43,,58.42,,,,,14.52,,0.22,,,,1.1104,19.364,4.1912,1.3177,,,,,
2019-12-06,,,,,,,,,1.55,,,3145.91,,59.2,,,,,13.62,,0.23,,,,1.1052,19.331,4.1749,1.3255,,,,,
2019-12-07,,,,247000.0,,,,,1.55,,,,,,1728000.0,,,,,,,,,,,,,,,,,,
2019-12-08,,,,,,,,,1.55,,,,,,,,,,,,,,,,,,,,,,,,
2019-12-09,,,,,,,,,1.55,,,3135.96,2.561,58.99,,,,,15.86,,0.2,,,,1.1067,19.229,4.1299,1.3228,,,,,
2019-12-10,,,,,,,,,1.55,,,3132.52,,59.22,,,,,15.68,,0.2,,,,1.109,19.214,4.1412,1.3231,,,,,
2019-12-11,,,,,,,,,1.55,,,3141.63,,58.74,,,,,14.99,,0.18,,,,1.1092,19.178,4.1179,1.3202,,,,,
2019-12-12,,,,,,,,,1.55,,,3168.57,,59.18,,,,,13.94,,0.24,,,,1.1115,19.089,4.099,1.3185,,,,,
2019-12-13,,,,,,,,,1.55,,,3168.8,,60.11,,,,,12.63,,0.21,,,,1.1128,19.066,4.1065,1.3196,,,,,
2019-12-14,,,,236000.0,,,,,1.55,,,,,,1753000.0,,,,,,,,,,,,,,,,,,
2019-12-15,,,,,,,,,1.55,,,,,,,,,,,,,,,,,,,,,,,,
2019-12-16,,,,,,,,,1.56,,,3191.45,2.536,60.21,,,,,12.14,,0.24,,,,1.1139,18.981,4.0681,1.3158,,,,,
2019-12-17,,,,,,,,,1.55,,,3192.52,,60.88,,,,,12.29,,0.26,,,,1.1148,18.91,4.0673,1.3155,,,,,
2019-12-18,,,,,,,,,1.55,,,3191.14,,60.93,,,,,12.58,,0.29,,,,1.1113,18.958,4.0624,1.3117,,,,,
2019-12-19,,,,,,,,,1.55,,,3205.37,,61.3,,,,,12.5,,0.3,,,,1.1128,18.941,4.058,1.3122,,,,,
2019-12-20,,,,,,,,,1.55,,,3221.22,,60.43,,,,,12.51,,0.29,,,,1.1076,18.914,4.0859,1.317,,,,,
2019-12-21,,,,230000.0,,,,,1.55,,,,,,1754000.0,,,,,,,,,,,,,,,,,,
2019-12-22,,,,,,,,,1.55,,,,,,,,,,,,,,,,,,,,,,,,
2019-12-23,,,,,,,,,1.55,,,3224.01,2.532,60.51,,,,,12.61,,0.29,,,,1.1091,18.931,4.0621,1.3167,,,,,
2019-12-24,,,,,,,,,1.55,,,3223.38,,61.17,,,,,12.67,,0.28,,,,1.1084,18.955,4.0833,1.316,,,,,
2019-12-25,,,,,,,,,1.55,,,,,,,,,,,,,,,,,,,,,,,,
2019-12-26,,,,,,,,,1.55,,,3239.91,,61.72,,,,,12.65,,0.26,,,,1.1102,18.944,4.0602,1.3124,,,,,
2019-12-27,,,,,,,,,1.55,,,3240.02,,61.76,,,,,13.43,,0.29,,,,1.1174,18.819,4.0507,1.3073,,,,,
2019-12-28,,,,231000.0,,,,,1.55,,,,,,1843000.0,,,,,,,,,,,,,,,,,,
2019-12-29,,,,,,,,,1.55,,,,,,,,,,,,,,,,,,,,,,,,
2019-12-30,,,,,,,,,1.55,,,3221.29,2.571,61.66,,,,,14.82,,0.32,,,,1.1217,18.863,4.0152,1.3058,,,,,
2019-12-31,,,,,,,,,1.55,,,3230.78,,61.14,,,,,13.78,,0.34,,,,1.1227,18.86,4.019,1.2962,,,,,
2020-01-01,152031.0,3.6,28.43,,99.8,2.5,259.127,12745.0,1.55,104.679,63.3,,,,,2917.3,41.3,101.5921,,2.22,,199.3,447774.0,3.9,,,,,100.9987,,4.5,2.0,5.5
2020-01-02,,,,,,,,,1.55,,,3257.85,,61.17,,,,,12.47,,0.3,,,,1.1166,18.889,4.0384,1.2998,,,,,
2020-01-03,,,,,,,,,1.55,,,3234.85,,63.0,,,,,14.02,,0.27,,,,1.1173,18.865,4.0378,1.2985,,,,,
2020-01-04,,,,224000.0,,,,,1.55,,,,,,1827000.0,,,,,,,,,,,,,,,,,,
2020-01-05,,,,,,,,,1.55,,,,,,,,,,,,,,,,,,,,,,,,
2020-01-06,,,,,,,,,1.55,,,3246.28,2.578,63.27,,,,,13.85,,0.27,,,,1.1187,18.821,4.0548,1.2964,,,,,
2020-01-07,,,,,,,,,1.55,,,3237.18,,62.7,,,,,13.79,,0.29,,,,1.1138,18.876,4.0813,1.3016,,,,,
2020-01-08,,,,,,,,,1.55,,,3253.05,,59.65,,,,,13.45,,0.29,,,,1.1117,18.773,4.0463,1.3026,,,,,
2020-01-09,,,,,,,,,1.55,,,3274.7,,59.56,,,,,12.54,,0.27,,,,1.1106,18.83,4.0747,1.309,,,,,
2020-01-10,,,,,,,,,1.54,,,3265.35,,59.02,,,,,12.56,,0.27,,,,1.1119,18.768,4.0771,1.3051,,,,,
2020-01-11,,,,207000.0,,,,,1.54,,,,,,1804000.0,,,,,,,,,,,,,,,,,,
2020-01-12,,,,,,,,,1.54,,,,,,,,,,,,,,,,,,,,,,,,
2020-01-13,,,,,,,,,1.54,,,3288.13,2.57,58.17,,,,,12.32,,0.27,,,,1.1138,18.82,4.1351,1.3049,,,,,
2020-01-14,,,,,,,,,1.54,,,3283.15,,58.34,,,,,12.39,,0.24,,,,1.113,18.804,4.1409,1.3056,,,,,
2020-01-15,,,,,,,,,1.54,,,3289.29,,57.86,,,,,12.42,,0.23,,,,1.116,18.81,4.1773,1.304,,,,,
2020-01-16,,,,,,,,,1.54,,,3316.81,,58.52,,,,,12.32,,0.23,,,,1.1131,18.777,4.1903,1.3042,,,,,
2020-01-17,,,,,,,,,1.55,,,3329.62,,58.55,,,,,12.1,,0.26,,,,1.1093,18.728,4.1857,1.3074,,,,,
2020-01-18,,,,221000.0,,,,,1.55,,,,,,1774000.0,,,,,,,,,,,,,,,,,,
2020-01-19,,,,,,,,,1.55,,,,,,,,,,,,,,,,,,,,,,,,
2020-01-20,,,,,,,,,1.55,,,,2.537,,,,,,,,,,,,,,,,,,,,
2020-01-21,,,,,,,,,1.55,,,3320.79,,58.25,,,,,12.85,,0.25,,,,1.1096,18.702,4.2,1.3068,,,,,
2020-01-22,,,,,,,,,1.55,,,3321.75,,56.76,,,,,12.91,,0.24,,,,1.1085,18.693,4.1852,1.3135,,,,,
2020-01-23,,,,,,,,,1.55,,,3325.54,,55.51,,,,,12.98,,0.23,,,,1.1041,18.833,4.1689,1.3144,,,,,
2020-01-24,,,,,,,,,1.55,,,3295.47,,54.09,,,,,14.56,,0.21,,,,1.1026,18.845,4.1879,1.3146,,,,,
2020-01-25,,,,210000.0,,,,,1.55,,,,,,1796000.0,,,,,,,,,,,,,,,,,,
2020-01-26,,,,,,,,,1.55,,,,,,,,,,,,,,,,,,,,,,,,
2020-01-27,,,,,,,,,1.55,,,3243.63,2.506,53.09,,,,,18.23,,0.17,,,,1.1019,18.9599,4.2268,1.3176,,,,,
2020-01-28,,,,,,,,,1.55,,,3276.24,,53.33,,,,,16.28,,0.2,,,,1.1008,18.78,4.2094,1.3174,,,,,
2020-01-29,,,,,,,,,1.55,,,3273.4,,53.29,,,,,16.39,,0.18,,,,1.1004,18.6762,4.2162,1.3201,,,,,
2020-01-30,,,,,,,,,1.6,,,3283.66,,52.19,,,,,15.49,,0.16,,,,1.1032,18.799,4.2602,1.3216,,,,,
2020-01-31,,,,,,,,,1.59,,,3225.52,,51.58,,,,,18.84,,0.18,,,,1.1082,18.89,4.2801,1.322,,,,,
2020-02-01,152293.0,3.5,28.54,207000.0,101.0,2.4,259.25,12743.0,1.59,,63.3,,,,1755000.0,2888.1,41.5,101.1732,,2.03,,196.7,447972.0,4.1,,,,,101.5786,,4.25,2.0,5.8
2020-02-02,,,,,,,,,1.59,,,,,,,,,,,,,,,,,,,,,,,,
2020-02-03,,,,,,,,,1.59,,,3248.92,2.455,50.06,,,,,17.97,,0.18,,,,1.1062,18.79,4.2411,1.3295,,,,,
2020-02-04,,,,,,,,,1.59,,,3297.59,,49.59,,,,,16.05,,0.2,,,,1.1043,18.676,4.2405,1.3266,,,,,
2020-02-05,,,,,,,,,1.59,,,3334.69,,50.87,,,,,15.15,,0.22,,,,1.1006,18.62,4.2567,1.3294,,,,,
2020-02-06,,,,,,,,,1.59,,,3345.78,,50.94,,,,,14.96,,0.21,,,,1.0979,18.67,4.2694,1.3292,,,,,
2020-02-07,,,,,,,,,1.58,,,3327.71,,50.34,,,,,15.47,,0.18,,,,1.095,18.755,4.3126,1.3304,,,,,
2020-02-08,,,,202000.0,,,,,1.58,,,,,,1782000.0,,,,,,,,,,,,,,,,,,
2020-02-09,,,,,,,,,1.58,,,,,,,,,,,,,,,,,,,,,,,,
2020-02-10,,,,,,,,,1.58,,,3352.09,2.419,49.59,,,,,15.04,,0.19,,,,1.0916,18.767,4.3155,1.3323,,,,,
2020-02-11,,,,,,,,,1.58,,,3357.75,,50.0,,,,,15.18,,0.18,,,,1.0917,18.694,4.3346,1.3299,,,,,
2020-02-12,,,,,,,,,1.58,,,3379.45,,51.13,,,,,13.74,,0.18,,,,1.0893,18.627,4.3428,1.3243,,,,,
2020-02-13,,,,,,,,,1.58,,,3373.94,,51.41,,,,,14.15,,0.17,,,,1.0848,18.642,4.3302,1.3255,,,,,
2020-02-14,,,,,,,,,1.58,,,3380.16,,52.03,,,,,13.68,,0.17,,,,1.0839,18.57,4.3104,1.3251,,,,,
2020-02-15,,,,209000.0,,,,,1.58,,,,,,1760000.0,,,,,,,,,,,,,,,,,,
2020-02-16,,,,,,,,,1.58,,,,,,,,,,,,,,,,,,,,,,,,
2020-02-17,,,,,,,,,1.58,,,,2.428,,,,,,,,,,,,,,,,,,,,
2020-02-18,,,,,,,,,1.59,,,3370.29,,52.1,,,,,14.83,,0.14,,,,1.0815,18.589,4.3507,1.3256,,,,,
2020-02-19,,,,,,,,,1.59,,,3386.15,,53.31,,,,,14.38,,0.14,,,,1.0794,18.588,4.366,1.3232,,,,,
2020-02-20,,,,,,,,,1.59,,,3373.23,,53.77,,,,,15.56,,0.13,,,,1.0797,18.82,4.3845,1.3259,,,,,
2020-02-21,,,,,,,,,1.58,,,3337.75,,53.36,,,,,17.08,,0.12,,,,1.0855,18.813,4.383,1.3217,,,,,
2020-02-22,,,,218000.0,,,,,1.58,,,,,,1783000.0,,,,,,,,,,,,,,,,,,
2020-02-23,,,,,,,,,1.58,,,,,,,,,,,,,,,,,,,,,,,,
2020-02-24,,,,,,,,,1.58,,,3225.89,2.466,51.36,,,,,25.03,,0.12,,,,1.0857,19.089,4.3878,1.3282,,,,,
2020-02-25,,,,,,,,,1.58,,,3128.21,,49.78,,,,,27.85,,0.13,,,,1.0868,19.054,4.3878,1.3285,,,,,
2020-02-26,,,,,,,,,1.58,,,3116.39,,48.67,,,,,27.56,,0.17,,,,1.0887,19.163,4.4304,1.3321,,,,,
2020-02-27,,,,,,,,,1.58,,,2978.76,,47.17,,,,,39.16,,0.19,,,,1.0977,19.347,4.4587,1.3356,,,,,
2020-02-28,,,,,,,,,1.58,,,2954.22,,44.83,,,,,40.11,,0.27,,,,1.1001,19.73,4.4906,1.3411,,,,,
2020-02-29,,,,215000.0,,,,,1.58,,,,,,1771000.0,,,,,,,,,,,,,,,,,,
2020-03-01,150895.0,4.4,28.73,,89.1,2.2,258.076,12684.0,1.58,,62.6,,,,,2867.9,41.2,100.1966,,3.66,,193.1,420954.0,4.1,,,,,91.23711,,3.75,1.0,8.5
2020-03-02,,,,,,,,,1.59,,,3090.23,2.423,46.78,,,,,33.42,,0.26,,,,1.1164,19.583,4.4782,1.3334,,,,,
2020-03-03,,,,,,,,,1.59,,,3003.37,,47.27,,,,,36.82,,0.31,,,,1.1175,19.33,4.4908,1.3352,,,,,
2020-03-04,,,,,,,,,1.09,,,3130.12,,46.78,,,,,31.99,,0.35,,,,1.113,19.533,4.5497,1.3425,,,,,
2020-03-05,,,,,,,,,1.09,,,3023.94,,45.9,,,,,39.62,,0.33,,,,1.1202,19.825,4.6533,1.3403,,,,,
2020-03-06,,,,,,,,,1.09,,,2972.37,,41.14,,,,,41.94,,0.25,,,,1.1319,20.171,4.638,1.342,,,,,
2020-03-07,,,,208000.0,,,,,1.09,,,,,,1753000.0,,,,,,,,,,,,,,,,,,
2020-03-08,,,,,,,,,1.09,,,,,,,,,,,,,,,,,,,,,,,,
2020-03-09,,,,,,,,,1.09,,,2746.56,2.375,31.05,,,,,54.46,,0.16,,,,1.142,20.926,4.7304,1.3527,,,,,
2020-03-10,,,,,,,,,1.09,,,2882.23,,34.47,,,,,47.3,,0.26,,,,1.1342,21.051,4.6745,1.3775,,,,,
2020-03-11,,,,,,,,,1.09,,,2741.38,,33.13,,,,,53.9,,0.32,,,,1.128,21.205,4.6844,1.3748,,,,,
2020-03-12,,,,,,,,,1.1,,,2480.64,,31.56,,,,,75.47,,0.38,,,,1.1081,22.326,4.8563,1.3869,,,,,
2020-03-13,,,,,,,,,1.1,,,2711.02,,31.72,,,,,57.83,,0.45,,,,1.1066,21.885,4.7622,1.3991,,,,,
2020-03-14,,,,273000.0,,,,,1.1,,,,,,1844000.0,,,,,,,,,,,,,,,,,,
2020-03-15,,,,,,,,,1.1,,,,,,,,,,,,,,,,,,,,,,,,
2020-03-16,,,,,,,,,0.25,,,2386.13,2.248,28.96,,,,,82.69,,0.37,,,,1.1139,22.613,4.9813,1.3974,,,,,
2020-03-17,,,,,,,,,0.25,,,2529.19,,26.96,,,,,75.91,,0.55,,,,1.0971,23.14,5.0185,1.4188,,,,,
2020-03-18,,,,,,,,,0.25,,,2398.1,,20.48,,,,,76.45,,0.64,,,,1.0833,23.72,5.1136,1.4529,,,,,
2020-03-19,,,,,,,,,0.2,,,2409.39,,25.09,,,,,72.0,,0.68,,,,1.0699,24.087,5.1503,1.4463,,,,,
2020-03-20,,,,,,,,,0.15,,,2304.92,,19.48,,,,,66.04,,0.55,,,,1.0682,24.026,5.001,1.4363,,,,,
2020-03-21,,,,2914000.0,,,,,0.15,,,,,,3238000.0,,,,,,,,,,,,,,,,,,
2020-03-22,,,,,,,,,0.15,,,,,,,,,,,,,,,,,,,,,,,,
2020-03-23,,,,,,,,,0.15,,,2237.4,2.12,23.33,,,,,61.59,,0.48,,,,1.076,25.127,5.1286,1.4539,,,,,
2020-03-24,,,,,,,,,0.12,,,2447.33,,21.03,,,,,61.67,,0.46,,,,1.0794,25.132,5.0731,1.448,,,,,
2020-03-25,,,,,,,,,0.1,,,2475.56,,20.75,,,,,63.95,,0.54,,,,1.0835,24.395,5.0589,1.4333,,,,,
2020-03-26,,,,,,,,,0.1,,,2630.07,,16.6,,,,,61.0,,0.53,,,,1.1025,23.13,4.9972,1.4045,,,,,
2020-03-27,,,,,,,,,0.1,,,2541.47,,15.48,,,,,65.54,,0.47,,,,1.1059,23.41,5.1113,1.4075,,,,,
2020-03-28,,,,5946000.0,,,,,0.1,,,,,,8004000.0,,,,,,,,,,,,,,,,,,
2020-03-29,,,,,,,,,0.1,,,,,,,,,,,,,,,,,,,,,,,,
2020-03-30,,,,,,,,,0.09,,,2626.65,2.005,14.1,,,,,57.08,,0.47,,,,1.1018,24.265,5.1593,1.4169,,,,,
2020-03-31,,,,,,,,,0.08,,,2584.59,,20.51,,,,,53.54,,0.47,,,,1.1016,23.448,5.1855,1.4123,,,,,
2020-04-01,130426.0,14.8,30.04,,71.8,2.1,256.032,11382.0,0.06,109.772,60.1,2470.5,,20.28,,1950.4,38.4,99.13439,57.06,4.08,0.39,185.5,370296.0,4.1,1.0934,24.453,5.2494,1.4222,71.71392,,3.75,0.5,13.7
2020-04-02,,,,,,,,,0.05,,,2526.9,,25.18,,,,,50.91,,0.4,,,,1.0862,24.034,5.2649,1.411,,,,,
2020-04-03,,,,,,,,,0.05,,,2488.65,,28.36,,,,,46.8,,0.39,,,,1.0797,24.69,5.3129,1.4132,,,,,
2020-04-04,,,,6137000.0,,,,,0.05,,,,,,12396000.0,,,,,,,,,,,,,,,,,,
2020-04-05,,,,,,,,,0.05,,,,,,,,,,,,,,,,,,,,,,,,
2020-04-06,,,,,,,,,0.05,,,2663.68,1.924,26.21,,,,,45.24,,0.4,,,,1.0808,24.628,5.2342,1.4125,,,,,
2020-04-07,,,,,,,,,0.05,,,2659.41,,23.54,,,,,46.7,,0.47,,,,1.0886,24.035,5.2319,1.3971,,,,,
2020-04-08,,,,,,,,,0.05,,,2749.98,,24.97,,,,,43.35,,0.5,,,,1.0864,24.039,5.1701,1.4015,,,,,
2020-04-09,,,,,,,,,0.05,,,2789.82,,22.9,,,,,41.67,,0.5,,,,1.0931,23.625,5.0708,1.398,,,,,
2020-04-10,,,,,,,,,0.05,,,,,,,,,,,,,,,,1.0951,23.42,5.1063,1.3967,,,,,
2020-04-11,,,,4869000.0,,,,,0.05,,,,,,16193000.0,,,,,,,,,,,,,,,,,,
2020-04-12,,,,,,,,,0.05,,,,,,,,,,,,,,,,,,,,,,,,
2020-04-13,,,,,,,,,0.05,,,2761.63,1.853,22.36,,,,,41.17,,0.51,,,,1.0906,23.723,5.1871,1.3953,,,,,
2020-04-14,,,,,,,,,0.05,,,2846.06,,20.15,,,,,37.76,,0.53,,,,1.0971,23.599,5.2074,1.3903,,,,,
2020-04-15,,,,,,,,,0.05,,,2783.36,,19.96,,,,,40.84,,0.43,,,,1.0909,24.064,5.2559,1.4105,,,,,
2020-04-16,,,,,,,,,0.05,,,2799.55,,19.82,,,,,40.11,,0.41,,,,1.084,24.124,5.2318,1.4141,,,,,
2020-04-17,,,,,,,,,0.05,,,2874.56,,18.31,,,,,38.15,,0.45,,,,1.0883,23.831,5.255,1.4026,,,,,
2020-04-18,,,,4201000.0,,,,,0.05,,,,,,17789000.0,,,,,,,,,,,,,,,,,,
2020-04-19,,,,,,,,,0.05,,,,,,,,,,,,,,,,,,,,,,,,
2020-04-20,,,,,,,,,0.05,,,2823.16,1.812,-36.98,,,,,43.83,,0.43,,,,1.0874,24.037,5.2911,1.4067,,,,,
2020-04-21,,,,,,,,,0.05,,,2736.56,,8.91,,,,,45.41,,0.38,,,,1.0854,24.433,5.3166,1.4199,,,,,
2020-04-22,,,,,,,,,0.05,,,2799.31,,13.64,,,,,41.98,,0.41,,,,1.0829,24.585,5.3955,1.4132,,,,,
2020-04-23,,,,,,,,,0.04,,,2797.8,,15.06,,,,,41.38,,0.39,,,,1.0815,24.682,5.4498,1.4028,,,,,
2020-04-24,,,,,,,,,0.05,,,2836.74,,15.99,,,,,35.93,,0.38,,,,1.0798,24.8225,5.6858,1.4098,,,,,
2020-04-25,,,,3446000.0,,,,,0.05,,,,,,21750000.0,,,,,,,,,,,,,,,,,,
2020-04-26,,,,,,,,,0.05,,,,,,,,,,,,,,,,,,,,,,,,
2020-04-27,,,,,,,,,0.04,,,2878.48,1.773,12.17,,,,,33.29,,0.43,,,,1.0829,24.832,5.6741,1.4042,,,,,
2020-04-28,,,,,,,,,0.04,,,2863.39,,12.4,,,,,33.57,,0.42,,,,1.0836,24.394,5.5646,1.3992,,,,,
2020-04-29,,,,,,,,,0.04,,,2939.51,,15.04,,,,,31.23,,0.43,,,,1.0853,23.927,5.3923,1.3936,,,,,
2020-04-30,,,,,,,,,0.05,,,2912.43,,19.23,,,,,34.15,,0.44,,,,1.0934,23.979,5.4296,1.3911,,,,,
2020-05-01,133040.0,13.2,29.72,,72.3,3.2,255.802,11610.0,0.05,,60.8,2830.71,,19.72,,2030.4,39.4,98.6451,37.19,3.9,0.44,188.6,437957.0,4.1,1.0998,24.8066,5.4858,1.4102,79.73582,,3.14,0.5,14.2
2020-05-02,,,,2796000.0,,,,,0.05,,,,,,20939000.0,,,,,,,,,,,,,,,,,,
2020-05-03,,,,,,,,,0.05,,,,,,,,,,,,,,,,,,,,,,,,
2020-05-04,,,,,,,,,0.05,,,2842.74,1.789,20.47,,,,,35.97,,0.45,,,,1.0911,24.3853,5.5714,1.4088,,,,,
2020-05-05,,,,,,,,,0.05,,,2868.44,,24.56,,,,,33.61,,0.47,,,,1.0844,23.7938,5.5623,1.4025,,,,,
2020-05-06,,,,,,,,,0.05,,,2848.42,,23.88,,,,,34.12,,0.55,,,,1.0806,24.295,5.6798,1.4143,,,,,
2020-05-07,,,,,,,,,0.05,,,2881.19,,23.68,,,,,31.44,,0.5,,,,1.0815,23.961,5.8027,1.3972,,,,,
2020-05-08,,,,,,,,,0.05,,,2929.8,,24.73,,,,,27.98,,0.53,,,,1.0854,23.619,5.7455,1.391,,,,,
2020-05-09,,,,2335000.0,,,,,0.05,,,,,,23130000.0,,,,,,,,,,,,,,,,,,
2020-05-10,,,,,,,,,0.05,,,,,,,,,,,,,,,,,,,,,,,,
2020-05-11,,,,,,,,,0.05,,,2930.32,1.851,24.02,,,,,27.57,,0.56,,,,1.0818,23.913,5.7958,1.4024,,,,,
2020-05-12,,,,,,,,,0.05,,,2870.12,,25.76,,,,,33.04,,0.52,,,,1.0864,24.037,5.7922,1.4009,,,,,
2020-05-13,,,,,,,,,0.05,,,2820.0,,25.37,,,,,35.28,,0.48,,,,1.0837,24.311,5.9204,1.4089,,,,,
2020-05-14,,,,,,,,,0.05,,,2852.5,,27.4,,,,,32.61,,0.47,,,,1.08,24.172,5.9181,1.4086,,,,,
2020-05-15,,,,,,,,,0.05,,,2863.7,,29.44,,,,,31.89,,0.48,,,,1.0816,24.0493,5.8235,1.409,,,,,
2020-05-16,,,,2176000.0,,,,,0.05,,,,,,19153000.0,,,,,,,,,,,,,,,,,,
2020-05-17,,,,,,,,,0.05,,,,,,,,,,,,,,,,,,,,,,,,
2020-05-18,,,,,,,,,0.05,,,2953.91,1.878,31.83,,,,,29.3,,0.55,,,,1.0904,23.59,5.708,1.3966,,,,,
2020-05-19,,,,,,,,,0.05,,,2922.94,,32.3,,,,,30.53,,0.53,,,,1.0937,23.614,5.7101,1.3879,,,,,
2020-05-20,,,,,,,,,0.05,,,2971.61,,33.56,,,,,27.99,,0.52,,,,1.098,23.215,5.6909,1.3911,,,,,
2020-05-21,,,,,,,,,0.05,,,2948.51,,34.3,,,,,29.53,,0.51,,,,1.0953,22.924,5.5989,1.3946,,,,,
2020-05-22,,,,,,,,,0.05,,,2955.45,,33.49,,,,,28.16,,0.49,,,,1.0894,22.738,5.5663,1.4021,,,,,
2020-05-23,,,,1921000.0,,,,,0.05,,,,,,19194000.0,,,,,,,,,,,,,,,,,,
2020-05-24,,,,,,,,,0.05,,,,,,,,,,,,,,,,,,,,,,,,
2020-05-25,,,,,,,,,0.05,,,,1.96,,,,,,,,,,,,,,,,,,,,
2020-05-26,,,,,,,,,0.05,,,2991.77,,34.7,,,,,28.01,,0.51,,,,1.097,22.336,5.376,1.3821,,,,,
2020-05-27,,,,,,,,,0.05,,,3036.13,,32.8,,,,,27.62,,0.49,,,,1.0969,22.358,5.2818,1.3786,,,,,
2020-05-28,,,,,,,,,0.05,,,3029.73,,33.67,,,,,28.59,,0.53,,,,1.1069,22.191,5.3346,1.3763,,,,,
2020-05-29,,,,,,,,,0.05,,,3044.31,,35.57,,,,,27.51,,0.49,,,,1.1107,22.17,5.4248,1.3809,,,,,
2020-05-30,,,,1639000.0,,,,,0.05,,,,,,19216000.0,,,,,,,,,,,,,,,,,,
2020-05-31,,,,,,,,,0.05,,,,,,,,,,,,,,,,,,,,,,,,
2020-06-01,137671.0,11.0,29.38,,78.1,3.0,257.042,11950.0,0.05,,61.5,3055.73,1.974,35.49,,2224.1,39.9,98.59637,28.23,3.56,0.52,191.2,465800.0,4.4,1.1123,21.991,5.3727,1.3603,89.01418,,2.69,0.5,12.6
2020-06-02,,,,,,,,,0.06,,,3080.82,,36.88,,,,,26.84,,0.51,,,,1.1166,21.722,5.2331,1.3515,,,,,
2020-06-03,,,,,,,,,0.06,,,3122.87,,37.33,,,,,25.66,,0.58,,,,1.1246,21.635,5.0417,1.3489,,,,,
2020-06-04,,,,,,,,,0.06,,,3112.35,,37.42,,,,,25.81,,0.63,,,,1.1322,21.851,5.0927,1.3513,,,,,
2020-06-05,,,,,,,,,0.07,,,3193.93,,39.49,,,,,24.52,,0.69,,,,1.1297,21.545,4.9542,1.342,,,,,
2020-06-06,,,,1575000.0,,,,,0.07,,,,,,18743000.0,,,,,,,,,,,,,,,,,,
2020-06-07,,,,,,,,,0.07,,,,,,,,,,,,,,,,,,,,,,,,
2020-06-08,,,,,,,,,0.07,,,3232.39,2.036,38.17,,,,,25.81,,0.66,,,,1.1293,21.638,4.8858,1.3379,,,,,
2020-06-09,,,,,,,,,0.07,,,3207.18,,38.98,,,,,27.57,,0.64,,,,1.1348,21.728,4.899,1.3433,,,,,
2020-06-10,,,,,,,,,0.08,,,3190.14,,39.54,,,,,27.57,,0.58,,,,1.1355,21.941,4.8979,1.3388,,,,,
2020-06-11,,,,,,,,,0.08,,,3002.1,,36.43,,,,,40.79,,0.47,,,,1.1378,22.521,4.976,1.3559,,,,,
2020-06-12,,,,,,,,,0.08,,,3041.31,,36.24,,,,,36.09,,0.52,,,,1.1253,22.298,5.0241,1.3587,,,,,
2020-06-13,,,,1473000.0,,,,,0.08,,,,,,17860000.0,,,,,,,,,,,,,,,,,,
2020-06-14,,,,,,,,,0.08,,,,,,,,,,,,,,,,,,,,,,,,
2020-06-15,,,,,,,,,0.09,,,3066.59,2.098,37.07,,,,,34.4,,0.52,,,,1.127,22.521,5.2082,1.3618,,,,,
2020-06-16,,,,,,,,,0.09,,,3124.74,,38.26,,,,,33.67,,0.54,,,,1.1259,22.175,5.1563,1.3562,,,,,
2020-06-17,,,,,,,,,0.09,,,3113.49,,37.91,,,,,33.47,,0.55,,,,1.1219,22.368,5.264,1.357,,,,,
2020-06-18,,,,,,,,,0.09,,,3115.34,,38.79,,,,,32.94,,0.52,,,,1.1216,22.669,5.354,1.3593,,,,,
2020-06-19,,,,,,,,,0.09,,,3097.74,,39.72,,,,,35.12,,0.51,,,,1.1189,22.61,5.3388,1.3601,,,,,
2020-06-20,,,,1467000.0,,,,,0.09,,,,,,17501000.0,,,,,,,,,,,,,,,,,,
2020-06-21,,,,,,,,,0.09,,,,,,,,,,,,,,,,,,,,,,,,
2020-06-22,,,,,,,,,0.08,,,3117.86,2.129,40.6,,,,,31.77,,0.52,,,,1.126,22.457,5.2235,1.3544,,,,,
2020-06-23,,,,,,,,,0.08,,,3131.29,,40.4,,,,,31.37,,0.54,,,,1.1322,22.389,5.1578,1.3509,,,,,
2020-06-24,,,,,,,,,0.08,,,3050.33,,37.91,,,,,33.84,,0.5,,,,1.1272,22.7116,5.302,1.3601,,,,,
2020-06-25,,,,,,,,,0.08,,,3083.76,,38.66,,,,,32.22,,0.51,,,,1.1221,22.83,5.3541,1.366,,,,,
2020-06-26,,,,,,,,,0.08,,,3009.05,,38.53,,,,,34.73,,0.47,,,,1.1215,22.946,5.4661,1.3695,,,,,
2020-06-27,,,,1446000.0,,,,,0.08,,,,,,16610000.0,,,,,,,,,,,,,,,,,,
2020-06-28,,,,,,,,,0.08,,,,,,,,,,,,,,,,,,,,,,,,
2020-06-29,,,,,,,,,0.08,,,3053.24,2.174,39.67,,,,,31.78,,0.48,,,,1.1237,23.123,5.4587,1.3686,,,,,
2020-06-30,,,,,,,,,0.08,,,3100.29,,39.27,,,,,30.43,,0.5,,,,1.1237,23.0821,5.4844,1.3614,,,,,
2020-07-01,139255.0,10.2,29.39,,72.5,3.0,258.352,11973.0,0.08,111.491,61.5,3115.86,,39.88,,2361.0,40.7,98.6133,28.62,3.22,0.52,193.0,471873.0,4.6,1.1259,22.823,5.3492,1.3579,90.94717,,2.25,0.5,10.9
2020-07-02,,,,,,,,,0.09,,,3130.01,,40.57,,,,,27.68,,0.52,,,,1.1237,22.52,5.3146,1.3591,,,,,
2020-07-03,,,,,,,,,0.09,,,,,,,,,,,,,,,,,,,,,,,,
2020-07-04,,,,1413000.0,,,,,0.09,,,,,,17273000.0,,,,,,,,,,,,,,,,,,
2020-07-05,,,,,,,,,0.09,,,,,,,,,,,,,,,,,,,,,,,,
2020-07-06,,,,,,,,,0.09,,,3179.72,2.177,40.51,,,,,27.94,,0.53,,,,1.1307,22.275,5.314,1.3546,,,,,
2020-07-07,,,,,,,,,0.09,,,3145.32,,40.59,,,,,29.43,,0.49,,,,1.1299,22.636,5.358,1.3587,,,,,
2020-07-08,,,,,,,,,0.09,,,3169.94,,40.91,,,,,28.08,,0.51,,,,1.1329,22.855,5.3581,1.3539,,,,,
2020-07-09,,,,,,,,,0.09,,,3152.05,,39.64,,,,,29.26,,0.46,,,,1.1298,22.702,5.3182,1.3577,,,,,
2020-07-10,,,,,,,,,0.09,,,3185.04,,40.56,,,,,27.29,,0.49,,,,1.1318,22.507,5.3334,1.3591,,,,,
2020-07-11,,,,1468000.0,,,,,0.09,,,,,,16251000.0,,,,,,,,,,,,,,,,,,
2020-07-12,,,,,,,,,0.09,,,,,,,,,,,,,,,,,,,,,,,,
2020-07-13,,,,,,,,,0.09,,,3155.22,2.195,40.06,,,,,32.19,,0.48,,,,1.1364,22.432,5.3439,1.3568,,,,,
2020-07-14,,,,,,,,,0.09,,,3197.52,,40.3,,,,,29.52,,0.49,,,,1.1406,22.592,5.429,1.3606,,,,,
2020-07-15,,,,,,,,,0.1,,,3226.56,,41.2,,,,,27.76,,0.48,,,,1.1406,22.371,5.362,1.3521,,,,,
2020-07-16,,,,,,,,,0.1,,,3215.57,,40.74,,,,,28.0,,0.46,,,,1.1433,22.288,5.343,1.3539,,,,,
2020-07-17,,,,,,,,,0.09,,,3224.73,,40.55,,,,,25.68,,0.5,,,,1.1438,22.48,5.352,1.3572,,,,,
2020-07-18,,,,1393000.0,,,,,0.09,,,,,,16799000.0,,,,,,,,,,,,,,,,,,
2020-07-19,,,,,,,,,0.09,,,,,,,,,,,,,,,,,,,,,,,,
2020-07-20,,,,,,,,,0.1,,,3251.84,2.186,40.83,,,,,24.46,,0.46,,,,1.1442,22.58,5.3365,1.3531,,,,,
2020-07-21,,,,,,,,,0.1,,,3257.3,,41.76,,,,,24.84,,0.47,,,,1.1495,22.319,5.1936,1.3443,,,,,
2020-07-22,,,,,,,,,0.09,,,3276.02,,41.88,,,,,24.32,,0.46,,,,1.1587,22.256,5.0973,1.3407,,,,,
2020-07-23,,,,,,,,,0.09,,,3235.66,,40.99,,,,,26.08,,0.43,,,,1.1623,22.314,5.1405,1.337,,,,,
2020-07-24,,,,,,,,,0.09,,,3215.63,,41.23,,,,,25.84,,0.45,,,,1.1635,22.363,5.1948,1.3425,,,,,
2020-07-25,,,,1260000.0,,,,,0.09,,,,,,15929000.0,,,,,,,,,,,,,,,,,,
2020-07-26,,,,,,,,,0.09,,,,,,,,,,,,,,,,,,,,,,,,
2020-07-27,,,,,,,,,0.1,,,3239.41,2.175,41.46,,,,,24.74,,0.47,,,,1.175,22.013,5.1835,1.3383,,,,,
2020-07-28,,,,,,,,,0.1,,,3218.44,,40.89,,,,,25.44,,0.45,,,,1.1733,21.957,5.1684,1.3364,,,,,
2020-07-29,,,,,,,,,0.1,,,3258.44,,41.13,,,,,24.1,,0.46,,,,1.177,22.003,5.1483,1.337,,,,,
2020-07-30,,,,,,,,,0.1,,,3246.22,,39.85,,,,,24.76,,0.44,,,,1.1791,22.183,5.1824,1.344,,,,,
2020-07-31,,,,,,,,,0.1,,,3271.12,,40.1,,,,,24.46,,0.44,,,,1.1822,22.226,5.1967,1.3384,,,,,
2020-08-01,140821.0,8.4,29.49,1044000.0,74.1,3.1,259.316,11999.0,0.1,,61.7,,,,15255000.0,2478.1,41.0,98.81078,,3.18,,194.3,473696.0,5.0,,,,,90.85052,,2.03,0.5,10.1
2020-08-02,,,,,,,,,0.1,,,,,,,,,,,,,,,,,,,,,,,,
2020-08-03,,,,,,,,,0.1,,,3294.61,2.176,40.83,,,,,24.28,,0.45,,,,1.175,22.574,5.32,1.3408,,,,,
2020-08-04,,,,,,,,,0.1,,,3306.51,,41.67,,,,,23.76,,0.41,,,,1.1766,22.746,5.3259,1.3366,,,,,
2020-08-05,,,,,,,,,0.1,,,3327.77,,42.25,,,,,22.99,,0.44,,,,1.1898,22.423,5.2928,1.3254,,,,,
2020-08-06,,,,,,,,,0.1,,,3349.16,,41.93,,,,,22.65,,0.44,,,,1.1856,22.359,5.3537,1.3285,,,,,
2020-08-07,,,,,,,,,0.1,,,3351.28,,41.16,,,,,22.21,,0.44,,,,1.1776,22.483,5.4343,1.3393,,,,,
2020-08-08,,,,884000.0,,,,,0.1,,,,,,14184000.0,,,,,,,,,,,,,,,,,,
2020-08-09,,,,,,,,,0.1,,,,,,,,,,,,,,,,,,,,,,,,
2020-08-10,,,,,,,,,0.1,,,3360.47,2.166,41.94,,,,,22.13,,0.45,,,,1.1756,22.493,5.423,1.335,,,,,
2020-08-11,,,,,,,,,0.1,,,3333.69,,41.53,,,,,24.03,,0.48,,,,1.1764,22.338,5.423,1.3296,,,,,
2020-08-12,,,,,,,,,0.1,,,3380.35,,42.6,,,,,22.28,,0.53,,,,1.1796,22.318,5.4745,1.325,,,,,
2020-08-13,,,,,,,,,0.1,,,3373.43,,42.26,,,,,22.13,,0.55,,,,1.1818,22.28,5.3835,1.3214,,,,,
2020-08-14,,,,,,,,,0.1,,,3372.85,,42.05,,,,,22.05,,0.57,,,,1.1833,22.019,5.3881,1.325,,,,,
2020-08-15,,,,927000.0,,,,,0.1,,,,,,13910000.0,,,,,,,,,,,,,,,,,,
2020-08-16,,,,,,,,,0.1,,,,,,,,,,,,,,,,,,,,,,,,
2020-08-17,,,,,,,,,0.1,,,3381.99,2.166,42.89,,,,,21.35,,0.55,,,,1.1869,22.042,5.4734,1.3202,,,,,
2020-08-18,,,,,,,,,0.09,,,3389.78,,42.89,,,,,21.51,,0.53,,,,1.1928,22.18,5.4845,1.3181,,,,,
2020-08-19,,,,,,,,,0.09,,,3374.85,,42.91,,,,,22.54,,0.54,,,,1.1898,22.046,5.5045,1.3173,,,,,
2020-08-20,,,,,,,,,0.09,,,3385.51,,42.62,,,,,22.72,,0.52,,,,1.1862,22.148,5.637,1.3177,,,,,
2020-08-21,,,,,,,,,0.09,,,3397.16,,42.32,,,,,22.54,,0.48,,,,1.1775,22.042,5.5949,1.3201,,,,,
2020-08-22,,,,876000.0,,,,,0.09,,,,,,13217000.0,,,,,,,,,,,,,,,,,,
2020-08-23,,,,,,,,,0.09,,,,,,,,,,,,,,,,,,,,,,,,
2020-08-24,,,,,,,,,0.09,,,3431.28,2.182,42.44,,,,,22.37,,0.51,,,,1.1803,21.974,5.601,1.322,,,,,
2020-08-25,,,,,,,,,0.09,,,3443.62,,43.17,,,,,22.03,,0.54,,,,1.1818,21.961,5.6046,1.3191,,,,,
2020-08-26,,,,,,,,,0.09,,,3478.73,,43.21,,,,,23.27,,0.53,,,,1.1813,21.945,5.6073,1.3145,,,,,
2020-08-27,,,,,,,,,0.08,,,3484.55,,42.88,,,,,24.47,,0.58,,,,1.1824,22.115,5.5965,1.3111,,,,,
2020-08-28,,,,,,,,,0.09,,,3508.01,,42.96,,,,,22.96,,0.6,,,,1.1901,21.87,5.4469,1.3106,,,,,
2020-08-29,,,,881000.0,,,,,0.09,,,,,,13501000.0,,,,,,,,,,,,,,,,,,
2020-08-30,,,,,,,,,0.09,,,,,,,,,,,,,,,,,,,,,,,,
2020-08-31,,,,,,,,,0.09,,,3500.31,2.222,42.61,,,,,26.41,,0.58,,,,1.195,21.88,5.4698,1.3034,,,,,
2020-09-01,141770.0,7.8,29.51,,80.4,2.6,259.997,12057.0,0.09,,61.4,3526.65,,42.76,,2498.7,41.2,99.11648,26.12,3.27,0.55,195.5,482702.0,5.2,1.1949,21.751,5.3578,1.3043,93.1701,,2.0,0.5,9.1
2020-09-02,,,,,,,,,0.09,,,3580.84,,42.76,,,,,26.57,,0.52,,,,1.184,21.832,5.355,1.3061,,,,,
2020-09-03,,,,,,,,,0.09,,,3455.06,,41.39,,,,,33.6,,0.5,,,,1.1832,21.663,5.3078,1.3131,,,,,
2020-09-04,,,,,,,,,0.09,,,3426.96,,39.69,,,,,30.75,,0.58,,,,1.182,21.595,5.2873,1.3095,,,,,
2020-09-05,,,,892000.0,,,,,0.09,,,,,,12765000.0,,,,,,,,,,,,,,,,,,
2020-09-06,,,,,,,,,0.09,,,,,,,,,,,,,,,,,,,,,,,,
2020-09-07,,,,,,,,,0.09,,,,2.211,,,,,,,,,,,,,,,,,,,,
2020-09-08,,,,,,,,,0.09,,,3331.84,,36.87,,,,,31.46,,0.55,,,,1.1789,21.732,5.351,1.3194,,,,,
2020-09-09,,,,,,,,,0.09,,,3398.96,,38.05,,,,,28.81,,0.57,,,,1.181,21.52,5.2849,1.3163,,,,,
2020-09-10,,,,,,,,,0.09,,,3339.19,,37.25,,,,,29.71,,0.54,,,,1.188,21.285,5.3023,1.3162,,,,,
2020-09-11,,,,,,,,,0.09,,,3340.97,,37.33,,,,,26.87,,0.54,,,,1.1831,21.327,5.304,1.3183,,,,,
2020-09-12,,,,861000.0,,,,,0.09,,,,,,12684000.0,,,,,,,,,,,,,,,,,,
2020-09-13,,,,,,,,,0.09,,,,,,,,,,,,,,,,,,,,,,,,
2020-09-14,,,,,,,,,0.09,,,3383.54,2.183,37.23,,,,,25.85,,0.54,,,,1.1874,21.123,5.2892,1.3172,,,,,
2020-09-15,,,,,,,,,0.09,,,3401.2,,38.29,,,,,25.59,,0.54,,,,1.1846,21.055,5.2852,1.3199,,,,,
2020-09-16,,,,,,,,,0.09,,,3385.49,,40.17,,,,,26.04,,0.55,,,,1.1835,21.05,5.241,1.3164,,,,,
2020-09-17,,,,,,,,,0.09,,,3357.01,,40.99,,,,,26.46,,0.56,,,,1.1823,20.993,5.2584,1.3204,,,,,
2020-09-18,,,,,,,,,0.09,,,3319.47,,41.09,,,,,25.83,,0.56,,,,1.1857,20.949,5.3056,1.3179,,,,,
2020-09-19,,,,859000.0,,,,,0.09,,,,,,11367000.0,,,,,,,,,,,,,,,,,,
2020-09-20,,,,,,,,,0.09,,,,,,,,,,,,,,,,,,,,,,,,
2020-09-21,,,,,,,,,0.09,,,3281.06,2.168,39.26,,,,,27.78,,0.54,,,,1.1737,21.516,5.4397,1.3299,,,,,
2020-09-22,,,,,,,,,0.09,,,3315.57,,39.55,,,,,26.86,,0.55,,,,1.1703,21.585,5.47,1.3313,,,,,
2020-09-23,,,,,,,,,0.09,,,3236.92,,39.92,,,,,28.58,,0.54,,,,1.1677,22.116,5.549,1.3373,,,,,
2020-09-24,,,,,,,,,0.09,,,3246.59,,40.11,,,,,28.51,,0.53,,,,1.1666,22.28,5.5308,1.337,,,,,
2020-09-25,,,,,,,,,0.09,,,3298.46,,40.06,,,,,26.38,,0.54,,,,1.1618,22.451,5.5644,1.3409,,,,,
2020-09-26,,,,795000.0,,,,,0.09,,,,,,10481000.0,,,,,,,,,,,,,,,,,,
2020-09-27,,,,,,,,,0.09,,,,,,,,,,,,,,,,,,,,,,,,
2020-09-28,,,,,,,,,0.09,,,3351.6,2.169,40.47,,,,,26.19,,0.53,,,,1.166,22.507,5.6155,1.3377,,,,,
2020-09-29,,,,,,,,,0.09,,,3335.47,,39.03,,,,,26.27,,0.55,,,,1.1717,22.466,5.6679,1.3411,,,,,
2020-09-30,,,,,,,,,0.09,,,3363.0,,40.05,,,,,26.37,,0.56,,,,1.1723,22.091,5.6326,1.3323,,,,,
2020-10-01,142460.0,6.9,29.54,,81.8,2.6,260.319,12086.0,0.09,110.599,61.7,3380.8,,38.51,,2595.2,41.4,99.26201,26.7,3.35,0.54,196.5,480763.0,5.2,1.1752,21.976,5.6463,1.3289,96.74613,,2.0,0.5,9.0
2020-10-02,,,,,,,,,0.09,,,3348.44,,36.9,,,,,27.63,,0.57,,,,1.1706,21.72,5.6822,1.332,,,,,
2020-10-03,,,,785000.0,,,,,0.09,,,,,,9270000.0,,,,,,,,,,,,,,,,,,
2020-10-04,,,,,,,,,0.09,,,,,,,,,,,,,,,,,,,,,,,,
2020-10-05,,,,,,,,,0.09,,,3408.63,2.172,39.12,,,,,27.96,,0.64,,,,1.1784,21.4301,5.6173,1.3269,,,,,
2020-10-06,,,,,,,,,0.09,,,3360.95,,40.52,,,,,29.48,,0.62,,,,1.1778,21.521,5.5402,1.3275,,,,,
2020-10-07,,,,,,,,,0.09,,,3419.45,,39.82,,,,,28.06,,0.65,,,,1.1766,21.533,5.6125,1.3283,,,,,
2020-10-08,,,,,,,,,0.09,,,3446.83,,41.04,,,,,26.36,,0.65,,,,1.1753,21.416,5.5948,1.3222,,,,,
2020-10-09,,,,,,,,,0.09,,,3477.13,,40.44,,,,,25.0,,0.63,,,,1.1819,21.153,5.522,1.312,,,,,
2020-10-10,,,,839000.0,,,,,0.09,,,,,,8425000.0,,,,,,,,,,,,,,,,,,
2020-10-11,,,,,,,,,0.09,,,,,,,,,,,,,,,,,,,,,,,,
2020-10-12,,,,,,,,,0.09,,,3534.22,2.167,39.22,,,,,25.07,,,,,,,,,,,,,,
2020-10-13,,,,,,,,,0.09,,,3511.93,,40.03,,,,,26.07,,0.58,,,,1.1737,21.392,5.5944,1.3138,,,,,
2020-10-14,,,,,,,,,0.09,,,3488.67,,40.86,,,,,26.4,,0.59,,,,1.1755,21.346,5.5804,1.3147,,,,,
2020-10-15,,,,,,,,,0.09,,,3483.34,,40.84,,,,,26.97,,0.6,,,,1.1701,21.394,5.616,1.3243,,,,,
2020-10-16,,,,,,,,,0.09,,,3483.81,,40.7,,,,,27.41,,0.62,,,,1.1717,21.174,5.6228,1.3194,,,,,
2020-10-17,,,,804000.0,,,,,0.09,,,,,,7777000.0,,,,,,,,,,,,,,,,,,
2020-10-18,,,,,,,,,0.09,,,,,,,,,,,,,,,,,,,,,,,,
2020-10-19,,,,,,,,,0.09,,,3426.92,2.15,40.69,,,,,29.18,,0.62,,,,1.1788,21.1369,5.578,1.3155,,,,,
2020-10-20,,,,,,,,,0.09,,,3443.12,,41.37,,,,,29.35,,0.67,,,,1.1824,21.065,5.5773,1.312,,,,,
2020-10-21,,,,,,,,,0.09,,,3435.56,,39.88,,,,,28.65,,0.69,,,,1.187,21.0896,5.6084,1.313,,,,,
2020-10-22,,,,,,,,,0.09,,,3453.49,,40.46,,,,,28.11,,0.71,,,,1.1824,21.026,5.5843,1.3132,,,,,
2020-10-23,,,,,,,,,0.09,,,3465.39,,39.73,,,,,27.55,,0.67,,,,1.1844,20.8961,5.6135,1.3147,,,,,
2020-10-24,,,,776000.0,,,,,0.09,,,,,,7180000.0,,,,,,,,,,,,,,,,,,
2020-10-25,,,,,,,,,0.09,,,,,,,,,,,,,,,,,,,,,,,,
2020-10-26,,,,,,,,,0.09,,,3400.97,2.143,38.39,,,,,32.46,,0.65,,,,1.1816,20.958,5.6141,1.3214,,,,,
2020-10-27,,,,,,,,,0.09,,,3390.68,,39.34,,,,,33.35,,0.63,,,,1.1834,20.867,5.6484,1.3156,,,,,
2020-10-28,,,,,,,,,0.09,,,3271.03,,37.27,,,,,40.28,,0.63,,,,1.1751,21.152,5.7406,1.3321,,,,,
2020-10-29,,,,,,,,,0.09,,,3310.11,,35.94,,,,,37.59,,0.69,,,,1.1658,21.367,5.779,1.3365,,,,,
2020-10-30,,,,,,,,,0.09,,,3269.96,,35.64,,,,,38.02,,0.74,,,,1.1647,21.276,5.7588,1.3332,,,,,
2020-10-31,,,,773000.0,,,,,0.09,,,,,,6705000.0,,,,,,,,,,,,,,,,,,
2020-11-01,142733.0,6.7,29.64,,76.9,2.8,260.911,12118.0,0.09,,61.5,,,,,2675.6,41.3,99.21984,,3.21,,198.3,478079.0,5.3,,,,,97.90593,,2.0,0.5,8.6
2020-11-02,,,,,,,,,0.09,,,3310.24,2.112,36.6,,,,,37.13,,0.71,,,,1.1634,21.457,5.7425,1.3255,,,,,
2020-11-03,,,,,,,,,0.09,,,3369.16,,37.44,,,,,35.55,,0.73,,,,1.1724,21.156,5.7328,1.3132,,,,,
2020-11-04,,,,,,,,,0.09,,,3443.44,,38.97,,,,,29.57,,0.64,,,,1.173,20.936,5.654,1.3113,,,,,
2020-11-05,,,,,,,,,0.09,,,3510.45,,38.56,,,,,27.58,,0.65,,,,1.1809,20.834,5.5682,1.3045,,,,,
2020-11-06,,,,,,,,,0.09,,,3509.44,,36.97,,,,,24.86,,0.67,,,,1.1886,20.63,5.4577,1.3029,,,,,
2020-11-07,,,,737000.0,,,,,0.09,,,,,,6341000.0,,,,,,,,,,,,,,,,,,
2020-11-08,,,,,,,,,0.09,,,,,,,,,,,,,,,,,,,,,,,,
2020-11-09,,,,,,,,,0.09,,,3550.5,2.096,40.05,,,,,25.75,,0.79,,,,1.1811,20.4,5.3696,1.2978,,,,,
2020-11-10,,,,,,,,,0.09,,,3545.53,,41.18,,,,,24.8,,0.79,,,,1.181,20.433,5.3715,1.2998,,,,,
2020-11-11,,,,,,,,,0.09,,,3572.66,,41.23,,,,,23.45,,,,,,,,,,,,,,
2020-11-12,,,,,,,,,0.09,,,3537.01,,40.9,,,,,25.35,,0.71,,,,1.1814,20.517,5.4141,1.3107,,,,,
2020-11-13,,,,,,,,,0.09,,,3585.15,,39.93,,,,,23.1,,0.72,,,,1.1824,20.45,5.5006,1.3164,,,,,
2020-11-14,,,,738000.0,,,,,0.09,,,,,,6088000.0,,,,,,,,,,,,,,,,,,
2020-11-15,,,,,,,,,0.09,,,,,,,,,,,,,,,,,,,,,,,,
2020-11-16,,,,,,,,,0.09,,,3626.91,2.111,41.14,,,,,22.45,,0.72,,,,1.1844,20.302,5.3999,1.3072,,,,,
2020-11-17,,,,,,,,,0.09,,,3609.53,,41.24,,,,,22.71,,0.69,,,,1.1862,20.306,5.3401,1.3107,,,,,
2020-11-18,,,,,,,,,0.09,,,3567.79,,41.64,,,,,23.84,,0.72,,,,1.1869,20.246,5.3069,1.3049,,,,,
2020-11-19,,,,,,,,,0.08,,,3581.87,,41.57,,,,,23.11,,0.68,,,,1.1843,20.183,5.3149,1.3083,,,,,
2020-11-20,,,,,,,,,0.08,,,3557.54,,41.99,,,,,23.7,,0.67,,,,1.1857,20.083,5.3671,1.3075,,,,,
2020-11-21,,,,793000.0,,,,,0.08,,,,,,5580000.0,,,,,,,,,,,,,,,,,,
2020-11-22,,,,,,,,,0.08,,,,,,,,,,,,,,,,,,,,,,,,
2020-11-23,,,,,,,,,0.08,,,3577.59,2.102,42.91,,,,,22.66,,0.7,,,,1.1826,20.109,5.436,1.3097,,,,,
2020-11-24,,,,,,,,,0.08,,,3635.41,,44.71,,,,,21.64,,0.72,,,,1.1874,20.012,5.391,1.3027,,,,,
2020-11-25,,,,,,,,,0.08,,,3629.65,,45.58,,,,,21.25,,0.71,,,,1.1908,20.015,5.3224,1.2994,,,,,
2020-11-26,,,,,,,,,0.08,,,,,,,,,,,,,,,,,,,,,,,,
2020-11-27,,,,,,,,,0.08,,,3638.35,,,,,,,20.84,,0.68,,,,,,,,,,,,
2020-11-28,,,,737000.0,,,,,0.08,,,,,,5784000.0,,,,,,,,,,,,,,,,,,
2020-11-29,,,,,,,,,0.08,,,,,,,,,,,,,,,,,,,,,,,,
2020-11-30,,,,,,,,,0.09,,,3621.63,2.12,45.2,,,,,20.57,,0.68,,,,1.1948,20.15,5.3785,1.2982,,,,,
2020-12-01,142548.0,6.7,29.91,,80.7,2.5,262.045,12153.0,0.09,,61.5,3662.45,,44.54,,2749.8,41.5,99.22284,20.77,3.07,0.75,200.5,485949.0,5.2,1.2039,20.047,5.263,1.2958,97.80928,,2.0,0.5,8.9
2020-12-02,,,,,,,,,0.09,,,3669.01,,45.23,,,,,21.17,,0.79,,,,1.2093,20.047,5.2384,1.2934,,,,,
2020-12-03,,,,,,,,,0.09,,,3666.72,,45.65,,,,,21.28,,0.76,,,,1.2152,19.887,5.1243,1.2875,,,,,
2020-12-04,,,,,,,,,0.09,,,3699.12,,46.23,,,,,20.79,,0.81,,,,1.2142,19.744,5.161,1.2797,,,,,
2020-12-05,,,,873000.0,,,,,0.09,,,,,,5609000.0,,,,,,,,,,,,,,,,,,
2020-12-06,,,,,,,,,0.09,,,,,,,,,,,,,,,,,,,,,,,,
2020-12-07,,,,,,,,,0.09,,,3691.96,2.156,45.72,,,,,21.3,,0.8,,,,1.2138,19.81,5.0713,1.2796,,,,,
2020-12-08,,,,,,,,,0.09,,,3702.25,,45.64,,,,,20.68,,0.78,,,,1.2111,19.715,5.0824,1.2808,,,,,
2020-12-09,,,,,,,,,0.09,,,3672.82,,45.48,,,,,22.27,,0.79,,,,1.208,19.852,5.1504,1.2791,,,,,
2020-12-10,,,,,,,,,0.09,,,3668.1,,46.76,,,,,22.52,,0.78,,,,1.2118,19.987,5.0699,1.2727,,,,,
2020-12-11,,,,,,,,,0.09,,,3663.46,,46.59,,,,,23.31,,0.79,,,,1.2112,20.093,5.0538,1.2767,,,,,
2020-12-12,,,,886000.0,,,,,0.09,,,,,,5416000.0,,,,,,,,,,,,,,,,,,
2020-12-13,,,,,,,,,0.09,,,,,,,,,,,,,,,,,,,,,,,,
2020-12-14,,,,,,,,,0.09,,,3647.49,2.158,47.02,,,,,24.72,,0.77,,,,1.2145,20.218,5.1103,1.2787,,,,,
2020-12-15,,,,,,,,,0.09,,,3694.62,,47.58,,,,,22.89,,0.81,,,,1.2158,20.083,5.1105,1.273,,,,,
2020-12-16,,,,,,,,,0.09,,,3701.17,,47.86,,,,,22.5,,0.79,,,,1.2175,19.95,5.1282,1.2755,,,,,
2020-12-17,,,,,,,,,0.09,,,3722.48,,48.34,,,,,21.93,,0.81,,,,1.2258,19.788,5.0591,1.2715,,,,,
2020-12-18,,,,,,,,,0.09,,,3709.41,,49.04,,,,,21.57,,0.82,,,,1.2236,19.9813,5.081,1.2776,,,,,
2020-12-19,,,,815000.0,,,,,0.09,,,,,,5332000.0,,,,,,,,,,,,,,,,,,
2020-12-20,,,,,,,,,0.09,,,,,,,,,,,,,,,,,,,,,,,,
2020-12-21,,,,,,,,,0.09,,,3694.92,2.224,47.79,,,,,25.16,,0.82,,,,1.223,20.04,5.128,1.2836,,,,,
2020-12-22,,,,,,,,,0.09,,,3687.26,,47.02,,,,,24.23,,0.8,,,,1.2172,20.054,5.1593,1.2918,,,,,
2020-12-23,,,,,,,,,0.09,,,3690.01,,47.94,,,,,23.31,,0.83,,,,1.2194,20.08,5.2087,1.2841,,,,,
2020-12-24,,,,,,,,,0.09,,,3703.06,,48.18,,,,,21.53,,0.81,,,,,,,,,,,,
2020-12-25,,,,,,,,,0.09,,,,,,,,,,,,,,,,,,,,,,,,
2020-12-26,,,,773000.0,,,,,0.09,,,,,,5181000.0,,,,,,,,,,,,,,,,,,
2020-12-27,,,,,,,,,0.09,,,,,,,,,,,,,,,,,,,,,,,,
2020-12-28,,,,,,,,,0.09,,,3735.36,2.243,47.5,,,,,21.7,,0.81,,,,1.2213,20.061,5.3016,1.2871,,,,,
2020-12-29,,,,,,,,,0.09,,,3727.04,,47.85,,,,,23.08,,0.82,,,,1.2252,19.905,5.1679,1.2794,,,,,
2020-12-30,,,,,,,,,0.09,,,3732.04,,48.24,,,,,22.77,,0.81,,,,1.228,19.934,5.176,1.2764,,,,,
2020-12-31,,,,,,,,,0.09,,,3756.07,,48.35,,,,,22.75,,0.8,,,,1.223,19.892,5.1935,1.2753,,,,,
2021-01-01,142863.0,6.4,29.93,,79.0,3.0,262.687,12142.0,0.09,111.394,61.4,,,,,2804.9,41.6,99.2288,,3.15,,204.8,501604.0,5.0,,,,,98.38918,,2.0,0.5,9.2
2021-01-02,,,,803000.0,,,,,0.09,,,,,,5330000.0,,,,,,,,,,,,,,,,,,
2021-01-03,,,,,,,,,0.09,,,,,,,,,,,,,,,,,,,,,,,,
2021-01-04,,,,,,,,,0.09,,,3700.65,2.249,47.47,,,,,26.97,,0.82,,,,1.2254,19.938,5.2466,1.2781,,,,,
2021-01-05,,,,,,,,,0.09,,,3726.86,,49.78,,,,,25.34,,0.83,,,,1.2295,19.92,5.3035,1.27,,,,,
2021-01-06,,,,,,,,,0.09,,,3748.14,,50.45,,,,,25.07,,0.9,,,,1.229,19.713,5.3368,1.2685,,,,,
2021-01-07,,,,,,,,,0.09,,,3803.79,,50.63,,,,,22.37,,0.94,,,,1.2265,19.928,5.4024,1.272,,,,,
2021-01-08,,,,,,,,,0.09,,,3824.68,,52.14,,,,,21.56,,0.99,,,,1.2252,19.941,5.3855,1.2698,,,,,
2021-01-09,,,,890000.0,,,,,0.09,,,,,,5069000.0,,,,,,,,,,,,,,,,,,
2021-01-10,,,,,,,,,0.09,,,,,,,,,,,,,,,,,,,,,,,,
2021-01-11,,,,,,,,,0.09,,,3799.61,2.317,52.15,,,,,24.08,,1.01,,,,1.2169,20.076,5.4809,1.2768,,,,,
2021-01-12,,,,,,,,,0.09,,,3801.19,,53.08,,,,,23.33,,1.01,,,,1.2168,19.927,5.4166,1.2745,,,,,
2021-01-13,,,,,,,,,0.09,,,3809.84,,52.81,,,,,22.21,,0.96,,,,1.2159,19.788,5.2938,1.271,,,,,
2021-01-14,,,,,,,,,0.09,,,3795.54,,53.47,,,,,23.25,,0.99,,,,1.2156,19.723,5.2304,1.2633,,,,,
2021-01-15,,,,,,,,,0.09,,,3768.25,,52.25,,,,,24.34,,0.98,,,,1.2099,19.747,5.2589,1.2709,,,,,
2021-01-16,,,,844000.0,,,,,0.09,,,,,,4877000.0,,,,,,,,,,,,,,,,,,
2021-01-17,,,,,,,,,0.09,,,,,,,,,,,,,,,,,,,,,,,,
2021-01-18,,,,,,,,,0.09,,,,2.379,,,,,,,,,,,,,,,,,,,,
2021-01-19,,,,,,,,,0.09,,,3798.91,,52.87,,,,,23.24,,0.96,,,,1.2126,19.6642,5.333,1.2721,,,,,
2021-01-20,,,,,,,,,0.09,,,3851.85,,53.16,,,,,21.58,,0.97,,,,,,,,,,,,
2021-01-21,,,,,,,,,0.08,,,3853.07,,53.0,,,,,21.32,,0.99,,,,1.2143,19.727,5.3753,1.2634,,,,,
2021-01-22,,,,,,,,,0.08,,,3841.47,,52.28,,,,,21.91,,0.97,,,,1.2179,19.925,5.4518,1.2711,,,,,
2021-01-23,,,,799000.0,,,,,0.08,,,,,,4789000.0,,,,,,,,,,,,,,,,,,
2021-01-24,,,,,,,,,0.08,,,,,,,,,,,,,,,,,,,,,,,,
2021-01-25,,,,,,,,,0.08,,,3855.36,2.392,52.78,,,,,23.19,,0.92,,,,1.2138,20.14,5.4665,1.2747,,,,,
2021-01-26,,,,,,,,,0.08,,,3849.62,,52.61,,,,,23.02,,0.94,,,,1.2147,20.08,5.3682,1.2711,,,,,
2021-01-27,,,,,,,,,0.08,,,3750.77,,52.81,,,,,37.21,,0.92,,,,1.2101,20.22,5.4139,1.2782,,,,,
2021-01-28,,,,,,,,,0.07,,,3787.38,,52.26,,,,,30.21,,0.95,,,,1.2122,20.23,5.3992,1.2812,,,,,
2021-01-29,,,,,,,,,0.07,,,3714.24,,52.16,,,,,33.09,,1.0,,,,1.2135,20.255,5.4479,1.2776,,,,,
2021-01-30,,,,803000.0,,,,,0.07,,,,,,4658000.0,,,,,,,,,,,,,,,,,,
2021-01-31,,,,,,,,,0.07,,,,,,,,,,,,,,,,,,,,,,,,
2021-02-01,143380.0,6.2,30.05,,76.8,3.3,263.579,12172.0,0.08,,61.4,3773.86,2.409,53.55,,2829.9,41.4,99.36539,30.24,3.34,0.98,210.6,488805.0,4.9,1.207,20.356,5.4746,1.2826,96.64948,,2.0,0.5,8.5
2021-02-02,,,,,,,,,0.08,,,3826.31,,54.77,,,,,25.56,,1.01,,,,1.202,20.151,5.3704,1.2815,,,,,
2021-02-03,,,,,,,,,0.08,,,3830.17,,55.67,,,,,22.91,,1.04,,,,1.2025,20.217,5.3624,1.2765,,,,,
2021-02-04,,,,,,,,,0.08,,,3871.74,,56.19,,,,,21.77,,1.04,,,,1.1974,20.457,5.4236,1.283,,,,,
2021-02-05,,,,,,,,,0.08,,,3886.83,,56.8,,,,,20.87,,1.1,,,,1.2035,20.13,5.3522,1.2781,,,,,
2021-02-06,,,,812000.0,,,,,0.08,,,,,,4599000.0,,,,,,,,,,,,,,,,,,
2021-02-07,,,,,,,,,0.08,,,,,,,,,,,,,,,,,,,,,,,,
2021-02-08,,,,,,,,,0.07,,,3915.59,2.461,57.95,,,,,21.24,,1.08,,,,1.2045,20.112,5.3153,1.2755,,,,,
2021-02-09,,,,,,,,,0.08,,,3911.23,,58.34,,,,,21.63,,1.07,,,,1.2106,20.097,5.4261,1.2713,,,,,
2021-02-10,,,,,,,,,0.08,,,3909.88,,58.69,,,,,21.99,,1.04,,,,1.2132,20.05,5.3601,1.2678,,,,,
2021-02-11,,,,,,,,,0.08,,,3916.38,,58.22,,,,,21.25,,1.05,,,,1.2127,19.96,5.3876,1.2689,,,,,
2021-02-12,,,,,,,,,0.08,,,3934.83,,59.5,,,,,19.97,,1.09,,,,1.2126,19.93,5.3699,1.2694,,,,,
2021-02-13,,,,802000.0,,,,,0.08,,,,,,4495000.0,,,,,,,,,,,,,,,,,,
2021-02-14,,,,,,,,,0.08,,,,,,,,,,,,,,,,,,,,,,,,
2021-02-15,,,,,,,,,0.08,,,,2.501,,,,,,,,,,,,,,,,,,,,
2021-02-16,,,,,,,,,0.08,,,3932.59,,60.07,,,,,21.46,,1.17,,,,1.2107,20.218,5.3765,1.2694,,,,,
2021-02-17,,,,,,,,,0.08,,,3931.33,,61.09,,,,,21.5,,1.18,,,,1.2042,20.186,5.4059,1.2712,,,,,
2021-02-18,,,,,,,,,0.07,,,3913.97,,60.4,,,,,22.49,,1.18,,,,1.2078,20.436,5.4391,1.2706,,,,,
2021-02-19,,,,,,,,,0.07,,,3906.71,,59.12,,,,,22.05,,1.23,,,,1.2136,20.4,5.3938,1.2596,,,,,
2021-02-20,,,,702000.0,,,,,0.07,,,,,,4406000.0,,,,,,,,,,,,,,,,,,
2021-02-21,,,,,,,,,0.07,,,,,,,,,,,,,,,,,,,,,,,,
2021-02-22,,,,,,,,,0.07,,,3876.5,2.633,61.67,,,,,23.45,,1.26,,,,1.2155,20.672,5.4781,1.2606,,,,,
2021-02-23,,,,,,,,,0.07,,,3881.37,,61.66,,,,,23.11,,1.26,,,,1.2142,20.604,5.4267,1.261,,,,,
2021-02-24,,,,,,,,,0.07,,,3925.43,,63.21,,,,,21.34,,1.26,,,,1.2143,20.46,5.4249,1.2537,,,,,
2021-02-25,,,,,,,,,0.07,,,3829.34,,63.43,,,,,28.89,,1.37,,,,1.2229,20.891,5.4903,1.2528,,,,,
2021-02-26,,,,,,,,,0.07,,,3811.15,,61.55,,,,,27.95,,1.3,,,,1.2093,20.935,5.5724,1.2698,,,,,
2021-02-27,,,,704000.0,,,,,0.07,,,,,,4227000.0,,,,,,,,,,,,,,,,,,
2021-02-28,,,,,,,,,0.07,,,,,,,,,,,,,,,,,,,,,,,,
2021-03-01,144232.0,6.1,30.03,,84.9,3.1,264.961,12229.0,0.07,,61.5,3901.82,2.711,60.54,,2868.9,41.6,99.72382,23.35,3.67,1.32,215.0,539607.0,4.8,1.2054,20.607,5.5704,1.2652,98.19588,,2.4,0.5,7.7
2021-03-02,,,,,,,,,0.07,,,3870.29,,59.7,,,,,24.1,,1.29,,,,1.2079,20.624,5.711,1.2612,,,,,
2021-03-03,,,,,,,,,0.07,,,3819.72,,61.33,,,,,26.67,,1.33,,,,1.2073,20.9203,5.7591,1.2611,,,,,
2021-03-04,,,,,,,,,0.07,,,3768.47,,63.81,,,,,28.57,,1.4,,,,1.2045,20.8206,5.5666,1.2584,,,,,
2021-03-05,,,,,,,,,0.07,,,3841.94,,66.08,,,,,24.66,,1.42,,,,1.1914,21.277,5.6912,1.2666,,,,,
2021-03-06,,,,693000.0,,,,,0.07,,,,,,4185000.0,,,,,,,,,,,,,,,,,,
2021-03-07,,,,,,,,,0.07,,,,,,,,,,,,,,,,,,,,,,,,
2021-03-08,,,,,,,,,0.07,,,3821.35,2.771,65.03,,,,,25.47,,1.42,,,,1.1849,21.45,5.7341,1.2672,,,,,
2021-03-09,,,,,,,,,0.07,,,3875.44,,64.02,,,,,24.03,,1.38,,,,1.1885,21.258,5.8084,1.2652,,,,,
2021-03-10,,,,,,,,,0.07,,,3898.81,,64.45,,,,,22.56,,1.37,,,,1.19,20.95,5.672,1.2641,,,,,
2021-03-11,,,,,,,,,0.07,,,3939.34,,66.02,,,,,21.91,,1.4,,,,1.1978,20.696,5.553,1.2558,,,,,
2021-03-12,,,,,,,,,0.07,,,3943.34,,65.59,,,,,20.69,,1.5,,,,1.1952,20.7411,5.553,1.2471,,,,,
2021-03-13,,,,699000.0,,,,,0.07,,,,,,3970000.0,,,,,,,,,,,,,,,,,,
2021-03-14,,,,,,,,,0.07,,,,,,,,,,,,,,,,,,,,,,,,
2021-03-15,,,,,,,,,0.07,,,3968.94,2.853,65.36,,,,,20.03,,1.48,,,,1.1917,20.742,5.6539,1.249,,,,,
2021-03-16,,,,,,,,,0.07,,,3962.71,,64.82,,,,,19.79,,1.47,,,,1.1895,20.567,5.5756,1.2451,,,,,
2021-03-17,,,,,,,,,0.07,,,3974.12,,64.55,,,,,19.23,,1.5,,,,1.1905,20.672,5.655,1.2475,,,,,
2021-03-18,,,,,,,,,0.07,,,3915.46,,59.95,,,,,21.58,,1.55,,,,1.1926,20.44,5.5366,1.2434,,,,,
2021-03-19,,,,,,,,,0.07,,,3913.1,,61.43,,,,,20.95,,1.58,,,,1.1909,20.4971,5.475,1.2511,,,,,
2021-03-20,,,,627000.0,,,,,0.07,,,,,,3887000.0,,,,,,,,,,,,,,,,,,
2021-03-21,,,,,,,,,0.07,,,,,,,,,,,,,,,,,,,,,,,,
2021-03-22,,,,,,,,,0.07,,,3940.59,2.865,61.48,,,,,18.88,,1.54,,,,1.1932,20.588,5.5316,1.2528,,,,,
2021-03-23,,,,,,,,,0.07,,,3910.52,,57.75,,,,,20.3,,1.48,,,,1.1872,20.629,5.4771,1.2548,,,,,
2021-03-24,,,,,,,,,0.07,,,3889.14,,61.12,,,,,21.2,,1.48,,,,1.1831,20.793,5.555,1.2551,,,,,
2021-03-25,,,,,,,,,0.07,,,3909.52,,58.47,,,,,19.81,,1.49,,,,1.1777,20.783,5.6352,1.2613,,,,,
2021-03-26,,,,,,,,,0.07,,,3974.54,,60.93,,,,,18.86,,1.53,,,,1.1798,20.573,5.7132,1.2577,,,,,
2021-03-27,,,,658000.0,,,,,0.07,,,,,,3859000.0,,,,,,,,,,,,,,,,,,
2021-03-28,,,,,,,,,0.07,,,,,,,,,,,,,,,,,,,,,,,,
2021-03-29,,,,,,,,,0.07,,,3971.09,2.852,61.49,,,,,20.74,,1.59,,,,1.1779,20.585,5.7778,1.2592,,,,,
2021-03-30,,,,,,,,,0.07,,,3958.55,,60.55,,,,,19.61,,1.57,,,,1.1724,20.597,5.7439,1.2626,,,,,
2021-03-31,,,,,,,,,0.06,,,3972.89,,59.19,,,,,19.4,,1.58,,,,1.1743,20.441,5.659,1.2571,,,,,
2021-04-01,144587.0,6.1,30.22,,88.3,3.4,266.614,12193.0,0.07,111.626,61.6,4019.87,,61.41,,2816.8,41.6,99.96289,17.33,3.53,1.52,217.9,542199.0,4.8,1.1772,20.3358,5.6887,1.2569,98.19588,,2.75,0.5,8.2
2021-04-02,,,,,,,,,0.07,,,,,,,,,,,,1.53,,,,1.1763,20.305,5.7075,1.2566,,,,,
2021-04-03,,,,645000.0,,,,,0.07,,,,,,3830000.0,,,,,,,,,,,,,,,,,,
2021-04-04,,,,,,,,,0.07,,,,,,,,,,,,,,,,,,,,,,,,
2021-04-05,,,,,,,,,0.07,,,4077.91,2.857,58.73,,,,,17.91,,1.56,,,,1.181,20.242,5.6584,1.2512,,,,,
2021-04-06,,,,,,,,,0.07,,,4073.94,,59.34,,,,,18.12,,1.51,,,,1.1852,20.141,5.6143,1.254,,,,,
2021-04-07,,,,,,,,,0.07,,,4079.95,,59.77,,,,,17.16,,1.52,,,,1.189,20.18,5.6062,1.2614,,,,,
2021-04-08,,,,,,,,,0.07,,,4097.17,,59.61,,,,,16.95,,1.5,,,,1.1904,20.09,5.5743,1.2576,,,,,
2021-04-09,,,,,,,,,0.07,,,4128.8,,59.29,,,,,16.69,,1.51,,,,1.1897,20.162,5.6522,1.254,,,,,
2021-04-10,,,,571000.0,,,,,0.07,,,,,,3779000.0,,,,,,,,,,,,,,,,,,
2021-04-11,,,,,,,,,0.07,,,,,,,,,,,,,,,,,,,,,,,,
2021-04-12,,,,,,,,,0.07,,,4127.99,2.849,59.7,,,,,16.91,,1.51,,,,1.1907,20.101,5.6974,1.2556,,,,,
2021-04-13,,,,,,,,,0.07,,,4141.59,,60.2,,,,,16.65,,1.48,,,,1.1939,20.052,5.6898,1.2541,,,,,
2021-04-14,,,,,,,,,0.07,,,4124.66,,63.15,,,,,16.99,,1.48,,,,1.1974,20.058,5.6806,1.2515,,,,,
2021-04-15,,,,,,,,,0.07,,,4170.42,,63.42,,,,,16.57,,1.4,,,,1.1964,19.918,5.611,1.2539,,,,,
2021-04-16,,,,,,,,,0.07,,,4185.47,,63.16,,,,,16.25,,1.43,,,,1.198,19.912,5.6107,1.2498,,,,,
2021-04-17,,,,566000.0,,,,,0.07,,,,,,3776000.0,,,,,,,,,,,,,,,,,,
2021-04-18,,,,,,,,,0.07,,,,,,,,,,,,,,,,,,,,,,,,
2021-04-19,,,,,,,,,0.07,,,4163.26,2.855,63.33,,,,,17.29,,1.45,,,,1.2028,19.811,5.5687,1.2534,,,,,
2021-04-20,,,,,,,,,0.07,,,4134.94,,62.61,,,,,18.68,,1.43,,,,1.2045,19.872,5.5185,1.2574,,,,,
2021-04-21,,,,,,,,,0.07,,,4173.42,,61.34,,,,,17.5,,1.42,,,,1.2033,19.884,5.5687,1.2484,,,,,
2021-04-22,,,,,,,,,0.07,,,4134.98,,61.45,,,,,18.71,,1.41,,,,1.2012,19.874,5.4971,1.249,,,,,
2021-04-23,,,,,,,,,0.07,,,4180.17,,62.18,,,,,17.33,,1.42,,,,1.2069,19.852,5.5011,1.2495,,,,,
2021-04-24,,,,574000.0,,,,,0.07,,,,,,3767000.0,,,,,,,,,,,,,,,,,,
2021-04-25,,,,,,,,,0.07,,,,,,,,,,,,,,,,,,,,,,,,
2021-04-26,,,,,,,,,0.07,,,4187.62,2.872,62.02,,,,,17.64,,1.4,,,,1.2083,19.843,5.4508,1.2399,,,,,
2021-04-27,,,,,,,,,0.07,,,4186.72,,63.03,,,,,17.56,,1.46,,,,1.2079,19.974,5.4342,1.2396,,,,,
2021-04-28,,,,,,,,,0.07,,,4183.18,,63.81,,,,,17.28,,1.46,,,,1.2098,19.942,5.3964,1.2354,,,,,
2021-04-29,,,,,,,,,0.06,,,4211.47,,65.0,,,,,17.61,,1.49,,,,1.211,20.109,5.3624,1.2295,,,,,
2021-04-30,,,,,,,,,0.05,,,4181.17,,63.5,,,,,18.61,,1.49,,,,1.203,20.169,5.4194,1.2291,,,,,
2021-05-01,145065.0,5.8,30.41,517000.0,82.9,4.6,268.383,12216.0,0.05,,61.6,,,,3756000.0,2806.6,41.5,99.90543,,3.56,,224.9,536589.0,4.7,,,,,96.64948,,3.4,0.5,8.3
2021-05-02,,,,,,,,,0.05,,,,,,,,,,,,,,,,,,,,,,,,
2021-05-03,,,,,,,,,0.06,,,4192.66,2.89,64.46,,,,,18.31,,1.47,,,,1.2059,20.2,5.3857,1.2275,,,,,
2021-05-04,,,,,,,,,0.06,,,4164.66,,65.72,,,,,19.48,,1.45,,,,1.2014,20.256,5.449,1.232,,,,,
2021-05-05,,,,,,,,,0.06,,,4167.59,,65.63,,,,,19.15,,1.43,,,,1.2003,20.216,5.3648,1.2262,,,,,
2021-05-06,,,,,,,,,0.06,,,4201.62,,64.73,,,,,18.39,,1.42,,,,1.2049,20.177,5.2804,1.2192,,,,,
2021-05-07,,,,,,,,,0.06,,,4232.6,,64.96,,,,,16.69,,1.46,,,,1.2165,19.901,5.214,1.2137,,,,,
2021-05-08,,,,494000.0,,,,,0.06,,,,,,3737000.0,,,,,,,,,,,,,,,,,,
2021-05-09,,,,,,,,,0.06,,,,,,,,,,,,,,,,,,,,,,,,
2021-05-10,,,,,,,,,0.06,,,4188.43,2.961,64.92,,,,,19.66,,1.47,,,,1.217,19.87,5.2244,1.2085,,,,,
2021-05-11,,,,,,,,,0.06,,,4152.1,,65.31,,,,,21.84,,1.48,,,,1.2169,19.855,5.2124,1.2092,,,,,
2021-05-12,,,,,,,,,0.06,,,4063.04,,65.96,,,,,27.59,,1.53,,,,1.2074,20.116,5.2529,1.2104,,,,,
2021-05-13,,,,,,,,,0.06,,,4112.5,,63.82,,,,,23.13,,1.5,,,,1.207,20.046,5.2793,1.2147,,,,,
2021-05-14,,,,,,,,,0.06,,,4173.85,,65.32,,,,,18.81,,1.47,,,,1.2141,19.86,5.2574,1.2114,,,,,
2021-05-15,,,,467000.0,,,,,0.06,,,,,,3618000.0,,,,,,,,,,,,,,,,,,
2021-05-16,,,,,,,,,0.06,,,,,,,,,,,,,,,,,,,,,,,,
2021-05-17,,,,,,,,,0.06,,,4163.29,3.028,66.24,,,,,19.72,,1.48,,,,1.2155,19.8,5.2594,1.2073,,,,,
2021-05-18,,,,,,,,,0.06,,,4127.83,,65.49,,,,,21.34,,1.48,,,,1.2203,19.828,5.2359,1.2061,,,,,
2021-05-19,,,,,,,,,0.06,,,4115.68,,63.28,,,,,22.18,,1.52,,,,1.2216,19.8,5.265,1.2089,,,,,
2021-05-20,,,,,,,,,0.06,,,4159.12,,61.95,,,,,20.67,,1.48,,,,1.2225,19.877,5.2831,1.2049,,,,,
2021-05-21,,,,,,,,,0.06,,,4155.86,,63.61,,,,,20.15,,1.46,,,,1.2178,19.94,5.3235,1.2072,,,,,
2021-05-22,,,,441000.0,,,,,0.06,,,,,,3575000.0,,,,,,,,,,,,,,,,,,
2021-05-23,,,,,,,,,0.06,,,,,,,,,,,,,,,,,,,,,,,,
2021-05-24,,,,,,,,,0.06,,,4197.05,3.02,66.13,,,,,18.4,,1.46,,,,1.221,19.863,5.3223,1.2082,,,,,
2021-05-25,,,,,,,,,0.06,,,4188.13,,66.27,,,,,18.84,,1.41,,,,1.2233,19.888,5.306,1.2069,,,,,
2021-05-26,,,,,,,,,0.06,,,4195.99,,66.41,,,,,17.36,,1.44,,,,1.2204,19.894,5.3062,1.2111,,,,,
2021-05-27,,,,,,,,,0.06,,,4200.88,,66.87,,,,,16.74,,1.47,,,,1.2194,19.97,5.2642,1.2075,,,,,
2021-05-28,,,,,,,,,0.05,,,4204.11,,66.31,,,,,16.76,,1.44,,,,1.2194,19.93,5.2187,1.2087,,,,,
2021-05-29,,,,427000.0,,,,,0.05,,,,,,3422000.0,,,,,,,,,,,,,,,,,,
2021-05-30,,,,,,,,,0.05,,,,,,,,,,,,,,,,,,,,,,,,
2021-05-31,,,,,,,,,0.05,,,,3.027,,,,,,,,,,,,,,,,,,,,
2021-06-01,145820.0,5.9,30.54,,85.5,4.2,270.654,12247.0,0.06,,61.7,4202.04,,67.8,,2856.9,41.4,99.70004,17.9,3.36,1.46,228.9,540152.0,4.6,1.2241,19.897,5.1631,1.2031,95.1031,,3.9,0.5,7.9
2021-06-02,,,,,,,,,0.06,,,4208.12,,68.79,,,,,17.48,,1.46,,,,1.2213,19.895,5.0743,1.2047,,,,,
2021-06-03,,,,,,,,,0.06,,,4192.85,,68.81,,,,,18.04,,1.47,,,,1.2122,20.065,5.0777,1.2116,,,,,
2021-06-04,,,,,,,,,0.06,,,4229.89,,69.57,,,,,16.42,,1.42,,,,1.2173,19.927,5.067,1.2088,,,,,
2021-06-05,,,,420000.0,,,,,0.06,,,,,,3350000.0,,,,,,,,,,,,,,,,,,
2021-06-06,,,,,,,,,0.06,,,,,,,,,,,,,,,,,,,,,,,,
2021-06-07,,,,,,,,,0.06,,,4226.52,3.035,69.21,,,,,16.42,,1.41,,,,1.22,19.78,5.019,1.2062,,,,,
2021-06-08,,,,,,,,,0.06,,,4227.26,,70.11,,,,,17.07,,1.39,,,,1.218,19.772,5.0383,1.2101,,,,,
2021-06-09,,,,,,,,,0.06,,,4219.55,,69.9,,,,,17.89,,1.34,,,,1.2184,19.686,5.0651,1.2102,,,,,
2021-06-10,,,,,,,,,0.06,,,4239.18,,70.34,,,,,16.1,,1.31,,,,1.2173,19.675,5.0672,1.2095,,,,,
2021-06-11,,,,,,,,,0.06,,,4247.44,,71.0,,,,,15.65,,1.31,,,,1.2101,19.961,5.1299,1.2162,,,,,
2021-06-12,,,,428000.0,,,,,0.06,,,,,,3268000.0,,,,,,,,,,,,,,,,,,
2021-06-13,,,,,,,,,0.06,,,,,,,,,,,,,,,,,,,,,,,,
2021-06-14,,,,,,,,,0.06,,,4255.15,3.069,70.94,,,,,16.39,,1.35,,,,1.2126,19.915,5.0567,1.2131,,,,,
2021-06-15,,,,,,,,,0.06,,,4246.59,,72.06,,,,,17.02,,1.35,,,,1.212,20.169,5.0911,1.2202,,,,,
2021-06-16,,,,,,,,,0.06,,,4223.7,,72.03,,,,,18.15,,1.36,,,,1.2119,20.044,4.9991,1.2165,,,,,
2021-06-17,,,,,,,,,0.1,,,4221.86,,71.06,,,,,17.75,,1.29,,,,1.1911,20.468,5.0244,1.2353,,,,,
2021-06-18,,,,,,,,,0.1,,,4166.45,,71.64,,,,,20.7,,1.19,,,,1.1872,20.671,5.0405,1.2437,,,,,
2021-06-19,,,,422000.0,,,,,0.1,,,,,,3263000.0,,,,,,,,,,,,,,,,,,
2021-06-20,,,,,,,,,0.1,,,,,,,,,,,,,,,,,,,,,,,,
2021-06-21,,,,,,,,,0.1,,,4224.79,3.06,73.64,,,,,17.89,,1.23,,,,1.1909,20.597,5.0306,1.237,,,,,
2021-06-22,,,,,,,,,0.1,,,4246.44,,73.15,,,,,16.66,,1.23,,,,1.191,20.583,4.9994,1.2364,,,,,
2021-06-23,,,,,,,,,0.1,,,4241.84,,73.11,,,,,16.32,,1.24,,,,1.195,20.26,4.9518,1.2286,,,,,
2021-06-24,,,,,,,,,0.1,,,4266.49,,73.31,,,,,15.97,,1.23,,,,1.1927,20.044,4.9169,1.2337,,,,,
2021-06-25,,,,,,,,,0.1,,,4280.7,,74.21,,,,,15.62,,1.26,,,,1.194,19.793,4.9245,1.2293,,,,,
2021-06-26,,,,368000.0,,,,,0.1,,,,,,3313000.0,,,,,,,,,,,,,,,,,,
2021-06-27,,,,,,,,,0.1,,,,,,,,,,,,,,,,,,,,,,,,
2021-06-28,,,,,,,,,0.1,,,4290.61,3.091,72.98,,,,,15.76,,1.24,,,,1.1938,19.78,4.9451,1.2325,,,,,
2021-06-29,,,,,,,,,0.1,,,4291.8,,73.14,,,,,16.02,,1.22,,,,1.1905,19.802,4.9378,1.2378,,,,,
2021-06-30,,,,,,,,,0.08,,,4297.5,,73.52,,,,,15.83,,1.2,,,,1.1848,19.906,5.0083,1.2404,,,,,
2021-07-01,146762.0,5.4,30.66,,81.2,4.7,271.903,12305.0,0.1,110.948,61.8,4319.94,,75.33,,2889.3,41.4,99.24198,15.48,3.14,1.23,231.85,528600.0,4.5,1.1857,19.987,5.0339,1.2405,96.64948,,4.25,0.5,7.4
2021-07-02,,,,,,,,,0.1,,,4352.34,,75.37,,,,,15.07,,1.2,,,,1.1848,19.844,5.0431,1.2346,,,,,
2021-07-03,,,,371000.0,,,,,0.1,,,,,,3179000.0,,,,,,,,,,,,,,,,,,
2021-07-04,,,,,,,,,0.1,,,,,,,,,,,,,,,,,,,,,,,,
2021-07-05,,,,,,,,,0.1,,,,3.122,,,,,,,,,,,,,,,,,,,,
2021-07-06,,,,,,,,,0.1,,,4343.54,,73.62,,,,,16.44,,1.15,,,,1.1816,19.984,5.1803,1.2466,,,,,
2021-07-07,,,,,,,,,0.1,,,4358.13,,72.22,,,,,16.2,,1.11,,,,1.1803,19.987,5.2678,1.2506,,,,,
2021-07-08,,,,,,,,,0.1,,,4320.82,,72.98,,,,,19.0,,1.11,,,,1.184,19.965,5.2336,1.2533,,,,,
2021-07-09,,,,,,,,,0.1,,,4369.55,,74.56,,,,,16.18,,1.14,,,,1.1861,19.881,5.2579,1.2476,,,,,
2021-07-10,,,,333000.0,,,,,0.1,,,,,,3061000.0,,,,,,,,,,,,,,,,,,
2021-07-11,,,,,,,,,0.1,,,,,,,,,,,,,,,,,,,,,,,,
2021-07-12,,,,,,,,,0.1,,,4384.63,3.133,74.21,,,,,16.17,,1.15,,,,1.1858,19.844,5.1939,1.2455,,,,,
2021-07-13,,,,,,,,,0.1,,,4369.21,,75.24,,,,,17.12,,1.16,,,,1.1813,19.991,5.1544,1.2511,,,,,
2021-07-14,,,,,,,,,0.1,,,4374.3,,73.06,,,,,16.33,,1.14,,,,1.1826,19.892,5.0861,1.2521,,,,,
2021-07-15,,,,,,,,,0.1,,,4360.03,,71.67,,,,,17.01,,1.08,,,,1.1806,19.928,5.118,1.2575,,,,,
2021-07-16,,,,,,,,,0.1,,,4327.16,,71.76,,,,,18.45,,1.06,,,,1.181,19.838,5.0922,1.2586,,,,,
2021-07-17,,,,387000.0,,,,,0.1,,,,,,3138000.0,,,,,,,,,,,,,,,,,,
2021-07-18,,,,,,,,,0.1,,,,,,,,,,,,,,,,,,,,,,,,
2021-07-19,,,,,,,,,0.1,,,4258.49,3.153,66.45,,,,,22.5,,0.98,,,,1.1804,20.0,5.21,1.2752,,,,,
2021-07-20,,,,,,,,,0.1,,,4323.06,,67.32,,,,,19.73,,1.03,,,,1.1776,20.147,5.219,1.2724,,,,,
2021-07-21,,,,,,,,,0.1,,,4358.69,,70.26,,,,,17.91,,1.08,,,,1.1799,20.153,5.2313,1.2538,,,,,
2021-07-22,,,,,,,,,0.1,,,4367.48,,72.15,,,,,17.69,,1.07,,,,1.1771,20.1934,5.2071,1.2578,,,,,
2021-07-23,,,,,,,,,0.1,,,4411.79,,72.24,,,,,17.2,,1.08,,,,1.1761,20.03,5.1766,1.258,,,,,
2021-07-24,,,,380000.0,,,,,0.1,,,,,,2863000.0,,,,,,,,,,,,,,,,,,
2021-07-25,,,,,,,,,0.1,,,,,,,,,,,,,,,,,,,,,,,,
2021-07-26,,,,,,,,,0.1,,,4422.3,3.136,72.15,,,,,17.58,,1.07,,,,1.181,20.01,5.172,1.254,,,,,
2021-07-27,,,,,,,,,0.1,,,4401.46,,71.68,,,,,19.36,,1.05,,,,1.1831,19.975,5.1603,1.2579,,,,,
2021-07-28,,,,,,,,,0.1,,,4400.64,,72.37,,,,,18.31,,1.06,,,,1.1809,19.941,5.1547,1.2563,,,,,
2021-07-29,,,,,,,,,0.1,,,4419.15,,73.62,,,,,17.7,,1.08,,,,1.1886,19.859,5.0497,1.2439,,,,,
2021-07-30,,,,,,,,,0.07,,,4395.26,,73.93,,,,,18.24,,1.05,,,,1.1864,19.846,5.1411,1.2466,,,,,
2021-07-31,,,,379000.0,,,,,0.07,,,,,,2793000.0,,,,,,,,,,,,,,,,,,
2021-08-01,147314.0,5.1,30.78,,70.3,4.6,272.676,12353.0,0.07,,61.7,,,,,2896.3,41.4,98.68501,,3.15,,233.415,532477.0,4.4,,,,,91.81701,,5.1,0.5,7.1
2021-08-02,,,,,,,,,0.1,,,4387.16,3.159,71.31,,,,,19.46,,1.03,,,,1.1873,19.856,5.1251,1.2501,,,,,
2021-08-03,,,,,,,,,0.1,,,4423.15,,70.64,,,,,18.04,,1.02,,,,1.1859,19.896,5.2362,1.255,,,,,
2021-08-04,,,,,,,,,0.1,,,4402.66,,68.19,,,,,17.97,,1.02,,,,1.1841,19.969,5.2362,1.2551,,,,,
2021-08-05,,,,,,,,,0.1,,,4429.1,,69.1,,,,,17.28,,1.02,,,,1.1838,19.9252,5.175,1.2487,,,,,
2021-08-06,,,,,,,,,0.1,,,4436.52,,68.26,,,,,16.15,,1.1,,,,1.1761,20.018,5.2236,1.2563,,,,,
2021-08-07,,,,361000.0,,,,,0.1,,,,,,2809000.0,,,,,,,,,,,,,,,,,,
2021-08-08,,,,,,,,,0.1,,,,,,,,,,,,,,,,,,,,,,,,
2021-08-09,,,,,,,,,0.1,,,4432.35,3.172,66.56,,,,,16.72,,1.1,,,,1.1749,20.067,5.2861,1.2571,,,,,
2021-08-10,,,,,,,,,0.1,,,4436.75,,68.33,,,,,16.79,,1.12,,,,1.1722,20.086,5.1931,1.2531,,,,,
2021-08-11,,,,,,,,,0.1,,,4447.7,,69.3,,,,,16.06,,1.12,,,,1.1737,19.956,5.203,1.2513,,,,,
2021-08-12,,,,,,,,,0.1,,,4460.83,,69.12,,,,,15.59,,1.13,,,,1.1736,19.891,5.2352,1.2518,,,,,
2021-08-13,,,,,,,,,0.1,,,4468.0,,68.36,,,,,15.45,,1.06,,,,1.1796,19.862,5.2345,1.2512,,,,,
2021-08-14,,,,367000.0,,,,,0.1,,,,,,2802000.0,,,,,,,,,,,,,,,,,,
2021-08-15,,,,,,,,,0.1,,,,,,,,,,,,,,,,,,,,,,,,
2021-08-16,,,,,,,,,0.1,,,4479.71,3.174,67.44,,,,,16.12,,1.05,,,,1.1776,19.885,5.2466,1.257,,,,,
2021-08-17,,,,,,,,,0.1,,,4448.08,,66.5,,,,,17.91,,1.03,,,,1.1714,19.983,5.2538,1.2622,,,,,
2021-08-18,,,,,,,,,0.09,,,4400.27,,65.36,,,,,21.57,,1.04,,,,1.1702,20.011,5.3421,1.2638,,,,,
2021-08-19,,,,,,,,,0.09,,,4405.8,,63.69,,,,,21.67,,1.02,,,,1.1693,20.111,5.4027,1.279,,,,,
2021-08-20,,,,,,,,,0.09,,,4441.67,,62.25,,,,,18.56,,1.03,,,,1.169,20.425,5.399,1.2853,,,,,
2021-08-21,,,,358000.0,,,,,0.09,,,,,,2733000.0,,,,,,,,,,,,,,,,,,
2021-08-22,,,,,,,,,0.09,,,,,,,,,,,,,,,,,,,,,,,,
2021-08-23,,,,,,,,,0.09,,,4479.53,3.145,65.65,,,,,17.15,,1.02,,,,1.1732,20.364,5.384,1.2666,,,,,
2021-08-24,,,,,,,,,0.09,,,4486.23,,67.5,,,,,17.22,,1.05,,,,1.1746,20.318,5.2771,1.2615,,,,,
2021-08-25,,,,,,,,,0.09,,,4496.19,,68.54,,,,,16.79,,1.12,,,,1.1758,20.266,5.247,1.2624,,,,,
2021-08-26,,,,,,,,,0.09,,,4470.0,,67.42,,,,,18.84,,1.09,,,,1.1761,20.357,5.2428,1.2654,,,,,
2021-08-27,,,,,,,,,0.08,,,4509.37,,68.84,,,,,16.39,,1.09,,,,1.1794,20.202,5.1956,1.2613,,,,,
2021-08-28,,,,353000.0,,,,,0.08,,,,,,2786000.0,,,,,,,,,,,,,,,,,,
2021-08-29,,,,,,,,,0.08,,,,,,,,,,,,,,,,,,,,,,,,
2021-08-30,,,,,,,,,0.08,,,4528.79,3.139,69.28,,,,,16.19,,1.09,,,,1.1795,20.127,5.1921,1.2606,,,,,
2021-08-31,,,,,,,,,0.06,,,4522.68,,68.43,,,,,16.48,,1.1,,,,1.18,20.074,5.1405,1.2629,,,,,
2021-09-01,147771.0,4.7,30.98,,72.8,4.6,273.91,12393.0,0.08,,61.7,4524.09,,68.63,,2906.2,41.3,98.3926,16.11,3.15,1.11,235.678,536651.0,4.3,1.185,19.964,5.1809,1.2615,92.10696,,5.5,0.5,7.0
2021-09-02,,,,,,,,,0.08,,,4536.95,,70.07,,,,,16.41,,1.09,,,,1.1858,19.967,5.164,1.2559,,,,,
2021-09-03,,,,,,,,,0.08,,,4535.43,,69.34,,,,,16.41,,1.12,,,,1.1884,19.889,5.1692,1.2524,,,,,
2021-09-04,,,,335000.0,,,,,0.08,,,,,,2608000.0,,,,,,,,,,,,,,,,,,
2021-09-05,,,,,,,,,0.08,,,,,,,,,,,,,,,,,,,,,,,,
2021-09-06,,,,,,,,,0.08,,,,3.176,,,,,,,,,,,,,,,,,,,,
2021-09-07,,,,,,,,,0.08,,,4520.03,,68.49,,,,,18.14,,1.16,,,,1.1849,19.944,5.1692,1.2622,,,,,
2021-09-08,,,,,,,,,0.08,,,4514.07,,69.36,,,,,17.96,,1.13,,,,1.1818,19.937,5.2843,1.2681,,,,,
2021-09-09,,,,,,,,,0.08,,,4493.28,,68.26,,,,,18.8,,1.07,,,,1.1827,19.93,5.2764,1.2648,,,,,
2021-09-10,,,,,,,,,0.08,,,4458.58,,69.82,,,,,20.95,,1.12,,,,1.1821,19.864,5.2169,1.2636,,,,,
2021-09-11,,,,342000.0,,,,,0.08,,,,,,2756000.0,,,,,,,,,,,,,,,,,,
2021-09-12,,,,,,,,,0.08,,,,,,,,,,,,,,,,,,,,,,,,
2021-09-13,,,,,,,,,0.08,,,4468.73,3.165,70.54,,,,,19.37,,1.12,,,,1.1809,19.868,5.2073,1.2643,,,,,
2021-09-14,,,,,,,,,0.08,,,4443.05,,70.53,,,,,19.46,,1.07,,,,1.1824,19.898,5.2235,1.2663,,,,,
2021-09-15,,,,,,,,,0.08,,,4480.7,,72.59,,,,,18.18,,1.1,,,,1.1811,19.898,5.255,1.2653,,,,,
2021-09-16,,,,,,,,,0.08,,,4473.75,,72.69,,,,,18.69,,1.11,,,,1.1764,19.937,5.2535,1.2679,,,,,
2021-09-17,,,,,,,,,0.08,,,4432.99,,72.09,,,,,20.81,,1.14,,,,1.1734,19.9841,5.295,1.2738,,,,,
2021-09-18,,,,367000.0,,,,,0.08,,,,,,2803000.0,,,,,,,,,,,,,,,,,,
2021-09-19,,,,,,,,,0.08,,,,,,,,,,,,,,,,,,,,,,,,
2021-09-20,,,,,,,,,0.08,,,4357.73,3.184,70.41,,,,,25.71,,1.08,,,,1.1729,20.161,5.3266,1.2818,,,,,
2021-09-21,,,,,,,,,0.08,,,4354.19,,70.51,,,,,24.36,,1.11,,,,1.1724,20.117,5.2895,1.2789,,,,,
2021-09-22,,,,,,,,,0.08,,,4395.64,,72.37,,,,,20.87,,1.07,,,,1.1739,20.013,5.2715,1.2733,,,,,
2021-09-23,,,,,,,,,0.08,,,4448.98,,73.43,,,,,18.63,,1.14,,,,1.1735,20.025,5.2917,1.2662,,,,,
2021-09-24,,,,,,,,,0.08,,,4455.48,,74.18,,,,,17.75,,1.18,,,,1.1715,20.094,5.3404,1.2672,,,,,
2021-09-25,,,,375000.0,,,,,0.08,,,,,,2722000.0,,,,,,,,,,,,,,,,,,
2021-09-26,,,,,,,,,0.08,,,,,,,,,,,,,,,,,,,,,,,,
2021-09-27,,,,,,,,,0.08,,,4443.11,3.175,75.54,,,,,18.76,,1.17,,,,1.1702,20.0935,5.3571,1.2643,,,,,
2021-09-28,,,,,,,,,0.08,,,4352.63,,75.44,,,,,23.25,,1.23,,,,1.1681,20.331,5.4279,1.2692,,,,,
2021-09-29,,,,,,,,,0.08,,,4359.46,,75.06,,,,,22.56,,1.25,,,,1.1612,20.491,5.4062,1.275,,,,,
2021-09-30,,,,,,,,,0.06,,,4307.54,,75.22,,,,,23.14,,1.24,,,,1.1577,20.562,5.4528,1.2673,,,,,
2021-10-01,148572.0,4.5,31.14,,71.7,4.8,276.55,12453.0,0.08,111.578,61.8,4357.04,,76.01,,3023.4,41.3,98.20995,21.15,3.27,1.21,240.465,545361.0,4.2,1.1598,20.491,5.3674,1.2657,95.58634,,6.5,0.5,6.5
2021-10-02,,,,312000.0,,,,,0.08,,,,,,2624000.0,,,,,,,,,,,,,,,,,,
2021-10-03,,,,,,,,,0.08,,,,,,,,,,,,,,,,,,,,,,,,
2021-10-04,,,,,,,,,0.08,,,4300.46,3.19,77.68,,,,,22.96,,1.22,,,,1.1622,20.534,5.4333,1.2571,,,,,
2021-10-05,,,,,,,,,0.08,,,4345.72,,79.17,,,,,21.3,,1.26,,,,1.1609,20.562,5.4633,1.2562,,,,,
2021-10-06,,,,,,,,,0.08,,,4363.55,,77.66,,,,,21.0,,1.23,,,,1.1546,20.646,5.513,1.2612,,,,,
2021-10-07,,,,,,,,,0.08,,,4399.76,,78.46,,,,,19.54,,1.26,,,,1.1561,20.593,5.5073,1.2546,,,,,
2021-10-08,,,,,,,,,0.08,,,4391.34,,79.55,,,,,18.77,,1.29,,,,1.1572,20.746,5.5178,1.2477,,,,,
2021-10-09,,,,291000.0,,,,,0.08,,,,,,2533000.0,,,,,,,,,,,,,,,,,,
2021-10-10,,,,,,,,,0.08,,,,,,,,,,,,,,,,,,,,,,,,
2021-10-11,,,,,,,,,0.08,,,4361.19,3.267,80.64,,,,,20.0,,,,,,,,,,,,,,
2021-10-12,,,,,,,,,0.08,,,4350.65,,80.75,,,,,19.85,,1.24,,,,1.1541,20.768,5.532,1.2439,,,,,
2021-10-13,,,,,,,,,0.08,,,4363.8,,80.67,,,,,18.64,,1.19,,,,1.1568,20.648,5.5525,1.2448,,,,,
2021-10-14,,,,,,,,,0.08,,,4438.26,,81.43,,,,,16.86,,1.16,,,,1.1591,20.592,5.5048,1.2362,,,,,
2021-10-15,,,,,,,,,0.08,,,4471.37,,82.39,,,,,16.3,,1.18,,,,1.1594,20.452,5.4457,1.2387,,,,,
2021-10-16,,,,289000.0,,,,,0.08,,,,,,2265000.0,,,,,,,,,,,,,,,,,,
2021-10-17,,,,,,,,,0.08,,,,,,,,,,,,,,,,,,,,,,,,
2021-10-18,,,,,,,,,0.08,,,4486.46,3.322,82.62,,,,,16.31,,1.15,,,,1.1609,20.316,5.5211,1.2362,,,,,
2021-10-19,,,,,,,,,0.08,,,4519.63,,83.19,,,,,15.7,,1.24,,,,1.1632,20.267,5.5525,1.2354,,,,,
2021-10-20,,,,,,,,,0.08,,,4536.19,,84.4,,,,,15.49,,1.25,,,,1.1643,20.169,5.5476,1.2328,,,,,
2021-10-21,,,,,,,,,0.08,,,4549.78,,82.64,,,,,15.01,,1.23,,,,1.1643,20.269,5.6455,1.2339,,,,,
2021-10-22,,,,,,,,,0.08,,,4544.9,,84.53,,,,,15.43,,1.18,,,,1.1632,20.212,5.7223,1.2385,,,,,
2021-10-23,,,,269000.0,,,,,0.08,,,,,,2168000.0,,,,,,,,,,,,,,,,,,
2021-10-24,,,,,,,,,0.08,,,,,,,,,,,,,,,,,,,,,,,,
2021-10-25,,,,,,,,,0.08,,,4566.48,3.383,84.64,,,,,15.24,,1.17,,,,1.1609,20.211,5.6009,1.2373,,,,,
2021-10-26,,,,,,,,,0.08,,,4574.79,,85.64,,,,,15.98,,1.16,,,,1.159,20.219,5.5833,1.2388,,,,,
2021-10-27,,,,,,,,,0.08,,,4551.68,,82.66,,,,,16.98,,1.04,,,,1.16,20.22,5.5812,1.2337,,,,,
2021-10-28,,,,,,,,,0.08,,,4596.42,,82.78,,,,,16.53,,1.07,,,,1.1685,20.332,5.612,1.2348,,,,,
2021-10-29,,,,,,,,,0.07,,,4605.38,,83.5,,,,,16.26,,1.07,,,,1.1552,20.551,5.6291,1.2397,,,,,
2021-10-30,,,,261000.0,,,,,0.07,,,,,,2199000.0,,,,,,,,,,,,,,,,,,
2021-10-31,,,,,,,,,0.07,,,,,,,,,,,,,,,,,,,,,,,,
2021-11-01,149230.0,4.1,31.23,,67.4,4.9,278.919,12498.0,0.08,,61.9,4613.67,3.39,84.08,,3050.6,41.5,98.05109,16.41,3.2,1.08,243.287,551082.0,4.2,1.1591,20.851,5.6795,1.2355,96.16624,,7.75,0.5,6.1
2021-11-02,,,,,,,,,0.08,,,4630.65,,83.91,,,,,16.03,,1.1,,,,1.1581,20.75,5.6795,1.242,,,,,
2021-11-03,,,,,,,,,0.08,,,4660.57,,80.82,,,,,15.1,,1.13,,,,1.1584,20.827,5.6188,1.2416,,,,,
2021-11-04,,,,,,,,,0.08,,,4680.06,,78.88,,,,,15.44,,1.12,,,,1.1546,20.629,5.5877,1.2462,,,,,
2021-11-05,,,,,,,,,0.08,,,4697.53,,81.25,,,,,16.48,,1.06,,,,1.1554,20.425,5.5335,1.2439,,,,,
2021-11-06,,,,251000.0,,,,,0.08,,,,,,2036000.0,,,,,,,,,,,,,,,,,,
2021-11-07,,,,,,,,,0.08,,,,,,,,,,,,,,,,,,,,,,,,
2021-11-08,,,,,,,,,0.08,,,4701.7,3.41,81.96,,,,,17.22,,1.06,,,,1.159,20.336,5.5455,1.2441,,,,,
2021-11-09,,,,,,,,,0.08,,,4685.25,,84.12,,,,,17.78,,1.05,,,,1.1589,20.28,5.502,1.2457,,,,,
2021-11-10,,,,,,,,,0.08,,,4646.71,,81.23,,,,,18.73,,1.05,,,,1.1517,20.468,5.4709,1.2447,,,,,
2021-11-11,,,,,,,,,0.08,,,4649.27,,81.47,,,,,17.66,,,,,,,,,,,,,,
2021-11-12,,,,,,,,,0.08,,,4682.85,,80.87,,,,,16.29,,1.05,,,,1.1443,20.519,5.4341,1.2558,,,,,
2021-11-13,,,,250000.0,,,,,0.08,,,,,,1968000.0,,,,,,,,,,,,,,,,,,
2021-11-14,,,,,,,,,0.08,,,,,,,,,,,,,,,,,,,,,,,,
2021-11-15,,,,,,,,,0.08,,,4682.8,3.399,80.85,,,,,16.49,,1.1,,,,1.1421,20.627,5.4575,1.2515,,,,,
2021-11-16,,,,,,,,,0.08,,,4700.9,,80.76,,,,,16.37,,1.09,,,,1.1333,20.823,5.498,1.2562,,,,,
2021-11-17,,,,,,,,,0.08,,,4688.67,,78.32,,,,,17.11,,1.08,,,,1.1322,20.691,5.5082,1.2594,,,,,
2021-11-18,,,,,,,,,0.08,,,4704.54,,78.92,,,,,17.59,,1.07,,,,1.1358,20.727,5.5485,1.2629,,,,,
2021-11-19,,,,,,,,,0.08,,,4697.96,,76.11,,,,,17.91,,1.02,,,,1.1318,20.799,5.5728,1.2631,,,,,
2021-11-20,,,,224000.0,,,,,0.08,,,,,,1803000.0,,,,,,,,,,,,,,,,,,
2021-11-21,,,,,,,,,0.08,,,,,,,,,,,,,,,,,,,,,,,,
2021-11-22,,,,,,,,,0.08,,,4682.94,3.395,76.74,,,,,19.17,,1.0,,,,1.126,20.972,5.586,1.2684,,,,,
2021-11-23,,,,,,,,,0.08,,,4690.7,,78.32,,,,,19.38,,1.07,,,,1.1265,21.239,5.6485,1.2712,,,,,
2021-11-24,,,,,,,,,0.08,,,4701.46,,78.32,,,,,18.58,,1.0,,,,1.1196,21.397,5.5937,1.2657,,,,,
2021-11-25,,,,,,,,,0.08,,,,,,,,,,,,,,,,,,,,,,,,
2021-11-26,,,,,,,,,0.08,,,4594.62,,,,,,,28.62,,0.98,,,,1.1302,21.853,5.5903,1.2756,,,,,
2021-11-27,,,,221000.0,,,,,0.08,,,,,,1874000.0,,,,,,,,,,,,,,,,,,
2021-11-28,,,,,,,,,0.08,,,,,,,,,,,,,,,,,,,,,,,,
2021-11-29,,,,,,,,,0.08,,,4655.27,3.38,69.88,,,,,22.96,,1.01,,,,1.1261,21.73,5.6233,1.2792,,,,,
2021-11-30,,,,,,,,,0.07,,,4567.0,,66.14,,,,,27.19,,0.91,,,,1.1287,21.453,5.6569,1.2812,,,,,
2021-12-01,149816.0,3.9,31.39,,70.6,4.8,280.845,12537.0,0.08,,62.0,4513.04,,65.44,,3079.9,41.5,97.95181,31.12,3.22,0.87,241.338,547277.0,4.1,1.1323,21.305,5.6355,1.2778,97.22938,,8.9,0.5,5.9
2021-12-02,,,,,,,,,0.08,,,4577.1,,66.6,,,,,27.95,,0.81,,,,1.1306,21.309,5.6272,1.2814,,,,,
2021-12-03,,,,,,,,,0.08,,,4538.43,,66.39,,,,,30.67,,0.75,,,,1.1308,21.439,5.6773,1.2833,,,,,
2021-12-04,,,,206000.0,,,,,0.08,,,,,,1767000.0,,,,,,,,,,,,,,,,,,
2021-12-05,,,,,,,,,0.08,,,,,,,,,,,,,,,,,,,,,,,,
2021-12-06,,,,,,,,,0.08,,,4591.67,3.341,69.62,,,,,27.18,,0.78,,,,1.1282,21.222,5.682,1.2785,,,,,
2021-12-07,,,,,,,,,0.08,,,4686.75,,71.94,,,,,21.89,,0.78,,,,1.1247,21.047,5.6294,1.2651,,,,,
2021-12-08,,,,,,,,,0.08,,,4701.21,,72.43,,,,,19.9,,0.84,,,,1.133,20.959,5.5395,1.2653,,,,,
2021-12-09,,,,,,,,,0.08,,,4667.45,,70.87,,,,,21.58,,0.79,,,,1.1285,21.012,5.5838,1.2698,,,,,
2021-12-10,,,,,,,,,0.08,,,4712.02,,71.71,,,,,18.69,,0.81,,,,1.1312,20.873,5.5991,1.2706,,,,,
2021-12-11,,,,227000.0,,,,,0.08,,,,,,1767000.0,,,,,,,,,,,,,,,,,,
2021-12-12,,,,,,,,,0.08,,,,,,,,,,,,,,,,,,,,,,,,
2021-12-13,,,,,,,,,0.08,,,4668.97,3.315,71.19,,,,,20.31,,0.76,,,,1.1298,20.954,5.6598,1.2795,,,,,
2021-12-14,,,,,,,,,0.08,,,4634.09,,70.57,,,,,21.89,,0.77,,,,1.1267,21.198,5.6713,1.2858,,,,,
2021-12-15,,,,,,,,,0.08,,,4709.85,,70.89,,,,,19.29,,0.78,,,,1.1261,21.23,5.7099,1.2916,,,,,
2021-12-16,,,,,,,,,0.08,,,4668.67,,72.34,,,,,20.57,,0.8,,,,1.1309,20.872,5.6652,1.2772,,,,,
2021-12-17,,,,,,,,,0.08,,,4620.64,,70.93,,,,,21.57,,0.75,,,,1.1277,20.731,5.6754,1.283,,,,,
2021-12-18,,,,215000.0,,,,,0.08,,,,,,1628000.0,,,,,,,,,,,,,,,,,,
2021-12-19,,,,,,,,,0.08,,,,,,,,,,,,,,,,,,,,,,,,
2021-12-20,,,,,,,,,0.08,,,4568.02,3.295,68.69,,,,,22.87,,0.78,,,,1.1298,20.738,5.722,1.2941,,,,,
2021-12-21,,,,,,,,,0.08,,,4649.23,,71.1,,,,,21.01,,0.78,,,,1.1272,20.806,5.7475,1.2927,,,,,
2021-12-22,,,,,,,,,0.08,,,4696.56,,72.82,,,,,18.63,,0.78,,,,1.1324,20.749,5.7017,1.2844,,,,,
2021-12-23,,,,,,,,,0.08,,,4725.79,,73.89,,,,,17.96,,0.79,,,,1.132,20.648,5.6821,1.2809,,,,,
2021-12-24,,,,,,,,,0.08,,,,,,,,,,,,,,,,,,,,,,,,
2021-12-25,,,,217000.0,,,,,0.08,,,,,,1703000.0,,,,,,,,,,,,,,,,,,
2021-12-26,,,,,,,,,0.08,,,,,,,,,,,,,,,,,,,,,,,,
2021-12-27,,,,,,,,,0.08,,,4791.19,3.275,75.49,,,,,17.68,,0.72,,,,1.1329,20.676,5.6401,1.2797,,,,,
2021-12-28,,,,,,,,,0.08,,,4786.35,,76.01,,,,,17.54,,0.75,,,,1.1314,20.581,5.6372,1.2814,,,,,
2021-12-29,,,,,,,,,0.08,,,4793.06,,76.58,,,,,16.95,,0.8,,,,1.1337,20.583,5.6915,1.281,,,,,
2021-12-30,,,,,,,,,0.08,,,4778.73,,76.83,,,,,17.33,,0.79,,,,1.1318,20.514,5.5749,1.2777,,,,,
2021-12-31,,,,,,,,,0.07,,,4766.18,,75.33,,,,,17.22,,0.79,,,,,,,,,,,,
2022-01-01,150006.0,4.0,31.6,229000.0,67.2,4.9,282.543,12564.0,0.07,110.176,62.2,,,,1690000.0,3077.4,41.2,97.72173,,3.5,,246.453,560257.0,3.9,,,,,97.03608,,9.25,0.5,6.4
2022-01-02,,,,,,,,,0.07,,,,,,,,,,,,,,,,,,,,,,,,
2022-01-03,,,,,,,,,0.08,,,4796.56,3.281,75.99,,,,,16.6,,0.85,,,,1.129,20.57,5.6597,1.2757,,,,,
2022-01-04,,,,,,,,,0.08,,,4793.54,,77.0,,,,,16.91,,0.89,,,,1.1296,20.501,5.677,1.2697,,,,,
2022-01-05,,,,,,,,,0.08,,,4700.58,,77.83,,,,,19.73,,0.88,,,,1.1335,20.439,5.6876,1.27,,,,,
2022-01-06,,,,,,,,,0.08,,,4696.05,,79.47,,,,,19.61,,0.85,,,,1.1307,20.435,5.7027,1.2725,,,,,
2022-01-07,,,,,,,,,0.08,,,4677.03,,79.0,,,,,18.76,,0.89,,,,1.1358,20.397,5.6253,1.2643,,,,,
2022-01-08,,,,250000.0,,,,,0.08,,,,,,1721000.0,,,,,,,,,,,,,,,,,,
2022-01-09,,,,,,,,,0.08,,,,,,,,,,,,,,,,,,,,,,,,
2022-01-10,,,,,,,,,0.08,,,4670.29,3.295,78.11,,,,,19.4,,0.86,,,,1.1328,20.455,5.6788,1.2679,,,,,
2022-01-11,,,,,,,,,0.08,,,4713.07,,81.17,,,,,18.41,,0.85,,,,1.1363,20.353,5.598,1.2598,,,,,
2022-01-12,,,,,,,,,0.08,,,4726.35,,82.51,,,,,17.62,,0.82,,,,1.1431,20.367,5.5541,1.2501,,,,,
2022-01-13,,,,,,,,,0.08,,,4659.03,,81.97,,,,,20.31,,0.79,,,,1.1464,20.36,5.5122,1.2482,,,,,
2022-01-14,,,,,,,,,0.08,,,4662.85,,83.82,,,,,19.19,,0.79,,,,1.1414,20.316,5.5393,1.2549,,,,,
2022-01-15,,,,246000.0,,,,,0.08,,,,,,1700000.0,,,,,,,,,,,,,,,,,,
2022-01-16,,,,,,,,,0.08,,,,,,,,,,,,,,,,,,,,,,,,
2022-01-17,,,,,,,,,0.08,,,,3.306,,,,,,,,,,,,,,,,,,,,
2022-01-18,,,,,,,,,0.08,,,4577.11,,85.42,,,,,22.79,,0.81,,,,1.1336,20.378,5.5329,1.2535,,,,,
2022-01-19,,,,,,,,,0.08,,,4532.76,,86.84,,,,,23.85,,0.79,,,,1.1346,20.47,5.4668,1.2499,,,,,
2022-01-20,,,,,,,,,0.08,,,4482.73,,86.29,,,,,25.59,,0.75,,,,1.1336,20.423,5.4052,1.2462,,,,,
2022-01-21,,,,,,,,,0.08,,,4397.94,,85.16,,,,,28.85,,0.74,,,,1.1346,20.468,5.4225,1.2542,,,,,
2022-01-22,,,,240000.0,,,,,0.08,,,,,,1709000.0,,,,,,,,,,,,,,,,,,
2022-01-23,,,,,,,,,0.08,,,,,,,,,,,,,,,,,,,,,,,,
2022-01-24,,,,,,,,,0.08,,,4410.13,3.323,84.48,,,,,29.9,,0.76,,,,1.131,20.659,5.5116,1.2688,,,,,
2022-01-25,,,,,,,,,0.08,,,4356.45,,86.61,,,,,31.16,,0.76,,,,1.1283,20.677,5.4818,1.2637,,,,,
2022-01-26,,,,,,,,,0.08,,,4349.93,,88.33,,,,,31.96,,0.72,,,,1.1279,20.648,5.4366,1.2597,,,,,
2022-01-27,,,,,,,,,0.08,,,4326.51,,87.61,,,,,30.49,,0.63,,,,1.1141,20.76,5.4252,1.2709,,,,,
2022-01-28,,,,,,,,,0.08,,,4431.85,,87.67,,,,,27.66,,0.63,,,,1.116,20.834,5.3943,1.2753,,,,,
2022-01-29,,,,231000.0,,,,,0.08,,,,,,1695000.0,,,,,,,,,,,,,,,,,,
2022-01-30,,,,,,,,,0.08,,,,,,,,,,,,,,,,,,,,,,,,
2022-01-31,,,,,,,,,0.08,,,4515.55,3.368,89.16,,,,,24.83,,0.61,,,,1.1212,20.637,5.2893,1.2694,,,,,
2022-02-01,150825.0,3.9,31.64,,62.8,4.9,284.5,12601.0,0.08,,62.3,4546.54,,88.22,,3147.0,41.5,97.42072,21.96,3.89,0.63,252.66,563777.0,3.8,1.1239,20.569,5.2812,1.2688,97.61598,,10.64,0.5,5.5
2022-02-02,,,,,,,,,0.08,,,4589.38,,88.16,,,,,22.09,,0.62,,,,1.1299,20.5898,5.2787,1.2689,,,,,
2022-02-03,,,,,,,,,0.08,,,4477.44,,90.17,,,,,24.35,,0.63,,,,1.1425,20.554,5.3047,1.2679,,,,,
2022-02-04,,,,,,,,,0.08,,,4500.53,,92.27,,,,,23.22,,0.62,,,,1.1455,20.718,5.3266,1.2759,,,,,
2022-02-05,,,,210000.0,,,,,0.08,,,,,,1671000.0,,,,,,,,,,,,,,,,,,
2022-02-06,,,,,,,,,0.08,,,,,,,,,,,,,,,,,,,,,,,,
2022-02-07,,,,,,,,,0.08,,,4483.87,3.444,91.25,,,,,22.86,,0.62,,,,1.1434,20.644,5.2922,1.2685,,,,,
2022-02-08,,,,,,,,,0.08,,,4521.54,,89.32,,,,,21.44,,0.61,,,,1.1416,20.636,5.2712,1.2709,,,,,
2022-02-09,,,,,,,,,0.08,,,4587.18,,89.57,,,,,19.96,,0.58,,,,1.1435,20.5,5.2641,1.2675,,,,,
2022-02-10,,,,,,,,,0.08,,,4504.08,,89.83,,,,,23.91,,0.42,,,,1.1487,20.433,5.1978,1.2647,,,,,
2022-02-11,,,,,,,,,0.08,,,4418.64,,93.1,,,,,27.36,,0.42,,,,1.1404,20.406,5.2015,1.2678,,,,,
2022-02-12,,,,234000.0,,,,,0.08,,,,,,1637000.0,,,,,,,,,,,,,,,,,,
2022-02-13,,,,,,,,,0.08,,,,,,,,,,,,,,,,,,,,,,,,
2022-02-14,,,,,,,,,0.08,,,4401.67,3.487,95.52,,,,,28.33,,0.4,,,,1.1306,20.402,5.2153,1.2732,,,,,
2022-02-15,,,,,,,,,0.08,,,4471.07,,92.07,,,,,25.7,,0.47,,,,1.1363,20.363,5.1807,1.2742,,,,,
2022-02-16,,,,,,,,,0.08,,,4475.01,,93.83,,,,,24.29,,0.51,,,,1.1381,20.312,5.1584,1.2687,,,,,
2022-02-17,,,,,,,,,0.08,,,4380.26,,91.78,,,,,28.11,,0.48,,,,1.1364,20.285,5.1599,1.2696,,,,,
2022-02-18,,,,,,,,,0.08,,,4348.87,,91.26,,,,,27.75,,0.45,,,,1.1327,20.299,5.1219,1.2748,,,,,
2022-02-19,,,,224000.0,,,,,0.08,,,,,,1615000.0,,,,,,,,,,,,,,,,,,
2022-02-20,,,,,,,,,0.08,,,,,,,,,,,,,,,,,,,,,,,,
2022-02-21,,,,,,,,,0.08,,,,3.53,,,,,,,,,,,,,,,,,,,,
2022-02-22,,,,,,,,,0.08,,,4304.76,,92.11,,,,,28.81,,0.38,,,,1.1342,20.282,5.0611,1.2736,,,,,
2022-02-23,,,,,,,,,0.08,,,4225.5,,92.14,,,,,31.02,,0.41,,,,1.1316,20.245,5.0181,1.2717,,,,,
2022-02-24,,,,,,,,,0.08,,,4288.7,,92.77,,,,,30.32,,0.42,,,,1.1154,20.643,5.1248,1.284,,,,,
2022-02-25,,,,,,,,,0.08,,,4384.65,,91.68,,,,,27.59,,0.42,,,,1.1261,20.415,5.1515,1.274,,,,,
2022-02-26,,,,208000.0,,,,,0.08,,,,,,1613000.0,,,,,,,,,,,,,,,,,,
2022-02-27,,,,,,,,,0.08,,,,,,,,,,,,,,,,,,,,,,,,
2022-02-28,,,,,,,,,0.08,,,4373.94,3.608,96.13,,,,,30.15,,0.39,,,,1.1224,20.403,5.1599,1.2662,,,,,
2022-03-01,151315.0,3.7,31.8,,59.4,5.4,287.674,12674.0,0.08,,62.4,4306.26,,103.66,,3161.4,41.5,97.18818,33.32,4.09,0.41,260.014,574485.0,3.8,1.1103,20.579,5.1595,1.2709,92.68686,,11.23,0.75,5.4
2022-03-02,,,,,,,,,0.08,,,4386.54,,110.74,,,,,30.74,,0.36,,,,1.1102,20.619,5.1511,1.2657,,,,,
2022-03-03,,,,,,,,,0.08,,,4363.49,,107.69,,,,,30.48,,0.33,,,,1.1053,20.714,5.0551,1.2675,,,,,
2022-03-04,,,,,,,,,0.08,,,4328.87,,115.77,,,,,31.98,,0.24,,,,1.0912,20.936,5.0867,1.276,,,,,
2022-03-05,,,,222000.0,,,,,0.08,,,,,,1583000.0,,,,,,,,,,,,,,,,,,
2022-03-06,,,,,,,,,0.08,,,,,,,,,,,,,,,,,,,,,,,,
2022-03-07,,,,,,,,,0.08,,,4201.09,4.102,119.26,,,,,36.45,,0.23,,,,1.086,21.236,5.0841,1.2772,,,,,
2022-03-08,,,,,,,,,0.08,,,4170.7,,123.64,,,,,35.13,,0.23,,,,1.0881,21.396,5.0874,1.2893,,,,,
2022-03-09,,,,,,,,,0.08,,,4277.88,,108.81,,,,,32.45,,0.26,,,,1.1069,20.952,4.9932,1.2812,,,,,
2022-03-10,,,,,,,,,0.08,,,4259.52,,105.93,,,,,30.23,,0.26,,,,1.1007,20.974,5.0424,1.2772,,,,,
2022-03-11,,,,,,,,,0.08,,,4204.31,,109.31,,,,,30.75,,0.25,,,,1.0937,20.964,5.0513,1.2723,,,,,
2022-03-12,,,,217000.0,,,,,0.08,,,,,,1541000.0,,,,,,,,,,,,,,,,,,
2022-03-13,,,,,,,,,0.08,,,,,,,,,,,,,,,,,,,,,,,,
2022-03-14,,,,,,,,,0.08,,,4173.11,4.315,103.22,,,,,31.77,,0.27,,,,1.0979,20.906,5.0834,1.2774,,,,,
2022-03-15,,,,,,,,,0.08,,,4262.45,,96.42,,,,,29.83,,0.3,,,,1.0974,20.885,5.1424,1.2806,,,,,
2022-03-16,,,,,,,,,0.08,,,4357.86,,94.85,,,,,26.67,,0.24,,,,1.0996,20.728,5.1083,1.2742,,,,,
2022-03-17,,,,,,,,,0.33,,,4411.67,,102.97,,,,,25.67,,0.26,,,,1.111,20.551,5.0427,1.2637,,,,,
2022-03-18,,,,,,,,,0.33,,,4463.12,,104.69,,,,,23.87,,0.17,,,,1.1044,20.404,5.0165,1.2633,,,,,
2022-03-19,,,,207000.0,,,,,0.33,,,,,,1518000.0,,,,,,,,,,,,,,,,,,
2022-03-20,,,,,,,,,0.33,,,,,,,,,,,,,,,,,,,,,,,,
2022-03-21,,,,,,,,,0.33,,,4461.18,4.239,112.14,,,,,23.53,,0.18,,,,1.1048,20.286,4.9477,1.258,,,,,
2022-03-22,,,,,,,,,0.33,,,4511.61,,111.03,,,,,22.94,,0.2,,,,1.1022,20.265,4.9365,1.2604,,,,,
2022-03-23,,,,,,,,,0.33,,,4456.24,,114.89,,,,,23.57,,0.19,,,,1.1001,20.17,4.8479,1.2555,,,,,
2022-03-24,,,,,,,,,0.33,,,4520.16,,114.2,,,,,21.67,,0.21,,,,1.1006,20.12,4.8202,1.2532,,,,,
2022-03-25,,,,,,,,,0.33,,,4543.06,,116.2,,,,,20.81,,0.18,,,,1.0985,19.94,4.7577,1.2512,,,,,
2022-03-26,,,,214000.0,,,,,0.33,,,,,,1532000.0,,,,,,,,,,,,,,,,,,
2022-03-27,,,,,,,,,0.33,,,,,,,,,,,,,,,,,,,,,,,,
2022-03-28,,,,,,,,,0.33,,,4575.52,4.231,107.55,,,,,19.63,,0.11,,,,1.0977,20.14,4.7917,1.255,,,,,
2022-03-29,,,,,,,,,0.33,,,4631.6,,104.25,,,,,18.9,,0.06,,,,1.1104,20.012,4.7554,1.2513,,,,,
2022-03-30,,,,,,,,,0.33,,,4602.45,,107.81,,,,,19.33,,0.04,,,,1.1163,19.833,4.7695,1.2495,,,,,
2022-03-31,,,,,,,,,0.33,,,4530.41,,100.53,,,,,20.56,,0.04,,,,1.1093,19.911,4.7264,1.2482,,,,,
2022-04-01,151623.0,3.7,31.96,,65.2,5.4,288.561,12726.0,0.33,109.36,62.2,4545.86,,99.32,,3132.6,41.3,97.02539,19.63,4.33,-0.05,265.31,580943.0,3.7,1.1043,19.837,4.6944,1.2507,94.42654,,11.75,1.25,5.4
2022-04-02,,,,214000.0,,,,,0.33,,,,,,1492000.0,,,,,,,,,,,,,,,,,,
2022-04-03,,,,,,,,,0.33,,,,,,,,,,,,,,,,,,,,,,,,
2022-04-04,,,,,,,,,0.33,,,4582.64,4.17,103.29,,,,,18.57,,-0.01,,,,1.0992,19.745,4.6195,1.2491,,,,,
2022-04-05,,,,,,,,,0.33,,,4525.12,,101.98,,,,,21.03,,0.03,,,,1.0921,19.932,4.6592,1.2452,,,,,
2022-04-06,,,,,,,,,0.33,,,4481.15,,96.39,,,,,22.1,,0.11,,,,1.0913,20.045,4.6892,1.2502,,,,,
2022-04-07,,,,,,,,,0.33,,,4500.21,,96.05,,,,,21.55,,0.19,,,,1.09,20.16,4.7619,1.2592,,,,,
2022-04-08,,,,,,,,,0.33,,,4488.28,,98.35,,,,,21.16,,0.19,,,,1.0874,20.077,4.7495,1.2577,,,,,
2022-04-09,,,,214000.0,,,,,0.33,,,,,,1432000.0,,,,,,,,,,,,,,,,,,
2022-04-10,,,,,,,,,0.33,,,,,,,,,,,,,,,,,,,,,,,,
2022-04-11,,,,,,,,,0.33,,,4412.53,4.091,94.22,,,,,24.37,,0.29,,,,1.0875,20.01,4.7031,1.2622,,,,,
2022-04-12,,,,,,,,,0.33,,,4397.45,,100.52,,,,,24.26,,0.33,,,,1.0852,19.841,4.6705,1.2609,,,,,
2022-04-13,,,,,,,,,0.33,,,4446.59,,104.26,,,,,21.82,,0.33,,,,1.0874,19.802,4.684,1.2595,,,,,
2022-04-14,,,,,,,,,0.33,,,4392.59,,106.84,,,,,22.7,,0.36,,,,1.0796,19.99,4.707,1.2628,,,,,
2022-04-15,,,,,,,,,0.33,,,,,,,,,,,,,,,,1.0812,19.953,4.6965,1.2613,,,,,
2022-04-16,,,,210000.0,,,,,0.33,,,,,,1429000.0,,,,,,,,,,,,,,,,,,
2022-04-17,,,,,,,,,0.33,,,,,,,,,,,,,,,,,,,,,,,,
2022-04-18,,,,,,,,,0.33,,,4391.69,4.066,108.24,,,,,22.17,,0.39,,,,1.0785,19.9311,4.6772,1.262,,,,,
2022-04-19,,,,,,,,,0.33,,,4462.21,,102.54,,,,,21.37,,0.32,,,,1.0789,20.05,4.6689,1.2618,,,,,
2022-04-20,,,,,,,,,0.33,,,4459.45,,102.56,,,,,20.32,,0.25,,,,1.0857,19.999,4.6171,1.249,,,,,
2022-04-21,,,,,,,,,0.33,,,4393.66,,103.89,,,,,22.68,,0.22,,,,1.0839,20.165,4.622,1.2526,,,,,
2022-04-22,,,,,,,,,0.33,,,4271.78,,102.86,,,,,28.21,,0.18,,,,1.079,20.312,4.7675,1.2716,,,,,
2022-04-23,,,,209000.0,,,,,0.33,,,,,,1424000.0,,,,,,,,,,,,,,,,,,
2022-04-24,,,,,,,,,0.33,,,,,,,,,,,,,,,,,,,,,,,,
2022-04-25,,,,,,,,,0.33,,,4296.12,4.107,99.6,,,,,27.02,,0.18,,,,1.0703,20.256,4.941,1.2775,,,,,
2022-04-26,,,,,,,,,0.33,,,4175.2,,102.62,,,,,33.52,,0.23,,,,1.0661,20.434,4.985,1.2796,,,,,
2022-04-27,,,,,,,,,0.33,,,4183.96,,101.96,,,,,31.6,,0.24,,,,1.0549,20.448,5.0058,1.283,,,,,
2022-04-28,,,,,,,,,0.33,,,4287.5,,105.47,,,,,29.99,,0.22,,,,1.05,20.561,4.9973,1.2831,,,,,
2022-04-29,,,,,,,,,0.33,,,4131.93,,104.59,,,,,33.4,,0.19,,,,1.0537,20.359,4.9325,1.2802,,,,,
2022-04-30,,,,218000.0,,,,,0.33,,,,,,1385000.0,,,,,,,,,,,,,,,,,,
2022-05-01,151924.0,3.6,32.1,,58.4,5.3,291.298,12735.0,0.33,,62.3,,,,,3113.0,41.1,96.62722,,4.36,,273.251,579844.0,3.8,,,,,94.81314,,12.62,1.25,5.2
2022-05-02,,,,,,,,,0.33,,,4155.38,4.182,105.18,,,,,32.34,,0.26,,,,1.0521,20.431,5.0275,1.2884,,,,,
2022-05-03,,,,,,,,,0.33,,,4175.48,,102.53,,,,,29.25,,0.19,,,,1.0532,20.346,4.9999,1.2837,,,,,
2022-05-04,,,,,,,,,0.33,,,4300.17,,107.84,,,,,25.42,,0.27,,,,1.0539,20.226,4.9962,1.2817,,,,,
2022-05-05,,,,,,,,,0.83,,,4146.87,,108.17,,,,,31.2,,0.34,,,,1.0507,20.291,5.0481,1.2849,,,,,
2022-05-06,,,,,,,,,0.83,,,4123.34,,109.72,,,,,30.19,,0.4,,,,1.0572,20.111,5.0626,1.289,,,,,
2022-05-07,,,,204000.0,,,,,0.83,,,,,,1365000.0,,,,,,,,,,,,,,,,,,
2022-05-08,,,,,,,,,0.83,,,,,,,,,,,,,,,,,,,,,,,,
2022-05-09,,,,,,,,,0.83,,,3991.24,4.328,103.08,,,,,34.75,,0.44,,,,1.0559,20.302,5.1235,1.2962,,,,,
2022-05-10,,,,,,,,,0.83,,,4001.05,,99.74,,,,,32.99,,0.37,,,,1.0531,20.403,5.151,1.303,,,,,
2022-05-11,,,,,,,,,0.83,,,3935.18,,105.5,,,,,32.56,,0.25,,,,1.0537,20.254,5.1042,1.2943,,,,,
2022-05-12,,,,,,,,,0.83,,,3930.08,,106.15,,,,,31.77,,0.28,,,,1.0376,20.306,5.1368,1.3055,,,,,
2022-05-13,,,,,,,,,0.83,,,4023.89,,110.52,,,,,28.87,,0.32,,,,1.041,20.127,5.0801,1.2929,,,,,
2022-05-14,,,,225000.0,,,,,0.83,,,,,,1378000.0,,,,,,,,,,,,,,,,,,
2022-05-15,,,,,,,,,0.83,,,,,,,,,,,,,,,,,,,,,,,,
2022-05-16,,,,,,,,,0.83,,,4008.01,4.491,114.07,,,,,27.47,,0.3,,,,1.042,20.057,5.0645,1.2883,,,,,
2022-05-17,,,,,,,,,0.83,,,4088.85,,112.31,,,,,26.1,,0.27,,,,1.0532,19.973,4.9546,1.2839,,,,,
2022-05-18,,,,,,,,,0.83,,,3923.68,,109.67,,,,,30.96,,0.21,,,,1.0494,19.993,4.972,1.2838,,,,,
2022-05-19,,,,,,,,,0.83,,,3900.79,,112.21,,,,,29.35,,0.21,,,,1.0587,19.925,4.9035,1.2821,,,,,
2022-05-20,,,,,,,,,0.83,,,3901.36,,112.63,,,,,29.43,,0.18,,,,1.0559,19.863,4.8618,1.2837,,,,,
2022-05-21,,,,211000.0,,,,,0.83,,,,,,1362000.0,,,,,,,,,,,,,,,,,,
2022-05-22,,,,,,,,,0.83,,,,,,,,,,,,,,,,,,,,,,,,
2022-05-23,,,,,,,,,0.83,,,3973.75,4.593,110.32,,,,,28.48,,0.21,,,,1.0668,19.828,4.7934,1.2784,,,,,
2022-05-24,,,,,,,,,0.83,,,3941.48,,112.55,,,,,29.45,,0.26,,,,1.0744,19.879,4.8275,1.284,,,,,
2022-05-25,,,,,,,,,0.83,,,3978.73,,112.88,,,,,28.37,,0.27,,,,1.0658,19.837,4.8498,1.2837,,,,,
2022-05-26,,,,,,,,,0.83,,,4057.84,,116.19,,,,,27.5,,0.29,,,,1.0725,19.801,4.7824,1.2788,,,,,
2022-05-27,,,,,,,,,0.83,,,4158.24,,114.96,,,,,25.72,,0.27,,,,1.0709,19.575,4.7255,1.274,,,,,
2022-05-28,,,,199000.0,,,,,0.83,,,,,,1363000.0,,,,,,,,,,,,,,,,,,
2022-05-29,,,,,,,,,0.83,,,,,,,,,,,,,,,,,,,,,,,,
2022-05-30,,,,,,,,,0.83,,,,4.624,,,,,,26.54,,,,,,,,,,,,,,
2022-05-31,,,,,,,,,0.83,,,4132.15,,114.38,,,,,26.19,,0.32,,,,1.0731,19.68,4.7264,1.2639,,,,,
2022-06-01,152358.0,3.6,32.19,,50.0,5.3,294.957,12767.0,0.83,,62.2,4101.23,,115.26,,3106.9,40.9,96.22865,25.69,4.08,0.28,280.251,585556.0,3.6,1.0646,19.75,4.8003,1.267,95.68299,,12.99,1.75,4.9
2022-06-02,,,,,,,,,0.83,,,4176.82,,116.88,,,,,24.72,,0.27,,,,1.0733,19.555,4.779,1.2587,,,,,
2022-06-03,,,,,,,,,0.83,,,4108.54,,118.97,,,,,24.79,,0.3,,,,1.0721,19.601,4.7973,1.2581,,,,,
2022-06-04,,,,213000.0,,,,,0.83,,,,,,1344000.0,,,,,,,,,,,,,,,,,,
2022-06-05,,,,,,,,,0.83,,,,,,,,,,,,,,,,,,,,,,,,
2022-06-06,,,,,,,,,0.83,,,4121.43,4.876,118.41,,,,,25.07,,0.31,,,,1.0699,19.594,4.7974,1.257,,,,,
2022-06-07,,,,,,,,,0.83,,,4160.68,,119.55,,,,,24.02,,0.23,,,,1.0697,19.601,4.8848,1.255,,,,,
2022-06-08,,,,,,,,,0.83,,,4115.77,,121.94,,,,,23.96,,0.25,,,,1.074,19.57,4.8714,1.2524,,,,,
2022-06-09,,,,,,,,,0.83,,,4017.82,,121.52,,,,,26.09,,0.21,,,,1.0656,19.612,4.888,1.2651,,,,,
2022-06-10,,,,,,,,,0.83,,,3900.86,,120.73,,,,,27.75,,0.09,,,,1.0521,19.914,4.9947,1.2782,,,,,
2022-06-11,,,,211000.0,,,,,0.83,,,,,,1356000.0,,,,,,,,,,,,,,,,,,
2022-06-12,,,,,,,,,0.83,,,,,,,,,,,,,,,,,,,,,,,,
2022-06-13,,,,,,,,,0.83,,,3749.63,5.006,120.92,,,,,34.02,,0.03,,,,1.0436,20.411,5.0988,1.2851,,,,,
2022-06-14,,,,,,,,,0.83,,,3735.48,,118.92,,,,,32.69,,0.04,,,,1.0416,20.671,5.1353,1.2933,,,,,
2022-06-15,,,,,,,,,0.83,,,3789.99,,115.32,,,,,29.62,,0.13,,,,1.0388,20.661,5.1117,1.297,,,,,
2022-06-16,,,,,,,,,1.58,,,3666.77,,117.56,,,,,32.95,,0.14,,,,1.0531,20.541,5.0535,1.2925,,,,,
2022-06-17,,,,,,,,,1.58,,,3674.84,,109.56,,,,,31.13,,0.08,,,,1.0473,20.429,5.142,1.3054,,,,,
2022-06-18,,,,214000.0,,,,,1.58,,,,,,1358000.0,,,,,,,,,,,,,,,,,,
2022-06-19,,,,,,,,,1.58,,,,,,,,,,,,,,,,,,,,,,,,
2022-06-20,,,,,,,,,1.58,,,,4.962,,,,,,31.03,,,,,,,,,,,,,,
2022-06-21,,,,,,,,,1.58,,,3764.79,,110.49,,,,,30.19,,0.1,,,,1.0548,20.195,5.1333,1.2927,,,,,
2022-06-22,,,,,,,,,1.58,,,3759.89,,106.22,,,,,28.95,,0.1,,,,1.0583,20.047,5.1563,1.2932,,,,,
2022-06-23,,,,,,,,,1.58,,,3795.73,,105.75,,,,,29.05,,0.08,,,,1.0503,20.012,5.2021,1.2979,,,,,
2022-06-24,,,,,,,,,1.58,,,3911.74,,109.07,,,,,27.23,,0.09,,,,1.0539,19.906,5.2363,1.2919,,,,,
2022-06-25,,,,212000.0,,,,,1.58,,,,,,1403000.0,,,,,,,,,,,,,,,,,,
2022-06-26,,,,,,,,,1.58,,,,,,,,,,,,,,,,,,,,,,,,
2022-06-27,,,,,,,,,1.58,,,3900.11,4.872,111.44,,,,,26.95,,0.12,,,,1.0601,19.879,5.2078,1.287,,,,,
2022-06-28,,,,,,,,,1.58,,,3821.55,,113.66,,,,,28.36,,0.1,,,,1.0534,19.983,5.2531,1.2882,,,,,
2022-06-29,,,,,,,,,1.58,,,3818.83,,111.65,,,,,28.16,,0.04,,,,1.0477,20.163,5.2386,1.2861,,,,,
2022-06-30,,,,,,,,,1.58,,,3785.38,,107.76,,,,,28.71,,0.06,,,,1.0469,20.118,5.2196,1.2871,,,,,
2022-07-01,153072.0,3.5,32.34,,51.5,5.2,294.913,12800.0,1.58,109.423,62.1,3825.33,,110.3,,3095.1,41.0,96.20132,26.7,3.56,0.04,272.274,579267.0,3.6,1.0409,20.318,5.3083,1.2915,95.58634,,13.25,2.75,4.8
2022-07-02,,,,214000.0,,,,,1.58,,,,,,1360000.0,,,,,,,,,,,,,,,,,,
2022-07-03,,,,,,,,,1.58,,,,,,,,,,,,,,,,,,,,,,,,
2022-07-04,,,,,,,,,1.58,,,,4.771,,,,,,27.53,,,,,,,,,,,,,,
2022-07-05,,,,,,,,,1.58,,,3831.39,,101.55,,,,,27.54,,0.0,,,,1.0254,20.551,5.3903,1.3064,,,,,
2022-07-06,,,,,,,,,1.58,,,3845.08,,100.31,,,,,26.73,,-0.04,,,,1.0173,20.694,5.4558,1.3052,,,,,
2022-07-07,,,,,,,,,1.58,,,3902.62,,104.62,,,,,26.08,,-0.02,,,,1.0159,20.599,5.352,1.2988,,,,,
2022-07-08,,,,,,,,,1.58,,,3899.38,,106.78,,,,,24.64,,-0.03,,,,1.0178,20.444,5.2961,1.2947,,,,,
2022-07-09,,,,212000.0,,,,,1.58,,,,,,1367000.0,,,,,,,,,,,,,,,,,,
2022-07-10,,,,,,,,,1.58,,,,,,,,,,,,,,,,,,,,,,,,
2022-07-11,,,,,,,,,1.58,,,3854.43,4.646,106.09,,,,,26.17,,-0.08,,,,1.0088,20.735,5.3432,1.2979,,,,,
2022-07-12,,,,,,,,,1.58,,,3818.8,,97.69,,,,,27.29,,-0.07,,,,1.0069,20.749,5.4192,1.3003,,,,,
2022-07-13,,,,,,,,,1.58,,,3801.78,,98.44,,,,,26.82,,-0.22,,,,1.0081,20.725,5.3764,1.2956,,,,,
2022-07-14,,,,,,,,,1.58,,,3790.38,,97.79,,,,,26.4,,-0.19,,,,1.0028,20.858,5.4237,1.31,,,,,
2022-07-15,,,,,,,,,1.58,,,3863.16,,99.59,,,,,24.23,,-0.2,,,,1.0089,20.578,5.384,1.3041,,,,,
2022-07-16,,,,216000.0,,,,,1.58,,,,,,1391000.0,,,,,,,,,,,,,,,,,,
2022-07-17,,,,,,,,,1.58,,,,,,,,,,,,,,,,,,,,,,,,
2022-07-18,,,,,,,,,1.58,,,3830.85,4.49,104.48,,,,,25.3,,-0.19,,,,1.016,20.389,5.373,1.2919,,,,,
2022-07-19,,,,,,,,,1.58,,,3936.69,,106.12,,,,,24.5,,-0.22,,,,1.0238,20.464,5.394,1.2887,,,,,
2022-07-20,,,,,,,,,1.58,,,3959.9,,104.45,,,,,23.88,,-0.21,,,,1.0217,20.469,5.4325,1.2875,,,,,
2022-07-21,,,,,,,,,1.58,,,3998.95,,98.44,,,,,23.11,,-0.19,,,,1.0197,20.663,5.497,1.2885,,,,,
2022-07-22,,,,,,,,,1.58,,,3961.63,,97.71,,,,,23.03,,-0.21,,,,1.0225,20.502,5.4558,1.2861,,,,,
2022-07-23,,,,221000.0,,,,,1.58,,,,,,1418000.0,,,,,,,,,,,,,,,,,,
2022-07-24,,,,,,,,,1.58,,,,,,,,,,,,,,,,,,,,,,,,
2022-07-25,,,,,,,,,1.58,,,3966.84,4.33,99.83,,,,,23.36,,-0.19,,,,1.0211,20.464,5.4015,1.2845,,,,,
2022-07-26,,,,,,,,,1.58,,,3921.05,,97.74,,,,,24.69,,-0.21,,,,1.0116,20.472,5.3699,1.2891,,,,,
2022-07-27,,,,,,,,,1.58,,,4023.61,,100.03,,,,,23.24,,-0.18,,,,1.0108,20.507,5.2962,1.2881,,,,,
2022-07-28,,,,,,,,,2.33,,,4072.43,,99.11,,,,,22.33,,-0.17,,,,1.0163,20.383,5.215,1.2835,,,,,
2022-07-29,,,,,,,,,2.32,,,4130.29,,101.31,,,,,21.33,,-0.22,,,,1.0202,20.363,5.181,1.2801,,,,,
2022-07-30,,,,228000.0,,,,,2.32,,,,,,1427000.0,,,,,,,,,,,,,,,,,,
2022-07-31,,,,,,,,,2.32,,,,,,,,,,,,,,,,,,,,,,,,
2022-08-01,153362.0,3.6,32.44,,58.2,4.8,295.097,12832.0,2.33,,62.3,4118.63,4.192,96.59,,3080.8,40.9,96.46188,22.84,2.82,-0.3,269.546,581196.0,3.7,1.027,20.251,5.1508,1.283,94.52319,,13.7,2.75,5.2
2022-08-02,,,,,,,,,2.33,,,4091.19,,97.14,,,,,23.93,,-0.31,,,,1.0194,20.52,5.242,1.2855,,,,,
2022-08-03,,,,,,,,,2.33,,,4155.17,,93.25,,,,,21.95,,-0.37,,,,1.0146,20.553,5.2693,1.2869,,,,,
2022-08-04,,,,,,,,,2.33,,,4151.94,,91.29,,,,,21.44,,-0.35,,,,1.0221,20.328,5.2165,1.2852,,,,,
2022-08-05,,,,,,,,,2.33,,,4145.19,,91.77,,,,,21.15,,-0.41,,,,1.017,20.394,5.1987,1.2942,,,,,
2022-08-06,,,,221000.0,,,,,2.33,,,,,,1422000.0,,,,,,,,,,,,,,,,,,
2022-08-07,,,,,,,,,2.33,,,,,,,,,,,,,,,,,,,,,,,,
2022-08-08,,,,,,,,,2.33,,,4140.06,4.038,93.52,,,,,21.29,,-0.44,,,,1.0207,20.2912,5.1331,1.2854,,,,,
2022-08-09,,,,,,,,,2.33,,,4122.47,,93.18,,,,,21.77,,-0.48,,,,1.0226,20.281,5.1302,1.288,,,,,
2022-08-10,,,,,,,,,2.33,,,4210.24,,94.68,,,,,19.74,,-0.45,,,,1.0337,19.964,5.053,1.2773,,,,,
2022-08-11,,,,,,,,,2.33,,,4207.27,,97.02,,,,,20.2,,-0.36,,,,1.0338,19.922,5.1396,1.2744,,,,,
2022-08-12,,,,,,,,,2.33,,,4280.15,,94.86,,,,,19.53,,-0.41,,,,1.0257,19.869,5.086,1.2783,,,,,
2022-08-13,,,,220000.0,,,,,2.33,,,,,,1410000.0,,,,,,,,,,,,,,,,,,
2022-08-14,,,,,,,,,2.33,,,,,,,,,,,,,,,,,,,,,,,,
2022-08-15,,,,,,,,,2.33,,,4297.14,3.938,92.24,,,,,19.95,,-0.41,,,,1.0186,19.84,5.0818,1.2891,,,,,
2022-08-16,,,,,,,,,2.33,,,4305.2,,89.23,,,,,19.69,,-0.43,,,,1.0174,19.918,5.1443,1.2874,,,,,
2022-08-17,,,,,,,,,2.33,,,4274.04,,90.85,,,,,19.9,,-0.39,,,,1.0164,20.067,5.1705,1.2932,,,,,
2022-08-18,,,,,,,,,2.33,,,4283.74,,93.2,,,,,19.56,,-0.34,,,,1.0114,20.085,5.1873,1.2945,,,,,
2022-08-19,,,,,,,,,2.33,,,4228.48,,93.55,,,,,20.6,,-0.27,,,,1.0039,20.186,5.1947,1.2994,,,,,
2022-08-20,,,,215000.0,,,,,2.33,,,,,,1419000.0,,,,,,,,,,,,,,,,,,
2022-08-21,,,,,,,,,2.33,,,,,,,,,,,,,,,,,,,,,,,,
2022-08-22,,,,,,,,,2.33,,,4137.99,3.88,93.42,,,,,23.8,,-0.29,,,,0.9936,20.163,5.1669,1.3038,,,,,
2022-08-23,,,,,,,,,2.33,,,4128.73,,96.46,,,,,24.11,,-0.24,,,,0.9976,20.017,5.081,1.2945,,,,,
2022-08-24,,,,,,,,,2.33,,,4140.77,,95.52,,,,,22.82,,-0.25,,,,0.9967,19.896,5.0939,1.2969,,,,,
2022-08-25,,,,,,,,,2.33,,,4199.12,,93.33,,,,,21.78,,-0.32,,,,0.9959,19.944,5.116,1.2944,,,,,
2022-08-26,,,,,,,,,2.33,,,4057.66,,93.63,,,,,25.56,,-0.33,,,,0.9998,19.913,5.0826,1.3006,,,,,
2022-08-27,,,,210000.0,,,,,2.33,,,,,,1418000.0,,,,,,,,,,,,,,,,,,
2022-08-28,,,,,,,,,2.33,,,,,,,,,,,,,,,,,,,,,,,,
2022-08-29,,,,,,,,,2.33,,,4030.61,3.827,97.4,,,,,26.21,,-0.3,,,,1.0,20.015,5.0273,1.3001,,,,,
2022-08-30,,,,,,,,,2.33,,,3986.16,,92.08,,,,,26.21,,-0.35,,,,1.0018,20.095,5.077,1.309,,,,,
2022-08-31,,,,,,,,,2.33,,,3955.0,,90.09,,,,,25.87,,-0.3,,,,1.0065,20.086,5.187,1.3091,,,,,
2022-09-01,153582.0,3.5,32.57,,58.6,4.7,296.349,12849.0,2.33,,62.2,3966.85,,87.09,,3081.6,41.0,96.67612,25.56,3.11,-0.25,267.898,579446.0,3.8,0.995,20.22,5.2238,1.316,96.45618,,13.75,3.5,5.1
2022-09-02,,,,,,,,,2.33,,,3924.26,,87.29,,,,,25.47,,-0.2,,,,1.003,19.927,5.172,1.3089,,,,,
2022-09-03,,,,203000.0,,,,,2.33,,,,,,1397000.0,,,,,,,,,,,,,,,,,,
2022-09-04,,,,,,,,,2.33,,,,,,,,,,,,,,,,,,,,,,,,
2022-09-05,,,,,,,,,2.33,,,,3.746,,,,,,25.99,,,,,,,,,,,,,,
2022-09-06,,,,,,,,,2.33,,,3908.19,,87.35,,,,,26.91,,-0.17,,,,0.9914,20.109,5.2305,1.3122,,,,,
2022-09-07,,,,,,,,,2.33,,,3979.87,,82.5,,,,,24.64,,-0.18,,,,0.9942,20.026,5.248,1.3166,,,,,
2022-09-08,,,,,,,,,2.33,,,4006.18,,84.04,,,,,23.61,,-0.19,,,,0.9956,19.985,5.2196,1.3118,,,,,
2022-09-09,,,,,,,,,2.33,,,4067.36,,87.27,,,,,22.79,,-0.23,,,,1.0046,19.887,5.1541,1.3036,,,,,
2022-09-10,,,,195000.0,,,,,2.33,,,,,,1402000.0,,,,,,,,,,,,,,,,,,
2022-09-11,,,,,,,,,2.33,,,,,,,,,,,,,,,,,,,,,,,,
2022-09-12,,,,,,,,,2.33,,,4110.41,3.69,88.18,,,,,23.87,,-0.21,,,,1.0129,19.8,5.1562,1.2976,,,,,
2022-09-13,,,,,,,,,2.33,,,3932.69,,87.84,,,,,27.27,,-0.33,,,,0.9997,20.066,5.186,1.3123,,,,,
2022-09-14,,,,,,,,,2.33,,,3946.01,,88.88,,,,,26.16,,-0.37,,,,0.9993,19.953,5.1755,1.3156,,,,,
2022-09-15,,,,,,,,,2.33,,,3901.35,,85.72,,,,,26.27,,-0.42,,,,0.9991,20.067,5.233,1.3204,,,,,
2022-09-16,,,,,,,,,2.33,,,3873.33,,85.57,,,,,26.3,,-0.4,,,,1.0013,20.017,5.287,1.3273,,,,,
2022-09-17,,,,202000.0,,,,,2.33,,,,,,1382000.0,,,,,,,,,,,,,,,,,,
2022-09-18,,,,,,,,,2.33,,,,,,,,,,,,,,,,,,,,,,,,
2022-09-19,,,,,,,,,2.33,,,3899.89,3.654,86.15,,,,,25.76,,-0.46,,,,1.0003,20.0,5.1762,1.3287,,,,,
2022-09-20,,,,,,,,,2.33,,,3855.93,,84.69,,,,,27.16,,-0.39,,,,0.9994,19.995,5.1516,1.3339,,,,,
2022-09-21,,,,,,,,,2.33,,,3789.93,,83.38,,,,,27.99,,-0.51,,,,0.988,19.995,5.1806,1.3397,,,,,
2022-09-22,,,,,,,,,3.08,,,3757.99,,84.02,,,,,27.35,,-0.41,,,,0.9841,19.964,5.1742,1.3499,,,,,
2022-09-23,,,,,,,,,3.08,,,3693.23,,79.07,,,,,29.92,,-0.51,,,,0.9719,20.176,5.237,1.3581,,,,,
2022-09-24,,,,190000.0,,,,,3.08,,,,,,1397000.0,,,,,,,,,,,,,,,,,,
2022-09-25,,,,,,,,,3.08,,,,,,,,,,,,,,,,,,,,,,,,
2022-09-26,,,,,,,,,3.08,,,3655.04,3.711,77.17,,,,,32.26,,-0.39,,,,0.9623,20.373,5.3914,1.3745,,,,,
2022-09-27,,,,,,,,,3.08,,,3647.29,,78.91,,,,,32.6,,-0.33,,,,0.9616,20.316,5.3595,1.3738,,,,,
2022-09-28,,,,,,,,,3.08,,,3719.04,,82.61,,,,,30.18,,-0.35,,,,0.9681,20.305,5.3636,1.3648,,,,,
2022-09-29,,,,,,,,,3.08,,,3640.47,,81.78,,,,,31.84,,-0.4,,,,0.9774,20.15,5.3943,1.37,,,,,
2022-09-30,,,,,,,,,3.08,,,3585.62,,79.91,,,,,31.62,,-0.39,,,,0.9783,20.115,5.4008,1.3752,,,,,
2022-10-01,153939.0,3.6,32.7,203000.0,59.9,5.0,298.007,12883.0,3.08,110.047,62.2,,,,1392000.0,3070.5,41.0,96.78831,,3.18,,265.061,585006.0,3.9,,,,,95.39304,,13.75,3.5,5.1
2022-10-02,,,,,,,,,3.08,,,,,,,,,,,,,,,,,,,,,,,,
2022-10-03,,,,,,,,,3.08,,,3678.43,3.782,84.05,,,,,30.1,,-0.45,,,,0.9809,20.033,5.1823,1.3651,,,,,
2022-10-04,,,,,,,,,3.08,,,3790.93,,86.87,,,,,29.07,,-0.48,,,,0.9977,19.97,5.1523,1.3551,,,,,
2022-10-05,,,,,,,,,3.08,,,3783.28,,88.22,,,,,28.55,,-0.39,,,,0.9866,20.107,5.2205,1.3662,,,,,
2022-10-06,,,,,,,,,3.08,,,3744.52,,88.9,,,,,30.52,,-0.4,,,,0.9806,20.111,5.2052,1.3732,,,,,
2022-10-07,,,,,,,,,3.08,,,3639.66,,93.07,,,,,31.36,,-0.41,,,,0.9785,20.03,5.2151,1.3692,,,,,
2022-10-08,,,,207000.0,,,,,3.08,,,,,,1404000.0,,,,,,,,,,,,,,,,,,
2022-10-09,,,,,,,,,3.08,,,,,,,,,,,,,,,,,,,,,,,,
2022-10-10,,,,,,,,,3.08,,,3612.39,3.912,91.6,,,,,32.45,,,,,,,,,,,,,,
2022-10-11,,,,,,,,,3.08,,,3588.84,,89.75,,,,,33.63,,-0.37,,,,0.9757,19.947,5.2105,1.3737,,,,,
2022-10-12,,,,,,,,,3.08,,,3577.03,,87.83,,,,,33.57,,-0.37,,,,0.9692,20.025,5.2929,1.3797,,,,,
2022-10-13,,,,,,,,,3.08,,,3669.91,,89.59,,,,,31.94,,-0.5,,,,0.978,19.992,5.2779,1.3744,,,,,
2022-10-14,,,,,,,,,3.08,,,3583.07,,86.1,,,,,32.02,,-0.48,,,,0.9739,20.068,5.298,1.3873,,,,,
2022-10-15,,,,199000.0,,,,,3.08,,,,,,1402000.0,,,,,,,,,,,,,,,,,,
2022-10-16,,,,,,,,,3.08,,,,,,,,,,,,,,,,,,,,,,,,
2022-10-17,,,,,,,,,3.08,,,3677.95,3.871,86.0,,,,,31.37,,-0.43,,,,0.9843,19.978,5.2606,1.3723,,,,,
2022-10-18,,,,,,,,,3.08,,,3719.98,,83.29,,,,,30.5,,-0.42,,,,0.9842,20.04,5.2905,1.379,,,,,
2022-10-19,,,,,,,,,3.08,,,3695.16,,86.0,,,,,30.76,,-0.41,,,,0.978,20.126,5.2816,1.3783,,,,,
2022-10-20,,,,,,,,,3.08,,,3665.78,,86.02,,,,,29.98,,-0.38,,,,0.9823,20.031,5.2053,1.3715,,,,,
2022-10-21,,,,,,,,,3.08,,,3752.75,,85.47,,,,,29.69,,-0.28,,,,0.9855,19.898,5.175,1.3673,,,,,
2022-10-22,,,,202000.0,,,,,3.08,,,,,,1429000.0,,,,,,,,,,,,,,,,,,
2022-10-23,,,,,,,,,3.08,,,,,,,,,,,,,,,,,,,,,,,,
2022-10-24,,,,,,,,,3.08,,,3797.34,3.769,86.12,,,,,29.85,,-0.25,,,,0.9874,19.945,5.2768,1.3704,,,,,
2022-10-25,,,,,,,,,3.08,,,3859.11,,86.93,,,,,28.46,,-0.32,,,,0.9959,19.867,5.2898,1.3616,,,,,
2022-10-26,,,,,,,,,3.08,,,3830.6,,89.39,,,,,27.28,,-0.35,,,,1.0068,19.866,5.3228,1.3551,,,,,
2022-10-27,,,,,,,,,3.08,,,3807.3,,89.06,,,,,27.39,,-0.34,,,,0.9985,19.838,5.2839,1.3532,,,,,
2022-10-28,,,,,,,,,3.08,,,3901.06,,87.85,,,,,25.75,,-0.39,,,,0.9934,19.824,5.3547,1.3622,,,,,
2022-10-29,,,,202000.0,,,,,3.08,,,,,,1430000.0,,,,,,,,,,,,,,,,,,
2022-10-30,,,,,,,,,3.08,,,,,,,,,,,,,,,,,,,,,,,,
2022-10-31,,,,,,,,,3.08,,,3871.98,3.742,86.54,,,,,25.88,,-0.41,,,,0.9885,19.848,5.2464,1.3639,,,,,
2022-11-01,154242.0,3.6,32.82,,56.7,5.0,298.786,12896.0,3.08,,62.1,3856.1,,88.36,,3036.7,40.9,96.854,25.81,2.32,-0.47,263.157,576356.0,3.9,0.9871,19.735,5.1073,1.3639,96.35954,,13.75,4.0,5.0
2022-11-02,,,,,,,,,3.08,,,3759.69,,90.06,,,,,25.86,,-0.51,,,,0.9875,19.665,5.1432,1.3628,,,,,
2022-11-03,,,,,,,,,3.83,,,3719.89,,88.14,,,,,25.3,,-0.57,,,,0.9759,19.675,5.1005,1.3729,,,,,
2022-11-04,,,,,,,,,3.83,,,3770.55,,92.58,,,,,24.55,,-0.49,,,,0.9895,19.532,5.0443,1.3528,,,,,
2022-11-05,,,,204000.0,,,,,3.83,,,,,,1406000.0,,,,,,,,,,,,,,,,,,
2022-11-06,,,,,,,,,3.83,,,,,,,,,,,,,,,,,,,,,,,,
2022-11-07,,,,,,,,,3.83,,,3806.8,3.796,91.8,,,,,24.35,,-0.5,,,,0.9997,19.467,5.1222,1.3497,,,,,
2022-11-08,,,,,,,,,3.83,,,3828.11,,88.8,,,,,25.54,,-0.53,,,,1.0089,19.464,5.1422,1.3389,,,,,
2022-11-09,,,,,,,,,3.83,,,3748.57,,85.79,,,,,26.09,,-0.49,,,,1.0037,19.571,5.1499,1.3453,,,,,
2022-11-10,,,,,,,,,3.83,,,3956.37,,86.52,,,,,23.53,,-0.52,,,,1.0176,19.37,5.3287,1.3362,,,,,
2022-11-11,,,,,,,,,3.83,,,3992.93,,89.14,,,,,22.52,,,,,,,,,,,,,,
2022-11-12,,,,210000.0,,,,,3.83,,,,,,1450000.0,,,,,,,,,,,,,,,,,,
2022-11-13,,,,,,,,,3.83,,,,,,,,,,,,,,,,,,,,,,,,
2022-11-14,,,,,,,,,3.83,,,3957.25,3.762,85.85,,,,,23.73,,-0.52,,,,1.0337,19.392,5.3173,1.3295,,,,,
2022-11-15,,,,,,,,,3.83,,,3991.73,,86.87,,,,,24.54,,-0.57,,,,1.0372,19.381,5.333,1.328,,,,,
2022-11-16,,,,,,,,,3.83,,,3958.79,,85.62,,,,,24.11,,-0.68,,,,1.0395,19.314,5.3542,1.3343,,,,,
2022-11-17,,,,,,,,,3.83,,,3946.56,,81.69,,,,,23.93,,-0.66,,,,1.0341,19.44,5.4584,1.3343,,,,,
2022-11-18,,,,,,,,,3.83,,,3965.34,,80.07,,,,,23.12,,-0.69,,,,1.0349,19.487,5.3757,1.3379,,,,,
2022-11-19,,,,220000.0,,,,,3.83,,,,,,1464000.0,,,,,,,,,,,,,,,,,,
2022-11-20,,,,,,,,,3.83,,,,,,,,,,,,,,,,,,,,,,,,
2022-11-21,,,,,,,,,3.83,,,3949.94,3.648,79.74,,,,,22.36,,-0.65,,,,1.0238,19.542,5.3335,1.3483,,,,,
2022-11-22,,,,,,,,,3.83,,,4003.58,,80.83,,,,,21.29,,-0.71,,,,1.0276,19.451,5.3571,1.3401,,,,,
2022-11-23,,,,,,,,,3.83,,,4027.26,,77.93,,,,,20.35,,-0.75,,,,1.0364,19.373,5.3905,1.3416,,,,,
2022-11-24,,,,,,,,,3.83,,,,,,,,,,20.42,,,,,,,,,,,,,,
2022-11-25,,,,,,,,,3.83,,,4026.12,,76.45,,,,,20.5,,-0.74,,,,1.0402,19.333,5.3838,1.337,,,,,
2022-11-26,,,,209000.0,,,,,3.83,,,,,,1512000.0,,,,,,,,,,,,,,,,,,
2022-11-27,,,,,,,,,3.83,,,,,,,,,,,,,,,,,,,,,,,,
2022-11-28,,,,,,,,,3.83,,,3963.94,3.534,77.1,,,,,22.21,,-0.77,,,,1.0386,19.308,5.368,1.3433,,,,,
2022-11-29,,,,,,,,,3.83,,,3957.63,,77.96,,,,,21.89,,-0.73,,,,1.0356,19.22,5.2945,1.3636,,,,,
2022-11-30,,,,,,,,,3.83,,,4080.11,,80.48,,,,,20.58,,-0.7,,,,1.0323,19.366,5.2563,1.3538,,,,,
2022-12-01,154342.0,3.5,32.94,,59.8,4.3,298.832,12895.0,3.83,,62.3,4076.57,,81.06,,2968.6,40.6,97.06937,19.84,1.5,-0.72,257.897,569119.0,3.9,1.0498,19.15,5.1868,1.3427,94.23325,,13.75,4.5,5.0
2022-12-02,,,,,,,,,3.83,,,4071.7,,79.86,,,,,19.06,,-0.77,,,,1.0521,19.342,5.21,1.3448,,,,,
2022-12-03,,,,209000.0,,,,,3.83,,,,,,1539000.0,,,,,,,,,,,,,,,,,,
2022-12-04,,,,,,,,,3.83,,,,,,,,,,,,,,,,,,,,,,,,
2022-12-05,,,,,,,,,3.83,,,3998.84,3.39,76.83,,,,,20.75,,-0.81,,,,1.0494,19.76,5.2611,1.3571,,,,,
2022-12-06,,,,,,,,,3.83,,,3941.26,,74.21,,,,,22.17,,-0.83,,,,1.0497,19.845,5.2415,1.3652,,,,,
2022-12-07,,,,,,,,,3.83,,,3933.92,,71.93,,,,,22.68,,-0.84,,,,1.0505,19.702,5.2187,1.364,,,,,
2022-12-08,,,,,,,,,3.83,,,3963.51,,71.3,,,,,22.29,,-0.83,,,,1.0552,19.673,5.2003,1.3574,,,,,
2022-12-09,,,,,,,,,3.83,,,3934.38,,71.05,,,,,22.83,,-0.76,,,,1.055,19.797,5.2365,1.3604,,,,,
2022-12-10,,,,209000.0,,,,,3.83,,,,,,1551000.0,,,,,,,,,,,,,,,,,,
2022-12-11,,,,,,,,,3.83,,,,,,,,,,,,,,,,,,,,,,,,
2022-12-12,,,,,,,,,3.83,,,3990.56,3.239,72.96,,,,,25.0,,-0.78,,,,1.0545,19.821,5.3344,1.3654,,,,,
2022-12-13,,,,,,,,,3.83,,,4019.65,,75.44,,,,,22.55,,-0.71,,,,1.063,19.641,5.269,1.353,,,,,
2022-12-14,,,,,,,,,3.83,,,3995.32,,77.14,,,,,21.14,,-0.74,,,,1.0655,19.698,5.2997,1.3567,,,,,
2022-12-15,,,,,,,,,4.33,,,3895.75,,75.89,,,,,22.83,,-0.79,,,,1.0638,19.786,5.3285,1.3649,,,,,
2022-12-16,,,,,,,,,4.33,,,3852.36,,74.19,,,,,22.62,,-0.69,,,,1.061,19.787,5.2725,1.369,,,,,
2022-12-17,,,,213000.0,,,,,4.33,,,,,,1558000.0,,,,,,,,,,,,,,,,,,
2022-12-18,,,,,,,,,4.33,,,,,,,,,,,,,,,,,,,,,,,,
2022-12-19,,,,,,,,,4.33,,,3817.66,3.12,75.05,,,,,22.42,,-0.68,,,,1.0624,19.726,5.3097,1.3638,,,,,
2022-12-20,,,,,,,,,4.33,,,3821.62,,75.92,,,,,21.48,,-0.56,,,,1.0635,19.795,5.2006,1.3618,,,,,
2022-12-21,,,,,,,,,4.33,,,3878.44,,78.17,,,,,20.07,,-0.53,,,,1.0599,19.715,5.1955,1.3622,,,,,
2022-12-22,,,,,,,,,4.33,,,3822.39,,77.68,,,,,21.97,,-0.57,,,,1.0588,19.592,5.1655,1.3653,,,,,
2022-12-23,,,,,,,,,4.33,,,3844.82,,79.57,,,,,20.87,,-0.56,,,,1.0621,19.43,5.1368,1.3587,,,,,
2022-12-24,,,,205000.0,,,,,4.33,,,,,,1597000.0,,,,,,,,,,,,,,,,,,
2022-12-25,,,,,,,,,4.33,,,,,,,,,,,,,,,,,,,,,,,,
2022-12-26,,,,,,,,,4.33,,,,3.091,,,,,,,,,,,,,,,,,,,,
2022-12-27,,,,,,,,,4.33,,,3829.25,,79.45,,,,,21.65,,-0.48,,,,1.0654,19.4,5.279,1.3504,,,,,
2022-12-28,,,,,,,,,4.33,,,3783.22,,78.89,,,,,22.14,,-0.43,,,,1.0622,19.398,5.2675,1.3588,,,,,
2022-12-29,,,,,,,,,4.33,,,3849.28,,78.43,,,,,21.44,,-0.51,,,,1.0668,19.357,5.2547,1.3546,,,,,
2022-12-30,,,,,,,,,4.33,,,3839.5,,80.16,,,,,21.67,,-0.53,,,,1.0698,19.496,5.286,1.3532,,,,,
2022-12-31,,,,205000.0,,,,,4.33,,,,,,1585000.0,,,,,,,,,,,,,,,,,,
2023-01-01,154776.0,3.5,33.02,,64.9,3.9,300.42,12903.0,4.33,110.298,62.4,,,,,2967.3,41.1,97.35186,,1.17,,260.227,591964.0,4.0,,,,,96.06959,,13.75,4.5,5.1
2023-01-02,,,,,,,,,4.33,,,,3.223,,,,,,,,,,,,,,,,,,,,
2023-01-03,,,,,,,,,4.33,,,3824.14,,76.87,,,,,22.9,,-0.61,,,,1.0559,19.421,5.4257,1.3664,,,,,
2023-01-04,,,,,,,,,4.33,,,3852.97,,72.82,,,,,22.01,,-0.67,,,,1.062,19.33,5.443,1.3492,,,,,
2023-01-05,,,,,,,,,4.33,,,3808.1,,73.61,,,,,22.46,,-0.74,,,,1.0522,19.375,5.384,1.3579,,,,,
2023-01-06,,,,,,,,,4.33,,,3895.08,,73.77,,,,,21.13,,-0.69,,,,1.0619,19.172,5.2533,1.3452,,,,,
2023-01-07,,,,210000.0,,,,,4.33,,,,,,1584000.0,,,,,,,,,,,,,,,,,,
2023-01-08,,,,,,,,,4.33,,,,,,,,,,,,,,,,,,,,,,,,
2023-01-09,,,,,,,,,4.33,,,3892.09,3.259,74.69,,,,,21.97,,-0.66,,,,1.0759,19.176,5.2648,1.3372,,,,,
2023-01-10,,,,,,,,,4.33,,,3919.25,,75.11,,,,,20.58,,-0.63,,,,1.0737,19.105,5.2159,1.3433,,,,,
2023-01-11,,,,,,,,,4.33,,,3969.61,,77.46,,,,,21.09,,-0.66,,,,1.074,19.018,5.195,1.3422,,,,,
2023-01-12,,,,,,,,,4.33,,,3983.17,,78.32,,,,,18.83,,-0.69,,,,1.0823,18.875,5.112,1.338,,,,,
2023-01-13,,,,,,,,,4.33,,,3999.09,,79.9,,,,,18.35,,-0.73,,,,1.0811,18.785,5.0968,1.3413,,,,,
2023-01-14,,,,204000.0,,,,,4.33,,,,,,1604000.0,,,,,,,,,,,,,,,,,,
2023-01-15,,,,,,,,,4.33,,,,,,,,,,,,,,,,,,,,,,,,
2023-01-16,,,,,,,,,4.33,,,,3.31,,,,,,19.49,,,,,,,,,,,,,,
2023-01-17,,,,,,,,,4.33,,,3990.97,,80.25,,,,,19.36,,-0.65,,,,1.0793,18.74,5.0974,1.338,,,,,
2023-01-18,,,,,,,,,4.33,,,3928.86,,79.53,,,,,20.34,,-0.69,,,,1.0827,18.748,5.1288,1.3436,,,,,
2023-01-19,,,,,,,,,4.33,,,3898.85,,80.31,,,,,20.52,,-0.7,,,,1.081,19.066,5.2233,1.3494,,,,,
2023-01-20,,,,,,,,,4.33,,,3972.61,,81.27,,,,,19.85,,-0.66,,,,1.0831,18.912,5.2109,1.3416,,,,,
2023-01-21,,,,204000.0,,,,,4.33,,,,,,1599000.0,,,,,,,,,,,,,,,,,,
2023-01-22,,,,,,,,,4.33,,,,,,,,,,,,,,,,,,,,,,,,
2023-01-23,,,,,,,,,4.33,,,4019.81,3.415,81.62,,,,,19.81,,-0.69,,,,1.0865,18.824,5.1884,1.3384,,,,,
2023-01-24,,,,,,,,,4.33,,,4016.95,,79.86,,,,,19.2,,-0.66,,,,1.0873,18.841,5.1405,1.3369,,,,,
2023-01-25,,,,,,,,,4.33,,,4016.22,,79.78,,,,,19.08,,-0.65,,,,1.0901,18.844,5.0902,1.3413,,,,,
2023-01-26,,,,,,,,,4.33,,,4060.43,,80.64,,,,,18.73,,-0.68,,,,1.0866,18.836,5.0875,1.3348,,,,,
2023-01-27,,,,,,,,,4.33,,,4070.56,,79.73,,,,,18.51,,-0.67,,,,1.0857,18.773,5.0902,1.3314,,,,,
2023-01-28,,,,200000.0,,,,,4.33,,,,,,1629000.0,,,,,,,,,,,,,,,,,,
2023-01-29,,,,,,,,,4.33,,,,,,,,,,,,,,,,,,,,,,,,
2023-01-30,,,,,,,,,4.33,,,4017.77,3.489,77.97,,,,,19.94,,-0.7,,,,1.0867,18.77,5.1024,1.335,,,,,
2023-01-31,,,,,,,,,4.33,,,4076.6,,78.95,,,,,19.4,,-0.69,,,,1.0858,18.798,5.0934,1.3333,,,,,
2023-02-01,155066.0,3.6,33.15,,66.9,4.2,301.45,12898.0,4.33,,62.5,4119.21,,76.34,,2949.3,40.7,97.46672,17.87,1.02,-0.7,258.669,586165.0,4.0,1.0917,18.708,5.0746,1.3335,97.90593,,13.75,4.75,5.2
2023-02-02,,,,,,,,,4.58,,,4179.76,,75.87,,,,,18.73,,-0.69,,,,1.0918,18.618,5.0138,1.3317,,,,,
2023-02-03,,,,,,,,,4.58,,,4136.48,,73.4,,,,,18.33,,-0.77,,,,1.0825,18.883,5.1339,1.3395,,,,,
2023-02-04,,,,215000.0,,,,,4.58,,,,,,1641000.0,,,,,,,,,,,,,,,,,,
2023-02-05,,,,,,,,,4.58,,,,,,,,,,,,,,,,,,,,,,,,
2023-02-06,,,,,,,,,4.58,,,4111.08,3.444,74.11,,,,,19.43,,-0.81,,,,1.0722,19.21,5.2025,1.3442,,,,,
2023-02-07,,,,,,,,,4.58,,,4164.0,,77.17,,,,,18.66,,-0.8,,,,1.0705,19.03,5.1868,1.344,,,,,
2023-02-08,,,,,,,,,4.58,,,4117.86,,78.47,,,,,19.63,,-0.82,,,,1.0734,18.957,5.2183,1.343,,,,,
2023-02-09,,,,,,,,,4.57,,,4081.5,,78.04,,,,,20.71,,-0.81,,,,1.0761,18.959,5.2528,1.3428,,,,,
2023-02-10,,,,,,,,,4.58,,,4090.46,,79.74,,,,,20.53,,-0.76,,,,1.067,18.708,5.2528,1.3363,,,,,
2023-02-11,,,,220000.0,,,,,4.58,,,,,,1646000.0,,,,,,,,,,,,,,,,,,
2023-02-12,,,,,,,,,4.58,,,,,,,,,,,,,,,,,,,,,,,,
2023-02-13,,,,,,,,,4.58,,,4137.29,3.39,80.14,,,,,20.34,,-0.8,,,,1.0718,18.626,5.1822,1.3348,,,,,
2023-02-14,,,,,,,,,4.58,,,4136.13,,79.08,,,,,18.91,,-0.83,,,,1.0722,18.541,5.1738,1.3367,,,,,
2023-02-15,,,,,,,,,4.58,,,4147.6,,78.57,,,,,18.23,,-0.81,,,,1.0683,18.601,5.2172,1.3401,,,,,
2023-02-16,,,,,,,,,4.58,,,4090.41,,78.45,,,,,20.17,,-0.76,,,,1.0684,18.513,5.2313,1.3451,,,,,
2023-02-17,,,,,,,,,4.58,,,4079.09,,76.31,,,,,20.02,,-0.78,,,,1.0678,18.416,5.1776,1.3487,,,,,
2023-02-18,,,,217000.0,,,,,4.58,,,,,,1637000.0,,,,,,,,,,,,,,,,,,
2023-02-19,,,,,,,,,4.58,,,,,,,,,,,,,,,,,,,,,,,,
2023-02-20,,,,,,,,,4.58,,,,3.379,,,,,,21.23,,,,,,,,,,,,,,
2023-02-21,,,,,,,,,4.58,,,3997.34,,76.28,,,,,22.87,,-0.72,,,,1.0657,18.392,5.1674,1.3515,,,,,
2023-02-22,,,,,,,,,4.58,,,3991.05,,73.95,,,,,22.29,,-0.73,,,,1.0623,18.35,5.194,1.354,,,,,
2023-02-23,,,,,,,,,4.58,,,4012.32,,75.26,,,,,21.14,,-0.78,,,,1.0583,18.435,5.1386,1.3567,,,,,
2023-02-24,,,,,,,,,4.58,,,3970.04,,76.19,,,,,21.67,,-0.83,,,,1.0545,18.399,5.1865,1.3618,,,,,
2023-02-25,,,,207000.0,,,,,4.58,,,,,,1662000.0,,,,,,,,,,,,,,,,,,
2023-02-26,,,,,,,,,4.58,,,,,,,,,,,,,,,,,,,,,,,,
2023-02-27,,,,,,,,,4.57,,,3982.24,3.342,75.57,,,,,20.95,,-0.86,,,,1.0596,18.408,5.2031,1.3574,,,,,
2023-02-28,,,,,,,,,4.57,,,3970.15,,76.88,,,,,20.7,,-0.89,,,,1.0602,18.345,5.2283,1.3616,,,,,
2023-03-01,155134.0,3.5,33.27,,62.0,3.6,301.821,12888.0,4.58,,62.6,3951.39,,77.57,,2921.0,40.6,97.35742,20.58,1.06,-0.88,257.062,578812.0,3.9,1.0674,18.095,5.1965,1.3597,95.68299,,13.75,4.75,5.1
2023-03-02,,,,,,,,,4.57,,,3981.35,,78.05,,,,,19.59,,-0.81,,,,1.0595,18.112,5.2033,1.3616,,,,,
2023-03-03,,,,,,,,,4.57,,,4045.64,,79.62,,,,,18.49,,-0.89,,,,1.0616,18.013,5.2067,1.3609,,,,,
2023-03-04,,,,230000.0,,,,,4.57,,,,,,1662000.0,,,,,,,,,,,,,,,,,,
2023-03-05,,,,,,,,,4.57,,,,,,,,,,,,,,,,,,,,,,,,
2023-03-06,,,,,,,,,4.57,,,4048.42,3.389,80.39,,,,,18.61,,-0.91,,,,1.0694,18.015,5.168,1.3606,,,,,
2023-03-07,,,,,,,,,4.57,,,3986.37,,77.45,,,,,19.59,,-1.03,,,,1.0573,18.131,5.1933,1.3736,,,,,
2023-03-08,,,,,,,,,4.57,,,3992.01,,76.56,,,,,19.11,,-1.07,,,,1.0549,17.949,5.1251,1.3784,,,,,
2023-03-09,,,,,,,,,4.57,,,3918.32,,75.6,,,,,22.61,,-0.97,,,,1.0577,18.086,5.1542,1.3777,,,,,
2023-03-10,,,,,,,,,4.57,,,3861.59,,76.55,,,,,24.8,,-0.9,,,,1.0659,18.359,5.1838,1.3804,,,,,
2023-03-11,,,,222000.0,,,,,4.57,,,,,,1676000.0,,,,,,,,,,,,,,,,,,
2023-03-12,,,,,,,,,4.57,,,,,,,,,,,,,,,,,,,,,,,,
2023-03-13,,,,,,,,,4.58,,,3855.76,3.456,74.68,,,,,26.52,,-0.48,,,,1.0733,18.77,5.2382,1.3687,,,,,
2023-03-14,,,,,,,,,4.58,,,3919.29,,71.18,,,,,23.73,,-0.56,,,,1.0722,18.719,5.2565,1.3676,,,,,
2023-03-15,,,,,,,,,4.58,,,3891.93,,67.38,,,,,26.14,,-0.42,,,,1.0535,18.957,5.3062,1.3799,,,,,
2023-03-16,,,,,,,,,4.58,,,3960.28,,68.15,,,,,22.99,,-0.58,,,,1.0622,18.913,5.28,1.3761,,,,,
2023-03-17,,,,,,,,,4.58,,,3916.64,,66.61,,,,,25.51,,-0.42,,,,1.0647,18.98,5.2813,1.3753,,,,,
2023-03-18,,,,230000.0,,,,,4.58,,,,,,1693000.0,,,,,,,,,,,,,,,,,,
2023-03-19,,,,,,,,,4.58,,,,,,,,,,,,,,,,,,,,,,,,
2023-03-20,,,,,,,,,4.58,,,3951.57,3.422,67.56,,,,,24.15,,-0.45,,,,1.0722,18.82,5.2475,1.3686,,,,,
2023-03-21,,,,,,,,,4.58,,,4002.87,,69.4,,,,,21.38,,-0.58,,,,1.0769,18.67,5.2458,1.3732,,,,,
2023-03-22,,,,,,,,,4.58,,,3936.97,,70.71,,,,,22.26,,-0.48,,,,1.0792,18.527,5.2594,1.3722,,,,,
2023-03-23,,,,,,,,,4.83,,,3948.72,,69.77,,,,,22.61,,-0.38,,,,1.089,18.489,5.2692,1.3658,,,,,
2023-03-24,,,,,,,,,4.83,,,3970.99,,69.22,,,,,21.74,,-0.38,,,,1.0762,18.498,5.2506,1.3763,,,,,
2023-03-25,,,,234000.0,,,,,4.83,,,,,,1702000.0,,,,,,,,,,,,,,,,,,
2023-03-26,,,,,,,,,4.83,,,,,,,,,,,,,,,,,,,,,,,,
2023-03-27,,,,,,,,,4.83,,,3977.53,3.421,72.87,,,,,20.6,,-0.41,,,,1.0789,18.392,5.234,1.3686,,,,,
2023-03-28,,,,,,,,,4.83,,,3971.27,,73.12,,,,,19.97,,-0.47,,,,1.0844,18.242,5.1678,1.3615,,,,,
2023-03-29,,,,,,,,,4.83,,,4027.81,,72.95,,,,,19.12,,-0.51,,,,1.0826,18.094,5.1405,1.3575,,,,,
2023-03-30,,,,,,,,,4.83,,,4050.83,,74.32,,,,,19.02,,-0.55,,,,1.0899,18.095,5.1203,1.3536,,,,,
2023-03-31,,,,,,,,,4.83,,,4109.31,,75.68,,,,,18.7,,-0.58,,,,1.0872,18.025,5.0702,1.3525,,,,,
2023-04-01,155375.0,3.4,33.43,217000.0,63.7,4.7,302.845,12884.0,4.83,111.404,62.6,,,,1694000.0,2906.8,40.7,97.26667,,0.7,,256.908,583874.0,4.0,,,,,95.39304,,13.75,4.75,5.1
2023-04-02,,,,,,,,,4.83,,,,,,,,,,,,,,,,,,,,,,,,
2023-04-03,,,,,,,,,4.83,,,4124.51,3.497,80.4,,,,,18.55,,-0.54,,,,1.0891,18.114,5.0683,1.3435,,,,,
2023-04-04,,,,,,,,,4.83,,,4100.6,,80.7,,,,,19.0,,-0.49,,,,1.0951,18.158,5.0919,1.3454,,,,,
2023-04-05,,,,,,,,,4.83,,,4090.38,,80.69,,,,,19.08,,-0.49,,,,1.0918,18.308,5.038,1.3453,,,,,
2023-04-06,,,,,,,,,4.83,,,4105.02,,80.7,,,,,18.4,,-0.52,,,,1.0927,18.211,5.0644,1.3472,,,,,
2023-04-07,,,,,,,,,4.83,,,,,,,,,,,,-0.58,,,,1.0913,18.135,5.0565,1.3513,,,,,
2023-04-08,,,,220000.0,,,,,4.83,,,,,,1739000.0,,,,,,,,,,,,,,,,,,
2023-04-09,,,,,,,,,4.83,,,,,,,,,,,,,,,,,,,,,,,,
2023-04-10,,,,,,,,,4.83,,,4109.11,3.596,79.79,,,,,18.97,,-0.59,,,,1.084,18.161,5.0832,1.3534,,,,,
2023-04-11,,,,,,,,,4.83,,,4108.94,,81.54,,,,,19.1,,-0.6,,,,1.0906,18.195,5.0078,1.348,,,,,
2023-04-12,,,,,,,,,4.83,,,4091.95,,83.26,,,,,19.09,,-0.54,,,,1.0987,18.071,4.937,1.345,,,,,
2023-04-13,,,,,,,,,4.83,,,4146.22,,82.16,,,,,17.8,,-0.51,,,,1.1054,18.01,4.902,1.3344,,,,,
2023-04-14,,,,,,,,,4.83,,,4137.64,,82.58,,,,,17.07,,-0.56,,,,1.098,18.049,4.9385,1.3379,,,,,
2023-04-15,,,,223000.0,,,,,4.83,,,,,,1726000.0,,,,,,,,,,,,,,,,,,
2023-04-16,,,,,,,,,4.83,,,,,,,,,,,,,,,,,,,,,,,,
2023-04-17,,,,,,,,,4.83,,,4151.32,3.663,80.93,,,,,16.95,,-0.58,,,,1.0915,18.1014,4.945,1.3403,,,,,
2023-04-18,,,,,,,,,4.83,,,4154.87,,80.85,,,,,16.83,,-0.61,,,,1.0958,18.0679,4.9735,1.3391,,,,,
2023-04-19,,,,,,,,,4.83,,,4154.52,,79.18,,,,,16.46,,-0.64,,,,1.0953,18.0427,5.0511,1.3454,,,,,
2023-04-20,,,,,,,,,4.83,,,4129.79,,77.27,,,,,17.17,,-0.6,,,,1.097,18.0136,5.0422,1.3459,,,,,
2023-04-21,,,,,,,,,4.83,,,4133.52,,77.86,,,,,16.77,,-0.6,,,,1.0973,18.01,5.0486,1.3534,,,,,
2023-04-22,,,,209000.0,,,,,4.83,,,,,,1708000.0,,,,,,,,,,,,,,,,,,
2023-04-23,,,,,,,,,4.83,,,,,,,,,,,,,,,,,,,,,,,,
2023-04-24,,,,,,,,,4.83,,,4137.04,3.656,78.64,,,,,16.89,,-0.6,,,,1.1027,18.0074,5.0554,1.3543,,,,,
2023-04-25,,,,,,,,,4.83,,,4071.63,,77.05,,,,,18.76,,-0.46,,,,1.0968,18.066,5.0618,1.3627,,,,,
2023-04-26,,,,,,,,,4.83,,,4055.99,,74.33,,,,,18.84,,-0.47,,,,1.1052,18.1074,5.0487,1.3601,,,,,
2023-04-27,,,,,,,,,4.83,,,4135.35,,74.77,,,,,17.03,,-0.54,,,,1.1017,18.0706,5.0116,1.3611,,,,,
2023-04-28,,,,,,,,,4.83,,,4169.48,,76.78,,,,,15.78,,-0.6,,,,1.104,17.9973,5.0049,1.3552,,,,,
2023-04-29,,,,213000.0,,,,,4.83,,,,,,1713000.0,,,,,,,,,,,,,,,,,,
2023-04-30,,,,,,,,,4.83,,,,,,,,,,,,,,,,,,,,,,,,
2023-05-01,155655.0,3.6,33.5,,59.0,4.2,303.334,12869.0,4.83,,62.6,4167.87,3.6,75.65,,2898.8,40.7,97.268,16.08,0.72,-0.55,253.67,586286.0,4.2,1.097,17.9157,4.9889,1.3541,95.29639,,13.75,4.75,5.2
2023-05-02,,,,,,,,,4.83,,,4119.58,,71.71,,,,,17.78,,-0.53,,,,1.0997,18.057,5.041,1.3627,,,,,
2023-05-03,,,,,,,,,4.83,,,4090.75,,68.62,,,,,18.34,,-0.51,,,,1.1049,17.896,5.0133,1.361,,,,,
2023-05-04,,,,,,,,,5.08,,,4061.22,,68.52,,,,,20.09,,-0.38,,,,1.1009,17.956,5.0196,1.357,,,,,
2023-05-05,,,,,,,,,5.08,,,4136.25,,71.32,,,,,17.19,,-0.48,,,,1.1026,17.7481,4.9534,1.3419,,,,,
2023-05-06,,,,223000.0,,,,,5.08,,,,,,1713000.0,,,,,,,,,,,,,,,,,,
2023-05-07,,,,,,,,,5.08,,,,,,,,,,,,,,,,,,,,,,,,
2023-05-08,,,,,,,,,5.08,,,4138.12,3.533,73.13,,,,,16.98,,-0.48,,,,1.102,17.8197,4.9925,1.3356,,,,,
2023-05-09,,,,,,,,,5.08,,,4119.17,,73.68,,,,,17.71,,-0.48,,,,1.0953,17.7453,4.9838,1.3399,,,,,
2023-05-10,,,,,,,,,5.08,,,4137.64,,72.53,,,,,16.94,,-0.47,,,,1.0966,17.6074,4.9559,1.3374,,,,,
2023-05-11,,,,,,,,,5.08,,,4130.62,,70.81,,,,,16.93,,-0.5,,,,1.0916,17.612,4.958,1.3487,,,,,
2023-05-12,,,,,,,,,5.08,,,4124.08,,70.02,,,,,17.03,,-0.52,,,,1.0856,17.6024,4.925,1.354,,,,,
2023-05-13,,,,225000.0,,,,,5.08,,,,,,1716000.0,,,,,,,,,,,,,,,,,,
2023-05-14,,,,,,,,,5.08,,,,,,,,,,,,,,,,,,,,,,,,
2023-05-15,,,,,,,,,5.08,,,4136.28,3.536,71.07,,,,,17.12,,-0.49,,,,1.0874,17.554,4.9056,1.3482,,,,,
2023-05-16,,,,,,,,,5.08,,,4109.9,,70.85,,,,,17.99,,-0.52,,,,1.0866,17.4297,4.9139,1.3456,,,,,
2023-05-17,,,,,,,,,5.08,,,4158.77,,72.78,,,,,16.87,,-0.55,,,,1.083,17.5912,4.9416,1.3483,,,,,
2023-05-18,,,,,,,,,5.08,,,4198.05,,71.82,,,,,16.05,,-0.59,,,,1.0776,17.7162,4.9641,1.3502,,,,,
2023-05-19,,,,,,,,,5.08,,,4191.98,,71.57,,,,,16.81,,-0.58,,,,1.0819,17.692,4.9842,1.3508,,,,,
2023-05-20,,,,227000.0,,,,,5.08,,,,,,1744000.0,,,,,,,,,,,,,,,,,,
2023-05-21,,,,,,,,,5.08,,,,,,,,,,,,,,,,,,,,,,,,
2023-05-22,,,,,,,,,5.08,,,4192.63,3.534,71.81,,,,,17.21,,-0.57,,,,1.0806,17.8395,4.9627,1.3508,,,,,
2023-05-23,,,,,,,,,5.08,,,4145.58,,72.87,,,,,18.53,,-0.56,,,,1.0771,17.9628,4.9535,1.3485,,,,,
2023-05-24,,,,,,,,,5.08,,,4115.24,,74.37,,,,,20.03,,-0.58,,,,1.0758,17.812,4.9427,1.3589,,,,,
2023-05-25,,,,,,,,,5.08,,,4151.28,,71.68,,,,,19.14,,-0.67,,,,1.0725,17.8332,5.0147,1.3636,,,,,
2023-05-26,,,,,,,,,5.08,,,4205.45,,72.35,,,,,17.95,,-0.74,,,,1.0713,17.6647,5.0035,1.3625,,,,,
2023-05-27,,,,229000.0,,,,,5.08,,,,,,1725000.0,,,,,,,,,,,,,,,,,,
2023-05-28,,,,,,,,,5.08,,,,,,,,,,,,,,,,,,,,,,,,
2023-05-29,,,,,,,,,5.08,,,,3.571,,,,,,17.46,,,,,,,,,,,,,,
2023-05-30,,,,,,,,,5.08,,,4205.52,,69.45,,,,,17.46,,-0.77,,,,1.0722,17.673,5.0614,1.3593,,,,,
2023-05-31,,,,,,,,,5.08,,,4179.83,,68.11,,,,,17.94,,-0.76,,,,1.0654,17.7488,5.1087,1.3588,,,,,
2023-06-01,155880.0,3.6,33.69,,64.2,3.3,304.014,12875.0,5.08,,62.6,4221.02,,70.09,,2867.8,40.7,97.55695,15.65,0.67,-0.72,253.86,588670.0,4.3,1.0752,17.5493,5.0201,1.3441,93.9433,,13.75,5.0,5.4
2023-06-02,,,,,,,,,5.08,,,4282.37,,71.76,,,,,14.6,,-0.81,,,,1.0724,17.4976,4.9592,1.3438,,,,,
2023-06-03,,,,252000.0,,,,,5.08,,,,,,1751000.0,,,,,,,,,,,,,,,,,,
2023-06-04,,,,,,,,,5.08,,,,,,,,,,,,,,,,,,,,,,,,
2023-06-05,,,,,,,,,5.08,,,4273.79,3.541,72.14,,,,,14.73,,-0.77,,,,1.0721,17.464,4.9171,1.3419,,,,,
2023-06-06,,,,,,,,,5.08,,,4283.85,,71.71,,,,,13.96,,-0.81,,,,1.0695,17.4124,4.9108,1.3403,,,,,
2023-06-07,,,,,,,,,5.08,,,4267.52,,72.52,,,,,13.94,,-0.77,,,,1.0702,17.3411,4.9082,1.3363,,,,,
2023-06-08,,,,,,,,,5.08,,,4293.93,,71.28,,,,,13.65,,-0.79,,,,1.078,17.4095,4.9235,1.338,,,,,
2023-06-09,,,,,,,,,5.08,,,4298.86,,70.16,,,,,13.83,,-0.84,,,,1.0749,17.2912,4.8846,1.3342,,,,,
2023-06-10,,,,256000.0,,,,,5.08,,,,,,1762000.0,,,,,,,,,,,,,,,,,,
2023-06-11,,,,,,,,,5.08,,,,,,,,,,,,,,,,,,,,,,,,
2023-06-12,,,,,,,,,5.08,,,4338.93,3.595,67.08,,,,,15.01,,-0.82,,,,1.0747,17.308,4.8773,1.3377,,,,,
2023-06-13,,,,,,,,,5.08,,,4369.01,,69.39,,,,,14.61,,-0.83,,,,1.0792,17.214,4.8567,1.3298,,,,,
2023-06-14,,,,,,,,,5.08,,,4372.59,,68.22,,,,,13.88,,-0.91,,,,1.0859,17.11,4.8424,1.3283,,,,,
2023-06-15,,,,,,,,,5.07,,,4425.84,,70.61,,,,,14.5,,-0.9,,,,1.0933,17.1787,4.8111,1.3237,,,,,
2023-06-16,,,,,,,,,5.08,,,4409.59,,71.81,,,,,13.54,,-0.93,,,,1.0925,17.0765,4.8309,1.3194,,,,,
2023-06-17,,,,259000.0,,,,,5.08,,,,,,1753000.0,,,,,,,,,,,,,,,,,,
2023-06-18,,,,,,,,,5.08,,,,,,,,,,,,,,,,,,,,,,,,
2023-06-19,,,,,,,,,5.08,,,,3.577,,,,,,14.19,,,,,,,,,,,,,,
2023-06-20,,,,,,,,,5.07,,,4388.71,,70.94,,,,,13.88,,-0.94,,,,1.09,17.1908,4.7959,1.3246,,,,,
2023-06-21,,,,,,,,,5.07,,,4365.69,,72.55,,,,,13.2,,-0.96,,,,1.0951,17.1601,4.764,1.3179,,,,,
2023-06-22,,,,,,,,,5.07,,,4381.89,,69.22,,,,,12.91,,-0.97,,,,1.0953,17.1472,4.7764,1.3164,,,,,
2023-06-23,,,,,,,,,5.07,,,4348.33,,68.91,,,,,13.44,,-0.97,,,,1.0887,17.1723,4.7734,1.3196,,,,,
2023-06-24,,,,236000.0,,,,,5.07,,,,,,1775000.0,,,,,,,,,,,,,,,,,,
2023-06-25,,,,,,,,,5.07,,,,,,,,,,,,,,,,,,,,,,,,
2023-06-26,,,,,,,,,5.07,,,4328.82,3.571,69.09,,,,,14.25,,-0.93,,,,1.091,17.1345,4.77,1.3145,,,,,
2023-06-27,,,,,,,,,5.07,,,4378.41,,67.68,,,,,13.74,,-0.97,,,,1.0961,17.0833,4.8042,1.3175,,,,,
2023-06-28,,,,,,,,,5.07,,,4376.86,,69.54,,,,,13.43,,-1.0,,,,1.0904,17.0731,4.8433,1.3249,,,,,
2023-06-29,,,,,,,,,5.07,,,4396.44,,69.85,,,,,13.54,,-1.02,,,,1.0881,17.0976,4.8491,1.3246,,,,,
2023-06-30,,,,,,,,,5.08,,,4450.38,,70.66,,,,,13.59,,-1.06,,,,1.092,17.1439,4.8102,1.3232,,,,,
2023-07-01,156043.0,3.5,33.85,248000.0,71.5,3.4,304.609,12862.0,5.08,112.786,62.6,,,,1774000.0,2833.9,40.7,97.89566,,0.62,,253.835,589257.0,4.3,,,,,92.88016,,13.75,5.25,5.4
2023-07-02,,,,,,,,,5.08,,,,,,,,,,,,,,,,,,,,,,,,
2023-07-03,,,,,,,,,5.08,,,4455.59,3.527,69.71,,,,,13.57,,-1.08,,,,1.0919,17.0578,4.79,1.3243,,,,,
2023-07-04,,,,,,,,,5.08,,,,,,,,,,13.7,,,,,,,,,,,,,,
2023-07-05,,,,,,,,,5.08,,,4446.82,,71.78,,,,,14.18,,-0.99,,,,1.0868,16.9966,4.8574,1.3271,,,,,
2023-07-06,,,,,,,,,5.08,,,4411.59,,71.76,,,,,15.44,,-0.94,,,,1.0873,17.2568,4.925,1.3353,,,,,
2023-07-07,,,,,,,,,5.08,,,4398.95,,73.91,,,,,14.83,,-0.88,,,,1.0964,17.1073,4.8622,1.3284,,,,,
2023-07-08,,,,230000.0,,,,,5.08,,,,,,1790000.0,,,,,,,,,,,,,,,,,,
2023-07-09,,,,,,,,,5.08,,,,,,,,,,,,,,,,,,,,,,,,
2023-07-10,,,,,,,,,5.07,,,4409.53,3.546,73.05,,,,,15.07,,-0.84,,,,1.0991,17.0485,4.8652,1.3281,,,,,
2023-07-11,,,,,,,,,5.08,,,4439.26,,74.87,,,,,14.84,,-0.89,,,,1.0992,17.0853,4.8823,1.3249,,,,,
2023-07-12,,,,,,,,,5.08,,,4472.16,,75.77,,,,,13.54,,-0.86,,,,1.1123,16.848,4.8148,1.3179,,,,,
2023-07-13,,,,,,,,,5.08,,,4510.04,,76.86,,,,,13.61,,-0.83,,,,1.1194,16.8998,4.8131,1.3126,,,,,
2023-07-14,,,,,,,,,5.08,,,4505.42,,75.44,,,,,13.34,,-0.91,,,,1.1237,16.8002,4.7988,1.3204,,,,,
2023-07-15,,,,229000.0,,,,,5.08,,,,,,1770000.0,,,,,,,,,,,,,,,,,,
2023-07-16,,,,,,,,,5.08,,,,,,,,,,,,,,,,,,,,,,,,
2023-07-17,,,,,,,,,5.08,,,4522.79,3.559,74.17,,,,,13.48,,-0.93,,,,1.1236,16.8047,4.8249,1.3173,,,,,
2023-07-18,,,,,,,,,5.08,,,4554.98,,75.76,,,,,13.3,,-0.94,,,,1.1223,16.7423,4.7985,1.3175,,,,,
2023-07-19,,,,,,,,,5.08,,,4565.72,,75.4,,,,,13.76,,-0.99,,,,1.1195,16.759,4.8022,1.3158,,,,,
2023-07-20,,,,,,,,,5.08,,,4534.87,,75.65,,,,,13.99,,-0.95,,,,1.1135,16.8359,4.8074,1.3182,,,,,
2023-07-21,,,,,,,,,5.08,,,4536.34,,77.06,,,,,13.6,,-0.98,,,,1.112,16.9228,4.768,1.3217,,,,,
2023-07-22,,,,231000.0,,,,,5.08,,,,,,1778000.0,,,,,,,,,,,,,,,,,,
2023-07-23,,,,,,,,,5.08,,,,,,,,,,,,,,,,,,,,,,,,
2023-07-24,,,,,,,,,5.08,,,4554.64,3.596,78.81,,,,,13.91,,-0.95,,,,1.1083,16.8164,4.7309,1.3154,,,,,
2023-07-25,,,,,,,,,5.08,,,4567.46,,79.76,,,,,13.86,,-0.94,,,,1.105,16.9099,4.7442,1.3179,,,,,
2023-07-26,,,,,,,,,5.08,,,4566.75,,79.11,,,,,13.19,,-0.96,,,,1.1078,16.8769,4.7355,1.3218,,,,,
2023-07-27,,,,,,,,,5.33,,,4537.41,,80.17,,,,,14.41,,-0.9,,,,1.0998,16.7073,4.7179,1.3194,,,,,
2023-07-28,,,,,,,,,5.33,,,4582.23,,80.55,,,,,13.33,,-0.91,,,,1.1039,16.6635,4.7306,1.3225,,,,,
2023-07-29,,,,238000.0,,,,,5.33,,,,,,1774000.0,,,,,,,,,,,,,,,,,,
2023-07-30,,,,,,,,,5.33,,,,,,,,,,,,,,,,,,,,,,,,
2023-07-31,,,,,,,,,5.33,,,4588.96,3.757,81.8,,,,,13.63,,-0.91,,,,1.102,16.7183,4.7407,1.316,,,,,
2023-08-01,156261.0,3.7,33.89,,69.4,3.5,306.082,12861.0,5.33,,62.8,4576.73,,81.37,,2809.8,40.8,97.937,13.93,0.69,-0.87,257.68,595191.0,4.1,1.0971,16.8414,4.7824,1.3289,92.78351,,13.28,5.25,5.4
2023-08-02,,,,,,,,,5.33,,,4513.39,,79.5,,,,,16.09,,-0.8,,,,1.0939,17.043,4.814,1.3334,,,,,
2023-08-03,,,,,,,,,5.33,,,4501.89,,81.56,,,,,15.92,,-0.7,,,,1.0947,17.3356,4.882,1.334,,,,,
2023-08-04,,,,,,,,,5.33,,,4478.03,,82.76,,,,,17.1,,-0.73,,,,1.1036,17.0579,4.8548,1.3337,,,,,
2023-08-05,,,,258000.0,,,,,5.33,,,,,,1805000.0,,,,,,,,,,,,,,,,,,
2023-08-06,,,,,,,,,5.33,,,,,,,,,,,,,,,,,,,,,,,,
2023-08-07,,,,,,,,,5.33,,,4518.44,3.828,81.94,,,,,15.77,,-0.67,,,,1.1,17.0564,4.8971,1.3372,,,,,
2023-08-08,,,,,,,,,5.33,,,4499.38,,82.94,,,,,15.99,,-0.72,,,,1.0951,17.1512,4.9083,1.3454,,,,,
2023-08-09,,,,,,,,,5.33,,,4467.71,,84.35,,,,,15.96,,-0.79,,,,1.0975,17.076,4.902,1.3442,,,,,
2023-08-10,,,,,,,,,5.33,,,4468.83,,82.81,,,,,15.85,,-0.73,,,,1.1016,16.941,4.8453,1.3401,,,,,
2023-08-11,,,,,,,,,5.33,,,4464.05,,83.17,,,,,14.84,,-0.73,,,,1.0957,16.995,4.8944,1.3437,,,,,
2023-08-12,,,,248000.0,,,,,5.33,,,,,,1797000.0,,,,,,,,,,,,,,,,,,
2023-08-13,,,,,,,,,5.33,,,,,,,,,,,,,,,,,,,,,,,,
2023-08-14,,,,,,,,,5.33,,,4489.72,3.85,82.5,,,,,14.82,,-0.77,,,,1.0922,17.0746,4.9555,1.3451,,,,,
2023-08-15,,,,,,,,,5.33,,,4437.86,,81.06,,,,,16.46,,-0.71,,,,1.0928,17.1114,4.9753,1.3472,,,,,
2023-08-16,,,,,,,,,5.33,,,4404.33,,79.4,,,,,16.78,,-0.69,,,,1.0904,17.064,4.966,1.3516,,,,,
2023-08-17,,,,,,,,,5.33,,,4370.36,,80.43,,,,,17.89,,-0.64,,,,1.0874,17.116,4.9836,1.3522,,,,,
2023-08-18,,,,,,,,,5.33,,,4369.71,,81.25,,,,,17.3,,-0.66,,,,1.0875,17.0598,4.9649,1.3557,,,,,
2023-08-19,,,,240000.0,,,,,5.33,,,,,,1821000.0,,,,,,,,,,,,,,,,,,
2023-08-20,,,,,,,,,5.33,,,,,,,,,,,,,,,,,,,,,,,,
2023-08-21,,,,,,,,,5.33,,,4399.77,3.868,80.71,,,,,17.13,,-0.63,,,,1.0888,17.031,4.9864,1.3563,,,,,
2023-08-22,,,,,,,,,5.33,,,4387.55,,80.25,,,,,16.97,,-0.68,,,,1.0846,16.9166,4.937,1.3547,,,,,
2023-08-23,,,,,,,,,5.33,,,4436.01,,78.91,,,,,15.98,,-0.76,,,,1.0862,16.7987,4.8789,1.3542,,,,,
2023-08-24,,,,,,,,,5.33,,,4376.31,,79.52,,,,,17.2,,-0.75,,,,1.0826,16.818,4.8825,1.3562,,,,,
2023-08-25,,,,,,,,,5.33,,,4405.71,,80.47,,,,,15.68,,-0.78,,,,1.0787,16.797,4.8765,1.3626,,,,,
2023-08-26,,,,234000.0,,,,,5.33,,,,,,1804000.0,,,,,,,,,,,,,,,,,,
2023-08-27,,,,,,,,,5.33,,,,,,,,,,,,,,,,,,,,,,,,
2023-08-28,,,,,,,,,5.33,,,4433.31,3.813,80.65,,,,,15.08,,-0.78,,,,1.081,16.7116,4.8931,1.3596,,,,,
2023-08-29,,,,,,,,,5.33,,,4497.63,,81.14,,,,,14.45,,-0.75,,,,1.0851,16.8436,4.8566,1.3589,,,,,
2023-08-30,,,,,,,,,5.33,,,4514.87,,81.64,,,,,13.88,,-0.78,,,,1.0926,16.7435,4.8592,1.3515,,,,,
2023-08-31,,,,,,,,,5.33,,,4507.66,,83.55,,,,,13.57,,-0.76,,,,1.0839,16.881,4.9324,1.3539,,,,,
2023-09-01,156417.0,3.7,34.01,,67.8,3.2,307.276,12872.0,5.33,,62.7,4515.77,,85.52,,2787.6,40.7,97.7463,13.09,0.83,-0.69,258.934,598956.0,4.0,1.0787,17.1523,4.9425,1.3582,91.72036,,13.08,5.25,5.5
2023-09-02,,,,225000.0,,,,,5.33,,,,,,1812000.0,,,,,,,,,,,,,,,,,,
2023-09-03,,,,,,,,,5.33,,,,,,,,,,,,,,,,,,,,,,,,
2023-09-04,,,,,,,,,5.33,,,,3.807,,,,,,13.82,,,,,,,,,,,,,,
2023-09-05,,,,,,,,,5.33,,,4496.83,,86.74,,,,,14.01,,-0.67,,,,1.0727,17.3392,4.9643,1.3607,,,,,
2023-09-06,,,,,,,,,5.33,,,4465.48,,87.55,,,,,14.45,,-0.71,,,,1.0714,17.549,4.969,1.3655,,,,,
2023-09-07,,,,,,,,,5.33,,,4451.14,,86.87,,,,,14.4,,-0.67,,,,1.0704,17.5396,4.9767,1.3678,,,,,
2023-09-08,,,,,,,,,5.33,,,4457.49,,87.51,,,,,13.84,,-0.72,,,,1.0709,17.571,4.9762,1.3621,,,,,
2023-09-09,,,,225000.0,,,,,5.33,,,,,,1797000.0,,,,,,,,,,,,,,,,,,
2023-09-10,,,,,,,,,5.33,,,,,,,,,,,,,,,,,,,,,,,,
2023-09-11,,,,,,,,,5.33,,,4487.46,3.822,87.3,,,,,13.8,,-0.68,,,,1.0744,17.368,4.9346,1.3581,,,,,
2023-09-12,,,,,,,,,5.33,,,4461.9,,88.87,,,,,14.23,,-0.71,,,,1.0726,17.2553,4.9423,1.3553,,,,,
2023-09-13,,,,,,,,,5.33,,,4467.44,,88.59,,,,,13.48,,-0.71,,,,1.0737,17.1055,4.9053,1.3533,,,,,
2023-09-14,,,,,,,,,5.33,,,4505.1,,90.13,,,,,12.82,,-0.71,,,,1.066,17.109,4.8669,1.3513,,,,,
2023-09-15,,,,,,,,,5.33,,,4450.32,,90.83,,,,,13.79,,-0.69,,,,1.0673,17.068,4.8674,1.3504,,,,,
2023-09-16,,,,211000.0,,,,,5.33,,,,,,1801000.0,,,,,,,,,,,,,,,,,,
2023-09-17,,,,,,,,,5.33,,,,,,,,,,,,,,,,,,,,,,,,
2023-09-18,,,,,,,,,5.33,,,4453.53,3.878,91.47,,,,,14.0,,-0.73,,,,1.0695,17.1116,4.8469,1.3482,,,,,
2023-09-19,,,,,,,,,5.33,,,4443.95,,91.16,,,,,14.11,,-0.71,,,,1.0684,17.0624,4.8586,1.3431,,,,,
2023-09-20,,,,,,,,,5.33,,,4402.2,,89.2,,,,,15.14,,-0.77,,,,1.0715,17.027,4.8471,1.3424,,,,,
2023-09-21,,,,,,,,,5.33,,,4330.0,,89.56,,,,,17.54,,-0.63,,,,1.0664,17.1577,4.9212,1.3484,,,,,
2023-09-22,,,,,,,,,5.33,,,4320.06,,90.0,,,,,17.2,,-0.66,,,,1.066,17.1431,4.9128,1.3467,,,,,
2023-09-23,,,,216000.0,,,,,5.33,,,,,,1793000.0,,,,,,,,,,,,,,,,,,
2023-09-24,,,,,,,,,5.33,,,,,,,,,,,,,,,,,,,,,,,,
2023-09-25,,,,,,,,,5.33,,,4337.44,3.837,89.68,,,,,16.9,,-0.54,,,,1.0591,17.3711,4.9637,1.3473,,,,,
2023-09-26,,,,,,,,,5.33,,,4273.53,,91.43,,,,,18.94,,-0.48,,,,1.0573,17.4958,4.9835,1.3509,,,,,
2023-09-27,,,,,,,,,5.33,,,4274.51,,93.67,,,,,18.22,,-0.49,,,,1.051,17.703,5.0565,1.3512,,,,,
2023-09-28,,,,,,,,,5.33,,,4299.7,,91.65,,,,,17.34,,-0.45,,,,1.0578,17.599,5.0357,1.3474,,,,,
2023-09-29,,,,,,,,,5.33,,,4288.05,,90.77,,,,,17.52,,-0.44,,,,1.0584,17.4064,5.0021,1.3535,,,,,
2023-09-30,,,,216000.0,,,,,5.33,,,,,,1798000.0,,,,,,,,,,,,,,,,,,
2023-10-01,156576.0,3.9,34.08,,63.8,4.2,307.696,12837.0,5.33,113.881,62.6,,,,,2773.0,40.8,97.51254,,1.3,,255.192,595517.0,4.0,,,,,91.72036,,12.75,5.25,5.7
2023-10-02,,,,,,,,,5.33,,,4288.39,3.798,88.81,,,,,17.61,,-0.43,,,,1.05,17.5457,5.077,1.3666,,,,,
2023-10-03,,,,,,,,,5.33,,,4229.45,,89.26,,,,,19.78,,-0.34,,,,1.0453,17.9134,5.1348,1.372,,,,,
2023-10-04,,,,,,,,,5.33,,,4263.75,,84.32,,,,,18.58,,-0.32,,,,1.0518,17.9505,5.1362,1.3739,,,,,
2023-10-05,,,,,,,,,5.33,,,4258.19,,82.3,,,,,18.49,,-0.31,,,,1.0527,18.319,5.1809,1.3736,,,,,
2023-10-06,,,,,,,,,5.33,,,4308.5,,82.83,,,,,17.45,,-0.3,,,,1.0596,18.16,5.153,1.3657,,,,,
2023-10-07,,,,210000.0,,,,,5.33,,,,,,1806000.0,,,,,,,,,,,,,,,,,,
2023-10-08,,,,,,,,,5.33,,,,,,,,,,,,,,,,,,,,,,,,
2023-10-09,,,,,,,,,5.33,,,4335.66,3.684,,,,,,17.7,,,,,,,,,,,,,,
2023-10-10,,,,,,,,,5.33,,,4358.24,,85.89,,,,,17.03,,-0.3,,,,1.0618,17.98,5.0668,1.3579,,,,,
2023-10-11,,,,,,,,,5.33,,,4376.95,,83.7,,,,,16.09,,-0.41,,,,1.062,17.819,5.0501,1.3617,,,,,
2023-10-12,,,,,,,,,5.33,,,4349.61,,82.87,,,,,16.69,,-0.36,,,,1.0553,17.899,5.0472,1.3656,,,,,
2023-10-13,,,,,,,,,5.33,,,4327.78,,87.67,,,,,19.32,,-0.41,,,,1.0502,18.0525,5.074,1.365,,,,,
2023-10-14,,,,200000.0,,,,,5.33,,,,,,1804000.0,,,,,,,,,,,,,,,,,,
2023-10-15,,,,,,,,,5.33,,,,,,,,,,,,,,,,,,,,,,,,
2023-10-16,,,,,,,,,5.33,,,4373.63,3.576,86.65,,,,,17.21,,-0.38,,,,1.0546,17.9564,5.0571,1.3615,,,,,
2023-10-17,,,,,,,,,5.33,,,4373.2,,86.66,,,,,17.88,,-0.36,,,,1.0593,17.9022,5.0157,1.3622,,,,,
2023-10-18,,,,,,,,,5.33,,,4314.6,,88.35,,,,,19.22,,-0.28,,,,1.0532,18.2492,5.0635,1.3696,,,,,
2023-10-19,,,,,,,,,5.33,,,4278.0,,89.35,,,,,21.4,,-0.16,,,,1.057,18.286,5.0435,1.3716,,,,,
2023-10-20,,,,,,,,,5.33,,,4224.16,,89.12,,,,,21.71,,-0.14,,,,1.0592,18.2152,5.0346,1.3692,,,,,
2023-10-21,,,,214000.0,,,,,5.33,,,,,,1812000.0,,,,,,,,,,,,,,,,,,
2023-10-22,,,,,,,,,5.33,,,,,,,,,,,,,,,,,,,,,,,,
2023-10-23,,,,,,,,,5.33,,,4217.04,3.533,85.49,,,,,20.37,,-0.19,,,,1.0646,18.1033,5.0066,1.3676,,,,,
2023-10-24,,,,,,,,,5.33,,,4247.68,,84.58,,,,,18.97,,-0.19,,,,1.0595,18.2818,4.9998,1.3744,,,,,
2023-10-25,,,,,,,,,5.33,,,4186.77,,86.07,,,,,20.19,,-0.13,,,,1.0583,18.297,4.9987,1.3772,,,,,
2023-10-26,,,,,,,,,5.33,,,4137.23,,83.8,,,,,20.68,,-0.16,,,,1.0532,18.1841,5.0051,1.383,,,,,
2023-10-27,,,,,,,,,5.33,,,4117.37,,86.04,,,,,21.27,,-0.15,,,,1.0592,18.0496,4.9464,1.3866,,,,,
2023-10-28,,,,217000.0,,,,,5.33,,,,,,1819000.0,,,,,,,,,,,,,,,,,,
2023-10-29,,,,,,,,,5.33,,,,,,,,,,,,,,,,,,,,,,,,
2023-10-30,,,,,,,,,5.33,,,4166.82,3.473,83.03,,,,,19.75,,-0.15,,,,1.062,18.021,5.039,1.3829,,,,,
2023-10-31,,,,,,,,,5.33,,,4193.8,,81.64,,,,,18.14,,-0.19,,,,1.0568,18.053,5.0433,1.3878,,,,,
2023-11-01,156703.0,3.7,34.17,,61.3,4.5,308.148,12859.0,5.33,,62.8,4237.86,,81.05,,2734.7,40.5,97.56221,16.87,0.96,-0.18,252.856,593567.0,3.9,1.0538,17.946,5.0154,1.3879,91.81701,,12.28,5.25,5.8
2023-11-02,,,,,,,,,5.33,,,4317.78,,83.04,,,,,15.66,,-0.31,,,,1.0618,17.5908,4.9539,1.3788,,,,,
2023-11-03,,,,,,,,,5.33,,,4358.34,,81.19,,,,,14.91,,-0.26,,,,1.0733,17.3706,4.8879,1.3671,,,,,
2023-11-04,,,,216000.0,,,,,5.33,,,,,,1802000.0,,,,,,,,,,,,,,,,,,
2023-11-05,,,,,,,,,5.33,,,,,,,,,,,,,,,,,,,,,,,,
2023-11-06,,,,,,,,,5.33,,,4365.98,3.396,81.54,,,,,14.89,,-0.26,,,,1.0747,17.5236,4.8921,1.3662,,,,,
2023-11-07,,,,,,,,,5.33,,,4378.38,,77.96,,,,,14.81,,-0.33,,,,1.0687,17.468,4.8677,1.3769,,,,,
2023-11-08,,,,,,,,,5.33,,,4382.78,,75.85,,,,,14.45,,-0.44,,,,1.0715,17.4792,4.8905,1.3798,,,,,
2023-11-09,,,,,,,,,5.33,,,4347.35,,76.34,,,,,15.29,,-0.41,,,,1.071,17.4832,4.9037,1.3766,,,,,
2023-11-10,,,,,,,,,5.33,,,4415.24,,,,,,,14.17,,-0.43,,,,,,,,,,,,
2023-11-11,,,,230000.0,,,,,5.33,,,,,,1787000.0,,,,,,,,,,,,,,,,,,
2023-11-12,,,,,,,,,5.33,,,,,,,,,,,,,,,,,,,,,,,,
2023-11-13,,,,,,,,,5.33,,,4411.55,3.349,78.86,,,,,14.76,,-0.39,,,,1.07,17.577,4.909,1.3781,,,,,
2023-11-14,,,,,,,,,5.33,,,4495.7,,78.9,,,,,14.16,,-0.36,,,,1.0861,17.401,4.8658,1.3711,,,,,
2023-11-15,,,,,,,,,5.33,,,4502.88,,77.15,,,,,14.18,,-0.37,,,,1.0853,17.3256,4.86,1.3665,,,,,
2023-11-16,,,,,,,,,5.33,,,4508.24,,73.5,,,,,14.32,,-0.38,,,,1.0851,17.3019,4.879,1.3774,,,,,
2023-11-17,,,,,,,,,5.33,,,4514.02,,76.47,,,,,13.8,,-0.44,,,,1.0879,17.2099,4.8964,1.374,,,,,
2023-11-18,,,,213000.0,,,,,5.33,,,,,,1803000.0,,,,,,,,,,,,,,,,,,
2023-11-19,,,,,,,,,5.33,,,,,,,,,,,,,,,,,,,,,,,,
2023-11-20,,,,,,,,,5.33,,,4547.38,3.289,78.1,,,,,13.41,,-0.47,,,,1.0945,17.126,4.8652,1.372,,,,,
2023-11-21,,,,,,,,,5.33,,,4538.19,,78.35,,,,,13.35,,-0.45,,,,1.0923,17.2096,4.8933,1.369,,,,,
2023-11-22,,,,,,,,,5.33,,,4556.62,,76.8,,,,,12.85,,-0.47,,,,1.0871,17.2014,4.8885,1.3733,,,,,
2023-11-23,,,,,,,,,5.33,,,,,,,,,,12.8,,,,,,,,,,,,,,
2023-11-24,,,,,,,,,5.33,,,4559.34,,74.83,,,,,12.46,,-0.45,,,,1.0934,17.1255,4.899,1.3608,,,,,
2023-11-25,,,,213000.0,,,,,5.33,,,,,,1812000.0,,,,,,,,,,,,,,,,,,
2023-11-26,,,,,,,,,5.33,,,,,,,,,,,,,,,,,,,,,,,,
2023-11-27,,,,,,,,,5.33,,,4550.43,3.238,74.46,,,,,12.69,,-0.45,,,,1.0937,17.152,4.9058,1.3633,,,,,
2023-11-28,,,,,,,,,5.33,,,4554.89,,76.09,,,,,12.69,,-0.39,,,,1.1007,17.118,4.8614,1.3562,,,,,
2023-11-29,,,,,,,,,5.33,,,4550.58,,77.56,,,,,12.98,,-0.37,,,,1.0969,17.2022,4.8962,1.3596,,,,,
2023-11-30,,,,,,,,,5.33,,,4567.8,,75.66,,,,,12.92,,-0.36,,,,1.0908,17.3758,4.9297,1.3587,,,,,
2023-12-01,156857.0,3.8,34.29,,69.7,3.1,308.741,12872.0,5.33,,62.5,4594.63,,73.7,,2685.8,40.3,98.1097,12.63,0.31,-0.34,249.866,594256.0,4.1,1.0878,17.2032,4.886,1.3495,90.17397,,11.96,5.25,5.8
2023-12-02,,,,215000.0,,,,,5.33,,,,,,1814000.0,,,,,,,,,,,,,,,,,,
2023-12-03,,,,,,,,,5.33,,,,,,,,,,,,,,,,,,,,,,,,
2023-12-04,,,,,,,,,5.33,,,4569.78,3.231,72.73,,,,,13.08,,-0.36,,,,1.0824,17.4136,4.9293,1.3537,,,,,
2023-12-05,,,,,,,,,5.33,,,4567.18,,71.95,,,,,12.85,,-0.39,,,,1.0787,17.4726,4.9483,1.3577,,,,,
2023-12-06,,,,,,,,,5.33,,,4549.34,,68.98,,,,,12.97,,-0.48,,,,1.079,17.2642,4.8987,1.358,,,,,
2023-12-07,,,,,,,,,5.33,,,4585.59,,69.0,,,,,13.06,,-0.44,,,,1.0794,17.4351,4.9042,1.3594,,,,,
2023-12-08,,,,,,,,,5.33,,,4604.37,,70.87,,,,,12.35,,-0.48,,,,1.0746,17.3809,4.9324,1.3595,,,,,
2023-12-09,,,,203000.0,,,,,5.33,,,,,,1801000.0,,,,,,,,,,,,,,,,,,
2023-12-10,,,,,,,,,5.33,,,,,,,,,,,,,,,,,,,,,,,,
2023-12-11,,,,,,,,,5.33,,,4622.44,3.136,70.95,,,,,12.63,,-0.48,,,,1.0747,17.423,4.9404,1.3568,,,,,
2023-12-12,,,,,,,,,5.33,,,4643.7,,68.27,,,,,12.07,,-0.53,,,,1.079,17.2989,4.9635,1.3611,,,,,
2023-12-13,,,,,,,,,5.33,,,4707.09,,69.09,,,,,12.19,,-0.42,,,,1.0793,17.4146,4.9721,1.357,,,,,
2023-12-14,,,,,,,,,5.33,,,4719.55,,71.21,,,,,12.48,,-0.45,,,,1.0997,17.2848,4.8976,1.3404,,,,,
2023-12-15,,,,,,,,,5.33,,,4719.19,,71.05,,,,,12.28,,-0.53,,,,1.0906,17.181,4.9391,1.3374,,,,,
2023-12-16,,,,209000.0,,,,,5.33,,,,,,1801000.0,,,,,,,,,,,,,,,,,,
2023-12-17,,,,,,,,,5.33,,,,,,,,,,,,,,,,,,,,,,,,
2023-12-18,,,,,,,,,5.33,,,4740.56,3.053,72.16,,,,,12.56,,-0.48,,,,1.092,17.2043,4.9363,1.3391,,,,,
2023-12-19,,,,,,,,,5.33,,,4768.37,,73.23,,,,,12.53,,-0.48,,,,1.0977,17.073,4.8638,1.334,,,,,
2023-12-20,,,,,,,,,5.33,,,4698.35,,73.87,,,,,13.67,,-0.48,,,,1.0957,17.078,4.8906,1.3322,,,,,
2023-12-21,,,,,,,,,5.33,,,4746.75,,73.59,,,,,13.65,,-0.44,,,,1.099,17.0534,4.8742,1.3294,,,,,
2023-12-22,,,,,,,,,5.33,,,4754.63,,73.29,,,,,13.03,,-0.41,,,,1.1008,16.983,4.8579,1.3259,,,,,
2023-12-23,,,,212000.0,,,,,5.33,,,,,,1815000.0,,,,,,,,,,,,,,,,,,
2023-12-24,,,,,,,,,5.33,,,,,,,,,,,,,,,,,,,,,,,,
2023-12-25,,,,,,,,,5.33,,,,3.116,,,,,,,,,,,,,,,,,,,,
2023-12-26,,,,,,,,,5.33,,,4774.75,,75.84,,,,,12.99,,-0.37,,,,1.1035,16.9675,4.826,1.3208,,,,,
2023-12-27,,,,,,,,,5.33,,,4781.58,,74.31,,,,,12.43,,-0.41,,,,1.1114,16.9138,4.8321,1.3201,,,,,
2023-12-28,,,,,,,,,5.33,,,4783.35,,72.02,,,,,12.47,,-0.42,,,,1.1073,16.909,4.8514,1.3202,,,,,
2023-12-29,,,,,,,,,5.33,,,4769.83,,71.89,,,,,12.45,,-0.35,,,,1.1062,16.8998,4.8521,1.3202,,,,,
2023-12-30,,,,200000.0,,,,,5.33,,,,,,1751000.0,,,,,,,,,,,,,,,,,,
2023-12-31,,,,,,,,,5.33,,,,,,,,,,,,,,,,,,,,,,,,
2024-01-01,157032.0,3.7,34.47,,79.0,2.9,309.698,12875.0,5.33,113.947,62.5,,3.089,,,2694.4,40.3,98.91297,,0.35,,251.306,588944.0,4.2,,,,,91.04382,,,,5.7
2024-01-02,,,,,,,,,5.33,,,4742.83,,70.62,,,,,13.2,,-0.38,,,,1.0957,17.014,4.8943,1.331,,,,,
2024-01-03,,,,,,,,,5.33,,,4704.81,,72.97,,,,,14.04,,-0.42,,,,1.0909,17.056,4.9239,1.3358,,,,,
2024-01-04,,,,,,,,,5.33,,,4688.68,,72.38,,,,,14.13,,-0.39,,,,1.0957,17.048,4.9143,1.3355,,,,,
2024-01-05,,,,,,,,,5.33,,,4697.24,,74.0,,,,,13.35,,-0.35,,,,1.0957,16.9141,4.8744,1.3331,,,,,
2024-01-06,,,,201000.0,,,,,5.33,,,,,,1723000.0,,,,,,,,,,,,,,,,,,
2024-01-07,,,,,,,,,5.33,,,,,,,,,,,,,,,,,,,,,,,,
2024-01-08,,,,,,,,,5.33,,,4763.54,3.073,71.06,,,,,13.08,,-0.35,,,,1.0976,16.803,4.8745,1.3361,,,,,
2024-01-09,,,,,,,,,5.33,,,4756.5,,72.43,,,,,12.76,,-0.34,,,,1.0935,16.936,4.8956,1.3384,,,,,
2024-01-10,,,,,,,,,5.33,,,4783.45,,71.57,,,,,12.69,,-0.33,,,,1.096,16.988,4.8929,1.3379,,,,,
2024-01-11,,,,,,,,,5.33,,,4780.24,,72.15,,,,,12.44,,-0.28,,,,1.0943,16.9867,4.8838,1.3439,,,,,
2024-01-12,,,,,,,,,5.33,,,4783.83,,72.94,,,,,12.7,,-0.18,,,,1.0959,16.851,4.8536,1.3399,,,,,
2024-01-13,,,,195000.0,,,,,5.33,,,,,,1753000.0,,,,,,,,,,,,,,,,,,
2024-01-14,,,,,,,,,5.33,,,,,,,,,,,,,,,,,,,,,,,,
2024-01-15,,,,,,,,,5.33,,,,3.058,,,,,,13.25,,,,,,,,,,,,,,
2024-01-16,,,,,,,,,5.33,,,4765.98,,72.63,,,,,13.84,,-0.15,,,,1.0882,17.1499,4.9163,1.3472,,,,,
2024-01-17,,,,,,,,,5.33,,,4739.21,,72.79,,,,,14.79,,-0.24,,,,1.0858,17.265,4.928,1.3523,,,,,
2024-01-18,,,,,,,,,5.33,,,4780.94,,74.32,,,,,14.13,,-0.2,,,,1.0863,17.2035,4.944,1.3503,,,,,
2024-01-19,,,,,,,,,5.33,,,4839.81,,73.69,,,,,13.3,,-0.24,,,,1.0887,17.116,4.928,1.3467,,,,,
2024-01-20,,,,224000.0,,,,,5.33,,,,,,1829000.0,,,,,,,,,,,,,,,,,,
2024-01-21,,,,,,,,,5.33,,,,,,,,,,,,,,,,,,,,,,,,
2024-01-22,,,,,,,,,5.33,,,4850.43,3.062,75.26,,,,,13.19,,-0.26,,,,1.0895,17.1342,4.9815,1.3454,,,,,
2024-01-23,,,,,,,,,5.33,,,4864.6,,74.72,,,,,12.55,,-0.17,,,,1.0829,17.362,4.9744,1.3486,,,,,
2024-01-24,,,,,,,,,5.33,,,4868.55,,75.48,,,,,13.14,,-0.16,,,,1.0901,17.159,4.919,1.3479,,,,,
2024-01-25,,,,,,,,,5.33,,,4894.16,,77.91,,,,,13.45,,-0.14,,,,1.0837,17.2283,4.9272,1.3489,,,,,
2024-01-26,,,,,,,,,5.33,,,4890.97,,78.45,,,,,13.26,,-0.19,,,,1.0866,17.1442,4.9135,1.3456,,,,,
2024-01-27,,,,226000.0,,,,,5.33,,,,,,1804000.0,,,,,,,,,,,,,,,,,,
2024-01-28,,,,,,,,,5.33,,,,,,,,,,,,,,,,,,,,,,,,
2024-01-29,,,,,,,,,5.33,,,4927.93,3.095,77.25,,,,,13.6,,-0.21,,,,1.0807,17.2418,4.9422,1.3439,,,,,
2024-01-30,,,,,,,,,5.33,,,4924.97,,78.3,,,,,13.31,,-0.3,,,,1.0844,17.1794,4.9627,1.3409,,,,,
2024-01-31,,,,,,,,,5.33,,,4845.65,,76.28,,,,,14.35,,-0.28,,,,1.0855,17.1762,4.939,1.3384,,,,,
2024-02-01,157238.0,3.9,34.52,,76.9,3.0,310.967,12852.0,5.33,,62.6,4906.19,,74.36,,2676.3,40.6,,13.88,0.44,-0.33,254.926,593206.0,4.3,1.0865,17.102,4.9195,1.338,92.10696,,,,5.9
2024-02-02,,,,,,,,,5.33,,,4958.61,,72.72,,,,,13.85,,-0.33,,,,1.0787,17.155,4.97,1.3458,,,,,
2024-02-03,,,,213000.0,,,,,5.33,,,,,,1800000.0,,,,,,,,,,,,,,,,,,
2024-02-04,,,,,,,,,5.33,,,,,,,,,,,,,,,,,,,,,,,,
2024-02-05,,,,,,,,,5.33,,,4942.81,3.136,73.21,,,,,13.67,,-0.29,,,,1.0736,17.168,5.0018,1.3533,,,,,
2024-02-06,,,,,,,,,5.33,,,4954.23,,73.83,,,,,13.06,,-0.3,,,,1.0751,17.0265,4.9539,1.3499,,,,,
2024-02-07,,,,,,,,,5.33,,,4995.06,,74.26,,,,,12.83,,-0.32,,,,1.0769,17.043,4.9628,1.347,,,,,
2024-02-08,,,,,,,,,5.33,,,4997.91,,76.67,,,,,12.79,,-0.31,,,,1.0774,17.1182,4.994,1.3463,,,,,
2024-02-09,,,,,,,,,5.33,,,5026.61,,77.26,,,,,12.93,,-0.31,,,,1.0782,17.0937,4.9678,1.3478,,,,,
2024-02-10,,,,213000.0,,,,,5.33,,,,,,1784000.0,,,,,,,,,,,,,,,,,,
2024-02-11,,,,,,,,,5.33,,,,,,,,,,,,,,,,,,,,,,,,
2024-02-12,,,,,,,,,5.33,,,5021.84,3.192,77.34,,,,,13.93,,-0.29,,,,1.0774,17.0591,4.9536,1.3437,,,,,
2024-02-13,,,,,,,,,5.33,,,4953.17,,78.28,,,,,15.85,,-0.33,,,,1.072,17.202,4.9536,1.3563,,,,,
2024-02-14,,,,,,,,,5.33,,,5000.62,,77.09,,,,,14.38,,-0.29,,,,1.0735,17.097,4.9653,1.355,,,,,
2024-02-15,,,,,,,,,5.33,,,5029.73,,78.47,,,,,14.01,,-0.32,,,,1.0761,17.081,4.9739,1.3493,,,,,
2024-02-16,,,,,,,,,5.33,,,5005.57,,79.65,,,,,14.24,,-0.34,,,,1.0769,17.062,4.9702,1.3483,,,,,
2024-02-17,,,,202000.0,,,,,5.33,,,,,,1802000.0,,,,,,,,,,,,,,,,,,
2024-02-18,,,,,,,,,5.33,,,,,,,,,,,,,,,,,,,,,,,,
2024-02-19,,,,,,,,,5.33,,,,3.269,,,,,,14.71,,,,,,,,,,,,,,
2024-02-20,,,,,,,,,5.33,,,4975.51,,78.72,,,,,15.42,,-0.32,,,,1.0814,17.0444,4.9324,1.3517,,,,,
2024-02-21,,,,,,,,,5.33,,,4981.8,,78.89,,,,,15.34,,-0.32,,,,1.0818,17.058,4.9276,1.3504,,,,,
2024-02-22,,,,,,,,,5.33,,,5087.03,,79.64,,,,,14.54,,-0.36,,,,1.0815,17.133,4.9408,1.3496,,,,,
2024-02-23,,,,,,,,,5.33,,,5088.8,,77.6,,,,,13.75,,-0.41,,,,1.0828,17.1034,4.976,1.3502,,,,,
2024-02-24,,,,212000.0,,,,,5.33,,,,,,1788000.0,,,,,,,,,,,,,,,,,,
2024-02-25,,,,,,,,,5.33,,,,,,,,,,,,,,,,,,,,,,,,
2024-02-26,,,,,,,,,5.33,,,5069.53,3.249,78.53,,,,,13.74,,-0.41,,,,1.0855,17.1077,4.989,1.3513,,,,,
2024-02-27,,,,,,,,,5.33,,,5078.18,,79.8,,,,,13.43,,-0.39,,,,1.0857,17.0716,4.9423,1.3522,,,,,
2024-02-28,,,,,,,,,5.33,,,5069.76,,79.44,,,,,13.84,,-0.37,,,,1.0843,17.0896,4.952,1.357,,,,,
2024-02-29,,,,,,,,,5.33,,,5096.27,,79.22,,,,,13.4,,-0.39,,,,1.0807,17.058,4.971,1.3568,,,,,
2024-03-01,157466.0,3.9,34.65,,79.4,2.9,312.345,12836.0,5.33,,62.7,5137.08,,80.9,,2670.3,40.6,,13.11,0.42,-0.35,255.095,595969.0,4.4,1.0832,17.0055,4.9483,1.3553,91.43041,,,,6.1
2024-03-02,,,,213000.0,,,,,5.33,,,,,,1800000.0,,,,,,,,,,,,,,,,,,
2024-03-03,,,,,,,,,5.33,,,,,,,,,,,,,,,,,,,,,,,,
2024-03-04,,,,,,,,,5.33,,,5130.95,3.35,79.67,,,,,13.49,,-0.39,,,,1.0862,16.9628,4.9428,1.3563,,,,,
2024-03-05,,,,,,,,,5.33,,,5078.65,,79.11,,,,,14.46,,-0.41,,,,1.0861,16.9287,4.9565,1.3579,,,,,
2024-03-06,,,,,,,,,5.33,,,5104.76,,80.08,,,,,14.5,,-0.44,,,,1.0913,16.861,4.9351,1.3509,,,,,
2024-03-07,,,,,,,,,5.33,,,5157.36,,79.81,,,,,14.44,,-0.41,,,,1.0941,16.8688,4.9319,1.3466,,,,,
2024-03-08,,,,,,,,,5.33,,,5123.69,,78.96,,,,,14.74,,-0.39,,,,1.0941,16.8082,4.9766,1.3468,,,,,
2024-03-09,,,,213000.0,,,,,5.33,,,,,,1790000.0,,,,,,,,,,,,,,,,,,
2024-03-10,,,,,,,,,5.33,,,,,,,,,,,,,,,,,,,,,,,,
2024-03-11,,,,,,,,,5.33,,,5117.94,3.376,78.87,,,,,15.22,,-0.41,,,,1.0928,16.8134,4.9678,1.3485,,,,,
2024-03-12,,,,,,,,,5.33,,,5175.27,,78.51,,,,,13.84,,-0.42,,,,1.0918,16.8281,4.982,1.3495,,,,,
2024-03-13,,,,,,,,,5.33,,,5165.31,,80.67,,,,,13.75,,-0.42,,,,1.0944,16.73,4.9763,1.347,,,,,
2024-03-14,,,,,,,,,5.33,,,5150.48,,82.16,,,,,14.4,,-0.39,,,,1.0888,16.694,4.9812,1.3516,,,,,
2024-03-15,,,,,,,,,5.33,,,5117.09,,81.94,,,,,14.41,,-0.41,,,,1.0888,16.6889,4.9948,1.353,,,,,
2024-03-16,,,,213000.0,,,,,5.33,,,,,,1807000.0,,,,,,,,,,,,,,,,,,
2024-03-17,,,,,,,,,5.33,,,,,,,,,,,,,,,,,,,,,,,,
2024-03-18,,,,,,,,,5.33,,,5149.42,3.453,83.68,,,,,14.33,,-0.39,,,,1.0886,16.784,5.0194,1.354,,,,,
2024-03-19,,,,,,,,,5.33,,,5178.51,,84.39,,,,,13.82,,-0.38,,,,1.0859,16.842,5.0214,1.3578,,,,,
2024-03-20,,,,,,,,,5.33,,,5224.62,,82.79,,,,,13.04,,-0.32,,,,1.0856,16.7713,5.0041,1.3562,,,,,
2024-03-21,,,,,,,,,5.33,,,5241.53,,81.99,,,,,12.92,,-0.35,,,,1.0861,16.739,4.9785,1.3536,,,,,
2024-03-22,,,,,,,,,5.33,,,5234.18,,81.1,,,,,13.06,,-0.37,,,,1.0817,16.7249,4.9872,1.3594,,,,,
2024-03-23,,,,214000.0,,,,,5.33,,,,,,1788000.0,,,,,,,,,,,,,,,,,,
2024-03-24,,,,,,,,,5.33,,,,,,,,,,,,,,,,,,,,,,,,
2024-03-25,,,,,,,,,5.33,,,5218.19,3.523,82.41,,,,,13.19,,-0.29,,,,1.0837,16.7097,4.9859,1.3579,,,,,
2024-03-26,,,,,,,,,5.33,,,5203.58,,82.41,,,,,13.24,,-0.32,,,,1.0829,16.687,4.991,1.3568,,,,,
2024-03-27,,,,,,,,,5.33,,,5248.49,,82.15,,,,,12.78,,-0.34,,,,1.0821,16.537,4.9756,1.3586,,,,,
2024-03-28,,,,,,,,,5.33,,,5254.35,,83.96,,,,,13.01,,-0.39,,,,1.0801,16.613,5.0042,1.353,,,,,
2024-03-29,,,,,,,,,5.33,,,,,,,,,,,,,,,,1.0791,16.5574,5.0153,1.354,,,,,
2024-03-30,,,,223000.0,,,,,5.33,,,,,,1810000.0,,,,,,,,,,,,,,,,,,
2024-03-31,,,,,,,,,5.33,,,,,,,,,,,,,,,,,,,,,,,,
2024-04-01,157530.0,3.9,34.76,,77.2,3.2,313.023,12833.0,5.33,114.99,62.6,5243.77,3.517,84.54,,2655.1,40.6,,13.65,0.67,-0.39,256.978,595676.0,4.4,1.0733,16.656,5.067,1.3579,,,,,6.2
2024-04-02,,,,,,,,,5.33,,,5205.81,,85.95,,,,,14.61,,-0.34,,,,1.0769,16.5727,5.0528,1.357,,,,,
2024-04-03,,,,,,,,,5.33,,,5211.49,,86.22,,,,,14.33,,-0.32,,,,1.0827,16.549,5.0621,1.3521,,,,,
2024-04-04,,,,,,,,,5.33,,,5147.21,,87.37,,,,,16.35,,-0.34,,,,1.0865,16.5076,5.0086,1.3493,,,,,
2024-04-05,,,,,,,,,5.33,,,5204.34,,87.69,,,,,16.03,,-0.34,,,,1.0841,16.4809,5.0638,1.358,,,,,
2024-04-06,,,,213000.0,,,,,5.33,,,,,,1797000.0,,,,,,,,,,,,,,,,,,
2024-04-07,,,,,,,,,5.33,,,,,,,,,,,,,,,,,,,,,,,,
2024-04-08,,,,,,,,,5.33,,,5202.39,3.591,87.24,,,,,15.19,,-0.36,,,,1.0853,16.325,5.0292,1.3583,,,,,
2024-04-09,,,,,,,,,5.33,,,5209.91,,86.04,,,,,14.98,,-0.38,,,,1.0856,16.3579,5.0049,1.3583,,,,,
2024-04-10,,,,,,,,,5.33,,,5160.64,,86.98,,,,,15.8,,-0.42,,,,1.0737,16.5073,5.0736,1.3688,,,,,
2024-04-11,,,,,,,,,5.33,,,5199.06,,85.79,,,,,14.91,,-0.37,,,,1.0722,16.4345,5.0763,1.3705,,,,,
2024-04-12,,,,,,,,,5.33,,,5123.41,,86.46,,,,,17.31,,-0.38,,,,1.0647,16.6577,5.1374,1.3756,,,,,
2024-04-13,,,,212000.0,,,,,5.33,,,,,,1781000.0,,,,,,,,,,,,,,,,,,
2024-04-14,,,,,,,,,5.33,,,,,,,,,,,,,,,,,,,,,,,,
2024-04-15,,,,,,,,,5.33,,,5061.82,3.628,86.21,,,,,19.23,,-0.3,,,,1.0644,16.639,5.1791,1.3751,,,,,
2024-04-16,,,,,,,,,5.33,,,5051.41,,86.15,,,,,18.4,,-0.3,,,,1.0628,16.9944,5.2679,1.3824,,,,,
2024-04-17,,,,,,,,,5.33,,,5022.21,,83.58,,,,,18.21,,-0.34,,,,1.0644,16.9775,5.2401,1.3804,,,,,
2024-04-18,,,,,,,,,5.33,,,5011.12,,83.5,,,,,18.0,,-0.34,,,,1.066,17.1169,5.2567,1.3755,,,,,
2024-04-19,,,,,,,,,5.33,,,4967.23,,83.79,,,,,18.71,,-0.35,,,,1.0655,17.2062,5.2103,1.3742,,,,,
2024-04-20,,,,209000.0,,,,,5.33,,,,,,1769000.0,,,,,,,,,,,,,,,,,,
2024-04-21,,,,,,,,,5.33,,,,,,,,,,,,,,,,,,,,,,,,
2024-04-22,,,,,,,,,5.33,,,5010.6,3.668,83.82,,,,,16.94,,-0.35,,,,1.0655,17.118,5.209,1.3721,,,,,
2024-04-23,,,,,,,,,5.33,,,5070.55,,84.17,,,,,15.69,,-0.25,,,,1.0695,17.0097,5.1919,1.3676,,,,,
2024-04-24,,,,,,,,,5.33,,,5071.63,,84.09,,,,,15.97,,-0.24,,,,1.0687,17.101,5.157,1.3721,,,,,
2024-04-25,,,,,,,,,5.33,,,5048.42,,84.92,,,,,15.37,,-0.26,,,,1.0721,17.185,5.1643,1.3691,,,,,
2024-04-26,,,,,,,,,5.33,,,5099.96,,85.38,,,,,15.03,,-0.29,,,,1.0686,17.1436,5.1143,1.3678,,,,,
2024-04-27,,,,207000.0,,,,,5.33,,,,,,1788000.0,,,,,,,,,,,,,,,,,,
2024-04-28,,,,,,,,,5.33,,,,,,,,,,,,,,,,,,,,,,,,
2024-04-29,,,,,,,,,5.33,,,5116.17,3.653,84.26,,,,,14.67,,-0.34,,,,1.0717,17.0137,5.1169,1.3649,,,,,
2024-04-30,,,,,,,,,5.33,,,5035.69,,83.49,,,,,15.65,,-0.35,,,,1.0684,17.0642,5.1764,1.3748,,,,,
2024-05-01,157608.0,3.9,34.89,,69.1,3.3,313.175,12825.0,5.33,,62.6,5018.39,,80.7,,2641.5,40.8,,15.39,0.62,-0.33,255.313,600372.0,4.2,1.068,17.0204,5.1936,1.376,,,,,6.3
2024-05-02,,,,,,,,,5.33,,,5064.2,,80.59,,,,,14.68,,-0.29,,,,1.0706,16.9286,5.1131,1.3696,,,,,
2024-05-03,,,,,,,,,5.33,,,5127.79,,79.65,,,,,13.49,,-0.31,,,,1.077,17.032,5.072,1.3683,,,,,
2024-05-04,,,,230000.0,,,,,5.33,,,,,,1792000.0,,,,,,,,,,,,,,,,,,
2024-05-05,,,,,,,,,5.33,,,,,,,,,,,,,,,,,,,,,,,,
2024-05-06,,,,,,,,,5.33,,,5180.74,3.643,80.1,,,,,13.49,,-0.33,,,,1.0779,16.9016,5.0648,1.3655,,,,,
2024-05-07,,,,,,,,,5.33,,,5187.7,,79.97,,,,,13.23,,-0.35,,,,1.0767,16.908,5.0656,1.3712,,,,,
2024-05-08,,,,,,,,,5.33,,,5187.67,,80.57,,,,,13.0,,-0.36,,,,1.0755,16.9039,5.0645,1.3719,,,,,
2024-05-09,,,,,,,,,5.33,,,5214.08,,80.86,,,,,12.69,,-0.35,,,,1.0771,16.859,5.1568,1.369,,,,,
2024-05-10,,,,,,,,,5.33,,,5222.68,,79.81,,,,,12.55,,-0.37,,,,1.0773,16.765,5.1545,1.3663,,,,,
2024-05-11,,,,222000.0,,,,,5.33,,,,,,1791000.0,,,,,,,,,,,,,,,,,,
2024-05-12,,,,,,,,,5.33,,,,,,,,,,,,,,,,,,,,,,,,
2024-05-13,,,,,,,,,5.33,,,5221.42,3.608,80.71,,,,,13.6,,-0.37,,,,1.0796,16.807,5.1605,1.3675,,,,,
2024-05-14,,,,,,,,,5.33,,,5246.68,,79.62,,,,,13.42,,-0.36,,,,1.0818,16.8402,5.1348,1.365,,,,,
2024-05-15,,,,,,,,,5.33,,,5308.15,,80.23,,,,,12.45,,-0.37,,,,1.086,16.6831,5.1298,1.3612,,,,,
2024-05-16,,,,,,,,,5.33,,,5297.1,,80.85,,,,,12.42,,-0.4,,,,1.0875,16.6839,5.1277,1.3606,,,,,
2024-05-17,,,,,,,,,5.33,,,5303.27,,81.66,,,,,11.99,,-0.41,,,,1.0869,16.6162,5.1155,1.3615,,,,,
2024-05-18,,,,216000.0,,,,,5.33,,,,,,1808000.0,,,,,,,,,,,,,,,,,,
2024-05-19,,,,,,,,,5.33,,,,,,,,,,,,,,,,,,,,,,,,
2024-05-20,,,,,,,,,5.33,,,5308.13,3.584,81.39,,,,,12.15,,-0.38,,,,1.0861,16.5621,5.097,1.3611,,,,,
2024-05-21,,,,,,,,,5.33,,,5321.41,,80.66,,,,,11.86,,-0.41,,,,1.0855,16.5946,5.1123,1.3644,,,,,
2024-05-22,,,,,,,,,5.33,,,5307.01,,79.15,,,,,12.29,,-0.43,,,,1.0836,16.6206,5.146,1.3667,,,,,
2024-05-23,,,,,,,,,5.33,,,5267.84,,77.47,,,,,12.77,,-0.44,,,,1.0827,16.7065,5.15,1.3696,,,,,
2024-05-24,,,,,,,,,5.33,,,5304.72,,78.48,,,,,11.93,,-0.47,,,,1.0852,16.6813,5.1491,1.3665,,,,,
2024-05-25,,,,220000.0,,,,,5.33,,,,,,1804000.0,,,,,,,,,,,,,,,,,,
2024-05-26,,,,,,,,,5.33,,,,,,,,,,,,,,,,,,,,,,,,
2024-05-27,,,,,,,,,5.33,,,,3.577,,,,,,12.36,,,,,,,,,,,,,,
2024-05-28,,,,,,,,,5.33,,,5306.04,,80.9,,,,,12.92,,-0.4,,,,1.0879,16.7039,5.1541,1.363,,,,,
2024-05-29,,,,,,,,,5.33,,,5266.95,,80.24,,,,,14.28,,-0.35,,,,1.0811,16.937,5.203,1.3702,,,,,
2024-05-30,,,,,,,,,5.33,,,5235.48,,78.96,,,,,14.47,,-0.37,,,,1.0837,16.9232,5.2034,1.3668,,,,,
2024-05-31,,,,,,,,,5.33,,,5277.51,,77.97,,,,,12.92,,-0.38,,,,1.0846,16.994,5.2413,1.3646,,,,,
2024-06-01,157695.0,4.1,35.01,227000.0,68.2,3.0,313.044,12814.0,5.33,,62.6,,,,1821000.0,2615.6,40.8,,,0.49,,255.914,599979.0,4.2,,,,,,,,,6.4
2024-06-02,,,,,,,,,5.33,,,,,,,,,,,,,,,,,,,,,,,,
2024-06-03,,,,,,,,,5.33,,,5283.4,3.516,75.26,,,,,13.11,,-0.41,,,,1.089,17.578,5.2345,1.3626,,,,,
2024-06-04,,,,,,,,,5.33,,,5291.34,,74.27,,,,,13.16,,-0.44,,,,1.0878,17.858,5.2887,1.3684,,,,,
2024-06-05,,,,,,,,,5.33,,,5354.03,,75.08,,,,,12.63,,-0.43,,,,1.0865,17.534,5.2824,1.3705,,,,,
2024-06-06,,,,,,,,,5.33,,,5352.96,,76.52,,,,,12.58,,-0.44,,,,1.0883,17.5212,5.2549,1.3684,,,,,
2024-06-07,,,,,,,,,5.33,,,5346.99,,76.53,,,,,12.22,,-0.44,,,,1.0807,18.2662,5.2731,1.3747,,,,,
2024-06-08,,,,240000.0,,,,,5.33,,,,,,1830000.0,,,,,,,,,,,,,,,,,,
2024-06-09,,,,,,,,,5.33,,,,,,,,,,,,,,,,,,,,,,,,
2024-06-10,,,,,,,,,5.33,,,5360.79,3.429,78.75,,,,,12.74,,-0.4,,,,1.0751,18.404,5.3645,1.3755,,,,,
2024-06-11,,,,,,,,,5.33,,,5375.32,,78.88,,,,,12.85,,-0.42,,,,1.0733,18.435,5.3529,1.3764,,,,,
2024-06-12,,,,,,,,,5.33,,,5421.03,,79.56,,,,,12.04,,-0.44,,,,1.0843,18.739,5.392,1.369,,,,,
2024-06-13,,,,,,,,,5.33,,,5433.74,,79.61,,,,,11.94,,-0.44,,,,1.0756,18.5611,5.3777,1.3746,,,,,
2024-06-14,,,,,,,,,5.33,,,5431.6,,79.41,,,,,12.66,,-0.47,,,,1.0699,18.4519,5.3559,1.3735,,,,,
2024-06-15,,,,236000.0,,,,,5.33,,,,,,1839000.0,,,,,,,,,,,,,,,,,,
2024-06-16,,,,,,,,,5.33,,,,,,,,,,,,,,,,,,,,,,,,
2024-06-17,,,,,,,,,5.33,,,5473.23,3.435,81.33,,,,,12.75,,-0.47,,,,1.0723,18.4897,5.4173,1.3752,,,,,
2024-06-18,,,,,,,,,5.33,,,5487.03,,82.67,,,,,12.3,,-0.47,,,,1.0739,18.3918,5.4054,1.3723,,,,,
2024-06-19,,,,,,,,,5.33,,,,,,,,,,12.48,,,,,,,,,,,,,,
2024-06-20,,,,,,,,,5.33,,,5473.17,,83.34,,,,,13.28,,-0.45,,,,1.0708,18.395,5.4471,1.3703,,,,,
2024-06-21,,,,,,,,,5.33,,,5464.62,,81.71,,,,,13.2,,-0.45,,,,1.0694,18.1995,5.4539,1.3698,,,,,
2024-06-22,,,,233000.0,,,,,5.33,,,,,,1862000.0,,,,,,,,,,,,,,,,,,
2024-06-23,,,,,,,,,5.33,,,,,,,,,,,,,,,,,,,,,,,,
2024-06-24,,,,,,,,,5.33,,,5447.87,3.438,82.63,,,,,13.33,,-0.46,,,,1.0727,18.0039,5.4025,1.3658,,,,,
2024-06-25,,,,,,,,,5.33,,,5469.3,,81.97,,,,,12.84,,-0.42,,,,1.0705,18.125,5.4358,1.3658,,,,,
2024-06-26,,,,,,,,,5.33,,,5477.9,,82.19,,,,,12.55,,-0.39,,,,1.0682,18.1658,5.5081,1.3697,,,,,
2024-06-27,,,,,,,,,5.33,,,5482.87,,83.04,,,,,12.24,,-0.41,,,,1.0708,18.318,5.5295,1.3693,,,,,
2024-06-28,,,,,,,,,5.33,,,5460.48,,82.83,,,,,12.44,,-0.35,,,,1.0711,18.261,5.5596,1.3684,,,,,
2024-06-29,,,,238000.0,,,,,5.33,,,,,,1853000.0,,,,,,,,,,,,,,,,,,
2024-06-30,,,,,,,,,5.33,,,,,,,,,,,,,,,,,,,,,,,,
2024-07-01,157748.0,4.2,35.08,,66.4,2.9,313.569,12806.0,5.33,116.035,62.7,5475.09,3.479,84.7,,2598.3,40.7,,12.22,0.51,-0.29,257.321,605814.0,4.1,1.0728,18.386,5.5887,1.3742,,,,,6.4
2024-07-02,,,,,,,,,5.33,,,5509.01,,84.09,,,,,12.03,,-0.31,,,,1.0737,18.2249,5.6768,1.3691,,,,,
2024-07-03,,,,,,,,,5.33,,,5537.02,,85.19,,,,,12.09,,-0.35,,,,1.0799,18.1141,5.5724,1.3624,,,,,
2024-07-04,,,,,,,,,5.33,,,,,,,,,,12.26,,,,,,,,,,,,,,
2024-07-05,,,,,,,,,5.33,,,5567.19,,84.44,,,,,12.48,,-0.32,,,,1.0828,18.087,5.4802,1.3631,,,,,
2024-07-06,,,,223000.0,,,,,5.33,,,,,,1864000.0,,,,,,,,,,,,,,,,,,
2024-07-07,,,,,,,,,5.33,,,,,,,,,,,,,,,,,,,,,,,,
2024-07-08,,,,,,,,,5.33,,,5572.85,3.489,83.63,,,,,12.37,,-0.34,,,,1.0835,17.9935,5.4587,1.3637,,,,,
2024-07-09,,,,,,,,,5.33,,,5576.98,,82.78,,,,,12.51,,-0.32,,,,1.0813,17.9441,5.4316,1.3636,,,,,
2024-07-10,,,,,,,,,5.33,,,5633.91,,83.39,,,,,12.85,,-0.34,,,,1.0823,17.8331,5.403,1.3608,,,,,
2024-07-11,,,,,,,,,5.33,,,5584.54,,83.92,,,,,12.92,,-0.3,,,,1.087,17.8318,5.4265,1.3619,,,,,
2024-07-12,,,,,,,,,5.33,,,5615.35,,83.49,,,,,12.46,,-0.27,,,,1.0902,17.653,5.4559,1.3627,,,,,
2024-07-13,,,,241000.0,,,,,5.33,,,,,,1848000.0,,,,,,,,,,,,,,,,,,
2024-07-14,,,,,,,,,5.33,,,,,,,,,,,,,,,,,,,,,,,,
2024-07-15,,,,,,,,,5.33,,,5631.22,3.496,83.22,,,,,13.12,,-0.21,,,,1.0912,17.766,5.4383,1.3662,,,,,
2024-07-16,,,,,,,,,5.33,,,5667.2,,81.92,,,,,13.19,,-0.26,,,,1.0885,17.659,5.4566,1.3686,,,,,
2024-07-17,,,,,,,,,5.33,,,5588.27,,84.16,,,,,14.48,,-0.26,,,,1.0933,17.7487,5.4769,1.3683,,,,,
2024-07-18,,,,,,,,,5.33,,,5544.59,,84.17,,,,,15.93,,-0.26,,,,1.0913,17.8452,5.5395,1.3695,,,,,
2024-07-19,,,,,,,,,5.33,,,5505.0,,81.43,,,,,16.52,,-0.24,,,,1.0888,17.9387,5.5569,1.3723,,,,,
2024-07-20,,,,237000.0,,,,,5.33,,,,,,1873000.0,,,,,,,,,,,,,,,,,,
2024-07-21,,,,,,,,,5.33,,,,,,,,,,,,,,,,,,,,,,,,
2024-07-22,,,,,,,,,5.33,,,5564.41,3.471,81.25,,,,,14.91,,-0.24,,,,1.088,17.926,5.5485,1.3756,,,,,
2024-07-23,,,,,,,,,5.33,,,5555.74,,78.24,,,,,14.72,,-0.15,,,,1.0855,18.0738,5.5685,1.3763,,,,,
2024-07-24,,,,,,,,,5.33,,,5427.13,,78.78,,,,,18.04,,-0.09,,,,1.0853,18.3789,5.6352,1.3783,,,,,
2024-07-25,,,,,,,,,5.33,,,5399.22,,79.43,,,,,18.46,,-0.14,,,,1.0861,18.3491,5.6254,1.3809,,,,,
2024-07-26,,,,,,,,,5.33,,,5459.1,,78.58,,,,,16.39,,-0.16,,,,1.0859,18.396,5.6551,1.3832,,,,,
2024-07-27,,,,248000.0,,,,,5.33,,,,,,1871000.0,,,,,,,,,,,,,,,,,,
2024-07-28,,,,,,,,,5.33,,,,,,,,,,,,,,,,,,,,,,,,
2024-07-29,,,,,,,,,5.33,,,5463.54,3.484,77.27,,,,,16.6,,-0.19,,,,1.0819,18.6591,5.6514,1.3853,,,,,
2024-07-30,,,,,,,,,5.33,,,5436.44,,76.17,,,,,17.69,,-0.2,,,,1.0809,18.7983,5.6543,1.3848,,,,,
2024-07-31,,,,,,,,,5.33,,,5522.3,,79.36,,,,,16.36,,-0.2,,,,1.0823,18.5975,5.6628,1.3806,,,,,
2024-08-01,157757.0,4.2,35.22,,67.9,2.8,314.062,12772.0,5.33,,62.7,5446.68,,77.74,,2582.7,40.7,,18.59,0.27,-0.17,255.463,603601.0,4.3,1.0789,18.6418,5.6935,1.3845,,,,,6.6
2024-08-02,,,,,,,,,5.33,,,5346.56,,74.99,,,,,23.39,,-0.08,,,,1.0914,18.9991,5.7359,1.3846,,,,,
2024-08-03,,,,234000.0,,,,,5.33,,,,,,1863000.0,,,,,,,,,,,,,,,,,,
2024-08-04,,,,,,,,,5.33,,,,,,,,,,,,,,,,,,,,,,,,
2024-08-05,,,,,,,,,5.33,,,5186.33,3.448,74.46,,,,,38.57,,-0.11,,,,1.0957,19.445,5.7496,1.382,,,,,
2024-08-06,,,,,,,,,5.33,,,5240.03,,74.6,,,,,27.71,,-0.09,,,,1.0926,19.3187,5.6409,1.3791,,,,,
2024-08-07,,,,,,,,,5.33,,,5199.5,,76.68,,,,,27.85,,-0.04,,,,1.0925,19.1741,5.6,1.3729,,,,,
2024-08-08,,,,,,,,,5.33,,,5319.31,,77.64,,,,,23.79,,-0.05,,,,1.0914,19.113,5.6012,1.3742,,,,,
2024-08-09,,,,,,,,,5.33,,,5344.16,,78.28,,,,,20.37,,-0.11,,,,1.0925,18.8245,5.5099,1.3725,,,,,
2024-08-10,,,,228000.0,,,,,5.33,,,,,,1855000.0,,,,,,,,,,,,,,,,,,
2024-08-11,,,,,,,,,5.33,,,,,,,,,,,,,,,,,,,,,,,,
2024-08-12,,,,,,,,,5.33,,,5344.39,3.414,81.45,,,,,20.71,,-0.11,,,,1.0928,18.994,5.5058,1.3741,,,,,
2024-08-13,,,,,,,,,5.33,,,5434.43,,79.81,,,,,18.12,,-0.08,,,,1.0954,19.0499,5.4867,1.3723,,,,,
2024-08-14,,,,,,,,,5.33,,,5455.21,,78.47,,,,,16.19,,-0.11,,,,1.1024,18.8242,5.4577,1.3696,,,,,
2024-08-15,,,,,,,,,5.33,,,5543.22,,79.66,,,,,15.23,,-0.16,,,,1.0986,18.6539,5.461,1.3701,,,,,
2024-08-16,,,,,,,,,5.33,,,5554.25,,78.05,,,,,14.8,,-0.17,,,,1.0996,18.6169,5.4751,1.3705,,,,,
2024-08-17,,,,232000.0,,,,,5.33,,,,,,1862000.0,,,,,,,,,,,,,,,,,,
2024-08-18,,,,,,,,,5.33,,,,,,,,,,,,,,,,,,,,,,,,
2024-08-19,,,,,,,,,5.33,,,5608.25,3.382,75.82,,,,,14.65,,-0.2,,,,1.107,18.7425,5.4048,1.3659,,,,,
2024-08-20,,,,,,,,,5.33,,,5597.12,,75.27,,,,,15.88,,-0.17,,,,1.1106,18.8923,5.4727,1.3631,,,,,
2024-08-21,,,,,,,,,5.33,,,5620.85,,72.76,,,,,16.27,,-0.13,,,,1.1143,19.191,5.4737,1.3583,,,,,
2024-08-22,,,,,,,,,5.33,,,5570.64,,73.72,,,,,17.55,,-0.13,,,,1.1114,19.437,5.5675,1.3605,,,,,
2024-08-23,,,,,,,,,5.33,,,5634.61,,75.82,,,,,15.86,,-0.09,,,,1.1176,19.094,5.5102,1.3514,,,,,
2024-08-24,,,,232000.0,,,,,5.33,,,,,,1847000.0,,,,,,,,,,,,,,,,,,
2024-08-25,,,,,,,,,5.33,,,,,,,,,,,,,,,,,,,,,,,,
2024-08-26,,,,,,,,,5.33,,,5616.84,3.313,78.4,,,,,16.15,,-0.09,,,,1.1164,19.405,5.498,1.3485,,,,,
2024-08-27,,,,,,,,,5.33,,,5625.8,,76.5,,,,,15.43,,0.0,,,,1.116,19.6486,5.5043,1.3454,,,,,
2024-08-28,,,,,,,,,5.33,,,5592.18,,75.49,,,,,17.11,,0.01,,,,1.1127,19.5288,5.5351,1.3462,,,,,
2024-08-29,,,,,,,,,5.33,,,5591.96,,76.9,,,,,15.65,,0.0,,,,1.1086,19.788,5.6355,1.346,,,,,
2024-08-30,,,,,,,,,5.33,,,5648.4,,74.52,,,,,15.0,,0.0,,,,1.106,19.6576,5.6193,1.3493,,,,,
2024-08-31,,,,227000.0,,,,,5.33,,,,,,1845000.0,,,,,,,,,,,,,,,,,,
2024-09-01,157912.0,4.1,35.34,,70.1,2.7,314.732,12758.0,5.33,,62.7,,,,,2564.0,40.8,,,0.29,,252.682,608774.0,4.3,,,,,,,,,6.5
2024-09-02,,,,,,,,,5.33,,,,3.289,,,,,,15.55,,,,,,,,,,,,,,
2024-09-03,,,,,,,,,5.33,,,5528.93,,71.28,,,,,20.72,,-0.04,,,,1.1043,19.83,5.649,1.3543,,,,,
2024-09-04,,,,,,,,,5.33,,,5520.07,,70.11,,,,,21.32,,0.01,,,,1.1081,19.8161,5.6403,1.3519,,,,,
2024-09-05,,,,,,,,,5.33,,,5503.41,,70.09,,,,,19.9,,-0.02,,,,1.1096,19.9926,5.5924,1.3515,,,,,
2024-09-06,,,,,,,,,5.33,,,5408.42,,68.58,,,,,22.38,,0.06,,,,1.1086,20.0399,5.5884,1.3561,,,,,
2024-09-07,,,,227000.0,,,,,5.33,,,,,,1825000.0,,,,,,,,,,,,,,,,,,
2024-09-08,,,,,,,,,5.33,,,,,,,,,,,,,,,,,,,,,,,,
2024-09-09,,,,,,,,,5.33,,,5471.05,3.236,69.65,,,,,19.45,,0.02,,,,1.1042,19.8845,5.6042,1.356,,,,,
2024-09-10,,,,,,,,,5.33,,,5495.52,,66.73,,,,,19.08,,0.06,,,,1.1025,20.0831,5.6483,1.3607,,,,,
2024-09-11,,,,,,,,,5.33,,,5554.13,,68.25,,,,,17.69,,0.03,,,,1.1012,19.8377,5.6481,1.3595,,,,,
2024-09-12,,,,,,,,,5.33,,,5595.76,,69.89,,,,,17.07,,0.04,,,,1.1041,19.6029,5.6499,1.3595,,,,,
2024-09-13,,,,,,,,,5.33,,,5626.02,,69.59,,,,,16.56,,0.09,,,,1.1085,19.2589,5.5495,1.3581,,,,,
2024-09-14,,,,223000.0,,,,,5.33,,,,,,1831000.0,,,,,,,,,,,,,,,,,,
2024-09-15,,,,,,,,,5.33,,,,,,,,,,,,,,,,,,,,,,,,
2024-09-16,,,,,,,,,5.33,,,5633.09,3.18,71.1,,,,,17.14,,0.07,,,,1.1123,19.251,5.5104,1.3599,,,,,
2024-09-17,,,,,,,,,5.33,,,5634.58,,72.16,,,,,17.61,,0.06,,,,1.1118,19.2769,5.5013,1.3598,,,,,
2024-09-18,,,,,,,,,5.33,,,5618.26,,71.87,,,,,18.23,,0.09,,,,1.1116,19.2802,5.4825,1.3607,,,,,
2024-09-19,,,,,,,,,4.83,,,5713.64,,72.86,,,,,16.33,,0.14,,,,1.1147,19.2449,5.4048,1.356,,,,,
2024-09-20,,,,,,,,,4.83,,,5702.55,,72.72,,,,,16.15,,0.18,,,,1.1159,19.323,5.4895,1.3565,,,,,
2024-09-21,,,,221000.0,,,,,4.83,,,,,,1825000.0,,,,,,,,,,,,,,,,,,
2024-09-22,,,,,,,,,4.83,,,,,,,,,,,,,,,,,,,,,,,,
2024-09-23,,,,,,,,,4.83,,,5718.57,3.185,71.33,,,,,15.89,,0.18,,,,1.113,19.3865,5.5353,1.3502,,,,,
2024-09-24,,,,,,,,,4.83,,,5732.93,,72.34,,,,,15.39,,0.25,,,,1.115,19.3435,5.466,1.347,,,,,
2024-09-25,,,,,,,,,4.83,,,5722.26,,70.42,,,,,15.41,,0.26,,,,1.1143,19.5715,5.4809,1.3466,,,,,
2024-09-26,,,,,,,,,4.83,,,5745.37,,68.28,,,,,15.37,,0.19,,,,1.1184,19.569,5.4332,1.3466,,,,,
2024-09-27,,,,,,,,,4.83,,,5738.17,,68.72,,,,,16.96,,0.2,,,,1.1159,19.6428,5.4318,1.3504,,,,,
2024-09-28,,,,227000.0,,,,,4.83,,,,,,1858000.0,,,,,,,,,,,,,,,,,,
2024-09-29,,,,,,,,,4.83,,,,,,,,,,,,,,,,,,,,,,,,
2024-09-30,,,,,,,,,4.83,,,5762.48,3.179,68.75,,,,,16.73,,0.15,,,,1.1145,19.6903,5.4509,1.3511,,,,,
2024-10-01,157945.0,4.1,35.46,,70.5,2.7,315.631,12697.0,4.83,116.445,62.5,5708.75,,70.41,,2547.8,40.6,,19.26,0.8,0.13,253.081,612772.0,4.4,1.1067,19.7043,5.4451,1.3492,,,,,6.6
2024-10-02,,,,,,,,,4.83,,,5709.54,,70.74,,,,,18.9,,0.16,,,,1.105,19.3734,5.4363,1.3485,,,,,
2024-10-03,,,,,,,,,4.83,,,5699.94,,74.33,,,,,20.49,,0.15,,,,1.1015,19.4841,5.4916,1.3533,,,,,
2024-10-04,,,,,,,,,4.83,,,5751.07,,74.93,,,,,19.21,,0.05,,,,1.0961,19.1551,5.4585,1.3578,,,,,
2024-10-05,,,,258000.0,,,,,4.83,,,,,,1869000.0,,,,,,,,,,,,,,,,,,
2024-10-06,,,,,,,,,4.83,,,,,,,,,,,,,,,,,,,,,,,,
2024-10-07,,,,,,,,,4.83,,,5695.94,3.136,77.76,,,,,22.64,,0.04,,,,1.0976,19.3477,5.4859,1.3608,,,,,
2024-10-08,,,,,,,,,4.83,,,5751.13,,74.26,,,,,21.42,,0.06,,,,1.097,19.3761,5.5297,1.3662,,,,,
2024-10-09,,,,,,,,,4.83,,,5792.04,,73.85,,,,,20.86,,0.07,,,,1.0951,19.4026,5.5823,1.3682,,,,,
2024-10-10,,,,,,,,,4.83,,,5780.05,,76.46,,,,,20.93,,0.11,,,,1.0925,19.4816,5.5824,1.3752,,,,,
2024-10-11,,,,,,,,,4.83,,,5815.03,,76.11,,,,,20.46,,0.13,,,,1.0942,19.4312,5.6346,1.3768,,,,,
2024-10-12,,,,241000.0,,,,,4.83,,,,,,1882000.0,,,,,,,,,,,,,,,,,,
2024-10-13,,,,,,,,,4.83,,,,,,,,,,,,,,,,,,,,,,,,
2024-10-14,,,,,,,,,4.83,,,5859.85,3.171,,,,,,19.7,,,,,,,,,,,,,,
2024-10-15,,,,,,,,,4.83,,,5815.26,,71.22,,,,,20.64,,0.08,,,,1.0899,19.5715,5.6446,1.3803,,,,,
2024-10-16,,,,,,,,,4.83,,,5842.47,,70.97,,,,,19.58,,0.09,,,,1.0873,19.8835,5.6602,1.3772,,,,,
2024-10-17,,,,,,,,,4.83,,,5841.47,,71.26,,,,,19.11,,0.13,,,,1.0837,19.886,5.6764,1.3791,,,,,
2024-10-18,,,,,,,,,4.83,,,5864.67,,69.78,,,,,18.03,,0.13,,,,1.0854,19.8161,5.6787,1.3804,,,,,
2024-10-19,,,,227000.0,,,,,4.83,,,,,,1853000.0,,,,,,,,,,,,,,,,,,
2024-10-20,,,,,,,,,4.83,,,,,,,,,,,,,,,,,,,,,,,,
2024-10-21,,,,,,,,,4.83,,,5853.98,3.144,71.16,,,,,18.37,,0.17,,,,1.082,20.0494,5.7026,1.3847,,,,,
2024-10-22,,,,,,,,,4.83,,,5851.2,,72.84,,,,,18.2,,0.17,,,,1.0805,19.8992,5.6914,1.383,,,,,
2024-10-23,,,,,,,,,4.83,,,5797.42,,71.37,,,,,19.24,,0.17,,,,1.0779,19.9284,5.7045,1.3838,,,,,
2024-10-24,,,,,,,,,4.83,,,5809.86,,70.58,,,,,19.08,,0.14,,,,1.0806,19.852,5.7068,1.3858,,,,,
2024-10-25,,,,,,,,,4.83,,,5808.12,,72.02,,,,,20.33,,0.14,,,,1.0813,19.9126,5.7018,1.3882,,,,,
2024-10-26,,,,219000.0,,,,,4.83,,,,,,1876000.0,,,,,,,,,,,,,,,,,,
2024-10-27,,,,,,,,,4.83,,,,,,,,,,,,,,,,,,,,,,,,
2024-10-28,,,,,,,,,4.83,,,5823.52,3.097,67.65,,,,,19.8,,0.16,,,,1.0819,20.0444,5.7063,1.3903,,,,,
2024-10-29,,,,,,,,,4.83,,,5832.92,,67.48,,,,,19.34,,0.17,,,,1.0798,20.0,5.7248,1.3909,,,,,
2024-10-30,,,,,,,,,4.83,,,5813.67,,68.91,,,,,20.35,,0.14,,,,1.0864,20.172,5.778,1.3911,,,,,
2024-10-31,,,,,,,,,4.83,,,5705.45,,69.58,,,,,23.16,,0.12,,,,1.0855,20.0314,5.7887,1.3939,,,,,
2024-11-01,158079.0,4.2,35.6,,71.8,2.6,316.528,12711.0,4.83,,62.4,5728.8,,69.81,,2550.0,40.8,,21.88,1.13,0.16,253.211,616344.0,4.4,1.0848,20.0273,5.8292,1.3925,,,,,7.0
2024-11-02,,,,221000.0,,,,,4.83,,,,,,1870000.0,,,,,,,,,,,,,,,,,,
2024-11-03,,,,,,,,,4.83,,,,,,,,,,,,,,,,,,,,,,,,
2024-11-04,,,,,,,,,4.83,,,5712.69,3.069,71.83,,,,,21.98,,0.14,,,,1.0884,20.088,5.7707,1.3898,,,,,
2024-11-05,,,,,,,,,4.83,,,5782.76,,72.26,,,,,20.49,,0.07,,,,1.092,20.2417,5.772,1.385,,,,,
2024-11-06,,,,,,,,,4.83,,,5929.04,,71.98,,,,,16.27,,0.15,,,,1.0732,20.25,5.7043,1.3929,,,,,
2024-11-07,,,,,,,,,4.83,,,5973.1,,72.69,,,,,15.2,,0.1,,,,1.0792,19.8839,5.7028,1.3866,,,,,
2024-11-08,,,,,,,,,4.58,,,5995.54,,70.69,,,,,14.94,,0.04,,,,1.071,20.223,5.7813,1.3921,,,,,
2024-11-09,,,,218000.0,,,,,4.58,,,,,,1887000.0,,,,,,,,,,,,,,,,,,
2024-11-10,,,,,,,,,4.58,,,,,,,,,,,,,,,,,,,,,,,,
2024-11-11,,,,,,,,,4.58,,,6001.35,3.052,,,,,,14.97,,,,,,,,,,,,,,
2024-11-12,,,,,,,,,4.58,,,5983.99,,68.43,,,,,14.71,,0.09,,,,1.0598,20.5914,5.7779,1.3956,,,,,
2024-11-13,,,,,,,,,4.58,,,5985.38,,68.76,,,,,14.02,,0.17,,,,1.0567,20.5908,5.8127,1.3985,,,,,
2024-11-14,,,,,,,,,4.58,,,5949.17,,68.99,,,,,14.31,,0.09,,,,1.0562,20.5104,5.7771,1.4025,,,,,
2024-11-15,,,,,,,,,4.58,,,5870.62,,67.33,,,,,16.14,,0.12,,,,1.0552,20.3376,5.7947,1.4076,,,,,
2024-11-16,,,,216000.0,,,,,4.58,,,,,,1887000.0,,,,,,,,,,,,,,,,,,
2024-11-17,,,,,,,,,4.58,,,,,,,,,,,,,,,,,,,,,,,,
2024-11-18,,,,,,,,,4.58,,,5893.62,3.046,69.46,,,,,15.58,,0.13,,,,1.0586,20.265,5.7453,1.4028,,,,,
2024-11-19,,,,,,,,,4.58,,,5916.98,,69.75,,,,,16.35,,0.12,,,,1.0578,20.1465,5.7645,1.3981,,,,,
2024-11-20,,,,,,,,,4.58,,,5917.11,,69.25,,,,,17.16,,0.1,,,,1.0521,20.3099,5.7726,1.3995,,,,,
2024-11-21,,,,,,,,,4.58,,,5948.71,,70.39,,,,,16.87,,0.09,,,,1.0475,20.4431,5.8279,1.396,,,,,
2024-11-22,,,,,,,,,4.58,,,5969.34,,71.68,,,,,15.24,,0.04,,,,1.0399,20.4845,5.804,1.3985,,,,,
2024-11-23,,,,219000.0,,,,,4.58,,,,,,1866000.0,,,,,,,,,,,,,,,,,,
2024-11-24,,,,,,,,,4.58,,,,,,,,,,,,,,,,,,,,,,,,
2024-11-25,,,,,,,,,4.58,,,5987.37,3.044,69.41,,,,,14.6,,0.06,,,,1.0478,20.332,5.8115,1.4003,,,,,
2024-11-26,,,,,,,,,4.58,,,6021.63,,69.05,,,,,14.1,,0.09,,,,1.0481,20.736,5.8089,1.4058,,,,,
2024-11-27,,,,,,,,,4.58,,,5998.74,,69.03,,,,,14.1,,0.06,,,,1.0575,20.6488,5.8721,1.4028,,,,,
2024-11-28,,,,,,,,,4.58,,,,,,,,,,13.9,,,,,,,,,,,,,,
2024-11-29,,,,,,,,,4.58,,,6032.38,,68.26,,,,,13.51,,0.05,,,,1.0547,20.3142,5.9956,1.4014,,,,,
2024-11-30,,,,222000.0,,,,,4.58,,,,,,1859000.0,,,,,,,,,,,,,,,,,,
2024-12-01,158316.0,4.1,35.69,,74.0,2.8,317.604,12693.0,4.58,,62.5,,,,,2541.9,40.9,,,1.32,,253.423,621713.0,4.4,,,,,,,,,6.7
2024-12-02,,,,,,,,,4.58,,,6047.15,3.034,68.35,,,,,13.34,,0.02,,,,1.0484,20.4351,6.0741,1.4069,,,,,
2024-12-03,,,,,,,,,4.58,,,6049.88,,70.15,,,,,13.3,,0.06,,,,1.0518,20.323,6.065,1.4065,,,,,
2024-12-04,,,,,,,,,4.58,,,6086.49,,68.81,,,,,13.45,,0.06,,,,1.0527,20.2576,6.033,1.4069,,,,,
2024-12-05,,,,,,,,,4.58,,,6075.11,,68.58,,,,,13.54,,0.02,,,,1.0571,20.192,5.9745,1.4035,,,,,
2024-12-06,,,,,,,,,4.58,,,6090.27,,68.58,,,,,12.77,,0.05,,,,1.0563,20.2363,6.0739,1.4144,,,,,
2024-12-07,,,,238000.0,,,,,4.58,,,,,,1865000.0,,,,,,,,,,,,,,,,,,
2024-12-08,,,,,,,,,4.58,,,,,,,,,,,,,,,,,,,,,,,,
2024-12-09,,,,,,,,,4.58,,,6052.85,3.008,68.65,,,,,14.19,,0.07,,,,1.057,20.187,6.0648,1.412,,,,,
2024-12-10,,,,,,,,,4.58,,,6034.91,,68.85,,,,,14.18,,0.07,,,,1.0512,20.24,6.0549,1.416,,,,,
2024-12-11,,,,,,,,,4.58,,,6084.19,,70.57,,,,,13.58,,0.11,,,,1.0508,20.1342,6.009,1.4126,,,,,
2024-12-12,,,,,,,,,4.58,,,6051.25,,70.25,,,,,13.92,,0.14,,,,1.0514,20.144,6.0097,1.4179,,,,,
2024-12-13,,,,,,,,,4.58,,,6051.09,,71.54,,,,,13.81,,0.15,,,,1.0498,20.1391,6.0645,1.424,,,,,
2024-12-14,,,,222000.0,,,,,4.58,,,,,,1881000.0,,,,,,,,,,,,,,,,,,
2024-12-15,,,,,,,,,4.58,,,,,,,,,,,,,,,,,,,,,,,,
2024-12-16,,,,,,,,,4.58,,,6074.08,3.016,71.03,,,,,14.69,,0.14,,,,1.0512,20.1412,6.0579,1.423,,,,,
2024-12-17,,,,,,,,,4.58,,,6050.61,,70.31,,,,,15.87,,0.15,,,,1.0506,20.265,6.1122,1.4312,,,,,
2024-12-18,,,,,,,,,4.58,,,5872.16,,70.8,,,,,27.62,,0.15,,,,1.0469,20.1588,6.1906,1.4335,,,,,
2024-12-19,,,,,,,,,4.33,,,5867.08,,70.1,,,,,24.09,,0.25,,,,1.0357,20.4137,6.1414,1.4366,,,,,
2024-12-20,,,,,,,,,4.33,,,5930.85,,69.71,,,,,18.36,,0.22,,,,1.043,20.0664,6.0815,1.4354,,,,,
2024-12-21,,,,219000.0,,,,,4.33,,,,,,1833000.0,,,,,,,,,,,,,,,,,,
2024-12-22,,,,,,,,,4.33,,,,,,,,,,,,,,,,,,,,,,,,
2024-12-23,,,,,,,,,4.33,,,5974.07,3.024,69.5,,,,,16.78,,0.29,,,,1.0409,20.201,6.1784,1.439,,,,,
2024-12-24,,,,,,,,,4.33,,,6040.04,,70.87,,,,,14.27,,0.3,,,,1.0388,20.161,6.1906,1.4383,,,,,
2024-12-25,,,,,,,,,4.33,,,,,,,,,,,,,,,,,,,,,,,,
2024-12-26,,,,,,,,,4.33,,,6037.59,,70.38,,,,,14.73,,0.28,,,,1.0423,20.175,6.157,1.4404,,,,,
2024-12-27,,,,,,,,,4.33,,,5970.84,,71.28,,,,,15.95,,0.31,,,,1.0423,20.222,6.2021,1.4433,,,,,
2024-12-28,,,,212000.0,,,,,4.33,,,,,,1868000.0,,,,,,,,,,,,,,,,,,
2024-12-29,,,,,,,,,4.33,,,,,,,,,,,,,,,,,,,,,,,,
2024-12-30,,,,,,,,,4.33,,,5906.94,3.006,71.73,,,,,17.4,,0.31,,,,1.0386,20.546,6.2013,1.4374,,,,,
2024-12-31,,,,,,,,,4.33,,,5881.63,,72.44,,,,,17.35,,0.33,,,,1.0351,20.8557,6.184,1.44,,,,,
2025-01-01,158268.0,4.0,35.84,,71.7,3.3,318.961,12673.0,4.33,116.187,62.6,,,,,2539.3,40.7,,,1.75,,257.36,615145.0,4.4,,,,,,,,,6.7
2025-01-02,,,,,,,,,4.33,,,5868.55,,73.79,,,,,17.93,,0.32,,,,1.0261,20.625,6.1556,1.4422,,,,,
2025-01-03,,,,,,,,,4.33,,,5942.47,,74.64,,,,,16.13,,0.32,,,,1.0292,20.649,6.1759,1.4455,,,,,
2025-01-04,,,,206000.0,,,,,4.33,,,,,,1850000.0,,,,,,,,,,,,,,,,,,
2025-01-05,,,,,,,,,4.33,,,,,,,,,,,,,,,,,,,,,,,,
2025-01-06,,,,,,,,,4.33,,,5975.38,3.047,74.31,,,,,16.04,,0.34,,,,1.0397,20.2771,6.1086,1.4359,,,,,
2025-01-07,,,,,,,,,4.33,,,5909.03,,74.99,,,,,17.82,,0.37,,,,1.0369,20.3255,6.0641,1.4341,,,,,
2025-01-08,,,,,,,,,4.33,,,5918.25,,73.99,,,,,17.7,,0.39,,,,1.0313,20.372,6.128,1.4375,,,,,
2025-01-09,,,,,,,,,4.33,,,,,,,,,,18.07,,0.41,,,,1.0298,20.5041,6.0691,1.4394,,,,,
2025-01-10,,,,,,,,,4.33,,,5827.04,,77.27,,,,,19.54,,0.37,,,,1.0238,20.7124,6.1123,1.4437,,,,,
2025-01-11,,,,219000.0,,,,,4.33,,,,,,1891000.0,,,,,,,,,,,,,,,,,,
2025-01-12,,,,,,,,,4.33,,,,,,,,,,,,,,,,,,,,,,,,
2025-01-13,,,,,,,,,4.33,,,5836.22,3.043,79.57,,,,,19.19,,0.39,,,,1.0209,20.7901,6.1089,1.4411,,,,,
2025-01-14,,,,,,,,,4.33,,,5842.91,,78.2,,,,,18.71,,0.41,,,,1.0292,20.5144,6.0506,1.4369,,,,,
2025-01-15,,,,,,,,,4.33,,,5949.91,,80.73,,,,,16.12,,0.39,,,,1.0282,20.47,6.0466,1.434,,,,,
2025-01-16,,,,,,,,,4.33,,,5937.34,,79.35,,,,,16.6,,0.38,,,,1.0303,20.7958,6.0448,1.4377,,,,,
2025-01-17,,,,,,,,,4.33,,,5996.66,,78.56,,,,,15.97,,0.34,,,,1.0287,20.701,6.0368,1.442,,,,,
2025-01-18,,,,223000.0,,,,,4.33,,,,,,1854000.0,,,,,,,,,,,,,,,,,,
2025-01-19,,,,,,,,,4.33,,,,,,,,,,,,,,,,,,,,,,,,
2025-01-20,,,,,,,,,4.33,,,,3.109,,,,,,15.81,,,,,,,,,,,,,,
2025-01-21,,,,,,,,,4.33,,,6049.24,,76.79,,,,,15.06,,0.28,,,,1.0423,20.5571,6.0275,1.4328,,,,,
2025-01-22,,,,,,,,,4.33,,,6086.37,,76.12,,,,,15.1,,0.31,,,,1.042,20.4838,5.9234,1.4361,,,,,
2025-01-23,,,,,,,,,4.33,,,6118.71,,75.03,,,,,15.02,,0.36,,,,1.042,20.3605,5.906,1.4359,,,,,
2025-01-24,,,,,,,,,4.33,,,6101.24,,74.97,,,,,14.85,,0.36,,,,1.0515,20.2317,5.8811,1.4331,,,,,
2025-01-25,,,,212000.0,,,,,4.33,,,,,,1876000.0,,,,,,,,,,,,,,,,,,
2025-01-26,,,,,,,,,4.33,,,,,,,,,,,,,,,,,,,,,,,,
2025-01-27,,,,,,,,,4.33,,,6012.28,3.103,73.51,,,,,17.9,,0.36,,,,1.0492,20.7208,5.9156,1.4388,,,,,
2025-01-28,,,,,,,,,4.33,,,6067.7,,74.15,,,,,16.41,,0.36,,,,1.0427,20.5534,5.8596,1.4392,,,,,
2025-01-29,,,,,,,,,4.33,,,6039.31,,72.94,,,,,16.56,,0.34,,,,1.0416,20.5702,5.881,1.4432,,,,,
2025-01-30,,,,,,,,,4.33,,,6071.17,,73.1,,,,,15.84,,0.34,,,,1.042,20.4287,5.896,1.4411,,,,,
2025-01-31,,,,,,,,,4.33,,,6040.53,,72.84,,,,,16.43,,0.36,,,,1.04,20.629,5.837,1.4459,,,,,
2025-02-01,158310.0,4.2,35.94,220000.0,64.7,4.3,319.679,12671.0,4.33,,62.5,,,,1840000.0,2533.0,41.0,,,1.59,,259.498,616636.0,4.5,,,,,,,,,6.6
2025-02-02,,,,,,,,,4.33,,,,,,,,,,,,,,,,,,,,,,,,
2025-02-03,,,,,,,,,4.33,,,5994.57,3.082,73.52,,,,,18.62,,0.28,,,,1.0277,20.531,5.8322,1.4601,,,,,
2025-02-04,,,,,,,,,4.33,,,6037.88,,73.04,,,,,17.21,,0.31,,,,1.0379,20.4413,5.7598,1.4318,,,,,
2025-02-05,,,,,,,,,4.33,,,6061.48,,71.39,,,,,15.77,,0.26,,,,1.0419,20.5827,5.7986,1.428,,,,,
2025-02-06,,,,,,,,,4.33,,,6083.57,,70.97,,,,,15.5,,0.24,,,,1.0368,20.5022,5.7735,1.4314,,,,,
2025-02-07,,,,,,,,,4.33,,,6025.99,,71.32,,,,,16.54,,0.2,,,,1.0329,20.5889,5.7849,1.4311,,,,,
2025-02-08,,,,216000.0,,,,,4.33,,,,,,1862000.0,,,,,,,,,,,,,,,,,,
2025-02-09,,,,,,,,,4.33,,,,,,,,,,,,,,,,,,,,,,,,
2025-02-10,,,,,,,,,4.33,,,6066.44,3.128,72.73,,,,,15.81,,0.23,,,,1.0312,20.678,5.7754,1.4317,,,,,
2025-02-11,,,,,,,,,4.33,,,6068.5,,73.67,,,,,16.02,,0.25,,,,1.0346,20.5498,5.7621,1.4308,,,,,
2025-02-12,,,,,,,,,4.33,,,6051.97,,71.72,,,,,15.89,,0.26,,,,1.0392,20.4826,5.76,1.4288,,,,,
2025-02-13,,,,,,,,,4.33,,,6115.07,,71.66,,,,,15.1,,0.21,,,,1.0428,20.5031,5.7623,1.423,,,,,
2025-02-14,,,,,,,,,4.33,,,6114.63,,71.05,,,,,14.77,,0.21,,,,1.0498,20.3097,5.7152,1.417,,,,,
2025-02-15,,,,223000.0,,,,,4.33,,,,,,1849000.0,,,,,,,,,,,,,,,,,,
2025-02-16,,,,,,,,,4.33,,,,,,,,,,,,,,,,,,,,,,,,
2025-02-17,,,,,,,,,4.33,,,,3.148,,,,,,15.37,,,,,,,,,,,,,,
2025-02-18,,,,,,,,,4.33,,,6129.58,,72.21,,,,,15.35,,0.26,,,,1.0457,20.249,5.688,1.4189,,,,,
2025-02-19,,,,,,,,,4.33,,,6144.15,,72.58,,,,,15.27,,0.25,,,,1.0406,20.4428,5.7143,1.4235,,,,,
2025-02-20,,,,,,,,,4.33,,,6117.52,,72.88,,,,,15.66,,0.22,,,,1.0475,20.3652,5.697,1.4195,,,,,
2025-02-21,,,,,,,,,4.33,,,6013.13,,70.72,,,,,18.21,,0.23,,,,1.0455,20.3521,5.6976,1.4196,,,,,
2025-02-22,,,,241000.0,,,,,4.33,,,,,,1889000.0,,,,,,,,,,,,,,,,,,
2025-02-23,,,,,,,,,4.33,,,,,,,,,,,,,,,,,,,,,,,,
2025-02-24,,,,,,,,,4.33,,,5983.25,3.125,71.06,,,,,18.98,,0.27,,,,1.0478,20.4401,5.7325,1.4224,,,,,
2025-02-25,,,,,,,,,4.33,,,5955.25,,69.15,,,,,19.43,,0.23,,,,1.0498,20.5295,5.7677,1.43,,,,,
2025-02-26,,,,,,,,,4.33,,,5956.06,,68.87,,,,,19.1,,0.2,,,,1.0514,20.4272,5.78,1.4346,,,,,
2025-02-27,,,,,,,,,4.33,,,5861.57,,70.62,,,,,21.13,,0.22,,,,1.0414,20.4818,5.8282,1.4419,,,,,
2025-02-28,,,,,,,,,4.33,,,5954.5,,69.97,,,,,19.63,,0.25,,,,1.0402,20.5254,5.8835,1.4433,,,,,
2025-03-01,158377.0,4.2,36.11,224000.0,57.0,5.0,319.785,12666.0,4.33,,62.5,,,,1857000.0,2528.3,41.1,,,1.6,,258.525,625420.0,4.6,,,,,,,,,6.8
2025-03-02,,,,,,,,,4.33,,,,,,,,,,,,,,,,,,,,,,,,
2025-03-03,,,,,,,,,4.33,,,5849.72,3.078,68.63,,,,,22.78,,0.2,,,,1.0496,20.4555,5.8852,1.4399,,,,,
2025-03-04,,,,,,,,,4.33,,,5778.15,,68.47,,,,,23.51,,0.26,,,,1.0534,20.827,5.8872,1.4515,,,,,
2025-03-05,,,,,,,,,4.33,,,5842.63,,66.58,,,,,21.93,,0.29,,,,1.0768,20.386,5.8077,1.4375,,,,,
2025-03-06,,,,,,,,,4.33,,,5738.52,,66.62,,,,,24.87,,0.33,,,,1.0818,20.3132,5.7785,1.4282,,,,,
2025-03-07,,,,,,,,,4.33,,,5770.2,,67.29,,,,,23.37,,0.33,,,,1.0859,20.266,5.7872,1.4385,,,,,
2025-03-08,,,,222000.0,,,,,4.33,,,,,,1876000.0,,,,,,,,,,,,,,,,,,
2025-03-09,,,,,,,,,4.33,,,,,,,,,,,,,,,,,,,,,,,,
2025-03-10,,,,,,,,,4.33,,,5614.56,3.069,66.31,,,,,27.86,,0.33,,,,1.0837,20.286,5.7964,1.4431,,,,,
2025-03-11,,,,,,,,,4.33,,,5572.07,,66.52,,,,,26.92,,0.34,,,,1.0927,20.349,5.8247,1.4462,,,,,
2025-03-12,,,,,,,,,4.33,,,5599.3,,67.65,,,,,24.23,,0.31,,,,1.0925,20.1678,5.8208,1.4397,,,,,
2025-03-13,,,,,,,,,4.33,,,5521.52,,66.82,,,,,24.66,,0.33,,,,1.0859,20.0913,5.8032,1.4398,,,,,
2025-03-14,,,,,,,,,4.33,,,5638.94,,67.43,,,,,21.77,,0.29,,,,1.0872,19.8545,5.7299,1.4377,,,,,
2025-03-15,,,,225000.0,,,,,4.33,,,,,,1852000.0,,,,,,,,,,,,,,,,,,
2025-03-16,,,,,,,,,4.33,,,,,,,,,,,,,,,,,,,,,,,,
2025-03-17,,,,,,,,,4.33,,,5675.12,3.058,67.84,,,,,20.51,,0.25,,,,1.0922,19.8918,5.6874,1.4298,,,,,
2025-03-18,,,,,,,,,4.33,,,5614.66,,67.49,,,,,21.7,,0.25,,,,1.0927,19.9858,5.6714,1.4312,,,,,
2025-03-19,,,,,,,,,4.33,,,5675.29,,67.4,,,,,19.9,,0.26,,,,1.0877,20.057,5.6494,1.4328,,,,,
2025-03-20,,,,,,,,,4.33,,,5662.89,,68.55,,,,,19.8,,0.29,,,,1.0848,20.1342,5.673,1.4326,,,,,
2025-03-21,,,,,,,,,4.33,,,5667.56,,68.52,,,,,19.28,,0.31,,,,1.0806,20.194,5.7242,1.4356,,,,,
2025-03-22,,,,224000.0,,,,,4.33,,,,,,1889000.0,,,,,,,,,,,,,,,,,,
2025-03-23,,,,,,,,,4.33,,,,,,,,,,,,,,,,,,,,,,,,
2025-03-24,,,,,,,,,4.33,,,5767.57,3.115,69.46,,,,,17.48,,0.3,,,,1.0794,20.096,5.7295,1.4292,,,,,
2025-03-25,,,,,,,,,4.33,,,5776.65,,69.48,,,,,17.15,,0.35,,,,1.0804,20.0713,5.6837,1.4307,,,,,
2025-03-26,,,,,,,,,4.33,,,5712.2,,70.05,,,,,18.33,,0.37,,,,1.0781,20.11,5.7386,1.4254,,,,,
2025-03-27,,,,,,,,,4.33,,,5693.31,,70.3,,,,,18.69,,0.41,,,,1.08,20.2783,5.7339,1.4316,,,,,
2025-03-28,,,,,,,,,4.33,,,5580.94,,69.74,,,,,21.65,,0.38,,,,1.0826,20.4198,5.7672,1.4282,,,,,
2025-03-29,,,,220000.0,,,,,4.33,,,,,,1852000.0,,,,,,,,,,,,,,,,,,
2025-03-30,,,,,,,,,4.33,,,,,,,,,,,,,,,,,,,,,,,,
2025-03-31,,,,,,,,,4.33,,,5611.85,3.162,71.87,,,,,22.28,,0.34,,,,1.0796,20.4582,5.7405,1.4379,,,,,
2025-04-01,158485.0,4.2,36.12,,52.2,6.5,320.302,12662.0,4.33,117.385,62.6,5633.07,,71.61,,2527.5,40.9,,21.77,1.85,0.3,258.392,624272.0,4.7,1.08,20.329,5.6874,1.4316,,,,,6.9
2025-04-02,,,,,,,,,4.33,,,5670.97,,72.12,,,,,21.51,,0.29,,,,1.0868,20.5,5.7004,1.431,,,,,
2025-04-03,,,,,,,,,4.33,,,5396.52,,67.43,,,,,30.02,,0.35,,,,1.1052,19.9508,5.6022,1.4062,,,,,
2025-04-04,,,,,,,,,4.33,,,5074.08,,62.42,,,,,45.31,,0.33,,,,1.1014,20.491,5.8039,1.4194,,,,,
2025-04-05,,,,223000.0,,,,,4.33,,,,,,1876000.0,,,,,,,,,,,,,,,,,,
2025-04-06,,,,,,,,,4.33,,,,,,,,,,,,,,,,,,,,,,,,
2025-04-07,,,,,,,,,4.33,,,5062.25,3.243,61.05,,,,,46.98,,0.42,,,,1.0912,20.714,5.9242,1.4224,,,,,
2025-04-08,,,,,,,,,4.33,,,4982.77,,60.04,,,,,52.33,,0.55,,,,1.0912,20.7089,5.9878,1.4199,,,,,
2025-04-09,,,,,,,,,4.33,,,5456.9,,62.63,,,,,33.62,,0.43,,,,1.104,20.9441,6.0542,1.4187,,,,,
2025-04-10,,,,,,,,,4.33,,,5268.05,,60.57,,,,,40.72,,0.56,,,,1.1192,20.5029,5.9429,1.401,,,,,
2025-04-11,,,,,,,,,4.33,,,5363.36,,61.91,,,,,37.56,,0.52,,,,1.1325,20.37,5.8781,1.3895,,,,,
2025-04-12,,,,217000.0,,,,,4.33,,,,,,1840000.0,,,,,,,,,,,,,,,,,,
2025-04-13,,,,,,,,,4.33,,,,,,,,,,,,,,,,,,,,,,,,
2025-04-14,,,,,,,,,4.33,,,5405.97,3.168,61.99,,,,,30.89,,0.54,,,,1.1358,20.1255,5.8649,1.3892,,,,,
2025-04-15,,,,,,,,,4.33,,,5396.63,,61.74,,,,,30.12,,0.51,,,,1.129,19.9704,5.8809,1.3944,,,,,
2025-04-16,,,,,,,,,4.33,,,5275.7,,62.88,,,,,32.64,,0.52,,,,1.1382,19.9648,5.861,1.3882,,,,,
2025-04-17,,,,,,,,,4.33,,,5282.7,,65.07,,,,,29.65,,0.53,,,,1.1364,19.8079,5.8308,1.3856,,,,,
2025-04-18,,,,,,,,,4.33,,,,,,,,,,,,,,,,1.139,19.7175,5.8067,1.3846,,,,,
2025-04-19,,,,224000.0,,,,,4.33,,,,,,1906000.0,,,,,,,,,,,,,,,,,,
2025-04-20,,,,,,,,,4.33,,,,,,,,,,,,,,,,,,,,,,,,
2025-04-21,,,,,,,,,4.33,,,5158.2,3.141,63.48,,,,,33.82,,0.67,,,,1.1508,19.6628,5.8067,1.3818,,,,,
2025-04-22,,,,,,,,,4.33,,,5287.76,,64.6,,,,,30.57,,0.65,,,,1.1466,19.584,5.7392,1.3798,,,,,
2025-04-23,,,,,,,,,4.33,,,5375.86,,62.64,,,,,28.45,,0.59,,,,1.135,19.6327,5.6969,1.3894,,,,,
2025-04-24,,,,,,,,,4.33,,,5484.77,,63.55,,,,,26.47,,0.55,,,,1.1363,19.5896,5.6709,1.3889,,,,,
2025-04-25,,,,,,,,,4.33,,,5525.21,,63.85,,,,,24.84,,0.55,,,,1.1381,19.5585,5.681,1.3858,,,,,
2025-04-26,,,,239000.0,,,,,4.33,,,,,,1876000.0,,,,,,,,,,,,,,,,,,
2025-04-27,,,,,,,,,4.33,,,,,,,,,,,,,,,,,,,,,,,,
2025-04-28,,,,,,,,,4.33,,,5528.75,3.133,63.3,,,,,25.15,,0.56,,,,1.1387,19.5507,5.6777,1.3857,,,,,
2025-04-29,,,,,,,,,4.33,,,5560.83,,61.84,,,,,24.17,,0.54,,,,1.1396,19.5851,5.633,1.3853,,,,,
2025-04-30,,,,,,,,,4.33,,,5569.06,,59.55,,,,,24.7,,0.57,,,,1.1349,19.5914,5.6612,1.3807,,,,,
2025-05-01,158498.0,4.3,36.28,,52.2,6.6,320.62,12651.0,4.33,,62.4,5604.14,,60.59,,2513.1,41.0,,24.6,1.96,0.55,258.678,616231.0,4.7,1.1279,19.636,5.6729,1.3847,,,,,7.0
2025-05-02,,,,,,,,,4.33,,,5686.67,,59.67,,,,,22.68,,0.5,,,,1.133,19.6685,5.6485,1.379,,,,,
2025-05-03,,,,228000.0,,,,,4.33,,,,,,1884000.0,,,,,,,,,,,,,,,,,,
2025-05-04,,,,,,,,,4.33,,,,,,,,,,,,,,,,,,,,,,,,
2025-05-05,,,,,,,,,4.33,,,5650.38,3.147,58.5,,,,,23.64,,0.53,,,,1.1315,19.6316,5.6663,1.381,,,,,
2025-05-06,,,,,,,,,4.33,,,5606.91,,60.42,,,,,24.76,,0.52,,,,1.1345,19.687,5.7206,1.3774,,,,,
2025-05-07,,,,,,,,,4.33,,,5631.28,,59.42,,,,,23.55,,0.48,,,,1.1348,19.5831,5.7438,1.3773,,,,,
2025-05-08,,,,,,,,,4.33,,,5663.94,,61.25,,,,,22.48,,0.47,,,,1.1249,19.585,5.6798,1.3914,,,,,
2025-05-09,,,,,,,,,4.33,,,5659.91,,62.37,,,,,21.9,,0.49,,,,1.127,19.4834,5.6435,1.3925,,,,,
2025-05-10,,,,226000.0,,,,,4.33,,,,,,1889000.0,,,,,,,,,,,,,,,,,,
2025-05-11,,,,,,,,,4.33,,,,,,,,,,,,,,,,,,,,,,,,
2025-05-12,,,,,,,,,4.33,,,5844.19,3.12,63.32,,,,,18.39,,0.47,,,,1.1106,19.613,5.6843,1.4003,,,,,
2025-05-13,,,,,,,,,4.33,,,5886.55,,65.04,,,,,18.22,,0.47,,,,1.1176,19.4181,5.6023,1.3958,,,,,
2025-05-14,,,,,,,,,4.33,,,5892.58,,64.48,,,,,18.62,,0.48,,,,1.1206,19.3501,5.6131,1.3963,,,,,
2025-05-15,,,,,,,,,4.33,,,5916.93,,63.03,,,,,17.83,,0.49,,,,1.1189,19.486,5.637,1.3989,,,,,
2025-05-16,,,,,,,,,4.33,,,5958.38,,63.84,,,,,17.24,,0.45,,,,1.1141,19.525,5.6775,1.3991,,,,,
2025-05-17,,,,225000.0,,,,,4.33,,,,,,1917000.0,,,,,,,,,,,,,,,,,,
2025-05-18,,,,,,,,,4.33,,,,,,,,,,,,,,,,,,,,,,,,
2025-05-19,,,,,,,,,4.33,,,5963.6,3.173,63.98,,,,,18.14,,0.49,,,,1.1236,19.3707,5.6424,1.3944,,,,,
2025-05-20,,,,,,,,,4.33,,,5940.46,,63.97,,,,,18.09,,0.51,,,,1.1254,19.267,5.6687,1.3941,,,,,
2025-05-21,,,,,,,,,4.33,,,5844.61,,62.93,,,,,20.87,,0.58,,,,1.1343,19.319,5.6591,1.3822,,,,,
2025-05-22,,,,,,,,,4.33,,,5842.01,,62.55,,,,,20.28,,0.54,,,,1.1281,19.3232,5.6205,1.3856,,,,,
2025-05-23,,,,,,,,,4.33,,,5802.82,,62.89,,,,,22.29,,0.51,,,,1.135,19.2798,5.6887,1.3755,,,,,
2025-05-24,,,,236000.0,,,,,4.33,,,,,,1896000.0,,,,,,,,,,,,,,,,,,
2025-05-25,,,,,,,,,4.33,,,,,,,,,,,,,,,,,,,,,,,,
2025-05-26,,,,,,,,,4.33,,,,3.16,,,,,,20.57,,,,,,,,,,,,,,
2025-05-27,,,,,,,,,4.33,,,5921.54,,61.61,,,,,18.96,,0.51,,,,1.1326,19.2309,5.6518,1.3776,,,,,
2025-05-28,,,,,,,,,4.33,,,5888.55,,62.54,,,,,19.31,,0.51,,,,1.1286,19.417,5.7053,1.3819,,,,,
2025-05-29,,,,,,,,,4.33,,,5912.17,,61.66,,,,,19.18,,0.51,,,,1.137,19.339,5.6505,1.3809,,,,,
2025-05-30,,,,,,,,,4.33,,,5911.69,,61.46,,,,,18.57,,0.52,,,,1.1347,19.3901,5.7184,1.3747,,,,,
2025-05-31,,,,244000.0,,,,,4.33,,,,,,1947000.0,,,,,,,,,,,,,,,,,,
2025-06-01,158478.0,4.1,36.36,,60.7,5.0,321.435,12636.0,4.33,,62.3,,,,,2504.6,41.0,,,1.82,,260.491,624146.0,4.7,,,,,,,,,6.9
2025-06-02,,,,,,,,,4.33,,,5935.94,3.127,63.27,,,,,18.36,,0.52,,,,1.1432,19.245,5.7061,1.3699,,,,,
2025-06-03,,,,,,,,,4.33,,,5970.37,,64.1,,,,,17.69,,0.5,,,,1.1373,19.2572,5.6444,1.3722,,,,,
2025-06-04,,,,,,,,,4.33,,,5970.81,,63.57,,,,,17.61,,0.5,,,,1.1424,19.2042,5.6396,1.3668,,,,,
2025-06-05,,,,,,,,,4.33,,,5939.3,,64.06,,,,,18.48,,0.48,,,,1.144,19.1774,5.5911,1.3667,,,,,
2025-06-06,,,,,,,,,4.33,,,6000.36,,65.3,,,,,16.77,,0.47,,,,1.1397,19.1226,5.598,1.3686,,,,,
2025-06-07,,,,246000.0,,,,,4.33,,,,,,1935000.0,,,,,,,,,,,,,,,,,,
2025-06-08,,,,,,,,,4.33,,,,,,,,,,,,,,,,,,,,,,,,
2025-06-09,,,,,,,,,4.33,,,6005.88,3.108,65.99,,,,,17.16,,0.48,,,,1.1425,19.0515,5.5755,1.3675,,,,,
2025-06-10,,,,,,,,,4.33,,,6038.81,,65.66,,,,,16.95,,0.46,,,,1.1423,19.0519,5.5646,1.3683,,,,,
2025-06-11,,,,,,,,,4.33,,,6022.24,,68.91,,,,,17.26,,0.47,,,,1.149,18.8436,5.5288,1.3662,,,,,
2025-06-12,,,,,,,,,4.33,,,6045.26,,68.73,,,,,18.02,,0.46,,,,1.1578,18.8879,5.5456,1.3615,,,,,
2025-06-13,,,,,,,,,4.33,,,5976.97,,73.84,,,,,20.82,,0.45,,,,1.1557,18.9085,5.545,1.3575,,,,,
2025-06-14,,,,243000.0,,,,,4.33,,,,,,1960000.0,,,,,,,,,,,,,,,,,,
2025-06-15,,,,,,,,,4.33,,,,,,,,,,,,,,,,,,,,,,,,
2025-06-16,,,,,,,,,4.33,,,6033.11,3.139,72.53,,,,,19.11,,0.49,,,,1.1581,18.9266,5.5165,1.3556,,,,,
2025-06-17,,,,,,,,,4.33,,,5982.72,,75.62,,,,,21.6,,0.45,,,,1.1535,18.9581,5.4772,1.3587,,,,,
2025-06-18,,,,,,,,,4.33,,,5980.87,,75.89,,,,,20.14,,0.44,,,,1.1521,19.0068,5.4921,1.3683,,,,,
2025-06-19,,,,,,,,,4.33,,,,,,,,,,22.17,,,,,,,,,,,,,,
2025-06-20,,,,,,,,,4.33,,,5967.84,,75.72,,,,,20.62,,0.48,,,,1.152,19.1369,5.5035,1.3739,,,,,
2025-06-21,,,,236000.0,,,,,4.33,,,,,,1954000.0,,,,,,,,,,,,,,,,,,
2025-06-22,,,,,,,,,4.33,,,,,,,,,,,,,,,,,,,,,,,,
2025-06-23,,,,,,,,,4.33,,,6025.17,3.213,69.36,,,,,19.83,,0.5,,,,1.1538,19.16,5.5163,1.3773,,,,,
2025-06-24,,,,,,,,,4.33,,,6092.18,,65.45,,,,,17.48,,0.55,,,,1.1608,19.021,5.4985,1.3711,,,,,
2025-06-25,,,,,,,,,4.33,,,6092.16,,65.98,,,,,16.76,,0.55,,,,1.162,18.9159,5.5589,1.375,,,,,
2025-06-26,,,,,,,,,4.33,,,6141.02,,66.44,,,,,16.59,,0.56,,,,1.1717,18.8741,5.5043,1.3629,,,,,
2025-06-27,,,,,,,,,4.33,,,6173.07,,66.66,,,,,16.32,,0.56,,,,1.1724,18.8283,5.4801,1.3666,,,,,
2025-06-28,,,,231000.0,,,,,4.33,,,,,,1952000.0,,,,,,,,,,,,,,,,,,
2025-06-29,,,,,,,,,4.33,,,,,,,,,,,,,,,,,,,,,,,,
2025-06-30,,,,,,,,,4.33,,,6204.95,3.164,66.3,,,,,16.73,,0.52,,,,1.177,18.8292,5.4294,1.362,,,,,
2025-07-01,158542.0,4.3,36.47,,61.7,4.5,322.169,12625.0,4.33,118.884,62.2,6198.01,,66.64,,2494.2,41.1,,16.83,1.77,0.48,262.358,628747.0,4.8,1.1776,18.7381,5.4589,1.3659,,,,,6.9
2025-07-02,,,,,,,,,4.33,,,6227.42,,68.66,,,,,16.64,,0.52,,,,1.179,18.7503,5.4286,1.362,,,,,
2025-07-03,,,,,,,,,4.33,,,6279.35,,68.13,,,,,16.38,,0.47,,,,1.1758,18.644,5.4178,1.3559,,,,,
2025-07-04,,,,,,,,,4.33,,,,,,,,,,17.48,,,,,,,,,,,,,,
2025-07-05,,,,228000.0,,,,,4.33,,,,,,1949000.0,,,,,,,,,,,,,,,,,,
2025-07-06,,,,,,,,,4.33,,,,,,,,,,,,,,,,,,,,,,,,
2025-07-07,,,,,,,,,4.33,,,6229.98,3.125,69.16,,,,,17.79,,0.5,,,,1.1733,18.6647,5.4638,1.3644,,,,,
2025-07-08,,,,,,,,,4.33,,,6225.52,,69.55,,,,,16.81,,0.52,,,,1.1707,18.7084,5.46,1.3671,,,,,
2025-07-09,,,,,,,,,4.33,,,6263.26,,69.61,,,,,15.94,,0.48,,,,1.1707,18.561,5.4552,1.3694,,,,,
2025-07-10,,,,,,,,,4.33,,,6280.46,,67.78,,,,,15.78,,0.49,,,,1.1688,18.6313,5.5355,1.3682,,,,,
2025-07-11,,,,,,,,,4.33,,,6259.75,,69.63,,,,,16.4,,0.53,,,,1.1696,18.6727,5.5723,1.3678,,,,,
2025-07-12,,,,221000.0,,,,,4.33,,,,,,1941000.0,,,,,,,,,,,,,,,,,,
2025-07-13,,,,,,,,,4.33,,,,,,,,,,,,,,,,,,,,,,,,
2025-07-14,,,,,,,,,4.33,,,6268.56,3.13,68.19,,,,,17.2,,0.53,,,,1.1672,18.7585,5.5748,1.3694,,,,,
2025-07-15,,,,,,,,,4.33,,,6243.76,,67.76,,,,,17.38,,0.55,,,,1.1619,18.7928,5.5661,1.3713,,,,,
2025-07-16,,,,,,,,,4.33,,,6263.7,,67.13,,,,,17.16,,0.58,,,,1.1629,18.7302,5.565,1.3706,,,,,
2025-07-17,,,,,,,,,4.33,,,6297.36,,68.76,,,,,16.52,,0.56,,,,1.1597,18.7629,5.5644,1.3749,,,,,
2025-07-18,,,,,,,,,4.33,,,6296.79,,68.53,,,,,16.41,,0.56,,,,1.1645,18.7037,5.5628,1.3711,,,,,
2025-07-19,,,,218000.0,,,,,4.33,,,,,,1936000.0,,,,,,,,,,,,,,,,,,
2025-07-20,,,,,,,,,4.33,,,,,,,,,,,,,,,,,,,,,,,,
2025-07-21,,,,,,,,,4.33,,,6305.6,3.121,68.39,,,,,16.65,,0.53,,,,1.1705,18.6335,5.5512,1.3689,,,,,
2025-07-22,,,,,,,,,4.33,,,6309.62,,67.56,,,,,16.5,,0.52,,,,1.1749,18.5963,5.5543,1.3615,,,,,
2025-07-23,,,,,,,,,4.33,,,6358.91,,66.05,,,,,15.37,,0.52,,,,1.1748,18.5784,5.5456,1.3609,,,,,
2025-07-24,,,,,,,,,4.33,,,6363.35,,67.16,,,,,15.39,,0.52,,,,1.1765,18.5589,5.5209,1.3643,,,,,
2025-07-25,,,,,,,,,4.33,,,6388.64,,66.38,,,,,14.93,,0.49,,,,1.173,18.5676,5.5669,1.3714,,,,,
2025-07-26,,,,219000.0,,,,,4.33,,,,,,1963000.0,,,,,,,,,,,,,,,,,,
2025-07-27,,,,,,,,,4.33,,,,,,,,,,,,,,,,,,,,,,,,
2025-07-28,,,,,,,,,4.33,,,6389.77,3.123,67.81,,,,,15.03,,0.51,,,,1.1609,18.7314,5.5936,1.3718,,,,,
2025-07-29,,,,,,,,,4.33,,,6370.86,,70.27,,,,,15.98,,0.48,,,,1.1534,18.7694,5.5687,1.3777,,,,,
2025-07-30,,,,,,,,,4.33,,,6362.9,,71.09,,,,,15.48,,0.44,,,,1.147,18.7987,5.6193,1.3814,,,,,
2025-07-31,,,,,,,,,4.33,,,6339.39,,70.36,,,,,16.72,,0.43,,,,1.1431,18.797,5.5848,1.3845,,,,,
2025-08-01,158472.0,4.3,36.62,,58.2,4.8,323.291,12615.0,4.33,,62.3,6238.01,,68.39,,2483.3,41.0,,20.38,1.67,0.54,262.11,632149.0,5.0,1.1555,18.877,5.5422,1.3778,,,,,7.1
2025-08-02,,,,226000.0,,,,,4.33,,,,,,1942000.0,,,,,,,,,,,,,,,,,,
2025-08-03,,,,,,,,,4.33,,,,,,,,,,,,,,,,,,,,,,,,
2025-08-04,,,,,,,,,4.33,,,6329.94,3.14,67.33,,,,,17.52,,0.53,,,,1.1568,18.8514,5.5151,1.3775,,,,,
2025-08-05,,,,,,,,,4.33,,,6299.19,,66.2,,,,,17.85,,0.5,,,,1.158,18.7715,5.5062,1.3779,,,,,
2025-08-06,,,,,,,,,4.33,,,6345.06,,65.38,,,,,16.77,,0.53,,,,1.1647,18.64,5.4757,1.3739,,,,,
2025-08-07,,,,,,,,,4.33,,,6340.0,,64.9,,,,,16.57,,0.51,,,,1.1641,18.6879,5.4548,1.3749,,,,,
2025-08-08,,,,,,,,,4.33,,,6389.45,,64.94,,,,,15.15,,0.51,,,,1.166,18.5421,5.4208,1.3752,,,,,
2025-08-09,,,,224000.0,,,,,4.33,,,,,,1957000.0,,,,,,,,,,,,,,,,,,
2025-08-10,,,,,,,,,4.33,,,,,,,,,,,,,,,,,,,,,,,,
2025-08-11,,,,,,,,,4.33,,,6373.45,3.118,65.03,,,,,16.25,,0.51,,,,1.1607,18.6474,5.4414,1.3783,,,,,
2025-08-12,,,,,,,,,4.33,,,6445.76,,64.22,,,,,14.73,,0.57,,,,1.1673,18.5583,5.3915,1.3762,,,,,
2025-08-13,,,,,,,,,4.33,,,6466.58,,63.68,,,,,14.49,,0.57,,,,1.1715,18.6538,5.4049,1.3764,,,,,
2025-08-14,,,,,,,,,4.33,,,6468.54,,64.99,,,,,14.83,,0.55,,,,1.1644,18.816,5.4137,1.3806,,,,,
2025-08-15,,,,,,,,,4.33,,,6449.8,,63.78,,,,,15.09,,0.58,,,,1.1708,18.733,5.3964,1.3808,,,,,
2025-08-16,,,,233000.0,,,,,4.33,,,,,,1942000.0,,,,,,,,,,,,,,,,,,
2025-08-17,,,,,,,,,4.33,,,,,,,,,,,,,,,,,,,,,,,,
2025-08-18,,,,,,,,,4.33,,,6449.15,3.125,64.51,,,,,14.99,,0.57,,,,1.1667,18.7821,5.4206,1.3815,,,,,
2025-08-19,,,,,,,,,4.33,,,6411.37,,63.38,,,,,15.57,,0.55,,,,1.166,18.809,5.4764,1.3859,,,,,
2025-08-20,,,,,,,,,4.33,,,6395.78,,64.19,,,,,15.69,,0.55,,,,1.1649,18.7834,5.4742,1.3874,,,,,
2025-08-21,,,,,,,,,4.33,,,6370.17,,64.56,,,,,16.6,,0.54,,,,1.1605,18.7849,5.4868,1.39,,,,,
2025-08-22,,,,,,,,,4.33,,,6466.91,,64.08,,,,,14.22,,0.58,,,,1.1713,18.5921,5.4196,1.3845,,,,,
2025-08-23,,,,229000.0,,,,,4.33,,,,,,1937000.0,,,,,,,,,,,,,,,,,,
2025-08-24,,,,,,,,,4.33,,,,,,,,,,,,,,,,,,,,,,,,
2025-08-25,,,,,,,,,4.33,,,6439.32,3.147,65.18,,,,,14.79,,0.55,,,,1.167,18.6316,5.4086,1.3829,,,,,
2025-08-26,,,,,,,,,4.33,,,6465.94,,63.6,,,,,14.62,,0.65,,,,1.1657,18.6658,5.4335,1.3823,,,,,
2025-08-27,,,,,,,,,4.33,,,6481.4,,64.49,,,,,14.85,,0.65,,,,1.1611,18.7039,5.4332,1.3825,,,,,
2025-08-28,,,,,,,,,4.33,,,6501.86,,64.96,,,,,14.43,,0.6,,,,1.1672,18.6638,5.4093,1.375,,,,,
2025-08-29,,,,,,,,,4.33,,,6460.26,,64.36,,,,,15.36,,0.64,,,,1.1695,18.6381,5.4299,1.3726,,,,,
2025-08-30,,,,236000.0,,,,,4.33,,,,,,1927000.0,,,,,,,,,,,,,,,,,,
2025-08-31,,,,,,,,,4.33,,,,,,,,,,,,,,,,,,,,,,,,
2025-09-01,158548.0,4.4,36.7,,55.1,4.7,324.245,12612.0,4.33,,62.5,,3.177,,,2471.6,41.0,,16.12,1.6,,262.054,632395.0,5.1,,,,,,,,,7.1
2025-09-02,,,,,,,,,4.33,,,6415.54,,65.95,,,,,17.17,,0.62,,,,1.1653,18.7163,5.4633,1.3784,,,,,
2025-09-03,,,,,,,,,4.33,,,6448.26,,64.36,,,,,16.35,,0.61,,,,1.1676,18.6732,5.4571,1.3787,,,,,
2025-09-04,,,,,,,,,4.33,,,6502.08,,63.81,,,,,15.3,,0.58,,,,1.1648,18.7419,5.4641,1.3828,,,,,
2025-09-05,,,,,,,,,4.33,,,6481.5,,62.22,,,,,15.18,,0.59,,,,1.1759,18.677,5.3983,1.3823,,,,,
2025-09-06,,,,259000.0,,,,,4.33,,,,,,1925000.0,,,,,,,,,,,,,,,,,,
2025-09-07,,,,,,,,,4.33,,,,,,,,,,,,,,,,,,,,,,,,
2025-09-08,,,,,,,,,4.33,,,6495.15,3.192,62.6,,,,,15.11,,0.56,,,,1.1751,18.6301,5.4275,1.382,,,,,
2025-09-09,,,,,,,,,4.33,,,6512.61,,62.97,,,,,15.04,,0.54,,,,1.1723,18.633,5.428,1.3834,,,,,
2025-09-10,,,,,,,,,4.33,,,6532.04,,64.01,,,,,15.35,,0.5,,,,1.1714,18.598,5.4089,1.3843,,,,,
2025-09-11,,,,,,,,,4.33,,,6587.47,,62.71,,,,,14.71,,0.49,,,,1.1732,18.5196,5.3828,1.383,,,,,
2025-09-12,,,,,,,,,4.33,,,6584.29,,63.02,,,,,14.76,,0.5,,,,1.1714,18.4821,5.3541,1.3858,,,,,
2025-09-13,,,,233000.0,,,,,4.33,,,,,,1916000.0,,,,,,,,,,,,,,,,,,
2025-09-14,,,,,,,,,4.33,,,,,,,,,,,,,,,,,,,,,,,,
2025-09-15,,,,,,,,,4.33,,,6615.28,3.168,63.66,,,,,15.69,,0.51,,,,1.1772,18.3353,5.3088,1.3797,,,,,
2025-09-16,,,,,,,,,4.33,,,6606.76,,64.89,,,,,16.36,,0.53,,,,1.1848,18.2726,5.3006,1.3745,,,,,
2025-09-17,,,,,,,,,4.33,,,6600.35,,64.41,,,,,15.72,,0.54,,,,1.1845,18.335,5.3069,1.3761,,,,,
2025-09-18,,,,,,,,,4.08,,,6631.96,,63.91,,,,,15.7,,0.54,,,,1.178,18.371,5.302,1.3796,,,,,
2025-09-19,,,,,,,,,4.08,,,6664.36,,63.02,,,,,15.45,,0.57,,,,1.1753,18.3749,5.3257,1.3772,,,,,
2025-09-20,,,,219000.0,,,,,4.08,,,,,,1921000.0,,,,,,,,,,,,,,,,,,
2025-09-21,,,,,,,,,4.08,,,,,,,,,,,,,,,,,,,,,,,,
2025-09-22,,,,,,,,,4.09,,,6693.75,3.173,62.99,,,,,16.1,,0.54,,,,1.1773,18.4322,5.3505,1.3814,,,,,
2025-09-23,,,,,,,,,4.09,,,6656.92,,63.76,,,,,16.64,,0.59,,,,1.18,18.3067,5.289,1.3834,,,,,
2025-09-24,,,,,,,,,4.09,,,6637.97,,65.4,,,,,16.18,,0.59,,,,1.1742,18.4453,5.318,1.3894,,,,,
2025-09-25,,,,,,,,,4.09,,,6604.72,,65.51,,,,,16.74,,0.54,,,,1.1673,18.441,5.3435,1.3923,,,,,
2025-09-26,,,,,,,,,4.09,,,6643.7,,66.5,,,,,15.29,,0.57,,,,1.1692,18.3835,5.3413,1.3946,,,,,
2025-09-27,,,,225000.0,,,,,4.09,,,,,,1929000.0,,,,,,,,,,,,,,,,,,
2025-09-28,,,,,,,,,4.09,,,,,,,,,,,,,,,,,,,,,,,,
2025-09-29,,,,,,,,,4.09,,,6661.21,3.118,64.27,,,,,16.12,,0.52,,,,1.173,18.3441,5.3254,1.3904,,,,,
2025-09-30,,,,,,,,,4.09,,,6688.46,,63.17,,,,,16.28,,0.56,,,,1.1735,18.3442,5.3269,1.3927,,,,,
2025-10-01,158408.0,,36.85,,53.6,4.6,,12603.0,4.09,119.35,,6711.2,,62.59,,2451.8,41.1,,16.29,1.66,0.57,260.591,631346.0,5.1,1.1723,18.3588,5.3343,1.3953,,,,,6.9
2025-10-02,,,,,,,,,4.09,,,6715.35,,61.28,,,,,16.63,,0.55,,,,1.1696,18.4829,5.3658,1.3974,,,,,
2025-10-03,,,,,,,,,4.09,,,6715.79,,61.65,,,,,16.65,,0.55,,,,1.1747,18.383,5.3492,1.3946,,,,,
2025-10-04,,,,233000.0,,,,,4.09,,,,,,1928000.0,,,,,,,,,,,,,,,,,,
2025-10-05,,,,,,,,,4.09,,,,,,,,,,,,,,,,,,,,,,,,
2025-10-06,,,,,,,,,4.09,,,6740.28,3.124,62.49,,,,,16.37,,0.58,,,,1.1707,18.3456,5.315,1.3945,,,,,
2025-10-07,,,,,,,,,4.09,,,6714.59,,62.52,,,,,17.24,,0.57,,,,1.1674,18.3814,5.342,1.3949,,,,,
2025-10-08,,,,,,,,,4.1,,,6753.72,,63.37,,,,,16.3,,0.55,,,,1.1606,18.355,5.345,1.3953,,,,,
2025-10-09,,,,,,,,,4.1,,,6735.11,,62.36,,,,,16.43,,0.54,,,,1.1559,18.38,5.3639,1.4009,,,,,
2025-10-10,,,,,,,,,4.1,,,6552.51,,59.75,,,,,21.66,,0.53,,,,1.1613,18.5195,5.4845,1.3997,,,,,
2025-10-11,,,,222000.0,,,,,4.1,,,,,,1947000.0,,,,,,,,,,,,,,,,,,
2025-10-12,,,,,,,,,4.1,,,,,,,,,,,,,,,,,,,,,,,,
2025-10-13,,,,,,,,,4.1,,,6654.72,3.061,,,,,,19.03,,,,,,,,,,,,,,
2025-10-14,,,,,,,,,4.1,,,6644.31,,59.52,,,,,20.81,,0.55,,,,1.1608,18.4904,5.4795,1.4041,,,,,
2025-10-15,,,,,,,,,4.1,,,6671.06,,59.08,,,,,20.64,,0.55,,,,1.1638,18.4793,5.4426,1.4033,,,,,
2025-10-16,,,,,,,,,4.11,,,6629.07,,58.29,,,,,25.31,,0.58,,,,1.1665,18.4029,5.4348,1.4045,,,,,
2025-10-17,,,,,,,,,4.11,,,6664.01,,58.3,,,,,20.78,,0.56,,,,1.1674,18.4297,5.4178,1.4046,,,,,
2025-10-18,,,,231000.0,,,,,4.11,,,,,,1953000.0,,,,,,,,,,,,,,,,,,
2025-10-19,,,,,,,,,4.11,,,,,,,,,,,,,,,,,,,,,,,,
2025-10-20,,,,,,,,,4.11,,,6735.13,3.019,58.34,,,,,18.23,,0.54,,,,1.1656,18.3874,5.3708,1.4029,,,,,
2025-10-21,,,,,,,,,4.11,,,6735.35,,58.66,,,,,17.87,,0.53,,,,1.1616,18.423,5.3722,1.401,,,,,
2025-10-22,,,,,,,,,4.11,,,6699.4,,59.3,,,,,18.6,,0.52,,,,1.1612,18.4179,5.3919,1.3978,,,,,
2025-10-23,,,,,,,,,4.11,,,6738.44,,62.44,,,,,17.3,,0.53,,,,1.1612,18.3981,5.3837,1.3991,,,,,
2025-10-24,,,,,,,,,4.11,,,6791.69,,62.27,,,,,16.37,,0.54,,,,1.1626,18.393,5.3822,1.4013,,,,,
2025-10-25,,,,221000.0,,,,,4.11,,,,,,1962000.0,,,,,,,,,,,,,,,,,,
2025-10-26,,,,,,,,,4.11,,,,,,,,,,,,,,,,,,,,,,,,
2025-10-27,,,,,,,,,4.12,,,6875.16,3.035,62.13,,,,,15.79,,0.53,,,,1.1636,18.392,5.3763,1.3995,,,,,
2025-10-28,,,,,,,,,4.12,,,6890.89,,60.97,,,,,16.42,,0.52,,,,1.1659,18.4133,5.3629,1.3937,,,,,
2025-10-29,,,,,,,,,4.12,,,6890.59,,61.26,,,,,16.92,,0.49,,,,1.1664,18.4194,5.3452,1.3893,,,,,
2025-10-30,,,,,,,,,3.87,,,6822.34,,61.36,,,,,16.91,,0.5,,,,1.1564,18.543,5.384,1.3982,,,,,
2025-10-31,,,,,,,,,3.86,,,6840.2,,61.75,,,,,17.44,,0.51,,,,1.1541,18.5465,5.3858,1.401,,,,,
2025-11-01,158449.0,4.5,37.0,228000.0,51.0,4.5,325.063,12593.0,3.86,,62.5,,,,1946000.0,2465.5,41.3,,,1.98,,261.914,634477.0,5.2,,,,,,,,,6.6
2025-11-02,,,,,,,,,3.86,,,,,,,,,,,,,,,,,,,,,,,,
2025-11-03,,,,,,,,,3.87,,,6851.97,3.019,61.79,,,,,17.17,,0.53,,,,1.1531,18.4832,5.3608,1.4049,,,,,
2025-11-04,,,,,,,,,3.87,,,6771.55,,61.38,,,,,19.0,,0.52,,,,1.1491,18.6114,5.384,1.4081,,,,,
2025-11-05,,,,,,,,,3.87,,,6796.29,,60.4,,,,,18.01,,0.54,,,,1.1485,18.5993,5.3578,1.4108,,,,,
2025-11-06,,,,,,,,,3.87,,,6720.32,,60.24,,,,,19.5,,0.54,,,,1.1539,18.6203,5.358,1.4127,,,,,
2025-11-07,,,,,,,,,3.87,,,6728.8,,60.54,,,,,19.08,,0.56,,,,1.1578,18.4738,5.3432,1.4075,,,,,
2025-11-08,,,,228000.0,,,,,3.87,,,,,,1949000.0,,,,,,,,,,,,,,,,,,
2025-11-09,,,,,,,,,3.87,,,,,,,,,,,,,,,,,,,,,,,,
2025-11-10,,,,,,,,,3.87,,,6832.43,3.056,60.94,,,,,17.6,,0.55,,,,1.1545,18.3908,5.3184,1.4029,,,,,
2025-11-11,,,,,,,,,3.87,,,6846.61,,,,,,,17.28,,,,,,,,,,,,,,
2025-11-12,,,,,,,,,3.87,,,6850.92,,59.3,,,,,17.51,,0.52,,,,1.1592,18.3031,5.2955,1.4,,,,,
2025-11-13,,,,,,,,,3.88,,,6737.49,,59.54,,,,,20.0,,0.53,,,,1.1649,18.2706,5.2858,1.401,,,,,
2025-11-14,,,,,,,,,3.88,,,6734.11,,60.87,,,,,19.83,,0.52,,,,1.1617,18.3299,5.2865,1.4023,,,,,
2025-11-15,,,,222000.0,,,,,3.88,,,,,,1943000.0,,,,,,,,,,,,,,,,,,
2025-11-16,,,,,,,,,3.88,,,,,,,,,,,,,,,,,,,,,,,,
2025-11-17,,,,,,,,,3.88,,,6672.41,3.062,60.66,,,,,22.38,,0.53,,,,1.1598,18.3446,5.3066,1.4028,,,,,
2025-11-18,,,,,,,,,3.88,,,6617.32,,61.51,,,,,24.69,,0.54,,,,1.1579,18.357,5.3203,1.3996,,,,,
2025-11-19,,,,,,,,,3.88,,,6642.16,,60.27,,,,,23.66,,0.55,,,,1.154,18.3368,5.3366,1.4049,,,,,
2025-11-20,,,,,,,,,3.88,,,6538.76,,60.07,,,,,26.42,,0.55,,,,1.1534,18.392,5.3297,1.4092,,,,,
2025-11-21,,,,,,,,,3.88,,,6602.99,,58.86,,,,,23.43,,0.55,,,,1.1506,18.454,5.389,1.4094,,,,,
2025-11-22,,,,218000.0,,,,,3.88,,,,,,1932000.0,,,,,,,,,,,,,,,,,,
2025-11-23,,,,,,,,,3.88,,,,,,,,,,,,,,,,,,,,,,,,
2025-11-24,,,,,,,,,3.88,,,6705.12,3.061,59.11,,,,,20.52,,0.58,,,,1.1518,18.5131,5.395,1.411,,,,,
2025-11-25,,,,,,,,,3.88,,,6765.88,,58.25,,,,,18.56,,0.58,,,,1.1553,18.4311,5.39,1.4115,,,,,
2025-11-26,,,,,,,,,3.88,,,6812.61,,58.81,,,,,17.19,,0.55,,,,1.1591,18.3444,5.3496,1.4051,,,,,
2025-11-27,,,,,,,,,3.88,,,,,,,,,,17.21,,,,,,,,,,,,,,
2025-11-28,,,,,,,,,3.89,,,6849.09,,58.58,,,,,16.35,,0.55,,,,1.16,18.2915,5.3399,1.3974,,,,,
2025-11-29,,,,216000.0,,,,,3.89,,,,,,1894000.0,,,,,,,,,,,,,,,,,,
2025-11-30,,,,,,,,,3.89,,,,,,,,,,,,,,,,,,,,,,,,
2025-12-01,158432.0,4.4,37.02,,52.9,4.2,326.031,12580.0,3.89,,62.4,6812.63,2.985,59.47,,2451.4,41.1,,17.24,2.17,0.55,261.333,634830.0,5.2,1.1623,18.2811,5.3543,1.3982,,,,,6.8
2025-12-02,,,,,,,,,3.89,,,6829.37,,58.81,,,,,16.59,,0.58,,,,1.1596,18.305,5.3424,1.3988,,,,,
2025-12-03,,,,,,,,,3.89,,,6849.72,,59.09,,,,,16.08,,0.57,,,,1.166,18.28,5.3115,1.395,,,,,
2025-12-04,,,,,,,,,3.89,,,6857.12,,59.82,,,,,15.78,,0.59,,,,1.1659,18.2285,5.3018,1.3939,,,,,
2025-12-05,,,,,,,,,3.89,,,6870.4,,60.23,,,,,15.41,,0.58,,,,1.1635,18.1887,5.4108,1.3858,,,,,
2025-12-06,,,,235000.0,,,,,3.89,,,,,,1887000.0,,,,,,,,,,,,,,,,,,
2025-12-07,,,,,,,,,3.89,,,,,,,,,,,,,,,,,,,,,,,,
2025-12-08,,,,,,,,,3.89,,,6846.51,2.94,59.04,,,,,16.66,,0.6,,,,1.1626,18.2319,5.4431,1.3846,,,,,
2025-12-09,,,,,,,,,3.89,,,6840.51,,58.4,,,,,16.93,,0.57,,,,1.1639,18.1778,5.4359,1.3832,,,,,
2025-12-10,,,,,,,,,3.89,,,6886.68,,58.67,,,,,15.77,,0.59,,,,1.165,18.2198,5.4728,1.3834,,,,,
2025-12-11,,,,,,,,,3.64,,,6901.0,,57.76,,,,,14.85,,0.62,,,,1.1756,18.0301,5.4037,1.3769,,,,,
2025-12-12,,,,,,,,,3.64,,,6827.41,,57.61,,,,,15.74,,0.67,,,,1.1731,18.0386,5.4072,1.3783,,,,,
2025-12-13,,,,224000.0,,,,,3.64,,,,,,1910000.0,,,,,,,,,,,,,,,,,,
2025-12-14,,,,,,,,,3.64,,,,,,,,,,,,,,,,,,,,,,,,
2025-12-15,,,,,,,,,3.64,,,6816.51,2.895,56.97,,,,,16.5,,0.67,,,,1.1756,17.9755,5.4063,1.3765,,,,,
2025-12-16,,,,,,,,,3.64,,,6800.26,,55.44,,,,,16.48,,0.67,,,,1.177,17.9417,5.4603,1.3749,,,,,
2025-12-17,,,,,,,,,3.64,,,6721.43,,56.07,,,,,17.62,,0.67,,,,1.1748,18.0319,5.5234,1.3791,,,,,
2025-12-18,,,,,,,,,3.64,,,6774.76,,56.22,,,,,16.87,,0.66,,,,1.1729,17.97,5.5162,1.3762,,,,,
2025-12-19,,,,,,,,,3.64,,,6834.5,,56.8,,,,,14.91,,0.68,,,,1.1721,17.9977,5.5107,1.378,,,,,
2025-12-20,,,,215000.0,,,,,3.64,,,,,,1860000.0,,,,,,,,,,,,,,,,,,
2025-12-21,,,,,,,,,3.64,,,,,,,,,,,,,,,,,,,,,,,,
2025-12-22,,,,,,,,,3.64,,,6878.49,2.841,58.18,,,,,14.08,,0.73,,,,1.175,17.99,5.5747,1.3744,,,,,
2025-12-23,,,,,,,,,3.64,,,6909.79,,58.55,,,,,14.0,,0.7,,,,1.1776,17.924,5.5384,1.3713,,,,,
2025-12-24,,,,,,,,,3.64,,,6932.05,,58.72,,,,,13.47,,0.68,,,,1.178,17.9209,5.52,1.3671,,,,,
2025-12-25,,,,,,,,,3.64,,,,,,,,,,,,,,,,,,,,,,,,
2025-12-26,,,,,,,,,3.64,,,6929.94,,56.6,,,,,13.6,,0.68,,,,1.1766,17.9088,5.5384,1.3662,,,,,
2025-12-27,,,,203000.0,,,,,3.64,,,,,,1900000.0,,,,,,,,,,,,,,,,,,
2025-12-28,,,,,,,,,3.64,,,,,,,,,,,,,,,,,,,,,,,,
2025-12-29,,,,,,,,,3.64,,,6905.74,2.811,57.89,,,,,14.2,,0.67,,,,1.1756,17.962,5.5789,1.368,,,,,
2025-12-30,,,,,,,,,3.64,,,6896.24,,57.79,,,,,14.33,,0.69,,,,1.1765,17.9474,5.4978,1.3678,,,,,
2025-12-31,,,,,,,,,3.64,,,6845.5,,57.26,,,,,14.95,,0.71,,,,1.1736,18.0057,5.477,1.3712,,,,,
2026-01-01,158592.0,4.3,37.15,,56.4,4.0,326.588,12582.0,3.64,119.437,62.1,,,,,2470.2,41.4,,,2.24,,263.608,634949.0,4.9,,,,,,,,,6.5
2026-01-02,,,,,,,,,3.64,,,6858.47,,57.21,,,,,14.51,,0.72,,,,1.1738,17.8763,5.4224,1.3738,,,,,
2026-01-03,,,,207000.0,,,,,3.64,,,,,,1875000.0,,,,,,,,,,,,,,,,,,
2026-01-04,,,,,,,,,3.64,,,,,,,,,,,,,,,,,,,,,,,,
2026-01-05,,,,,,,,,3.64,,,6902.05,2.796,58.1,,,,,14.9,,0.71,,,,1.1715,17.88,5.409,1.3757,,,,,
2026-01-06,,,,,,,,,3.64,,,6944.82,,56.97,,,,,14.75,,0.71,,,,1.1689,17.9599,5.3702,1.3789,,,,,
2026-01-07,,,,,,,,,3.64,,,6920.93,,56.01,,,,,15.38,,0.68,,,,1.169,17.9532,5.3898,1.3828,,,,,
2026-01-08,,,,,,,,,3.64,,,6921.46,,57.74,,,,,15.45,,0.7,,,,1.1655,17.9863,5.3849,1.3864,,,,,
2026-01-09,,,,,,,,,3.64,,,6966.28,,58.96,,,,,14.49,,0.64,,,,1.1634,17.9787,5.3543,1.3893,,,,,
2026-01-10,,,,201000.0,,,,,3.64,,,,,,1865000.0,,,,,,,,,,,,,,,,,,
2026-01-11,,,,,,,,,3.64,,,,,,,,,,,,,,,,,,,,,,,,
2026-01-12,,,,,,,,,3.64,,,6977.27,2.779,59.39,,,,,15.12,,0.65,,,,1.1672,17.9056,5.368,1.3876,,,,,
2026-01-13,,,,,,,,,3.64,,,6963.74,,60.85,,,,,15.98,,0.65,,,,1.1646,17.8535,5.3843,1.3885,,,,,
2026-01-14,,,,,,,,,3.64,,,6926.6,,61.84,,,,,16.75,,0.64,,,,1.1655,17.8052,5.3796,1.3871,,,,,
2026-01-15,,,,,,,,,3.64,,,6944.47,,59.13,,,,,15.84,,0.61,,,,1.1605,17.6607,5.3629,1.3896,,,,,
2026-01-16,,,,,,,,,3.64,,,6940.01,,59.4,,,,,15.86,,0.65,,,,1.1599,17.672,5.3719,1.392,,,,,
2026-01-17,,,,210000.0,,,,,3.64,,,,,,1823000.0,,,,,,,,,,,,,,,,,,
2026-01-18,,,,,,,,,3.64,,,,,,,,,,,,,,,,,,,,,,,,
2026-01-19,,,,,,,,,3.64,,,,2.806,,,,,,18.84,,,,,,,,,,,,,,
2026-01-20,,,,,,,,,3.64,,,6796.86,,60.3,,,,,20.09,,0.7,,,,1.1739,17.6066,5.3618,1.3821,,,,,
2026-01-21,,,,,,,,,3.64,,,6875.62,,60.38,,,,,16.9,,0.66,,,,1.1705,17.4325,5.3235,1.3813,,,,,
2026-01-22,,,,,,,,,3.64,,,6913.35,,59.24,,,,,15.64,,0.65,,,,1.1738,17.4706,5.2965,1.3799,,,,,
2026-01-23,,,,,,,,,3.64,,,6915.61,,60.7,,,,,16.09,,0.64,,,,1.1771,17.4536,5.2951,1.3726,,,,,
2026-01-24,,,,211000.0,,,,,3.64,,,,,,1842000.0,,,,,,,,,,,,,,,,,,
2026-01-25,,,,,,,,,3.64,,,,,,,,,,,,,,,,,,,,,,,,
2026-01-26,,,,,,,,,3.64,,,6950.23,2.853,60.46,,,,,16.15,,0.66,,,,1.1886,17.3061,5.2734,1.3692,,,,,
2026-01-27,,,,,,,,,3.64,,,6978.6,,62.04,,,,,16.35,,0.71,,,,1.198,17.2321,5.213,1.3598,,,,,
2026-01-28,,,,,,,,,3.64,,,6978.03,,62.75,,,,,16.35,,0.7,,,,1.1941,17.2493,5.2114,1.3575,,,,,
2026-01-29,,,,,,,,,3.64,,,6969.01,,64.77,,,,,16.88,,0.71,,,,1.1943,17.26,5.2145,1.3518,,,,,
2026-01-30,,,,,,,,,3.64,,,6939.03,,64.5,,,,,17.44,,0.74,,,,1.1885,17.3493,5.2459,1.3557,,,,,
2026-01-31,,,,230000.0,,,,,3.64,,,,,,1859000.0,,,,,,,,,,,,,,,,,,
2026-02-01,158436.0,4.4,37.27,,56.6,3.4,327.46,12583.0,3.64,,62.0,,,,,2471.9,41.6,,,2.17,,269.553,641038.0,,,,,,,,,,6.7
2026-02-02,,,,,,,,,3.64,,,6976.44,2.867,61.6,,,,,16.34,,0.72,,,,1.1807,17.3749,5.2595,1.3677,,,,,
2026-02-03,,,,,,,,,3.64,,,6917.81,,62.62,,,,,18.0,,0.71,,,,1.1819,17.2239,5.2238,1.3644,,,,,
2026-02-04,,,,,,,,,3.64,,,6882.72,,64.56,,,,,18.64,,0.72,,,,1.1803,17.2962,5.2466,1.3667,,,,,
2026-02-05,,,,,,,,,3.64,,,6798.4,,62.9,,,,,21.77,,0.74,,,,1.1802,17.4122,5.2612,1.367,,,,,
2026-02-06,,,,,,,,,3.64,,,6932.3,,63.77,,,,,17.76,,0.72,,,,1.1812,17.2695,5.2183,1.3644,,,,,
2026-02-07,,,,230000.0,,,,,3.64,,,,,,1865000.0,,,,,,,,,,,,,,,,,,
2026-02-08,,,,,,,,,3.64,,,,,,,,,,,,,,,,,,,,,,,,
2026-02-09,,,,,,,,,3.64,,,6964.82,2.902,64.53,,,,,17.36,,0.74,,,,1.1898,17.1896,5.1906,1.357,,,,,
2026-02-10,,,,,,,,,3.64,,,6941.81,,64.2,,,,,17.79,,0.71,,,,1.1898,17.2201,5.1993,1.3533,,,,,
2026-02-11,,,,,,,,,3.64,,,6941.47,,64.8,,,,,17.65,,0.66,,,,1.1884,17.1984,5.1756,1.3569,,,,,
2026-02-12,,,,,,,,,3.64,,,6832.76,,63.08,,,,,20.82,,0.62,,,,1.187,17.2309,5.1967,1.3623,,,,,
2026-02-13,,,,,,,,,3.64,,,6836.17,,63.05,,,,,20.6,,0.64,,,,1.187,17.1661,5.2297,1.3618,,,,,
2026-02-14,,,,208000.0,,,,,3.64,,,,,,1827000.0,,,,,,,,,,,,,,,,,,
2026-02-15,,,,,,,,,3.64,,,,,,,,,,,,,,,,,,,,,,,,
2026-02-16,,,,,,,,,3.64,,,,2.924,,,,,,21.2,,,,,,,,,,,,,,
2026-02-17,,,,,,,,,3.64,,,6843.22,,62.53,,,,,20.29,,0.62,,,,1.1831,17.151,5.2228,1.3652,,,,,
2026-02-18,,,,,,,,,3.64,,,6881.31,,65.33,,,,,19.62,,0.62,,,,1.181,17.1454,5.215,1.3675,,,,,
2026-02-19,,,,,,,,,3.64,,,6861.89,,66.66,,,,,20.23,,0.61,,,,1.1762,17.2736,5.2244,1.3701,,,,,
2026-02-20,,,,,,,,,3.64,,,6909.51,,66.69,,,,,19.09,,0.6,,,,1.1781,17.152,5.186,1.3688,,,,,
2026-02-21,,,,211000.0,,,,,3.64,,,,,,1871000.0,,,,,,,,,,,,,,,,,,
2026-02-22,,,,,,,,,3.64,,,,,,,,,,,,,,,,,,,,,,,,
2026-02-23,,,,,,,,,3.64,,,6837.75,2.937,66.36,,,,,21.01,,0.6,,,,1.1804,17.2397,5.154,1.3685,,,,,
2026-02-24,,,,,,,,,3.64,,,6890.07,,65.62,,,,,19.55,,0.61,,,,1.1789,17.1734,5.1471,1.3702,,,,,
2026-02-25,,,,,,,,,3.64,,,6946.13,,65.3,,,,,17.93,,0.6,,,,1.1804,17.1597,5.1374,1.3685,,,,,
2026-02-26,,,,,,,,,3.64,,,6908.86,,65.1,,,,,18.63,,0.6,,,,1.1792,17.2347,5.1524,1.3683,,,,,
2026-02-27,,,,,,,,,3.64,,,6878.88,,66.96,,,,,19.86,,0.59,,,,1.1822,17.2207,5.1369,1.3632,,,,,
2026-02-28,,,,214000.0,,,,,3.64,,,,,,1847000.0,,,,,,,,,,,,,,,,,,
2026-03-01,158650.0,4.3,37.35,,53.3,3.8,330.293,12598.0,3.64,,61.9,,,,,2479.9,41.5,,,2.4,,275.979,653772.0,,,,,,,,,,6.7
2026-03-02,,,,,,,,,3.64,,,6881.62,3.015,71.13,,,,,21.44,,0.58,,,,1.169,17.3667,5.1901,1.3705,,,,,
2026-03-03,,,,,,,,,3.64,,,6816.63,,74.48,,,,,23.57,,0.55,,,,1.1604,17.6348,5.2732,1.3662,,,,,
2026-03-04,,,,,,,,,3.64,,,6869.5,,74.58,,,,,21.15,,0.55,,,,1.1638,17.5454,5.2125,1.3661,,,,,
2026-03-05,,,,,,,,,3.64,,,6830.71,,80.88,,,,,23.75,,0.56,,,,1.1585,17.6951,5.2585,1.3693,,,,,
2026-03-06,,,,,,,,,3.64,,,6740.02,,90.77,,,,,29.49,,0.59,,,,1.1606,17.798,5.2698,1.3599,,,,,
2026-03-07,,,,213000.0,,,,,3.64,,,,,,1851000.0,,,,,,,,,,,,,,,,,,
2026-03-08,,,,,,,,,3.64,,,,,,,,,,,,,,,,,,,,,,,,
2026-03-09,,,,,,,,,3.64,,,6795.99,3.502,94.65,,,,,25.5,,0.56,,,,1.1592,17.7615,5.2099,1.3573,,,,,
2026-03-10,,,,,,,,,3.64,,,6781.48,,83.71,,,,,24.93,,0.58,,,,1.1648,17.4765,5.1405,1.3562,,,,,
2026-03-11,,,,,,,,,3.64,,,6775.8,,86.8,,,,,24.23,,0.57,,,,1.1566,17.6444,5.157,1.3603,,,,,
2026-03-12,,,,,,,,,3.64,,,6672.62,,95.61,,,,,27.29,,0.51,,,,1.1522,17.835,5.214,1.3618,,,,,
2026-03-13,,,,,,,,,3.64,,,6632.19,,98.48,,,,,27.19,,0.55,,,,1.1444,17.9437,5.2914,1.3736,,,,,
2026-03-14,,,,205000.0,,,,,3.64,,,,,,1816000.0,,,,,,,,,,,,,,,,,,
2026-03-15,,,,,,,,,3.64,,,,,,,,,,,,,,,,,,,,,,,,
2026-03-16,,,,,,,,,3.64,,,6699.38,3.72,93.39,,,,,23.51,,0.55,,,,1.1487,17.7654,5.2661,1.3683,,,,,
2026-03-17,,,,,,,,,3.64,,,6716.09,,96.01,,,,,22.37,,0.52,,,,1.1525,17.7144,5.1971,1.3706,,,,,
2026-03-18,,,,,,,,,3.64,,,6624.7,,96.12,,,,,25.09,,0.5,,,,1.1513,17.684,5.2013,1.3697,,,,,
2026-03-19,,,,,,,,,3.64,,,6606.49,,96.11,,,,,24.06,,0.46,,,,1.1515,17.8663,5.2449,1.3721,,,,,
2026-03-20,,,,,,,,,3.64,,,6506.48,,98.71,,,,,26.78,,0.51,,,,1.1543,17.8874,5.2896,1.3731,,,,,
2026-03-21,,,,211000.0,,,,,3.64,,,,,,1832000.0,,,,,,,,,,,,,,,,,,
2026-03-22,,,,,,,,,3.64,,,,,,,,,,,,,,,,,,,,,,,,
2026-03-23,,,,,,,,,3.64,,,6581.0,3.961,89.33,,,,,26.15,,0.51,,,,1.1587,17.8134,5.246,1.3718,,,,,
2026-03-24,,,,,,,,,3.64,,,6556.37,,93.18,,,,,26.95,,0.49,,,,1.1578,17.8211,5.2617,1.3764,,,,,
2026-03-25,,,,,,,,,3.64,,,6591.9,,91.51,,,,,25.33,,0.49,,,,1.157,17.7461,5.2195,1.3799,,,,,
2026-03-26,,,,,,,,,3.64,,,6477.16,,96.18,,,,,27.44,,0.46,,,,1.1542,17.7662,5.2296,1.3849,,,,,
2026-03-27,,,,,,,,,3.64,,,6368.85,,101.26,,,,,31.05,,0.56,,,,1.152,18.024,5.2312,1.388,,,,,
2026-03-28,,,,203000.0,,,,,3.64,,,,,,1787000.0,,,,,,,,,,,,,,,,,,
2026-03-29,,,,,,,,,3.64,,,,,,,,,,,,,,,,,,,,,,,,
2026-03-30,,,,,,,,,3.64,,,6343.72,3.99,104.69,,,,,30.61,,0.53,,,,1.1454,18.1189,5.2367,1.3921,,,,,
2026-03-31,,,,,,,,,3.64,,,6528.52,,102.86,,,,,25.25,,0.51,,,,1.1518,18.0327,5.2115,1.3953,,,,,
2026-04-01,158829.0,4.3,37.41,,49.8,4.7,332.407,12598.0,3.64,,61.8,6575.32,,101.9,,2488.6,41.6,,24.54,2.39,0.52,282.7,655933.0,,1.1614,17.7957,5.151,1.3875,,,,,6.9
2026-04-02,,,,,,,,,3.64,,,6582.69,,113.23,,,,,23.87,,0.52,,,,1.1546,17.8384,5.1597,1.3917,,,,,
2026-04-03,,,,,,,,,3.64,,,,,,,,,,,,0.51,,,,1.1523,17.866,5.1568,1.3942,,,,,
2026-04-04,,,,218000.0,,,,,3.64,,,,,,1809000.0,,,,,,,,,,,,,,,,,,
2026-04-05,,,,,,,,,3.64,,,,,,,,,,,,,,,,,,,,,,,,
2026-04-06,,,,,,,,,3.64,,,6611.83,4.12,114.01,,,,,24.17,,0.5,,,,1.1545,17.7891,5.1525,1.3913,,,,,
2026-04-07,,,,,,,,,3.64,,,6616.85,,114.58,,,,,25.78,,0.52,,,,1.1571,17.7635,5.1598,1.3905,,,,,
2026-04-08,,,,,,,,,3.64,,,6782.81,,96.17,,,,,21.04,,0.5,,,,1.1686,17.412,5.0935,1.3851,,,,,
2026-04-09,,,,,,,,,3.64,,,6824.66,,99.62,,,,,19.49,,0.51,,,,1.1706,17.3485,5.0704,1.3807,,,,,
2026-04-10,,,,,,,,,3.64,,,6816.89,,98.34,,,,,19.23,,0.5,,,,1.1723,17.3023,5.0254,1.3828,,,,,
2026-04-11,,,,208000.0,,,,,3.64,,,,,,1808000.0,,,,,,,,,,,,,,,,,,
2026-04-12,,,,,,,,,3.64,,,,,,,,,,,,,,,,,,,,,,,,
2026-04-13,,,,,,,,,3.64,,,6886.24,4.123,100.72,,,,,19.12,,0.52,,,,1.171,17.3609,5.0219,1.3811,,,,,
2026-04-14,,,,,,,,,3.64,,,6967.38,,93.07,,,,,18.36,,0.5,,,,1.1791,17.2627,4.9867,1.3757,,,,,
2026-04-15,,,,,,,,,3.64,,,7022.95,,93.04,,,,,18.17,,0.53,,,,1.1799,17.2822,4.9974,1.374,,,,,
2026-04-16,,,,,,,,,3.64,,,7041.28,,96.46,,,,,17.94,,0.54,,,,1.1783,17.2637,5.0012,1.3706,,,,,
2026-04-17,,,,,,,,,3.64,,,7126.06,,85.91,,,,,17.48,,0.55,,,,1.1801,17.238,4.981,1.3667,,,,,
2026-04-18,,,,215000.0,,,,,3.64,,,,,,1776000.0,,,,,,,,,,,,,,,,,,
2026-04-19,,,,,,,,,3.64,,,,,,,,,,,,,,,,,,,,,,,,
2026-04-20,,,,,,,,,3.64,,,7109.14,4.044,91.06,,,,,18.87,,0.54,,,,1.1785,17.3092,4.9825,1.3649,,,,,
2026-04-21,,,,,,,,,3.64,,,7064.01,,93.64,,,,,19.5,,0.52,,,,1.1752,17.334,4.9535,1.3642,,,,,
2026-04-22,,,,,,,,,3.64,,,7137.9,,94.76,,,,,18.92,,0.51,,,,1.1714,17.3252,4.9671,1.3659,,,,,
2026-04-23,,,,,,,,,3.64,,,7108.4,,99.27,,,,,19.31,,0.51,,,,1.1704,17.3503,4.9536,1.3682,,,,,
2026-04-24,,,,,,,,,3.64,,,7165.08,,98.42,,,,,18.71,,0.53,,,,1.1718,17.3853,4.9997,1.3675,,,,,
2026-04-25,,,,190000.0,,,,,3.64,,,,,,1758000.0,,,,,,,,,,,,,,,,,,
2026-04-26,,,,,,,,,3.64,,,,,,,,,,,,,,,,,,,,,,,,
2026-04-27,,,,,,,,,3.64,,,7173.91,4.123,99.89,,,,,18.02,,0.57,,,,1.1731,17.384,4.9691,1.3616,,,,,
2026-04-28,,,,,,,,,3.64,,,7138.8,,103.45,,,,,17.83,,0.52,,,,1.1715,17.3756,4.9864,1.3671,,,,,
2026-04-29,,,,,,,,,3.64,,,7135.95,,110.47,,,,,18.81,,0.5,,,,1.1695,17.4931,4.9984,1.3671,,,,,
2026-04-30,,,,,,,,,3.64,,,7209.01,,108.64,,,,,16.89,,0.52,,,,1.1729,17.5161,4.9792,1.3611,,,,,
2026-05-01,159001.0,4.3,37.53,,44.8,4.8,333.979,12605.0,3.64,,61.8,7230.12,,105.38,,2490.0,41.6,,16.99,2.47,0.51,292.504,662752.0,,1.1755,17.3969,4.955,1.3575,,,,,6.6
2026-05-02,,,,199000.0,,,,,3.64,,,,,,1776000.0,,,,,,,,,,,,,,,,,,
2026-05-03,,,,,,,,,3.64,,,,,,,,,,,,,,,,,,,,,,,,
2026-05-04,,,,,,,,,3.64,,,7200.75,4.452,109.76,,,,,18.29,,0.5,,,,1.1698,17.5019,4.9669,1.3608,,,,,
2026-05-05,,,,,,,,,3.64,,,7259.22,,105.66,,,,,17.38,,0.5,,,,1.1707,17.3741,4.9103,1.3609,,,,,
2026-05-06,,,,,,,,,3.64,,,7365.12,,98.75,,,,,17.39,,0.49,,,,1.1753,17.2577,4.9264,1.3621,,,,,
2026-05-07,,,,,,,,,3.63,,,7337.11,,98.38,,,,,17.08,,0.49,,,,1.1764,17.24,4.9277,1.3636,,,,,
2026-05-08,,,,,,,,,3.63,,,7398.93,,98.87,,,,,17.19,,0.48,,,,1.1773,17.207,4.8976,1.3679,,,,,
2026-05-09,,,,212000.0,,,,,3.63,,,,,,1771000.0,,,,,,,,,,,,,,,,,,
2026-05-10,,,,,,,,,3.63,,,,,,,,,,,,,,,,,,,,,,,,
2026-05-11,,,,,,,,,3.63,,,7412.84,4.5,101.56,,,,,18.38,,0.47,,,,1.178,17.188,4.8975,1.3664,,,,,
2026-05-12,,,,,,,,,3.63,,,7400.96,,105.78,,,,,17.99,,0.46,,,,1.1733,17.2543,4.9005,1.3712,,,,,
2026-05-13,,,,,,,,,3.63,,,7444.25,,104.52,,,,,17.87,,0.48,,,,1.1711,17.1836,4.9068,1.3701,,,,,
2026-05-14,,,,,,,,,3.63,,,7501.24,,104.66,,,,,17.26,,0.47,,,,1.1678,17.209,4.9786,1.3724,,,,,
2026-05-15,,,,,,,,,3.63,,,7408.5,,108.99,,,,,18.43,,0.5,,,,1.1627,17.36,5.0739,1.375,,,,,
2026-05-16,,,,210000.0,,,,,3.63,,,,,,1785000.0,,,,,,,,,,,,,,,,,,
2026-05-17,,,,,,,,,3.63,,,,,,,,,,,,,,,,,,,,,,,,
2026-05-18,,,,,,,,,3.63,,,7403.05,4.49,112.25,,,,,17.82,,0.54,,,,1.1649,17.2864,5.006,1.3742,,,,,
2026-05-19,,,,,,,,,3.62,,,7353.61,,112.09,,,,,18.06,,0.54,,,,1.1602,17.3766,5.0437,1.3754,,,,,
2026-05-20,,,,,,,,,3.62,,,7432.97,,101.69,,,,,17.44,,0.53,,,,1.162,17.3009,5.0154,1.3747,,,,,
2026-05-21,,,,,,,,,3.62,,,7445.72,,100.2,,,,,16.76,,0.49,,,,1.1589,17.3561,5.0032,1.3788,,,,,
2026-05-22,,,,,,,,,3.62,,,7473.47,,100.35,,,,,16.7,,0.43,,,,1.1603,17.3241,5.024,1.3817,,,,,
2026-05-23,,,,212000.0,,,,,3.62,,,,,,1771000.0,,,,,,,,,,,,,,,,,,
2026-05-24,,,,,,,,,3.62,,,,,,,,,,,,,,,,,,,,,,,,
2026-05-25,,,,,,,,,3.62,,,,4.475,,,,,,16.59,,,,,,,,,,,,,,
2026-05-26,,,,,,,,,3.62,,,7519.12,,97.63,,,,,17.01,,0.49,,,,1.162,17.3311,5.0288,1.3803,,,,,
2026-05-27,,,,,,,,,3.62,,,7520.36,,92.35,,,,,16.29,,0.48,,,,1.1631,17.3704,5.062,1.3829,,,,,
2026-05-28,,,,,,,,,3.62,,,7563.63,,92.65,,,,,15.74,,0.46,,,,1.1649,17.337,5.0474,1.3798,,,,,
2026-05-29,,,,,,,,,3.62,,,7580.06,,91.16,,,,,15.32,,0.47,,,,1.1679,17.3498,5.0585,1.3784,,,,,
2026-05-30,,,,225000.0,,,,,3.62,,,,,,1786000.0,,,,,,,,,,,,,,,,,,
2026-05-31,,,,,,,,,3.62,,,,,,,,,,,,,,,,,,,,,,,,
2026-06-01,,,,,,,,,3.62,,,7599.96,4.305,95.96,,,,,16.05,2.37,0.42,,,,1.1624,17.3726,5.0323,1.3837,,,,,
2026-06-02,,,,,,,,,3.62,,,7609.78,,97.47,,,,,15.77,,0.41,,,,1.1642,17.2874,5.0126,1.3822,,,,,
2026-06-03,,,,,,,,,3.62,,,7553.68,,99.76,,,,,16.06,,0.41,,,,1.1605,17.319,5.0461,1.3891,,,,,
2026-06-04,,,,,,,,,3.62,,,7584.31,,96.83,,,,,15.4,,0.42,,,,1.1629,17.2875,5.064,1.3889,,,,,
2026-06-05,,,,,,,,,3.62,,,7383.74,,94.32,,,,,21.51,,0.38,,,,1.1533,17.5068,5.1444,1.3931,,,,,
2026-06-06,,,,230000.0,,,,,3.62,,,,,,1800000.0,,,,,,,,,,,,,,,,,,
2026-06-07,,,,,,,,,3.62,,,,,,,,,,,,,,,,,,,,,,,,
2026-06-08,,,,,,,,,3.62,,,7405.73,4.146,95.0,,,,,18.92,,0.41,,,,1.1545,17.4306,5.169,1.3949,,,,,
2026-06-09,,,,,,,,,3.62,,,7386.65,,91.9,,,,,19.87,,0.4,,,,1.1556,17.4149,5.1774,1.3957,,,,,
2026-06-10,,,,,,,,,3.62,,,7266.99,,93.68,,,,,22.22,,0.42,,,,1.155,17.3989,5.176,1.3927,,,,,
2026-06-11,,,,,,,,,3.62,,,7394.3,,91.58,,,,,19.44,,0.4,,,,1.1515,17.3689,5.1463,1.4004,,,,,
2026-06-12,,,,,,,,,3.62,,,7431.46,,88.62,,,,,17.68,,0.39,,,,1.1573,17.208,5.0729,1.3971,,,,,
2026-06-13,,,,227000.0,,,,,3.62,,,,,,1821000.0,,,,,,,,,,,,,,,,,,
2026-06-14,,,,,,,,,3.62,,,,,,,,,,,,,,,,,,,,,,,,
2026-06-15,,,,,,,,,3.63,,,7554.29,4.052,84.65,,,,,16.2,,0.4,,,,1.1599,17.1934,5.0567,1.3984,,,,,
2026-06-16,,,,,,,,,3.63,,,7511.35,,79.8,,,,,16.41,,0.38,,,,1.1615,17.1924,5.0777,1.3982,,,,,
2026-06-17,,,,,,,,,3.63,,,7420.1,,80.65,,,,,18.44,,0.29,,,,1.1593,17.1796,5.0597,1.403,,,,,
2026-06-18,,,,,,,,,3.63,,,7500.58,,80.35,,,,,16.4,,0.27,,,,1.147,17.3764,5.1689,1.4142,,,,,
2026-06-19,,,,,,,,,3.63,,,,,,,,,,16.78,,,,,,,,,,,,,,
2026-06-20,,,,215000.0,,,,,3.63,,,,,,,,,,,,,,,,,,,,,,,,
2026-06-21,,,,,,,,,3.63,,,,,,,,,,,,,,,,,,,,,,,,
2026-06-22,,,,,,,,,3.63,,,7472.79,3.914,78.94,,,,,17.28,,0.27,,,,1.1432,17.3287,5.1308,1.4167,,,,,
2026-06-23,,,,,,,,,3.63,,,7365.46,,74.62,,,,,19.49,,0.34,,,,1.1383,17.543,5.1812,1.4198,,,,,
2026-06-24,,,,,,,,,3.63,,,7358.22,,71.42,,,,,18.63,,0.3,,,,1.1348,17.6173,5.2101,1.4237,,,,,
2026-06-25,,,,,,,,,3.63,,,7357.49,,72.67,,,,,18.89,,0.31,,,,1.1385,17.5276,5.1728,1.4191,,,,,
2026-06-26,,,,,,,,,3.63,,,7354.02,,70.3,,,,,18.41,,0.31,,,,1.1403,17.446,5.1586,1.4182,,,,,
2026-06-27,,,,,,,,,3.63,,,,,,,,,,,,,,,,,,,,,,,,
2026-06-28,,,,,,,,,3.63,,,,,,,,,,,,,,,,,,,,,,,,
2026-06-29,,,,,,,,,3.63,,,7440.43,3.831,71.87,,,,,17.65,,0.28,,,,,,,,,,,,
2026-06-30,,,,,,,,,3.63,,,7499.36,,,,,,,16.45,,0.3,,,,,,,,,,,,
2026-07-01,,,,,,,,,,,,7483.23,,,,,,,,,0.31,,,,,,,,,,,,
